EMITTER_COEFFICIENT_SOLUTION,PRESSURE_OUTPUT,OUTPUT_DEMAND,FITNESS,NODE
0.5591387617315359,28.891622291477745,0.89,13.434739733811606,N15
