EMITTER_COEFFICIENT_SOLUTION,PRESSURE_OUTPUT,OUTPUT_DEMAND,FITNESS,NODE
0.7022469538005406,28.870334986304982,0.89,10.447006550317566,N15
