EMITTER_COEFFICIENT_SOLUTION,PRESSURE_OUTPUT,OUTPUT_DEMAND,FITNESS,NODE
0.9900652168872551,28.824875032896493,0.89,7.083098403472642,N15
