EMITTER_COEFFICIENT_SOLUTION,PRESSURE_OUTPUT,OUTPUT_DEMAND,FITNESS,NODE
0.6469472007342417,28.87866580825972,0.89,11.442907401211063,N15
