EMITTER_COEFFICIENT_SOLUTION,PRESSURE_OUTPUT,OUTPUT_DEMAND,FITNESS,NODE
0.484748497560639,28.90233564342123,0.89,15.693526135492135,N15
