EMITTER_COEFFICIENT_SOLUTION,PRESSURE_OUTPUT,OUTPUT_DEMAND,FITNESS,NODE
0.9096121610230806,28.837933768456153,0.89,7.805035366435575,N15
