EMITTER_COEFFICIENT_SOLUTION,PRESSURE_OUTPUT,OUTPUT_DEMAND,FITNESS,NODE
0.592769225775655,28.886699554743174,0.89,12.601341367764627,N15
