EMITTER_COEFFICIENT_SOLUTION,PRESSURE_OUTPUT,OUTPUT_DEMAND,FITNESS,NODE
0.7745597689338556,28.859243309008598,0.89,9.362167075379396,N15
