EMITTER_COEFFICIENT_SOLUTION,PRESSURE_OUTPUT,OUTPUT_DEMAND,FITNESS,NODE
0.23936845165122012,28.93593163037503,0.89,33.19551043814096,N15
