EMITTER_COEFFICIENT_SOLUTION,PRESSURE_OUTPUT,OUTPUT_DEMAND,FITNESS,NODE
0.22286586507823192,28.93809356142819,0.89,35.762022201404214,N15
