EMITTER_COEFFICIENT_SOLUTION,PRESSURE_OUTPUT,OUTPUT_DEMAND,FITNESS,NODE
0.4112131299796299,28.91268618931815,0.89,18.73711940348094,N15
