EMITTER_COEFFICIENT_SOLUTION,PRESSURE_OUTPUT,OUTPUT_DEMAND,FITNESS,NODE
0.18145943147891386,28.943463099670566,0.89,44.261327839096026,N15
