EMITTER_COEFFICIENT_SOLUTION,PRESSURE_OUTPUT,OUTPUT_DEMAND,FITNESS,NODE
0.7645932433380854,28.860785284746534,0.89,9.499301215162665,N15
