EMITTER_COEFFICIENT_SOLUTION,PRESSURE_OUTPUT,OUTPUT_DEMAND,FITNESS,NODE
0.6481539330696316,28.878485422393588,0.89,11.419336306497451,N15
