EMITTER_COEFFICIENT_SOLUTION,PRESSURE_OUTPUT,OUTPUT_DEMAND,FITNESS,NODE
0.7665245448791552,28.860486812956218,0.89,9.47244424557712,N15
