EMITTER_COEFFICIENT_SOLUTION,PRESSURE_OUTPUT,OUTPUT_DEMAND,FITNESS,NODE
0.24290308561960738,28.935466956261855,0.89,32.691244900341886,N15
