EMITTER_COEFFICIENT_SOLUTION,PRESSURE_OUTPUT,OUTPUT_DEMAND,FITNESS,NODE
0.22268945399819773,28.93811660500286,0.89,35.791517447940066,N15
