EMITTER_COEFFICIENT_SOLUTION,PRESSURE_OUTPUT,OUTPUT_DEMAND,FITNESS,NODE
0.2979967483168543,28.928150697788723,0.89,26.381404058879205,N15
