EMITTER_COEFFICIENT_SOLUTION,PRESSURE_OUTPUT,OUTPUT_DEMAND,FITNESS,NODE
0.16959490481830264,28.944987141974117,0.89,47.46299830986274,N15
