EMITTER_COEFFICIENT_SOLUTION,PRESSURE_OUTPUT,OUTPUT_DEMAND,FITNESS,NODE
0.370175278014934,28.91835804048042,0.89,20.965175680199277,N15
