EMITTER_COEFFICIENT_SOLUTION,PRESSURE_OUTPUT,OUTPUT_DEMAND,FITNESS,NODE
0.27602689865001573,28.93108474402716,0.89,28.594760301094247,N15
