EMITTER_COEFFICIENT_SOLUTION,PRESSURE_OUTPUT,OUTPUT_DEMAND,FITNESS,NODE
0.2957237410419832,28.928455268835968,0.89,26.59509597047309,N15
