EMITTER_COEFFICIENT_SOLUTION,PRESSURE_OUTPUT,OUTPUT_DEMAND,FITNESS,NODE
0.35508561767918867,28.92042465489569,0.89,21.914671198991908,N15
