EMITTER_COEFFICIENT_SOLUTION,PRESSURE_OUTPUT,OUTPUT_DEMAND,FITNESS,NODE
0.6688057474474897,28.875388589592802,0.89,11.02929866739994,N15
