EMITTER_COEFFICIENT_SOLUTION,PRESSURE_OUTPUT,OUTPUT_DEMAND,FITNESS,NODE
0.5134937278116724,28.898224667750995,0.89,14.742409223936969,N15
