EMITTER_COEFFICIENT_SOLUTION,PRESSURE_OUTPUT,OUTPUT_DEMAND,FITNESS,NODE
0.9953093722394027,28.82401445939496,0.89,7.040184768575559,N15
