EMITTER_COEFFICIENT_SOLUTION,PRESSURE_OUTPUT,OUTPUT_DEMAND,FITNESS,NODE
0.5604808961256632,28.89142677795879,0.89,13.399543511420779,N15
