EMITTER_COEFFICIENT_SOLUTION,PRESSURE_OUTPUT,OUTPUT_DEMAND,FITNESS,NODE
0.39157180012043724,28.915410199802572,0.89,19.74490133362259,N15
