EMITTER_COEFFICIENT_SOLUTION,PRESSURE_OUTPUT,OUTPUT_DEMAND,FITNESS,NODE
0.5405288322385761,28.89432515627874,0.89,13.940968144148348,N15
