EMITTER_COEFFICIENT_SOLUTION,PRESSURE_OUTPUT,OUTPUT_DEMAND,FITNESS,NODE
0.2742470737699486,28.931321479287092,0.89,28.789648603235314,N15
