EMITTER_COEFFICIENT_SOLUTION,PRESSURE_OUTPUT,OUTPUT_DEMAND,FITNESS,NODE
0.09872947686440459,28.95395428341253,0.89,82.6316353562771,N15
