EMITTER_COEFFICIENT_SOLUTION,PRESSURE_OUTPUT,OUTPUT_DEMAND,FITNESS,NODE
0.17434904980928911,28.944377234003298,0.89,46.12769109480693,N15
