EMITTER_COEFFICIENT_SOLUTION,PRESSURE_OUTPUT,OUTPUT_DEMAND,FITNESS,NODE
0.40243383138360367,28.913905894608966,0.89,19.1753482814146,N15
