EMITTER_COEFFICIENT_SOLUTION,PRESSURE_OUTPUT,OUTPUT_DEMAND,FITNESS,NODE
0.13462185517191905,28.949441700005195,0.89,60.18844047112107,N15
