EMITTER_COEFFICIENT_SOLUTION,PRESSURE_OUTPUT,OUTPUT_DEMAND,FITNESS,NODE
0.41942674535195146,28.911541968373356,0.89,18.343838431870356,N15
