EMITTER_COEFFICIENT_SOLUTION,PRESSURE_OUTPUT,OUTPUT_DEMAND,FITNESS,NODE
0.8612688441155686,28.84565020156915,0.89,8.305235033792666,N15
