EMITTER_COEFFICIENT_SOLUTION,PRESSURE_OUTPUT,OUTPUT_DEMAND,FITNESS,NODE
0.3313724631489957,28.923651660965646,0.89,23.582388900292912,N15
