EMITTER_COEFFICIENT_SOLUTION,PRESSURE_OUTPUT,OUTPUT_DEMAND,FITNESS,NODE
0.3682897078660058,28.918616837615247,0.89,21.07954755890948,N15
