EMITTER_COEFFICIENT_SOLUTION,PRESSURE_OUTPUT,OUTPUT_DEMAND,FITNESS,NODE
0.31191867665237594,28.92628013647233,0.89,25.140757123937018,N15
