EMITTER_COEFFICIENT_SOLUTION,PRESSURE_OUTPUT,OUTPUT_DEMAND,FITNESS,NODE
0.1814773811066147,28.943460789058072,0.89,44.25680166159742,N15
