EMITTER_COEFFICIENT_SOLUTION,PRESSURE_OUTPUT,OUTPUT_DEMAND,FITNESS,NODE
0.728956118476512,28.86626424441191,0.89,10.020849221842813,N15
