EMITTER_COEFFICIENT_SOLUTION,PRESSURE_OUTPUT,OUTPUT_DEMAND,FITNESS,NODE
0.13325841287675788,28.949614215003862,0.89,60.819958963840755,N15
