EMITTER_COEFFICIENT_SOLUTION,PRESSURE_OUTPUT,OUTPUT_DEMAND,FITNESS,NODE
0.6823136711063719,28.87335307395469,0.89,10.78712438193482,N15
