EMITTER_COEFFICIENT_SOLUTION,PRESSURE_OUTPUT,OUTPUT_DEMAND,FITNESS,NODE
0.8221939977895844,28.851815252772447,0.89,8.75342989531499,N15
