EMITTER_COEFFICIENT_SOLUTION,PRESSURE_OUTPUT,OUTPUT_DEMAND,FITNESS,NODE
0.046242573148631005,28.960444682773918,0.89,178.20536911972687,N15
