EMITTER_COEFFICIENT_SOLUTION,PRESSURE_OUTPUT,OUTPUT_DEMAND,FITNESS,NODE
0.48578134899507674,28.902188560891133,0.89,15.65738507768712,N15
