EMITTER_COEFFICIENT_SOLUTION,PRESSURE_OUTPUT,OUTPUT_DEMAND,FITNESS,NODE
0.1993587233113837,28.941151601210322,0.89,40.15324926247141,N15
