EMITTER_COEFFICIENT_SOLUTION,PRESSURE_OUTPUT,OUTPUT_DEMAND,FITNESS,NODE
0.4152507603368477,28.912124090771172,0.89,18.541834804381672,N15
