EMITTER_COEFFICIENT_SOLUTION,PRESSURE_OUTPUT,OUTPUT_DEMAND,FITNESS,NODE
0.29296643070869643,28.928824420161128,0.89,26.858785180601856,N15
