EMITTER_COEFFICIENT_SOLUTION,PRESSURE_OUTPUT,OUTPUT_DEMAND,FITNESS,NODE
0.3738757911054923,28.91784967732368,0.89,20.74408680262516,N15
