EMITTER_COEFFICIENT_SOLUTION,PRESSURE_OUTPUT,OUTPUT_DEMAND,FITNESS,NODE
0.25712859018345846,28.933591067677625,0.89,30.80229034476897,N15
