EMITTER_COEFFICIENT_SOLUTION,PRESSURE_OUTPUT,OUTPUT_DEMAND,FITNESS,NODE
0.4673339259847805,28.904808470338004,0.89,16.327139543611853,N15
