EMITTER_COEFFICIENT_SOLUTION,PRESSURE_OUTPUT,OUTPUT_DEMAND,FITNESS,NODE
0.3807041853732628,28.916910009227962,0.89,20.347462734756572,N15
