EMITTER_COEFFICIENT_SOLUTION,PRESSURE_OUTPUT,OUTPUT_DEMAND,FITNESS,NODE
0.588852708505515,28.88727537744427,0.89,12.693446774636506,N15
