EMITTER_COEFFICIENT_SOLUTION,PRESSURE_OUTPUT,OUTPUT_DEMAND,FITNESS,NODE
0.8155541985447977,28.852856432639285,0.89,8.833941510436839,N15
