EMITTER_COEFFICIENT_SOLUTION,PRESSURE_OUTPUT,OUTPUT_DEMAND,FITNESS,NODE
0.8962670471469517,28.840073695260216,0.89,7.937610967155816,N15
