EMITTER_COEFFICIENT_SOLUTION,PRESSURE_OUTPUT,OUTPUT_DEMAND,FITNESS,NODE
0.889029501397549,28.841231128868053,0.89,8.011212036620142,N15
