EMITTER_COEFFICIENT_SOLUTION,PRESSURE_OUTPUT,OUTPUT_DEMAND,FITNESS,NODE
0.2208868367146848,28.938351989000033,0.89,36.09561398782894,N15
