EMITTER_COEFFICIENT_SOLUTION,PRESSURE_OUTPUT,OUTPUT_DEMAND,FITNESS,NODE
0.640537139647091,28.87962294830801,0.89,11.569623294745892,N15
