EMITTER_COEFFICIENT_SOLUTION,PRESSURE_OUTPUT,OUTPUT_DEMAND,FITNESS,NODE
0.4231979006271923,28.91101561212828,0.89,18.16841522601084,N15
