EMITTER_COEFFICIENT_SOLUTION,PRESSURE_OUTPUT,OUTPUT_DEMAND,FITNESS,NODE
0.9075840759304595,28.838259459165982,0.89,7.824926544966711,N15
