EMITTER_COEFFICIENT_SOLUTION,PRESSURE_OUTPUT,OUTPUT_DEMAND,FITNESS,NODE
0.16725692779203005,28.94528669773836,0.89,48.14755127367136,N15
