EMITTER_COEFFICIENT_SOLUTION,PRESSURE_OUTPUT,OUTPUT_DEMAND,FITNESS,NODE
0.9575223771429614,28.830189768124704,0.89,7.360170495342746,N15
