EMITTER_COEFFICIENT_SOLUTION,PRESSURE_OUTPUT,OUTPUT_DEMAND,FITNESS,NODE
0.8648819985240009,28.845076879444576,0.89,8.26587644321176,N15
