EMITTER_COEFFICIENT_SOLUTION,PRESSURE_OUTPUT,OUTPUT_DEMAND,FITNESS,NODE
0.546297547672013,28.893488939849952,0.89,13.780321747637892,N15
