EMITTER_COEFFICIENT_SOLUTION,PRESSURE_OUTPUT,OUTPUT_DEMAND,FITNESS,NODE
0.6540612936834213,28.877601465681487,0.89,11.305219174682353,N15
