EMITTER_COEFFICIENT_SOLUTION,PRESSURE_OUTPUT,OUTPUT_DEMAND,FITNESS,NODE
0.5614161105047412,28.89129049545464,0.89,13.375118894575703,N15
