EMITTER_COEFFICIENT_SOLUTION,PRESSURE_OUTPUT,OUTPUT_DEMAND,FITNESS,NODE
0.6034727700896952,28.885122474533794,0.89,12.355790709975203,N15
