EMITTER_COEFFICIENT_SOLUTION,PRESSURE_OUTPUT,OUTPUT_DEMAND,FITNESS,NODE
0.9699629269468281,28.828163248431842,0.89,7.25200302341171,N15
