EMITTER_COEFFICIENT_SOLUTION,PRESSURE_OUTPUT,OUTPUT_DEMAND,FITNESS,NODE
0.163632727268331,28.945750553248836,0.89,49.24741884592623,N15
