EMITTER_COEFFICIENT_SOLUTION,PRESSURE_OUTPUT,OUTPUT_DEMAND,FITNESS,NODE
0.9392320962318642,28.833157458745198,0.89,7.524526538465859,N15
