EMITTER_COEFFICIENT_SOLUTION,PRESSURE_OUTPUT,OUTPUT_DEMAND,FITNESS,NODE
0.7326006883916557,28.865706407451114,0.89,9.965144065772803,N15
