EMITTER_COEFFICIENT_SOLUTION,PRESSURE_OUTPUT,OUTPUT_DEMAND,FITNESS,NODE
0.6063216600649385,28.884701875367966,0.89,12.291911669925293,N15
