EMITTER_COEFFICIENT_SOLUTION,PRESSURE_OUTPUT,OUTPUT_DEMAND,FITNESS,NODE
0.0016918511731366381,28.965851708399022,0.89,4890.511710414745,N15
