EMITTER_COEFFICIENT_SOLUTION,PRESSURE_OUTPUT,OUTPUT_DEMAND,FITNESS,NODE
0.49424699285631035,28.900981245436938,0.89,15.366898404644024,N15
