EMITTER_COEFFICIENT_SOLUTION,PRESSURE_OUTPUT,OUTPUT_DEMAND,FITNESS,NODE
0.691649315653064,28.87194169421287,0.89,10.625356214892674,N15
