EMITTER_COEFFICIENT_SOLUTION,PRESSURE_OUTPUT,OUTPUT_DEMAND,FITNESS,NODE
0.6143071048030465,28.88352105793725,0.89,12.116053173052402,N15
