EMITTER_COEFFICIENT_SOLUTION,PRESSURE_OUTPUT,OUTPUT_DEMAND,FITNESS,NODE
0.39835370856489216,28.914471576163997,0.89,19.385626906627948,N15
