EMITTER_COEFFICIENT_SOLUTION,PRESSURE_OUTPUT,OUTPUT_DEMAND,FITNESS,NODE
0.9217474867214784,28.835981350694873,0.89,7.6878821165886455,N15
