EMITTER_COEFFICIENT_SOLUTION,PRESSURE_OUTPUT,OUTPUT_DEMAND,FITNESS,NODE
0.3614141582352356,28.91955916765344,0.89,21.506755400864726,N15
