EMITTER_COEFFICIENT_SOLUTION,PRESSURE_OUTPUT,OUTPUT_DEMAND,FITNESS,NODE
0.11289151520237783,28.952180926655075,0.89,72.07072506867289,N15
