EMITTER_COEFFICIENT_SOLUTION,PRESSURE_OUTPUT,OUTPUT_DEMAND,FITNESS,NODE
0.30799997852261873,28.92680754131009,0.89,25.47858680045098,N15
