EMITTER_COEFFICIENT_SOLUTION,PRESSURE_OUTPUT,OUTPUT_DEMAND,FITNESS,NODE
0.8276900442328311,28.85095201167612,0.89,8.687782229057884,N15
