EMITTER_COEFFICIENT_SOLUTION,PRESSURE_OUTPUT,OUTPUT_DEMAND,FITNESS,NODE
0.16138682871089938,28.946037697551027,0.89,49.95382161804602,N15
