EMITTER_COEFFICIENT_SOLUTION,PRESSURE_OUTPUT,OUTPUT_DEMAND,FITNESS,NODE
0.15117473658610392,28.947340399608358,0.89,53.430830005734975,N15
