EMITTER_COEFFICIENT_SOLUTION,PRESSURE_OUTPUT,OUTPUT_DEMAND,FITNESS,NODE
0.4092828544465016,28.912954656237822,0.89,18.83184919289131,N15
