EMITTER_COEFFICIENT_SOLUTION,PRESSURE_OUTPUT,OUTPUT_DEMAND,FITNESS,NODE
0.5582886885200068,28.89174608400983,0.89,13.457120546184315,N15
