EMITTER_COEFFICIENT_SOLUTION,PRESSURE_OUTPUT,OUTPUT_DEMAND,FITNESS,NODE
0.5639944110703999,28.890914579390873,0.89,13.308206270856903,N15
