EMITTER_COEFFICIENT_SOLUTION,PRESSURE_OUTPUT,OUTPUT_DEMAND,FITNESS,NODE
0.9187026237509187,28.836471809915246,0.89,7.716979703687899,N15
