EMITTER_COEFFICIENT_SOLUTION,PRESSURE_OUTPUT,OUTPUT_DEMAND,FITNESS,NODE
0.6092500336937864,28.88426917441526,0.89,12.226880294056778,N15
