EMITTER_COEFFICIENT_SOLUTION,PRESSURE_OUTPUT,OUTPUT_DEMAND,FITNESS,NODE
0.48234946723404504,28.902677094334507,0.89,15.778074031216496,N15
