EMITTER_COEFFICIENT_SOLUTION,PRESSURE_OUTPUT,OUTPUT_DEMAND,FITNESS,NODE
0.07302936185582987,28.957148465048654,0.89,112.26216086086778,N15
