EMITTER_COEFFICIENT_SOLUTION,PRESSURE_OUTPUT,OUTPUT_DEMAND,FITNESS,NODE
0.5061115215142885,28.899283895428162,0.89,14.976272219339315,N15
