EMITTER_COEFFICIENT_SOLUTION,PRESSURE_OUTPUT,OUTPUT_DEMAND,FITNESS,NODE
0.18827167157554092,28.942585110560394,0.89,42.60563191757511,N15
