EMITTER_COEFFICIENT_SOLUTION,PRESSURE_OUTPUT,OUTPUT_DEMAND,FITNESS,NODE
0.7555409946158229,28.86218214022184,0.89,9.627043913709224,N15
