EMITTER_COEFFICIENT_SOLUTION,PRESSURE_OUTPUT,OUTPUT_DEMAND,FITNESS,NODE
0.7834607636775425,28.857862613596026,0.89,9.242693239291132,N15
