EMITTER_COEFFICIENT_SOLUTION,PRESSURE_OUTPUT,OUTPUT_DEMAND,FITNESS,NODE
0.38005789181460503,28.916999036206356,0.89,20.384388506711232,N15
