EMITTER_COEFFICIENT_SOLUTION,PRESSURE_OUTPUT,OUTPUT_DEMAND,FITNESS,NODE
0.02968127735885029,28.96246567677956,0.89,278.51202835558644,N15
