EMITTER_COEFFICIENT_SOLUTION,PRESSURE_OUTPUT,OUTPUT_DEMAND,FITNESS,NODE
0.3041343511623641,28.92732712402072,0.89,25.82040332074351,N15
