EMITTER_COEFFICIENT_SOLUTION,PRESSURE_OUTPUT,OUTPUT_DEMAND,FITNESS,NODE
0.06822927324570471,28.95774161816682,0.89,120.27083338240368,N15
