EMITTER_COEFFICIENT_SOLUTION,PRESSURE_OUTPUT,OUTPUT_DEMAND,FITNESS,NODE
0.8068709855074044,28.85421521942827,0.89,8.941267505456565,N15
