EMITTER_COEFFICIENT_SOLUTION,PRESSURE_OUTPUT,OUTPUT_DEMAND,FITNESS,NODE
0.05693954304930904,28.95913243272348,0.89,144.4303346865866,N15
