EMITTER_COEFFICIENT_SOLUTION,PRESSURE_OUTPUT,OUTPUT_DEMAND,FITNESS,NODE
0.3010809555709949,28.927737056550733,0.89,26.09662627823467,N15
