EMITTER_COEFFICIENT_SOLUTION,PRESSURE_OUTPUT,OUTPUT_DEMAND,FITNESS,NODE
0.2625004330313295,28.93288029682745,0.89,30.142372233889176,N15
