EMITTER_COEFFICIENT_SOLUTION,PRESSURE_OUTPUT,OUTPUT_DEMAND,FITNESS,NODE
0.9984460171402297,28.823499185101355,0.89,7.014737921271404,N15
