EMITTER_COEFFICIENT_SOLUTION,PRESSURE_OUTPUT,OUTPUT_DEMAND,FITNESS,NODE
0.8089468596233175,28.85389066835898,0.89,8.915395936446052,N15
