EMITTER_COEFFICIENT_SOLUTION,PRESSURE_OUTPUT,OUTPUT_DEMAND,FITNESS,NODE
0.2824263896307434,28.930232357609036,0.89,27.91438116745248,N15
