EMITTER_COEFFICIENT_SOLUTION,PRESSURE_OUTPUT,OUTPUT_DEMAND,FITNESS,NODE
0.4286688895101446,28.910250879633956,0.89,17.919442889799978,N15
