EMITTER_COEFFICIENT_SOLUTION,PRESSURE_OUTPUT,OUTPUT_DEMAND,FITNESS,NODE
0.615355585750813,28.883365812380973,0.89,12.093306106702277,N15
