EMITTER_COEFFICIENT_SOLUTION,PRESSURE_OUTPUT,OUTPUT_DEMAND,FITNESS,NODE
0.6566597905590684,28.877212158770767,0.89,11.255680673443795,N15
