EMITTER_COEFFICIENT_SOLUTION,PRESSURE_OUTPUT,OUTPUT_DEMAND,FITNESS,NODE
0.18735382893167796,28.942703530378346,0.89,42.82168234291616,N15
