EMITTER_COEFFICIENT_SOLUTION,PRESSURE_OUTPUT,OUTPUT_DEMAND,FITNESS,NODE
0.5339140060490021,28.89528223032726,0.89,14.129491432116925,N15
