EMITTER_COEFFICIENT_SOLUTION,PRESSURE_OUTPUT,OUTPUT_DEMAND,FITNESS,NODE
0.31971492762152154,28.92522880356966,0.89,24.493365505798714,N15
