EMITTER_COEFFICIENT_SOLUTION,PRESSURE_OUTPUT,OUTPUT_DEMAND,FITNESS,NODE
0.5621165760230505,28.891188396323024,0.89,13.356878900705446,N15
