EMITTER_COEFFICIENT_SOLUTION,PRESSURE_OUTPUT,OUTPUT_DEMAND,FITNESS,NODE
0.5312677907169986,28.895664564655547,0.89,14.206236213869985,N15
