EMITTER_COEFFICIENT_SOLUTION,PRESSURE_OUTPUT,OUTPUT_DEMAND,FITNESS,NODE
0.6687748095885538,28.875393242616767,0.89,11.029864715546031,N15
