EMITTER_COEFFICIENT_SOLUTION,PRESSURE_OUTPUT,OUTPUT_DEMAND,FITNESS,NODE
0.8761598195198311,28.843283818769912,0.89,8.145155320626388,N15
