EMITTER_COEFFICIENT_SOLUTION,PRESSURE_OUTPUT,OUTPUT_DEMAND,FITNESS,NODE
0.3229252145901139,28.924795096190884,0.89,24.235908579541476,N15
