EMITTER_COEFFICIENT_SOLUTION,PRESSURE_OUTPUT,OUTPUT_DEMAND,FITNESS,NODE
0.0836124629644287,28.955836875496026,0.89,97.85396007431407,N15
