EMITTER_COEFFICIENT_SOLUTION,PRESSURE_OUTPUT,OUTPUT_DEMAND,FITNESS,NODE
0.0938314315971468,28.95456543111434,0.89,87.02648448839454,N15
