EMITTER_COEFFICIENT_SOLUTION,PRESSURE_OUTPUT,OUTPUT_DEMAND,FITNESS,NODE
0.5258117676524129,28.896451901339553,0.89,14.366931650519499,N15
