EMITTER_COEFFICIENT_SOLUTION,PRESSURE_OUTPUT,OUTPUT_DEMAND,FITNESS,NODE
0.2785654988632277,28.930746834999333,0.89,28.321109628222153,N15
