EMITTER_COEFFICIENT_SOLUTION,PRESSURE_OUTPUT,OUTPUT_DEMAND,FITNESS,NODE
0.9037355873077094,28.83887701460253,0.89,7.8629227504469865,N15
