EMITTER_COEFFICIENT_SOLUTION,PRESSURE_OUTPUT,OUTPUT_DEMAND,FITNESS,NODE
0.9841737597074968,28.825840465478464,0.89,7.131867927714307,N15
