EMITTER_COEFFICIENT_SOLUTION,PRESSURE_OUTPUT,OUTPUT_DEMAND,FITNESS,NODE
0.6627025810136523,28.876305701477655,0.89,11.142001132970451,N15
