EMITTER_COEFFICIENT_SOLUTION,PRESSURE_OUTPUT,OUTPUT_DEMAND,FITNESS,NODE
0.8774223745371447,28.843082751860322,0.89,8.131837637663555,N15
