EMITTER_COEFFICIENT_SOLUTION,PRESSURE_OUTPUT,OUTPUT_DEMAND,FITNESS,NODE
0.06438350577615914,28.95821606301989,0.89,127.54901998346531,N15
