EMITTER_COEFFICIENT_SOLUTION,PRESSURE_OUTPUT,OUTPUT_DEMAND,FITNESS,NODE
0.8094069558554814,28.853818710204052,0.89,8.90968006090989,N15
