EMITTER_COEFFICIENT_SOLUTION,PRESSURE_OUTPUT,OUTPUT_DEMAND,FITNESS,NODE
0.5385997313282854,28.894604468381793,0.89,13.995464820531815,N15
