EMITTER_COEFFICIENT_SOLUTION,PRESSURE_OUTPUT,OUTPUT_DEMAND,FITNESS,NODE
0.6866937129793579,28.872691357781505,0.89,10.710671452031022,N15
