EMITTER_COEFFICIENT_SOLUTION,PRESSURE_OUTPUT,OUTPUT_DEMAND,FITNESS,NODE
0.0025394153692649413,28.965749711739214,0.89,3262.9169756583183,N15
