EMITTER_COEFFICIENT_SOLUTION,PRESSURE_OUTPUT,OUTPUT_DEMAND,FITNESS,NODE
0.4754100661046893,28.903663341777268,0.89,16.027478996866595,N15
