EMITTER_COEFFICIENT_SOLUTION,PRESSURE_OUTPUT,OUTPUT_DEMAND,FITNESS,NODE
0.7695693244775405,28.860015936713168,0.89,9.430381453479493,N15
