EMITTER_COEFFICIENT_SOLUTION,PRESSURE_OUTPUT,OUTPUT_DEMAND,FITNESS,NODE
0.9791638484979807,28.826660302987335,0.89,7.173813017554579,N15
