EMITTER_COEFFICIENT_SOLUTION,PRESSURE_OUTPUT,OUTPUT_DEMAND,FITNESS,NODE
0.4643995478836679,28.905223827028998,0.89,16.438619465996304,N15
