EMITTER_COEFFICIENT_SOLUTION,PRESSURE_OUTPUT,OUTPUT_DEMAND,FITNESS,NODE
0.8560505865025484,28.84647724421003,0.89,8.362676447923327,N15
