EMITTER_COEFFICIENT_SOLUTION,PRESSURE_OUTPUT,OUTPUT_DEMAND,FITNESS,NODE
0.036814290846528874,28.96159681739229,0.89,224.2469938351654,N15
