EMITTER_COEFFICIENT_SOLUTION,PRESSURE_OUTPUT,OUTPUT_DEMAND,FITNESS,NODE
0.06981174390184497,28.957546189880475,0.89,117.50886703213362,N15
