EMITTER_COEFFICIENT_SOLUTION,PRESSURE_OUTPUT,OUTPUT_DEMAND,FITNESS,NODE
0.9278635042450368,28.834995024101737,0.89,7.63002544518527,N15
