EMITTER_COEFFICIENT_SOLUTION,PRESSURE_OUTPUT,OUTPUT_DEMAND,FITNESS,NODE
0.36855636630435284,28.918580248035013,0.89,21.06330160716873,N15
