EMITTER_COEFFICIENT_SOLUTION,PRESSURE_OUTPUT,OUTPUT_DEMAND,FITNESS,NODE
0.1530292609951437,28.94710418646917,0.89,52.764881060426895,N15
