EMITTER_COEFFICIENT_SOLUTION,PRESSURE_OUTPUT,OUTPUT_DEMAND,FITNESS,NODE
0.6742988191041163,28.874561783508916,0.89,10.929630370837538,N15
