EMITTER_COEFFICIENT_SOLUTION,PRESSURE_OUTPUT,OUTPUT_DEMAND,FITNESS,NODE
0.10762849525586293,28.952841050072593,0.89,75.67080710126204,N15
