EMITTER_COEFFICIENT_SOLUTION,PRESSURE_OUTPUT,OUTPUT_DEMAND,FITNESS,NODE
0.4975122892584255,24.217726311474095,3.9,6.4704833968349496,N9
