EMITTER_COEFFICIENT_SOLUTION,PRESSURE_OUTPUT,OUTPUT_DEMAND,FITNESS,NODE
0.33034068115159443,24.269783433126165,3.9,9.756969793437914,N9
