EMITTER_COEFFICIENT_SOLUTION,PRESSURE_OUTPUT,OUTPUT_DEMAND,FITNESS,NODE
0.06938517740482764,24.350788881952763,3.9,46.543259788062485,N9
