EMITTER_COEFFICIENT_SOLUTION,PRESSURE_OUTPUT,OUTPUT_DEMAND,FITNESS,NODE
0.10505155600265448,24.339736237349243,3.9,30.733265563481208,N9
