EMITTER_COEFFICIENT_SOLUTION,PRESSURE_OUTPUT,OUTPUT_DEMAND,FITNESS,NODE
0.2513756748846142,24.294328994899026,3.9,12.829514015104412,N9
