EMITTER_COEFFICIENT_SOLUTION,PRESSURE_OUTPUT,OUTPUT_DEMAND,FITNESS,NODE
0.27230255265712466,24.28782685418784,3.9,11.841688579268117,N9
