EMITTER_COEFFICIENT_SOLUTION,PRESSURE_OUTPUT,OUTPUT_DEMAND,FITNESS,NODE
0.2808051224055722,24.285184464201453,3.9,11.482400152594005,N9
