EMITTER_COEFFICIENT_SOLUTION,PRESSURE_OUTPUT,OUTPUT_DEMAND,FITNESS,NODE
0.03995170113122126,24.359905447318923,3.9,80.84843816535091,N9
