EMITTER_COEFFICIENT_SOLUTION,PRESSURE_OUTPUT,OUTPUT_DEMAND,FITNESS,NODE
0.14523843333236253,24.327275324297208,3.9,22.222742848807744,N9
