EMITTER_COEFFICIENT_SOLUTION,PRESSURE_OUTPUT,OUTPUT_DEMAND,FITNESS,NODE
0.18282565880364665,24.315613793546245,3.9,17.648986765572225,N9
