EMITTER_COEFFICIENT_SOLUTION,PRESSURE_OUTPUT,OUTPUT_DEMAND,FITNESS,NODE
0.1254730398059397,24.333405112439763,3.9,25.727339139905062,N9
