EMITTER_COEFFICIENT_SOLUTION,PRESSURE_OUTPUT,OUTPUT_DEMAND,FITNESS,NODE
0.8517549182001657,24.107010904543145,3.9,3.7698383192781284,N9
