EMITTER_COEFFICIENT_SOLUTION,PRESSURE_OUTPUT,OUTPUT_DEMAND,FITNESS,NODE
0.24355681018915043,24.296757856794358,3.9,13.24215434562647,N9
