EMITTER_COEFFICIENT_SOLUTION,PRESSURE_OUTPUT,OUTPUT_DEMAND,FITNESS,NODE
0.027465012124175625,24.363771560667367,3.9,117.60957062477785,N9
