EMITTER_COEFFICIENT_SOLUTION,PRESSURE_OUTPUT,OUTPUT_DEMAND,FITNESS,NODE
0.14807506564970752,24.326395483498313,3.9,21.796566018729813,N9
