EMITTER_COEFFICIENT_SOLUTION,PRESSURE_OUTPUT,OUTPUT_DEMAND,FITNESS,NODE
0.06871966718756684,24.350995059203377,3.9,46.99422394296111,N9
