EMITTER_COEFFICIENT_SOLUTION,PRESSURE_OUTPUT,OUTPUT_DEMAND,FITNESS,NODE
0.22444029711623992,24.30269504186775,3.9,14.372105383758266,N9
