EMITTER_COEFFICIENT_SOLUTION,PRESSURE_OUTPUT,OUTPUT_DEMAND,FITNESS,NODE
0.29416898855104556,24.28103063085075,3.9,10.959668079246955,N9
