EMITTER_COEFFICIENT_SOLUTION,PRESSURE_OUTPUT,OUTPUT_DEMAND,FITNESS,NODE
0.11042412240307875,24.338070810770578,3.9,29.236808819271566,N9
