EMITTER_COEFFICIENT_SOLUTION,PRESSURE_OUTPUT,OUTPUT_DEMAND,FITNESS,NODE
0.38703812248508573,24.252141985153116,3.9,8.324156997702913,N9
