EMITTER_COEFFICIENT_SOLUTION,PRESSURE_OUTPUT,OUTPUT_DEMAND,FITNESS,NODE
0.20478754610052208,24.308797001941823,3.9,15.753671034604533,N9
