EMITTER_COEFFICIENT_SOLUTION,PRESSURE_OUTPUT,OUTPUT_DEMAND,FITNESS,NODE
0.40601590815039523,24.246233784928215,3.9,7.933958672163117,N9
