EMITTER_COEFFICIENT_SOLUTION,PRESSURE_OUTPUT,OUTPUT_DEMAND,FITNESS,NODE
0.03225749934447164,24.36228773114889,3.9,100.13479240352515,N9
