EMITTER_COEFFICIENT_SOLUTION,PRESSURE_OUTPUT,OUTPUT_DEMAND,FITNESS,NODE
0.037077669024541016,24.36079521953766,3.9,87.11521903814965,N9
