EMITTER_COEFFICIENT_SOLUTION,PRESSURE_OUTPUT,OUTPUT_DEMAND,FITNESS,NODE
0.9318700096684257,24.081898126419098,3.9,3.4438090797862735,N9
