EMITTER_COEFFICIENT_SOLUTION,PRESSURE_OUTPUT,OUTPUT_DEMAND,FITNESS,NODE
0.18461532876621323,24.315058378823526,3.9,17.477661861249064,N9
