EMITTER_COEFFICIENT_SOLUTION,PRESSURE_OUTPUT,OUTPUT_DEMAND,FITNESS,NODE
0.22060858250121151,24.303884887482347,3.9,14.622152772996031,N9
