EMITTER_COEFFICIENT_SOLUTION,PRESSURE_OUTPUT,OUTPUT_DEMAND,FITNESS,NODE
0.3008308189804064,24.278959656417054,3.9,10.716435090227149,N9
