EMITTER_COEFFICIENT_SOLUTION,PRESSURE_OUTPUT,OUTPUT_DEMAND,FITNESS,NODE
0.1730789843190138,24.318638549547035,3.9,18.644291352205567,N9
