EMITTER_COEFFICIENT_SOLUTION,PRESSURE_OUTPUT,OUTPUT_DEMAND,FITNESS,NODE
0.0893173021699546,24.344612866473128,3.9,36.151455478747444,N9
