EMITTER_COEFFICIENT_SOLUTION,PRESSURE_OUTPUT,OUTPUT_DEMAND,FITNESS,NODE
0.8752257054729838,24.099656525031182,3.9,3.6681397974284793,N9
