EMITTER_COEFFICIENT_SOLUTION,PRESSURE_OUTPUT,OUTPUT_DEMAND,FITNESS,NODE
0.42738772762158816,24.239578329591424,3.9,7.536025567330965,N9
