EMITTER_COEFFICIENT_SOLUTION,PRESSURE_OUTPUT,OUTPUT_DEMAND,FITNESS,NODE
0.30493127820903865,24.27768483861763,3.9,10.572005612302755,N9
