EMITTER_COEFFICIENT_SOLUTION,PRESSURE_OUTPUT,OUTPUT_DEMAND,FITNESS,NODE
0.5103254398763998,24.213731152783065,3.9,6.3074324336448875,N9
