EMITTER_COEFFICIENT_SOLUTION,PRESSURE_OUTPUT,OUTPUT_DEMAND,FITNESS,NODE
0.1634761878093084,24.321618033062396,3.9,19.740905748369826,N9
