EMITTER_COEFFICIENT_SOLUTION,PRESSURE_OUTPUT,OUTPUT_DEMAND,FITNESS,NODE
0.35398218294903694,24.262429136925476,3.9,9.103726050733718,N9
