EMITTER_COEFFICIENT_SOLUTION,PRESSURE_OUTPUT,OUTPUT_DEMAND,FITNESS,NODE
0.38272015125484027,24.253486037263546,3.9,8.418342259303119,N9
