EMITTER_COEFFICIENT_SOLUTION,PRESSURE_OUTPUT,OUTPUT_DEMAND,FITNESS,NODE
0.03841655281280387,24.360380822100833,3.9,84.07990719056313,N9
