EMITTER_COEFFICIENT_SOLUTION,PRESSURE_OUTPUT,OUTPUT_DEMAND,FITNESS,NODE
0.8323020373070619,24.113104571607483,3.9,3.8584757631685336,N9
