EMITTER_COEFFICIENT_SOLUTION,PRESSURE_OUTPUT,OUTPUT_DEMAND,FITNESS,NODE
0.24634722538823073,24.29589107118458,3.9,13.091884273159467,N9
