EMITTER_COEFFICIENT_SOLUTION,PRESSURE_OUTPUT,OUTPUT_DEMAND,FITNESS,NODE
0.010411410358729944,24.369050729159135,3.9,310.21787310994256,N9
