EMITTER_COEFFICIENT_SOLUTION,PRESSURE_OUTPUT,OUTPUT_DEMAND,FITNESS,NODE
0.8991180684847236,24.092167707378618,3.9,3.5700698707378153,N9
