EMITTER_COEFFICIENT_SOLUTION,PRESSURE_OUTPUT,OUTPUT_DEMAND,FITNESS,NODE
0.30884955025434546,24.276466590200084,3.9,10.437576627828287,N9
