EMITTER_COEFFICIENT_SOLUTION,PRESSURE_OUTPUT,OUTPUT_DEMAND,FITNESS,NODE
0.15087750335979633,24.32552621169469,3.9,21.391262762910397,N9
