EMITTER_COEFFICIENT_SOLUTION,PRESSURE_OUTPUT,OUTPUT_DEMAND,FITNESS,NODE
0.34832395085201806,24.264189506732627,3.9,9.251997869813101,N9
