EMITTER_COEFFICIENT_SOLUTION,PRESSURE_OUTPUT,OUTPUT_DEMAND,FITNESS,NODE
0.305511323000347,27.177080428181995,1.1,13.138079428298862,N16
