EMITTER_COEFFICIENT_SOLUTION,PRESSURE_OUTPUT,OUTPUT_DEMAND,FITNESS,NODE
0.7826298184154825,27.054839500297845,1.1,5.041451984591827,N16
