EMITTER_COEFFICIENT_SOLUTION,PRESSURE_OUTPUT,OUTPUT_DEMAND,FITNESS,NODE
0.08468185101564951,27.232271889371077,1.1,47.79391724292151,N16
