EMITTER_COEFFICIENT_SOLUTION,PRESSURE_OUTPUT,OUTPUT_DEMAND,FITNESS,NODE
0.3878264471522894,27.156278761877722,1.1,10.318182607163346,N16
