EMITTER_COEFFICIENT_SOLUTION,PRESSURE_OUTPUT,OUTPUT_DEMAND,FITNESS,NODE
0.24820773436590526,27.191488757589987,1.1,16.205801640182642,N16
