EMITTER_COEFFICIENT_SOLUTION,PRESSURE_OUTPUT,OUTPUT_DEMAND,FITNESS,NODE
0.10577454809285869,27.22703946133457,1.1,38.23274095828778,N16
