EMITTER_COEFFICIENT_SOLUTION,PRESSURE_OUTPUT,OUTPUT_DEMAND,FITNESS,NODE
0.6680220555466672,27.084566330562197,1.1,5.930187808198943,N16
