EMITTER_COEFFICIENT_SOLUTION,PRESSURE_OUTPUT,OUTPUT_DEMAND,FITNESS,NODE
0.2580899748819061,27.189008270087513,1.1,15.579531153188366,N16
