EMITTER_COEFFICIENT_SOLUTION,PRESSURE_OUTPUT,OUTPUT_DEMAND,FITNESS,NODE
0.24534243563972336,27.19220762535673,1.1,16.39682180101681,N16
