EMITTER_COEFFICIENT_SOLUTION,PRESSURE_OUTPUT,OUTPUT_DEMAND,FITNESS,NODE
0.3458629240101785,27.16689858445401,1.1,11.587959564907898,N16
