EMITTER_COEFFICIENT_SOLUTION,PRESSURE_OUTPUT,OUTPUT_DEMAND,FITNESS,NODE
0.24772745458178047,27.191609264327646,1.1,16.237512011947867,N16
