EMITTER_COEFFICIENT_SOLUTION,PRESSURE_OUTPUT,OUTPUT_DEMAND,FITNESS,NODE
0.38120817892520664,27.157955773024234,1.1,10.499869271130846,N16
