EMITTER_COEFFICIENT_SOLUTION,PRESSURE_OUTPUT,OUTPUT_DEMAND,FITNESS,NODE
0.44218197456684427,27.142475819870057,1.1,9.031854380308287,N16
