EMITTER_COEFFICIENT_SOLUTION,PRESSURE_OUTPUT,OUTPUT_DEMAND,FITNESS,NODE
0.3576953543320265,27.16390733584238,1.1,11.199748636629103,N16
