EMITTER_COEFFICIENT_SOLUTION,PRESSURE_OUTPUT,OUTPUT_DEMAND,FITNESS,NODE
0.2884129347876594,27.18138590242591,1.1,13.925801624317565,N16
