EMITTER_COEFFICIENT_SOLUTION,PRESSURE_OUTPUT,OUTPUT_DEMAND,FITNESS,NODE
0.5750276520785094,27.108520193620436,1.1,6.912050906380353,N16
