EMITTER_COEFFICIENT_SOLUTION,PRESSURE_OUTPUT,OUTPUT_DEMAND,FITNESS,NODE
0.17834785006825848,27.208972584244464,1.1,22.612938737465683,N16
