EMITTER_COEFFICIENT_SOLUTION,PRESSURE_OUTPUT,OUTPUT_DEMAND,FITNESS,NODE
0.23339632313630343,27.195203129802586,1.1,17.243780291534083,N16
