EMITTER_COEFFICIENT_SOLUTION,PRESSURE_OUTPUT,OUTPUT_DEMAND,FITNESS,NODE
0.33236161725814384,27.17030863206861,1.1,12.064702232030076,N16
