EMITTER_COEFFICIENT_SOLUTION,PRESSURE_OUTPUT,OUTPUT_DEMAND,FITNESS,NODE
0.9833211169154321,27.002246718747017,1.1,3.9848839757649768,N16
