EMITTER_COEFFICIENT_SOLUTION,PRESSURE_OUTPUT,OUTPUT_DEMAND,FITNESS,NODE
0.20119086956049648,27.20326558918459,1.1,20.028253921142454,N16
