EMITTER_COEFFICIENT_SOLUTION,PRESSURE_OUTPUT,OUTPUT_DEMAND,FITNESS,NODE
0.34561817473564793,27.166960430558127,1.1,11.596270265702213,N16
