EMITTER_COEFFICIENT_SOLUTION,PRESSURE_OUTPUT,OUTPUT_DEMAND,FITNESS,NODE
0.5834684202961025,27.106352426542408,1.1,6.810011623556096,N16
