EMITTER_COEFFICIENT_SOLUTION,PRESSURE_OUTPUT,OUTPUT_DEMAND,FITNESS,NODE
0.4829947378737023,27.132077231880487,1.1,8.256423227249579,N16
