EMITTER_COEFFICIENT_SOLUTION,PRESSURE_OUTPUT,OUTPUT_DEMAND,FITNESS,NODE
0.3958269807725552,27.15425044537485,1.1,10.106664866611622,N16
