EMITTER_COEFFICIENT_SOLUTION,PRESSURE_OUTPUT,OUTPUT_DEMAND,FITNESS,NODE
0.33569301084801517,27.16946752326748,1.1,11.943502823204591,N16
