EMITTER_COEFFICIENT_SOLUTION,PRESSURE_OUTPUT,OUTPUT_DEMAND,FITNESS,NODE
0.17346236010028937,27.210191895565693,1.1,23.254105879502436,N16
