EMITTER_COEFFICIENT_SOLUTION,PRESSURE_OUTPUT,OUTPUT_DEMAND,FITNESS,NODE
0.13644013525491872,27.219417546933286,1.1,29.60550040715452,N16
