EMITTER_COEFFICIENT_SOLUTION,PRESSURE_OUTPUT,OUTPUT_DEMAND,FITNESS,NODE
0.8259785011930982,27.043537328529318,1.1,4.769678759171559,N16
