EMITTER_COEFFICIENT_SOLUTION,PRESSURE_OUTPUT,OUTPUT_DEMAND,FITNESS,NODE
0.28068724648509935,27.183329526687338,1.1,14.313210507177454,N16
