EMITTER_COEFFICIENT_SOLUTION,PRESSURE_OUTPUT,OUTPUT_DEMAND,FITNESS,NODE
0.19151517842877586,27.205684100444763,1.1,21.047777925151486,N16
