EMITTER_COEFFICIENT_SOLUTION,PRESSURE_OUTPUT,OUTPUT_DEMAND,FITNESS,NODE
0.15720223896559893,27.214246867377966,1.1,25.675136278477815,N16
