EMITTER_COEFFICIENT_SOLUTION,PRESSURE_OUTPUT,OUTPUT_DEMAND,FITNESS,NODE
0.19251394219731632,27.20543453225489,1.1,20.93779470799288,N16
