EMITTER_COEFFICIENT_SOLUTION,PRESSURE_OUTPUT,OUTPUT_DEMAND,FITNESS,NODE
0.26868477936030355,27.18634693665191,1.1,14.959284408815655,N16
