EMITTER_COEFFICIENT_SOLUTION,PRESSURE_OUTPUT,OUTPUT_DEMAND,FITNESS,NODE
0.1346657225121819,27.219859066302924,1.1,29.997611239026877,N16
