EMITTER_COEFFICIENT_SOLUTION,PRESSURE_OUTPUT,OUTPUT_DEMAND,FITNESS,NODE
0.4211102764211698,27.147833006693688,1.1,9.491083604720675,N16
