EMITTER_COEFFICIENT_SOLUTION,PRESSURE_OUTPUT,OUTPUT_DEMAND,FITNESS,NODE
0.2904474430752231,27.180873880729422,1.1,13.827209300001472,N16
