EMITTER_COEFFICIENT_SOLUTION,PRESSURE_OUTPUT,OUTPUT_DEMAND,FITNESS,NODE
0.1228405811480946,27.222799793911165,1.1,32.89986649913095,N16
