EMITTER_COEFFICIENT_SOLUTION,PRESSURE_OUTPUT,OUTPUT_DEMAND,FITNESS,NODE
0.7182221484672047,27.071573272900956,1.1,5.505947545514439,N16
