EMITTER_COEFFICIENT_SOLUTION,PRESSURE_OUTPUT,OUTPUT_DEMAND,FITNESS,NODE
0.7849381623439102,27.054238451920057,1.1,5.026221745911851,N16
