EMITTER_COEFFICIENT_SOLUTION,PRESSURE_OUTPUT,OUTPUT_DEMAND,FITNESS,NODE
0.6947230883841229,27.077660837749676,1.1,5.696895005490645,N16
