EMITTER_COEFFICIENT_SOLUTION,PRESSURE_OUTPUT,OUTPUT_DEMAND,FITNESS,NODE
0.12986022262463814,27.221054501875862,1.1,31.11334227595109,N16
