EMITTER_COEFFICIENT_SOLUTION,PRESSURE_OUTPUT,OUTPUT_DEMAND,FITNESS,NODE
0.25618552956580865,27.189486433951963,1.1,15.696463034836695,N16
