EMITTER_COEFFICIENT_SOLUTION,PRESSURE_OUTPUT,OUTPUT_DEMAND,FITNESS,NODE
0.22854794145922064,27.19641811905167,1.1,17.612785904061464,N16
