EMITTER_COEFFICIENT_SOLUTION,PRESSURE_OUTPUT,OUTPUT_DEMAND,FITNESS,NODE
0.9342226793103283,27.015175952430255,1.1,4.201343477450928,N16
