EMITTER_COEFFICIENT_SOLUTION,PRESSURE_OUTPUT,OUTPUT_DEMAND,FITNESS,NODE
0.25338001734095017,27.190190714478973,1.1,15.871922587905077,N16
