EMITTER_COEFFICIENT_SOLUTION,PRESSURE_OUTPUT,OUTPUT_DEMAND,FITNESS,NODE
0.32050959494591647,27.173299393599947,1.1,12.516324349300952,N16
