EMITTER_COEFFICIENT_SOLUTION,PRESSURE_OUTPUT,OUTPUT_DEMAND,FITNESS,NODE
0.5387083311373948,27.117834583457714,1.1,7.387681173079513,N16
