EMITTER_COEFFICIENT_SOLUTION,PRESSURE_OUTPUT,OUTPUT_DEMAND,FITNESS,NODE
0.11590115375145138,27.224524396596614,1.1,34.87886535027822,N16
