EMITTER_COEFFICIENT_SOLUTION,PRESSURE_OUTPUT,OUTPUT_DEMAND,FITNESS,NODE
0.6556644147867094,27.087758335284086,1.1,6.044607313308539,N16
