EMITTER_COEFFICIENT_SOLUTION,PRESSURE_OUTPUT,OUTPUT_DEMAND,FITNESS,NODE
0.5725716194971993,27.109150782825836,1.1,6.942310108307715,N16
