EMITTER_COEFFICIENT_SOLUTION,PRESSURE_OUTPUT,OUTPUT_DEMAND,FITNESS,NODE
0.7506203917735808,27.063164758353814,1.1,5.262318813220045,N16
