EMITTER_COEFFICIENT_SOLUTION,PRESSURE_OUTPUT,OUTPUT_DEMAND,FITNESS,NODE
0.6082528819565491,27.099979207197556,1.1,6.5267400252443695,N16
