EMITTER_COEFFICIENT_SOLUTION,PRESSURE_OUTPUT,OUTPUT_DEMAND,FITNESS,NODE
0.24671881076820235,27.191862328801818,1.1,16.304509482288896,N16
