EMITTER_COEFFICIENT_SOLUTION,PRESSURE_OUTPUT,OUTPUT_DEMAND,FITNESS,NODE
0.5706731419628255,27.109638146693428,1.1,6.965878678899422,N16
