EMITTER_COEFFICIENT_SOLUTION,PRESSURE_OUTPUT,OUTPUT_DEMAND,FITNESS,NODE
0.6669268156404382,27.084849321291117,1.1,5.940156508582404,N16
