EMITTER_COEFFICIENT_SOLUTION,PRESSURE_OUTPUT,OUTPUT_DEMAND,FITNESS,NODE
0.36446681022021643,27.162194368065883,1.1,10.988928154157835,N16
