EMITTER_COEFFICIENT_SOLUTION,PRESSURE_OUTPUT,OUTPUT_DEMAND,FITNESS,NODE
0.8696781073515769,27.032111110274904,1.1,4.523168815568524,N16
