EMITTER_COEFFICIENT_SOLUTION,PRESSURE_OUTPUT,OUTPUT_DEMAND,FITNESS,NODE
0.3882126180029113,27.156180885244297,1.1,10.307772694989303,N16
