EMITTER_COEFFICIENT_SOLUTION,PRESSURE_OUTPUT,OUTPUT_DEMAND,FITNESS,NODE
0.8315411810287321,27.042084520071718,1.1,4.736855055344234,N16
