EMITTER_COEFFICIENT_SOLUTION,PRESSURE_OUTPUT,OUTPUT_DEMAND,FITNESS,NODE
0.06061740884771871,27.238231250857126,1.1,66.82793061916871,N16
