EMITTER_COEFFICIENT_SOLUTION,PRESSURE_OUTPUT,OUTPUT_DEMAND,FITNESS,NODE
0.28583481024195545,27.18203462670011,1.1,14.052754284536308,N16
