EMITTER_COEFFICIENT_SOLUTION,PRESSURE_OUTPUT,OUTPUT_DEMAND,FITNESS,NODE
0.9078143973961732,27.022113535703006,1.1,4.327477191837588,N16
