EMITTER_COEFFICIENT_SOLUTION,PRESSURE_OUTPUT,OUTPUT_DEMAND,FITNESS,NODE
0.28251273531617005,27.182870369605283,1.1,14.219758086801768,N16
