EMITTER_COEFFICIENT_SOLUTION,PRESSURE_OUTPUT,OUTPUT_DEMAND,FITNESS,NODE
0.8713567766607888,27.031671546775264,1.1,4.514193605945381,N16
