EMITTER_COEFFICIENT_SOLUTION,PRESSURE_OUTPUT,OUTPUT_DEMAND,FITNESS,NODE
0.9934303813866696,26.999579626320173,1.1,3.9429777953337077,N16
