EMITTER_COEFFICIENT_SOLUTION,PRESSURE_OUTPUT,OUTPUT_DEMAND,FITNESS,NODE
0.13930152323948897,27.218705436169756,1.1,28.99423252975415,N16
