EMITTER_COEFFICIENT_SOLUTION,PRESSURE_OUTPUT,OUTPUT_DEMAND,FITNESS,NODE
0.6755799339312156,27.082612941936596,1.1,5.862279389958042,N16
