EMITTER_COEFFICIENT_SOLUTION,PRESSURE_OUTPUT,OUTPUT_DEMAND,FITNESS,NODE
0.6095755393957447,27.099638801481568,1.1,6.512271453795522,N16
