EMITTER_COEFFICIENT_SOLUTION,PRESSURE_OUTPUT,OUTPUT_DEMAND,FITNESS,NODE
0.9518157952906794,27.010547718887885,1.1,4.121207428174933,N16
