EMITTER_COEFFICIENT_SOLUTION,PRESSURE_OUTPUT,OUTPUT_DEMAND,FITNESS,NODE
0.7531205043039944,27.062515393838837,1.1,5.244397850384047,N16
