EMITTER_COEFFICIENT_SOLUTION,PRESSURE_OUTPUT,OUTPUT_DEMAND,FITNESS,NODE
0.7369190620729156,27.066722946355895,1.1,5.3627323275961745,N16
