EMITTER_COEFFICIENT_SOLUTION,PRESSURE_OUTPUT,OUTPUT_DEMAND,FITNESS,NODE
0.26408262049650344,27.18750321622847,1.1,15.222591322150828,N16
