EMITTER_COEFFICIENT_SOLUTION,PRESSURE_OUTPUT,OUTPUT_DEMAND,FITNESS,NODE
0.6817341799903307,27.081021602703387,1.1,5.808096383707202,N16
