EMITTER_COEFFICIENT_SOLUTION,PRESSURE_OUTPUT,OUTPUT_DEMAND,FITNESS,NODE
0.7441546316526442,27.064844294896012,1.1,5.309243268339333,N16
