EMITTER_COEFFICIENT_SOLUTION,PRESSURE_OUTPUT,OUTPUT_DEMAND,FITNESS,NODE
0.12974136125133118,27.221084064830663,1.1,31.141986747966296,N16
