EMITTER_COEFFICIENT_SOLUTION,PRESSURE_OUTPUT,OUTPUT_DEMAND,FITNESS,NODE
0.010813923262586345,27.250529886312897,1.1,375.21090883183507,N16
