EMITTER_COEFFICIENT_SOLUTION,PRESSURE_OUTPUT,OUTPUT_DEMAND,FITNESS,NODE
0.24831581100660416,27.191461639555286,1.1,16.198682813287903,N16
