EMITTER_COEFFICIENT_SOLUTION,PRESSURE_OUTPUT,OUTPUT_DEMAND,FITNESS,NODE
0.22883955495016384,27.196345053863034,1.1,17.590149465700758,N16
