EMITTER_COEFFICIENT_SOLUTION,PRESSURE_OUTPUT,OUTPUT_DEMAND,FITNESS,NODE
0.2171287938411518,27.199278009758523,1.1,18.547010756567506,N16
