EMITTER_COEFFICIENT_SOLUTION,PRESSURE_OUTPUT,OUTPUT_DEMAND,FITNESS,NODE
0.21595475170459166,27.199571908652956,1.1,18.648663614087056,N16
