EMITTER_COEFFICIENT_SOLUTION,PRESSURE_OUTPUT,OUTPUT_DEMAND,FITNESS,NODE
0.6849539401667151,27.08018878981369,1.1,5.7801375259457926,N16
