EMITTER_COEFFICIENT_SOLUTION,PRESSURE_OUTPUT,OUTPUT_DEMAND,FITNESS,NODE
0.04605310838592458,27.241832647853265,1.1,88.00952762610785,N16
