EMITTER_COEFFICIENT_SOLUTION,PRESSURE_OUTPUT,OUTPUT_DEMAND,FITNESS,NODE
0.3104819833535226,27.175827787769535,1.1,12.92536299109994,N16
