EMITTER_COEFFICIENT_SOLUTION,PRESSURE_OUTPUT,OUTPUT_DEMAND,FITNESS,NODE
0.6087108861028483,27.099861336419274,1.1,6.521722786124169,N16
