EMITTER_COEFFICIENT_SOLUTION,PRESSURE_OUTPUT,OUTPUT_DEMAND,FITNESS,NODE
0.6504825716307101,27.089095939950703,1.1,6.093878115260667,N16
