EMITTER_COEFFICIENT_SOLUTION,PRESSURE_OUTPUT,OUTPUT_DEMAND,FITNESS,NODE
0.46645442555850614,27.13629506956265,1.1,8.554321068446908,N16
