EMITTER_COEFFICIENT_SOLUTION,PRESSURE_OUTPUT,OUTPUT_DEMAND,FITNESS,NODE
0.3488930717655716,27.166132801585945,1.1,11.486034095925833,N16
