EMITTER_COEFFICIENT_SOLUTION,PRESSURE_OUTPUT,OUTPUT_DEMAND,FITNESS,NODE
0.4875358709736686,27.130918377418595,1.1,8.178174511618817,N16
