EMITTER_COEFFICIENT_SOLUTION,PRESSURE_OUTPUT,OUTPUT_DEMAND,FITNESS,NODE
0.34664453869575396,27.166701069673138,1.1,11.561497686531846,N16
