EMITTER_COEFFICIENT_SOLUTION,PRESSURE_OUTPUT,OUTPUT_DEMAND,FITNESS,NODE
0.2617856117837072,27.18808018811098,1.1,15.357476145275696,N16
