EMITTER_COEFFICIENT_SOLUTION,PRESSURE_OUTPUT,OUTPUT_DEMAND,FITNESS,NODE
0.14740377618196865,27.21668820617692,1.1,27.392121174663764,N16
