EMITTER_COEFFICIENT_SOLUTION,PRESSURE_OUTPUT,OUTPUT_DEMAND,FITNESS,NODE
0.4337884160049874,27.144610716238972,1.1,9.209431308196578,N16
