EMITTER_COEFFICIENT_SOLUTION,PRESSURE_OUTPUT,OUTPUT_DEMAND,FITNESS,NODE
0.30179432731045885,27.178016842635465,1.1,13.301726411112927,N16
