EMITTER_COEFFICIENT_SOLUTION,PRESSURE_OUTPUT,OUTPUT_DEMAND,FITNESS,NODE
0.8269967325617718,27.043271460919264,1.1,4.763637975124111,N16
