EMITTER_COEFFICIENT_SOLUTION,PRESSURE_OUTPUT,OUTPUT_DEMAND,FITNESS,NODE
0.09725334627184301,27.22915431017811,1.1,41.59605070074024,N16
