EMITTER_COEFFICIENT_SOLUTION,PRESSURE_OUTPUT,OUTPUT_DEMAND,FITNESS,NODE
0.08261070636496126,27.232785222105512,1.1,48.995993885330726,N16
