EMITTER_COEFFICIENT_SOLUTION,PRESSURE_OUTPUT,OUTPUT_DEMAND,FITNESS,NODE
0.8769041807430611,27.03021860780354,1.1,4.4847786254526545,N16
