EMITTER_COEFFICIENT_SOLUTION,PRESSURE_OUTPUT,OUTPUT_DEMAND,FITNESS,NODE
0.2313249673823371,24.011862984987765,13.000000000000002,84.86425589550083,N5
