EMITTER_COEFFICIENT_SOLUTION,PRESSURE_OUTPUT,OUTPUT_DEMAND,FITNESS,NODE
0.3412791313015754,24.00624204472058,13.000000000000002,57.45652276330055,N5
