EMITTER_COEFFICIENT_SOLUTION,PRESSURE_OUTPUT,OUTPUT_DEMAND,FITNESS,NODE
0.7237802186659682,23.986586377487534,13.000000000000002,26.983174594227272,N5
