EMITTER_COEFFICIENT_SOLUTION,PRESSURE_OUTPUT,OUTPUT_DEMAND,FITNESS,NODE
0.4261109639878654,24.001896412415057,13.000000000000002,45.976807254030476,N5
