EMITTER_COEFFICIENT_SOLUTION,PRESSURE_OUTPUT,OUTPUT_DEMAND,FITNESS,NODE
0.28454879326446936,24.009143782798347,13.000000000000002,68.95255304138226,N5
