EMITTER_COEFFICIENT_SOLUTION,PRESSURE_OUTPUT,OUTPUT_DEMAND,FITNESS,NODE
0.3500003963070163,24.00579564514623,13.000000000000002,56.0196977745136,N5
