EMITTER_COEFFICIENT_SOLUTION,PRESSURE_OUTPUT,OUTPUT_DEMAND,FITNESS,NODE
0.7971627851736441,23.982797441120134,13.000000000000002,24.480362737079137,N5
