EMITTER_COEFFICIENT_SOLUTION,PRESSURE_OUTPUT,OUTPUT_DEMAND,FITNESS,NODE
0.6458716847817515,23.99060267316799,13.000000000000002,30.26283038260753,N5
