EMITTER_COEFFICIENT_SOLUTION,PRESSURE_OUTPUT,OUTPUT_DEMAND,FITNESS,NODE
0.4498518553530023,24.000678855512916,13.000000000000002,43.53949344835771,N5
