EMITTER_COEFFICIENT_SOLUTION,PRESSURE_OUTPUT,OUTPUT_DEMAND,FITNESS,NODE
0.7260216542863013,23.98647073177886,13.000000000000002,26.89923584220478,N5
