EMITTER_COEFFICIENT_SOLUTION,PRESSURE_OUTPUT,OUTPUT_DEMAND,FITNESS,NODE
0.6242866202756842,23.991714259116392,13.000000000000002,31.316302565089835,N5
