EMITTER_COEFFICIENT_SOLUTION,PRESSURE_OUTPUT,OUTPUT_DEMAND,FITNESS,NODE
0.547026770434991,23.995688867791806,13.000000000000002,35.76839660189932,N5
