EMITTER_COEFFICIENT_SOLUTION,PRESSURE_OUTPUT,OUTPUT_DEMAND,FITNESS,NODE
0.9266374832949423,23.976098252984812,13.000000000000002,21.03126556246592,N5
