EMITTER_COEFFICIENT_SOLUTION,PRESSURE_OUTPUT,OUTPUT_DEMAND,FITNESS,NODE
0.19462737017834597,24.013736068232916,13.000000000000002,100.90368532377241,N5
