EMITTER_COEFFICIENT_SOLUTION,PRESSURE_OUTPUT,OUTPUT_DEMAND,FITNESS,NODE
0.5285714414790564,23.996637344017707,13.000000000000002,37.02446926446319,N5
