EMITTER_COEFFICIENT_SOLUTION,PRESSURE_OUTPUT,OUTPUT_DEMAND,FITNESS,NODE
0.9604046462510581,23.97434815046519,13.000000000000002,20.284651031670972,N5
