EMITTER_COEFFICIENT_SOLUTION,PRESSURE_OUTPUT,OUTPUT_DEMAND,FITNESS,NODE
0.26750085941763635,24.01001509598327,13.000000000000002,73.359966152264,N5
