EMITTER_COEFFICIENT_SOLUTION,PRESSURE_OUTPUT,OUTPUT_DEMAND,FITNESS,NODE
0.12800531578479923,24.01713278520372,13.000000000000002,153.52201383952473,N5
