EMITTER_COEFFICIENT_SOLUTION,PRESSURE_OUTPUT,OUTPUT_DEMAND,FITNESS,NODE
0.8237114082980938,23.981425243197357,13.000000000000002,23.684747015212594,N5
