EMITTER_COEFFICIENT_SOLUTION,PRESSURE_OUTPUT,OUTPUT_DEMAND,FITNESS,NODE
0.2745678020677783,24.009653945653206,13.000000000000002,71.46653352890193,N5
