EMITTER_COEFFICIENT_SOLUTION,PRESSURE_OUTPUT,OUTPUT_DEMAND,FITNESS,NODE
0.7009096181676221,23.987766065861294,13.000000000000002,27.870335803548027,N5
