EMITTER_COEFFICIENT_SOLUTION,PRESSURE_OUTPUT,OUTPUT_DEMAND,FITNESS,NODE
0.4637209795121314,23.99996729226082,13.000000000000002,42.23112654375654,N5
