EMITTER_COEFFICIENT_SOLUTION,PRESSURE_OUTPUT,OUTPUT_DEMAND,FITNESS,NODE
0.290760909393332,24.008826205489214,13.000000000000002,67.47500123640533,N5
