EMITTER_COEFFICIENT_SOLUTION,PRESSURE_OUTPUT,OUTPUT_DEMAND,FITNESS,NODE
0.10484838161589194,24.01831230217892,13.000000000000002,187.4692952844157,N5
