EMITTER_COEFFICIENT_SOLUTION,PRESSURE_OUTPUT,OUTPUT_DEMAND,FITNESS,NODE
0.587719944514291,23.993596222075823,13.000000000000002,33.27755243721527,N5
