EMITTER_COEFFICIENT_SOLUTION,PRESSURE_OUTPUT,OUTPUT_DEMAND,FITNESS,NODE
0.6891725325507799,23.988371258249906,13.000000000000002,28.34848733249561,N5
