EMITTER_COEFFICIENT_SOLUTION,PRESSURE_OUTPUT,OUTPUT_DEMAND,FITNESS,NODE
0.3880930580604717,24.003844898390412,13.000000000000002,50.500942474093016,N5
