EMITTER_COEFFICIENT_SOLUTION,PRESSURE_OUTPUT,OUTPUT_DEMAND,FITNESS,NODE
0.45040589460850555,24.00065043420505,13.000000000000002,43.4856821193858,N5
