EMITTER_COEFFICIENT_SOLUTION,PRESSURE_OUTPUT,OUTPUT_DEMAND,FITNESS,NODE
0.9242851165639018,23.976220127344526,13.000000000000002,21.08531084134004,N5
