EMITTER_COEFFICIENT_SOLUTION,PRESSURE_OUTPUT,OUTPUT_DEMAND,FITNESS,NODE
0.4861752518720467,23.99881482221921,13.000000000000002,40.271126462876516,N5
