EMITTER_COEFFICIENT_SOLUTION,PRESSURE_OUTPUT,OUTPUT_DEMAND,FITNESS,NODE
0.6295951098632157,23.99144092943954,13.000000000000002,31.050520207867688,N5
