EMITTER_COEFFICIENT_SOLUTION,PRESSURE_OUTPUT,OUTPUT_DEMAND,FITNESS,NODE
0.28935231548447493,24.00889821964426,13.000000000000002,67.8044736974007,N5
