EMITTER_COEFFICIENT_SOLUTION,PRESSURE_OUTPUT,OUTPUT_DEMAND,FITNESS,NODE
0.6090091233632927,23.992500715305155,13.000000000000002,32.10706423827128,N5
