EMITTER_COEFFICIENT_SOLUTION,PRESSURE_OUTPUT,OUTPUT_DEMAND,FITNESS,NODE
0.20380036830630732,24.013268006368023,13.000000000000002,96.35301277997246,N5
