EMITTER_COEFFICIENT_SOLUTION,PRESSURE_OUTPUT,OUTPUT_DEMAND,FITNESS,NODE
0.3535124453718016,24.0056158569611,13.000000000000002,55.46111122125443,N5
