EMITTER_COEFFICIENT_SOLUTION,PRESSURE_OUTPUT,OUTPUT_DEMAND,FITNESS,NODE
0.7315930923830637,23.986183252951292,13.000000000000002,26.69282130190703,N5
