EMITTER_COEFFICIENT_SOLUTION,PRESSURE_OUTPUT,OUTPUT_DEMAND,FITNESS,NODE
0.3698331465002108,24.004780195070282,13.000000000000002,53.0045244624706,N5
