EMITTER_COEFFICIENT_SOLUTION,PRESSURE_OUTPUT,OUTPUT_DEMAND,FITNESS,NODE
0.7122428312211234,23.98718155765522,13.000000000000002,27.423593401122673,N5
