EMITTER_COEFFICIENT_SOLUTION,PRESSURE_OUTPUT,OUTPUT_DEMAND,FITNESS,NODE
0.5871110795361446,23.993627546101585,13.000000000000002,33.31227671840411,N5
