EMITTER_COEFFICIENT_SOLUTION,PRESSURE_OUTPUT,OUTPUT_DEMAND,FITNESS,NODE
0.001925005438374261,24.02354770028758,13.000000000000002,10120.561564417249,N5
