EMITTER_COEFFICIENT_SOLUTION,PRESSURE_OUTPUT,OUTPUT_DEMAND,FITNESS,NODE
0.4766360248123219,23.999304491549175,13.000000000000002,41.08122922138581,N5
