EMITTER_COEFFICIENT_SOLUTION,PRESSURE_OUTPUT,OUTPUT_DEMAND,FITNESS,NODE
0.3225516155142233,24.007200337261175,13.000000000000002,60.80442390002555,N5
