EMITTER_COEFFICIENT_SOLUTION,PRESSURE_OUTPUT,OUTPUT_DEMAND,FITNESS,NODE
0.6682388080030285,23.989450283927212,13.000000000000002,29.24299383574689,N5
