EMITTER_COEFFICIENT_SOLUTION,PRESSURE_OUTPUT,OUTPUT_DEMAND,FITNESS,NODE
0.630957674259696,23.99137076724891,13.000000000000002,30.983021448813616,N5
