EMITTER_COEFFICIENT_SOLUTION,PRESSURE_OUTPUT,OUTPUT_DEMAND,FITNESS,NODE
0.4977551447271994,23.998220268930964,13.000000000000002,39.32944847340884,N5
