EMITTER_COEFFICIENT_SOLUTION,PRESSURE_OUTPUT,OUTPUT_DEMAND,FITNESS,NODE
0.5340820448789697,23.996354175617427,13.000000000000002,36.640326231588105,N5
