EMITTER_COEFFICIENT_SOLUTION,PRESSURE_OUTPUT,OUTPUT_DEMAND,FITNESS,NODE
0.9527406885315134,23.974745468917106,13.000000000000002,20.44946278467932,N5
