EMITTER_COEFFICIENT_SOLUTION,PRESSURE_OUTPUT,OUTPUT_DEMAND,FITNESS,NODE
0.06707974985422982,24.020234821476883,13.000000000000002,293.1100762583629,N5
