EMITTER_COEFFICIENT_SOLUTION,PRESSURE_OUTPUT,OUTPUT_DEMAND,FITNESS,NODE
0.4136570244949308,24.002534871558026,13.000000000000002,47.36724004208179,N5
