EMITTER_COEFFICIENT_SOLUTION,PRESSURE_OUTPUT,OUTPUT_DEMAND,FITNESS,NODE
0.5727216181503126,23.994367718488377,13.000000000000002,34.15441626408657,N5
