EMITTER_COEFFICIENT_SOLUTION,PRESSURE_OUTPUT,OUTPUT_DEMAND,FITNESS,NODE
0.7114336399745781,23.987223296106535,13.000000000000002,27.455018918700027,N5
