EMITTER_COEFFICIENT_SOLUTION,PRESSURE_OUTPUT,OUTPUT_DEMAND,FITNESS,NODE
0.22167954663565925,24.012355439223846,13.000000000000002,88.56556702108493,N5
