EMITTER_COEFFICIENT_SOLUTION,PRESSURE_OUTPUT,OUTPUT_DEMAND,FITNESS,NODE
0.34893155022997735,24.005850358667622,13.000000000000002,56.19192799675631,N5
