EMITTER_COEFFICIENT_SOLUTION,PRESSURE_OUTPUT,OUTPUT_DEMAND,FITNESS,NODE
0.9229816767904845,23.976287655039044,13.000000000000002,21.115375809328558,N5
