EMITTER_COEFFICIENT_SOLUTION,PRESSURE_OUTPUT,OUTPUT_DEMAND,FITNESS,NODE
0.24393633491964295,24.011218949409695,13.000000000000002,80.46632084180249,N5
