EMITTER_COEFFICIENT_SOLUTION,PRESSURE_OUTPUT,OUTPUT_DEMAND,FITNESS,NODE
0.19499012644357905,24.013717559953598,13.000000000000002,100.71559355523856,N5
