EMITTER_COEFFICIENT_SOLUTION,PRESSURE_OUTPUT,OUTPUT_DEMAND,FITNESS,NODE
0.6285221786882415,23.99149617621203,13.000000000000002,31.103877074657536,N5
