EMITTER_COEFFICIENT_SOLUTION,PRESSURE_OUTPUT,OUTPUT_DEMAND,FITNESS,NODE
0.41997772965707336,24.002210857563448,13.000000000000002,46.65125300154882,N5
