EMITTER_COEFFICIENT_SOLUTION,PRESSURE_OUTPUT,OUTPUT_DEMAND,FITNESS,NODE
0.2533435597635073,24.010738429903107,13.000000000000002,77.4708606810632,N5
