EMITTER_COEFFICIENT_SOLUTION,PRESSURE_OUTPUT,OUTPUT_DEMAND,FITNESS,NODE
0.355157699220361,24.005531628820613,13.000000000000002,55.20323558462193,N5
