EMITTER_COEFFICIENT_SOLUTION,PRESSURE_OUTPUT,OUTPUT_DEMAND,FITNESS,NODE
0.559111005017121,23.995067622654574,13.000000000000002,34.99086656939217,N5
