EMITTER_COEFFICIENT_SOLUTION,PRESSURE_OUTPUT,OUTPUT_DEMAND,FITNESS,NODE
0.11931485456441704,24.017575509401723,13.000000000000002,164.71751945162572,N5
