EMITTER_COEFFICIENT_SOLUTION,PRESSURE_OUTPUT,OUTPUT_DEMAND,FITNESS,NODE
0.31935098396243966,24.00736407644593,13.000000000000002,61.415884549115475,N5
