EMITTER_COEFFICIENT_SOLUTION,PRESSURE_OUTPUT,OUTPUT_DEMAND,FITNESS,NODE
0.3741525153514146,24.00455898394702,13.000000000000002,52.3902389361439,N5
