EMITTER_COEFFICIENT_SOLUTION,PRESSURE_OUTPUT,OUTPUT_DEMAND,FITNESS,NODE
0.7593030533010129,23.984752960741652,13.000000000000002,25.71120517178201,N5
