EMITTER_COEFFICIENT_SOLUTION,PRESSURE_OUTPUT,OUTPUT_DEMAND,FITNESS,NODE
0.4322672947714469,24.001580742189034,13.000000000000002,45.31906853868298,N5
