EMITTER_COEFFICIENT_SOLUTION,PRESSURE_OUTPUT,OUTPUT_DEMAND,FITNESS,NODE
0.5825141578618135,23.993864029142337,13.000000000000002,33.576787548980114,N5
