EMITTER_COEFFICIENT_SOLUTION,PRESSURE_OUTPUT,OUTPUT_DEMAND,FITNESS,NODE
0.874851090214135,23.978779899614565,13.000000000000002,22.288289954212296,N5
