EMITTER_COEFFICIENT_SOLUTION,PRESSURE_OUTPUT,OUTPUT_DEMAND,FITNESS,NODE
0.3887039830526279,24.0038135997627,13.000000000000002,50.42124613827389,N5
