EMITTER_COEFFICIENT_SOLUTION,PRESSURE_OUTPUT,OUTPUT_DEMAND,FITNESS,NODE
0.7466578995977226,23.985405761992872,13.000000000000002,26.150116757074294,N5
