EMITTER_COEFFICIENT_SOLUTION,PRESSURE_OUTPUT,OUTPUT_DEMAND,FITNESS,NODE
0.5983624279564503,23.993048638097655,13.000000000000002,32.68201248656802,N5
