EMITTER_COEFFICIENT_SOLUTION,PRESSURE_OUTPUT,OUTPUT_DEMAND,FITNESS,NODE
0.6814972400730138,23.98876693474267,13.000000000000002,28.670074687583966,N5
