EMITTER_COEFFICIENT_SOLUTION,PRESSURE_OUTPUT,OUTPUT_DEMAND,FITNESS,NODE
0.8660151478216903,23.979237163514227,13.000000000000002,22.517782874272385,N5
