EMITTER_COEFFICIENT_SOLUTION,PRESSURE_OUTPUT,OUTPUT_DEMAND,FITNESS,NODE
0.022884585580384642,24.022482480496144,13.000000000000002,859.0854670524075,N5
