EMITTER_COEFFICIENT_SOLUTION,PRESSURE_OUTPUT,OUTPUT_DEMAND,FITNESS,NODE
0.5265086939944449,23.9967433321291,13.000000000000002,37.170331353039735,N5
