EMITTER_COEFFICIENT_SOLUTION,PRESSURE_OUTPUT,OUTPUT_DEMAND,FITNESS,NODE
0.11618104072581159,24.017735137237892,13.000000000000002,169.16547199405002,N5
