EMITTER_COEFFICIENT_SOLUTION,PRESSURE_OUTPUT,OUTPUT_DEMAND,FITNESS,NODE
0.7462906375756261,23.98542471919123,13.000000000000002,26.163086661216933,N5
