EMITTER_COEFFICIENT_SOLUTION,PRESSURE_OUTPUT,OUTPUT_DEMAND,FITNESS,NODE
0.6940068111453502,23.988122009137847,13.000000000000002,28.14958698719802,N5
