EMITTER_COEFFICIENT_SOLUTION,PRESSURE_OUTPUT,OUTPUT_DEMAND,FITNESS,NODE
0.11074566844444889,24.018011974698737,13.000000000000002,177.476955595708,N5
