EMITTER_COEFFICIENT_SOLUTION,PRESSURE_OUTPUT,OUTPUT_DEMAND,FITNESS,NODE
0.1564128368276082,24.015685018592563,13.000000000000002,125.60462232183133,N5
