EMITTER_COEFFICIENT_SOLUTION,PRESSURE_OUTPUT,OUTPUT_DEMAND,FITNESS,NODE
0.2789900491549345,24.00942792272086,13.000000000000002,70.33047997778503,N5
