EMITTER_COEFFICIENT_SOLUTION,PRESSURE_OUTPUT,OUTPUT_DEMAND,FITNESS,NODE
0.5786046216011335,23.994065132554994,13.000000000000002,33.80505301076388,N5
