EMITTER_COEFFICIENT_SOLUTION,PRESSURE_OUTPUT,OUTPUT_DEMAND,FITNESS,NODE
0.13817262695543564,24.0166147202239,13.000000000000002,142.2113244614322,N5
