EMITTER_COEFFICIENT_SOLUTION,PRESSURE_OUTPUT,OUTPUT_DEMAND,FITNESS,NODE
0.6253384662942484,23.99166010285709,13.000000000000002,31.263280859783297,N5
