EMITTER_COEFFICIENT_SOLUTION,PRESSURE_OUTPUT,OUTPUT_DEMAND,FITNESS,NODE
0.42855686714606145,24.001771001907315,13.000000000000002,45.71322594783571,N5
