EMITTER_COEFFICIENT_SOLUTION,PRESSURE_OUTPUT,OUTPUT_DEMAND,FITNESS,NODE
0.987560435908858,23.972939823059697,13.000000000000002,19.721265170222594,N5
