EMITTER_COEFFICIENT_SOLUTION,PRESSURE_OUTPUT,OUTPUT_DEMAND,FITNESS,NODE
0.8396800508346062,23.98059952088665,13.000000000000002,23.230428957766915,N5
