EMITTER_COEFFICIENT_SOLUTION,PRESSURE_OUTPUT,OUTPUT_DEMAND,FITNESS,NODE
0.4661032411621432,23.999845048048165,13.000000000000002,42.01422763923288,N5
