EMITTER_COEFFICIENT_SOLUTION,PRESSURE_OUTPUT,OUTPUT_DEMAND,FITNESS,NODE
0.40349673324242297,24.00305562098037,13.000000000000002,48.565171031060224,N5
