EMITTER_COEFFICIENT_SOLUTION,PRESSURE_OUTPUT,OUTPUT_DEMAND,FITNESS,NODE
0.9924716702271296,23.97268503738183,13.000000000000002,19.622667234332717,N5
