EMITTER_COEFFICIENT_SOLUTION,PRESSURE_OUTPUT,OUTPUT_DEMAND,FITNESS,NODE
0.4221417140629474,24.00209991676956,13.000000000000002,46.411051350151176,N5
