EMITTER_COEFFICIENT_SOLUTION,PRESSURE_OUTPUT,OUTPUT_DEMAND,FITNESS,NODE
0.002842439997203905,24.023501074855517,13.000000000000002,6875.962798285197,N5
