EMITTER_COEFFICIENT_SOLUTION,PRESSURE_OUTPUT,OUTPUT_DEMAND,FITNESS,NODE
0.37137481008216755,24.004701243001143,13.000000000000002,52.783634617335636,N5
