EMITTER_COEFFICIENT_SOLUTION,PRESSURE_OUTPUT,OUTPUT_DEMAND,FITNESS,NODE
0.38937529295139317,24.003779207056994,13.000000000000002,50.33396085505573,N5
