EMITTER_COEFFICIENT_SOLUTION,PRESSURE_OUTPUT,OUTPUT_DEMAND,FITNESS,NODE
0.4408496717879614,24.001140606280593,13.000000000000002,44.43278774294504,N5
