EMITTER_COEFFICIENT_SOLUTION,PRESSURE_OUTPUT,OUTPUT_DEMAND,FITNESS,NODE
0.20099036287584593,24.013411399581678,13.000000000000002,97.7029121838221,N5
