EMITTER_COEFFICIENT_SOLUTION,PRESSURE_OUTPUT,OUTPUT_DEMAND,FITNESS,NODE
0.4648573499011054,23.999908980916167,13.000000000000002,42.12738559133973,N5
