EMITTER_COEFFICIENT_SOLUTION,PRESSURE_OUTPUT,OUTPUT_DEMAND,FITNESS,NODE
0.8991875351232669,23.97752004628836,13.000000000000002,21.67952928706283,N5
