EMITTER_COEFFICIENT_SOLUTION,PRESSURE_OUTPUT,OUTPUT_DEMAND,FITNESS,NODE
0.029736035300851005,24.022134171057388,13.000000000000002,661.2278574938476,N5
