EMITTER_COEFFICIENT_SOLUTION,PRESSURE_OUTPUT,OUTPUT_DEMAND,FITNESS,NODE
0.9465634539889839,23.975065666353927,13.000000000000002,20.584245658067456,N5
