EMITTER_COEFFICIENT_SOLUTION,PRESSURE_OUTPUT,OUTPUT_DEMAND,FITNESS,NODE
0.26627909605184497,24.01007752769847,13.000000000000002,73.69749985510492,N5
