EMITTER_COEFFICIENT_SOLUTION,PRESSURE_OUTPUT,OUTPUT_DEMAND,FITNESS,NODE
0.6443204263626373,23.990682576474796,13.000000000000002,30.336186321451017,N5
