EMITTER_COEFFICIENT_SOLUTION,PRESSURE_OUTPUT,OUTPUT_DEMAND,FITNESS,NODE
0.9074740026729334,23.97709092651551,13.000000000000002,21.47970116377465,N5
