EMITTER_COEFFICIENT_SOLUTION,PRESSURE_OUTPUT,OUTPUT_DEMAND,FITNESS,NODE
0.35808064838667064,24.005381982318127,13.000000000000002,54.750939652748116,N5
