EMITTER_COEFFICIENT_SOLUTION,PRESSURE_OUTPUT,OUTPUT_DEMAND,FITNESS,NODE
0.9364663046439371,23.975588965180528,13.000000000000002,20.808387608230102,N5
