EMITTER_COEFFICIENT_SOLUTION,PRESSURE_OUTPUT,OUTPUT_DEMAND,FITNESS,NODE
0.5638041517397673,23.99482630760167,13.000000000000002,34.69788378656182,N5
