EMITTER_COEFFICIENT_SOLUTION,PRESSURE_OUTPUT,OUTPUT_DEMAND,FITNESS,NODE
0.6909342591006483,23.9882804288307,13.000000000000002,28.27568094216279,N5
