EMITTER_COEFFICIENT_SOLUTION,PRESSURE_OUTPUT,OUTPUT_DEMAND,FITNESS,NODE
0.43092652048718805,24.001649494834894,13.000000000000002,45.46071530227194,N5
