EMITTER_COEFFICIENT_SOLUTION,PRESSURE_OUTPUT,OUTPUT_DEMAND,FITNESS,NODE
0.2785085282657499,24.009452534489604,13.000000000000002,70.4524301407547,N5
