EMITTER_COEFFICIENT_SOLUTION,PRESSURE_OUTPUT,OUTPUT_DEMAND,FITNESS,NODE
0.32039215750062067,24.00731081289522,13.000000000000002,61.21563424735929,N5
