EMITTER_COEFFICIENT_SOLUTION,PRESSURE_OUTPUT,OUTPUT_DEMAND,FITNESS,NODE
0.9381861222563542,23.97549984092803,13.000000000000002,20.769869221305004,N5
