EMITTER_COEFFICIENT_SOLUTION,PRESSURE_OUTPUT,OUTPUT_DEMAND,FITNESS,NODE
0.24169682424434658,24.01133332906533,13.000000000000002,81.21378900937589,N5
