EMITTER_COEFFICIENT_SOLUTION,PRESSURE_OUTPUT,OUTPUT_DEMAND,FITNESS,NODE
0.1360739888954593,24.016721663423304,13.000000000000002,144.40755162444174,N5
