EMITTER_COEFFICIENT_SOLUTION,PRESSURE_OUTPUT,OUTPUT_DEMAND,FITNESS,NODE
0.7914010916005613,23.983095141538286,13.000000000000002,24.66008082486313,N5
