EMITTER_COEFFICIENT_SOLUTION,PRESSURE_OUTPUT,OUTPUT_DEMAND,FITNESS,NODE
0.38492823354728267,24.00400703074815,13.000000000000002,50.91784951979614,N5
