EMITTER_COEFFICIENT_SOLUTION,PRESSURE_OUTPUT,OUTPUT_DEMAND,FITNESS,NODE
0.9908816499540284,23.972767527483505,13.000000000000002,19.654481468147598,N5
