EMITTER_COEFFICIENT_SOLUTION,PRESSURE_OUTPUT,OUTPUT_DEMAND,FITNESS,NODE
0.6003995419325242,23.99294380926961,13.000000000000002,32.570425652401724,N5
