EMITTER_COEFFICIENT_SOLUTION,PRESSURE_OUTPUT,OUTPUT_DEMAND,FITNESS,NODE
0.5135147457157375,23.99741088170223,13.000000000000002,38.11610781624994,N5
