EMITTER_COEFFICIENT_SOLUTION,PRESSURE_OUTPUT,OUTPUT_DEMAND,FITNESS,NODE
0.11066389664907728,24.018016139299938,13.000000000000002,177.6082295221662,N5
