EMITTER_COEFFICIENT_SOLUTION,PRESSURE_OUTPUT,OUTPUT_DEMAND,FITNESS,NODE
0.7143845351037857,23.987071084204032,13.000000000000002,27.340762401317075,N5
