EMITTER_COEFFICIENT_SOLUTION,PRESSURE_OUTPUT,OUTPUT_DEMAND,FITNESS,NODE
0.755285844250216,23.984960366224676,13.000000000000002,25.849048971669156,N5
