EMITTER_COEFFICIENT_SOLUTION,PRESSURE_OUTPUT,OUTPUT_DEMAND,FITNESS,NODE
0.9433715489122579,23.975231103044095,13.000000000000002,20.654582556037187,N5
