EMITTER_COEFFICIENT_SOLUTION,PRESSURE_OUTPUT,OUTPUT_DEMAND,FITNESS,NODE
0.9294215295136771,23.975954005998155,13.000000000000002,20.96765605384552,N5
