EMITTER_COEFFICIENT_SOLUTION,PRESSURE_OUTPUT,OUTPUT_DEMAND,FITNESS,NODE
0.13329026769700925,24.016863509938332,13.000000000000002,147.42741166763588,N5
