EMITTER_COEFFICIENT_SOLUTION,PRESSURE_OUTPUT,OUTPUT_DEMAND,FITNESS,NODE
0.960205545620093,23.974358473125434,13.000000000000002,20.28889935597372,N5
