EMITTER_COEFFICIENT_SOLUTION,PRESSURE_OUTPUT,OUTPUT_DEMAND,FITNESS,NODE
0.9219750402873382,23.976339804915867,13.000000000000002,21.13865293818464,N5
