EMITTER_COEFFICIENT_SOLUTION,PRESSURE_OUTPUT,OUTPUT_DEMAND,FITNESS,NODE
0.7986897105515557,23.982718540588934,13.000000000000002,24.433169736856698,N5
