EMITTER_COEFFICIENT_SOLUTION,PRESSURE_OUTPUT,OUTPUT_DEMAND,FITNESS,NODE
0.13136351734518115,24.016961683937545,13.000000000000002,149.59254514359455,N5
