EMITTER_COEFFICIENT_SOLUTION,PRESSURE_OUTPUT,OUTPUT_DEMAND,FITNESS,NODE
0.29929779196069506,24.008389712520874,13.000000000000002,65.54455905259864,N5
