EMITTER_COEFFICIENT_SOLUTION,PRESSURE_OUTPUT,OUTPUT_DEMAND,FITNESS,NODE
0.7388490546384446,23.9858088049491,13.000000000000002,26.428664851321642,N5
