EMITTER_COEFFICIENT_SOLUTION,PRESSURE_OUTPUT,OUTPUT_DEMAND,FITNESS,NODE
0.9007722043115677,23.977437988903084,13.000000000000002,21.64103064044281,N5
