EMITTER_COEFFICIENT_SOLUTION,PRESSURE_OUTPUT,OUTPUT_DEMAND,FITNESS,NODE
0.26547782606839465,24.010118471456025,13.000000000000002,73.92055161328116,N5
