EMITTER_COEFFICIENT_SOLUTION,PRESSURE_OUTPUT,OUTPUT_DEMAND,FITNESS,NODE
0.07191788220813133,24.019988635269698,13.000000000000002,273.3828624139351,N5
