EMITTER_COEFFICIENT_SOLUTION,PRESSURE_OUTPUT,OUTPUT_DEMAND,FITNESS,NODE
0.8092262026885645,23.765622991885394,1.2,1.2155834260518246,N12
