EMITTER_COEFFICIENT_SOLUTION,PRESSURE_OUTPUT,OUTPUT_DEMAND,FITNESS,NODE
0.4074857243975999,24.194836953707448,1.2,2.541707640022269,N12
