EMITTER_COEFFICIENT_SOLUTION,PRESSURE_OUTPUT,OUTPUT_DEMAND,FITNESS,NODE
0.7632051452338301,23.816710482766602,1.2,1.296070861556039,N12
