EMITTER_COEFFICIENT_SOLUTION,PRESSURE_OUTPUT,OUTPUT_DEMAND,FITNESS,NODE
0.8740541348783787,23.692858670138136,1.2,1.1168011333870342,N12
