EMITTER_COEFFICIENT_SOLUTION,PRESSURE_OUTPUT,OUTPUT_DEMAND,FITNESS,NODE
0.11429831574262084,24.48247901382208,1.2,9.452312199948933,N12
