EMITTER_COEFFICIENT_SOLUTION,PRESSURE_OUTPUT,OUTPUT_DEMAND,FITNESS,NODE
0.8211156081153274,23.752347619346082,1.2,1.196278690622472,N12
