EMITTER_COEFFICIENT_SOLUTION,PRESSURE_OUTPUT,OUTPUT_DEMAND,FITNESS,NODE
0.06703092322427706,24.526674873900472,1.2,16.23419836295421,N12
