EMITTER_COEFFICIENT_SOLUTION,PRESSURE_OUTPUT,OUTPUT_DEMAND,FITNESS,NODE
0.2776745453298556,24.325003794806094,1.2,3.798389977534168,N12
