EMITTER_COEFFICIENT_SOLUTION,PRESSURE_OUTPUT,OUTPUT_DEMAND,FITNESS,NODE
0.17811204903809064,24.421831408340825,1.2,6.008105203208564,N12
