EMITTER_COEFFICIENT_SOLUTION,PRESSURE_OUTPUT,OUTPUT_DEMAND,FITNESS,NODE
0.5803824361868045,24.014848098462263,1.2,1.7439068113163565,N12
