EMITTER_COEFFICIENT_SOLUTION,PRESSURE_OUTPUT,OUTPUT_DEMAND,FITNESS,NODE
0.649110377178815,23.941280853798194,1.2,1.5456132564850293,N12
