EMITTER_COEFFICIENT_SOLUTION,PRESSURE_OUTPUT,OUTPUT_DEMAND,FITNESS,NODE
0.4963510406362003,24.103249804528225,1.2,2.0617560695335873,N12
