EMITTER_COEFFICIENT_SOLUTION,PRESSURE_OUTPUT,OUTPUT_DEMAND,FITNESS,NODE
0.459693701825323,24.141269338109794,1.2,2.2371169664017367,N12
