EMITTER_COEFFICIENT_SOLUTION,PRESSURE_OUTPUT,OUTPUT_DEMAND,FITNESS,NODE
0.4424554018838044,24.159032453831603,1.2,2.329694767427405,N12
