EMITTER_COEFFICIENT_SOLUTION,PRESSURE_OUTPUT,OUTPUT_DEMAND,FITNESS,NODE
0.5663108871850487,24.029771114883747,1.2,1.7905035010737502,N12
