EMITTER_COEFFICIENT_SOLUTION,PRESSURE_OUTPUT,OUTPUT_DEMAND,FITNESS,NODE
0.1608314604271993,24.438364859150308,1.2,6.670741375469637,N12
