EMITTER_COEFFICIENT_SOLUTION,PRESSURE_OUTPUT,OUTPUT_DEMAND,FITNESS,NODE
0.12216986094662963,24.475058612155046,1.2,8.832781330733981,N12
