EMITTER_COEFFICIENT_SOLUTION,PRESSURE_OUTPUT,OUTPUT_DEMAND,FITNESS,NODE
0.24677700816960713,24.355336490226524,1.2,4.293010981971773,N12
