EMITTER_COEFFICIENT_SOLUTION,PRESSURE_OUTPUT,OUTPUT_DEMAND,FITNESS,NODE
0.8439144468464864,23.726803374578367,1.2,1.1608067175264634,N12
