EMITTER_COEFFICIENT_SOLUTION,PRESSURE_OUTPUT,OUTPUT_DEMAND,FITNESS,NODE
0.6598308336965367,23.92970470455673,1.2,1.5184448618211688,N12
