EMITTER_COEFFICIENT_SOLUTION,PRESSURE_OUTPUT,OUTPUT_DEMAND,FITNESS,NODE
0.8257688088679133,23.747143432722222,1.2,1.188877148614117,N12
