EMITTER_COEFFICIENT_SOLUTION,PRESSURE_OUTPUT,OUTPUT_DEMAND,FITNESS,NODE
0.18559573664824114,24.414646050105013,1.2,5.759466786203006,N12
