EMITTER_COEFFICIENT_SOLUTION,PRESSURE_OUTPUT,OUTPUT_DEMAND,FITNESS,NODE
0.8813846796445614,23.68457264798232,1.2,1.1065611943231743,N12
