EMITTER_COEFFICIENT_SOLUTION,PRESSURE_OUTPUT,OUTPUT_DEMAND,FITNESS,NODE
0.35738809583470854,24.24558842217412,1.2,2.918133412673219,N12
