EMITTER_COEFFICIENT_SOLUTION,PRESSURE_OUTPUT,OUTPUT_DEMAND,FITNESS,NODE
0.819158798475989,23.754534699123038,1.2,1.1994167930631967,N12
