EMITTER_COEFFICIENT_SOLUTION,PRESSURE_OUTPUT,OUTPUT_DEMAND,FITNESS,NODE
0.7625741726991447,23.817407601816704,1.2,1.297242940904128,N12
