EMITTER_COEFFICIENT_SOLUTION,PRESSURE_OUTPUT,OUTPUT_DEMAND,FITNESS,NODE
0.989763404524656,23.560720078133485,1.2,0.9731856635272582,N12
