EMITTER_COEFFICIENT_SOLUTION,PRESSURE_OUTPUT,OUTPUT_DEMAND,FITNESS,NODE
0.6451401968151914,23.94556107201606,1.2,1.5559064521134731,N12
