EMITTER_COEFFICIENT_SOLUTION,PRESSURE_OUTPUT,OUTPUT_DEMAND,FITNESS,NODE
0.8369587316539612,23.73460887050691,1.2,1.1714205752588382,N12
