EMITTER_COEFFICIENT_SOLUTION,PRESSURE_OUTPUT,OUTPUT_DEMAND,FITNESS,NODE
0.8406819950137298,23.730432063026196,1.2,1.1657169574025323,N12
