EMITTER_COEFFICIENT_SOLUTION,PRESSURE_OUTPUT,OUTPUT_DEMAND,FITNESS,NODE
0.41525934098357575,24.186904494217913,1.2,2.491474547904988,N12
