EMITTER_COEFFICIENT_SOLUTION,PRESSURE_OUTPUT,OUTPUT_DEMAND,FITNESS,NODE
0.19411091207959108,24.406451834624754,1.2,5.499902664450792,N12
