EMITTER_COEFFICIENT_SOLUTION,PRESSURE_OUTPUT,OUTPUT_DEMAND,FITNESS,NODE
0.7584469756745372,23.82196523822097,1.2,1.3049583264718532,N12
