EMITTER_COEFFICIENT_SOLUTION,PRESSURE_OUTPUT,OUTPUT_DEMAND,FITNESS,NODE
0.811164893779842,23.763460452004672,1.2,1.2123963420323796,N12
