EMITTER_COEFFICIENT_SOLUTION,PRESSURE_OUTPUT,OUTPUT_DEMAND,FITNESS,NODE
0.39766982004923024,24.204831497905687,1.2,2.607958146794026,N12
