EMITTER_COEFFICIENT_SOLUTION,PRESSURE_OUTPUT,OUTPUT_DEMAND,FITNESS,NODE
0.5420743981213775,24.055361829483132,1.2,1.8764845172037756,N12
