EMITTER_COEFFICIENT_SOLUTION,PRESSURE_OUTPUT,OUTPUT_DEMAND,FITNESS,NODE
0.07835046741604634,24.516147728715783,1.2,13.864720853339994,N12
