EMITTER_COEFFICIENT_SOLUTION,PRESSURE_OUTPUT,OUTPUT_DEMAND,FITNESS,NODE
0.8122964747821161,23.762197827120957,1.2,1.2105432402728433,N12
