EMITTER_COEFFICIENT_SOLUTION,PRESSURE_OUTPUT,OUTPUT_DEMAND,FITNESS,NODE
0.2560918050803752,24.346218672786744,1.2,4.1312999604095095,N12
