EMITTER_COEFFICIENT_SOLUTION,PRESSURE_OUTPUT,OUTPUT_DEMAND,FITNESS,NODE
0.31816696290407254,24.28487013372365,1.2,3.2959452240825335,N12
