EMITTER_COEFFICIENT_SOLUTION,PRESSURE_OUTPUT,OUTPUT_DEMAND,FITNESS,NODE
0.9160923673444973,23.645182943286972,1.2,1.0603438606367672,N12
