EMITTER_COEFFICIENT_SOLUTION,PRESSURE_OUTPUT,OUTPUT_DEMAND,FITNESS,NODE
0.009522158431734096,24.579599502460564,1.2,115.29063032853956,N12
