EMITTER_COEFFICIENT_SOLUTION,PRESSURE_OUTPUT,OUTPUT_DEMAND,FITNESS,NODE
0.13135650757723927,24.466376820492943,1.2,8.203686798944727,N12
