EMITTER_COEFFICIENT_SOLUTION,PRESSURE_OUTPUT,OUTPUT_DEMAND,FITNESS,NODE
0.32728075111569754,24.275777905283704,1.2,3.200047832571268,N12
