EMITTER_COEFFICIENT_SOLUTION,PRESSURE_OUTPUT,OUTPUT_DEMAND,FITNESS,NODE
0.011032703706074343,24.57822137430685,1.2,99.48407660205433,N12
