EMITTER_COEFFICIENT_SOLUTION,PRESSURE_OUTPUT,OUTPUT_DEMAND,FITNESS,NODE
0.49252993138680823,24.10722850187876,1.2,2.0788087527043486,N12
