EMITTER_COEFFICIENT_SOLUTION,PRESSURE_OUTPUT,OUTPUT_DEMAND,FITNESS,NODE
0.8854849406048354,23.679932852562455,1.2,1.1009088885741514,N12
