EMITTER_COEFFICIENT_SOLUTION,PRESSURE_OUTPUT,OUTPUT_DEMAND,FITNESS,NODE
0.7330592449168317,23.84991553220463,1.2,1.3543571053598487,N12
