EMITTER_COEFFICIENT_SOLUTION,PRESSURE_OUTPUT,OUTPUT_DEMAND,FITNESS,NODE
0.29503646867308386,24.307848439096848,1.2,3.566018474286259,N12
