EMITTER_COEFFICIENT_SOLUTION,PRESSURE_OUTPUT,OUTPUT_DEMAND,FITNESS,NODE
0.9984870780446532,23.550642715445747,1.2,0.9637341827577758,N12
