EMITTER_COEFFICIENT_SOLUTION,PRESSURE_OUTPUT,OUTPUT_DEMAND,FITNESS,NODE
0.21766592291182596,24.38368255032059,1.2,4.887808090860711,N12
