EMITTER_COEFFICIENT_SOLUTION,PRESSURE_OUTPUT,OUTPUT_DEMAND,FITNESS,NODE
0.519806303417938,24.078748326905735,1.2,1.9626125939602916,N12
