EMITTER_COEFFICIENT_SOLUTION,PRESSURE_OUTPUT,OUTPUT_DEMAND,FITNESS,NODE
0.4859256408539693,24.11409664312854,1.2,2.1089189530254315,N12
