EMITTER_COEFFICIENT_SOLUTION,PRESSURE_OUTPUT,OUTPUT_DEMAND,FITNESS,NODE
0.9239044802115927,23.636281193497155,1.2,1.050428950285679,N12
