EMITTER_COEFFICIENT_SOLUTION,PRESSURE_OUTPUT,OUTPUT_DEMAND,FITNESS,NODE
0.8955988965614469,23.668472448460214,1.2,1.0871919392756069,N12
