EMITTER_COEFFICIENT_SOLUTION,PRESSURE_OUTPUT,OUTPUT_DEMAND,FITNESS,NODE
0.15923990269136834,24.43988350487584,1.2,6.739010877151842,N12
