EMITTER_COEFFICIENT_SOLUTION,PRESSURE_OUTPUT,OUTPUT_DEMAND,FITNESS,NODE
0.5325096548089187,24.065421946674636,1.2,1.9125897245569328,N12
