EMITTER_COEFFICIENT_SOLUTION,PRESSURE_OUTPUT,OUTPUT_DEMAND,FITNESS,NODE
0.779140615716497,23.799074606137776,1.2,1.2671081327780793,N12
