EMITTER_COEFFICIENT_SOLUTION,PRESSURE_OUTPUT,OUTPUT_DEMAND,FITNESS,NODE
0.06480834224956367,24.52873764456304,1.2,16.796675837610714,N12
