EMITTER_COEFFICIENT_SOLUTION,PRESSURE_OUTPUT,OUTPUT_DEMAND,FITNESS,NODE
0.34908220019209846,24.25394042242994,1.2,2.9910315852451714,N12
