EMITTER_COEFFICIENT_SOLUTION,PRESSURE_OUTPUT,OUTPUT_DEMAND,FITNESS,NODE
0.21854827654106657,24.38282672374862,1.2,4.867446995247229,N12
