EMITTER_COEFFICIENT_SOLUTION,PRESSURE_OUTPUT,OUTPUT_DEMAND,FITNESS,NODE
0.16399497473251234,24.435344214752003,1.2,6.538981310306344,N12
