EMITTER_COEFFICIENT_SOLUTION,PRESSURE_OUTPUT,OUTPUT_DEMAND,FITNESS,NODE
0.046427466604770706,24.54574357553712,1.2,23.51300319226502,N12
