EMITTER_COEFFICIENT_SOLUTION,PRESSURE_OUTPUT,OUTPUT_DEMAND,FITNESS,NODE
0.28182577581369606,24.32090918328246,1.2,3.740218614107934,N12
