EMITTER_COEFFICIENT_SOLUTION,PRESSURE_OUTPUT,OUTPUT_DEMAND,FITNESS,NODE
0.48085183300813894,24.119365812949145,1.2,2.132617132234547,N12
