EMITTER_COEFFICIENT_SOLUTION,PRESSURE_OUTPUT,OUTPUT_DEMAND,FITNESS,NODE
0.6404012542923104,23.950665223977005,1.2,1.568361726892372,N12
