EMITTER_COEFFICIENT_SOLUTION,PRESSURE_OUTPUT,OUTPUT_DEMAND,FITNESS,NODE
0.3754680358039707,24.22734695592007,1.2,2.7706489113362966,N12
