EMITTER_COEFFICIENT_SOLUTION,PRESSURE_OUTPUT,OUTPUT_DEMAND,FITNESS,NODE
0.1156471325516758,24.481208719989592,1.2,9.340162866638613,N12
