EMITTER_COEFFICIENT_SOLUTION,PRESSURE_OUTPUT,OUTPUT_DEMAND,FITNESS,NODE
0.03576794688813123,24.555562282638306,1.2,30.570801280178337,N12
