EMITTER_COEFFICIENT_SOLUTION,PRESSURE_OUTPUT,OUTPUT_DEMAND,FITNESS,NODE
0.4387313635346294,24.162860074402758,1.2,2.3506560080728125,N12
