EMITTER_COEFFICIENT_SOLUTION,PRESSURE_OUTPUT,OUTPUT_DEMAND,FITNESS,NODE
0.45138664934688666,24.149838593906512,1.2,2.280841676473159,N12
