EMITTER_COEFFICIENT_SOLUTION,PRESSURE_OUTPUT,OUTPUT_DEMAND,FITNESS,NODE
0.6213725480540356,23.971106945423237,1.2,1.6203088505944823,N12
