EMITTER_COEFFICIENT_SOLUTION,PRESSURE_OUTPUT,OUTPUT_DEMAND,FITNESS,NODE
0.7115230001468974,23.873510004739412,1.2,1.3990646955203518,N12
