EMITTER_COEFFICIENT_SOLUTION,PRESSURE_OUTPUT,OUTPUT_DEMAND,FITNESS,NODE
0.36356396853078776,24.239366731052705,1.2,2.866097338307304,N12
