EMITTER_COEFFICIENT_SOLUTION,PRESSURE_OUTPUT,OUTPUT_DEMAND,FITNESS,NODE
0.6499874835823033,23.940334752365754,1.2,1.5433563957537293,N12
