EMITTER_COEFFICIENT_SOLUTION,PRESSURE_OUTPUT,OUTPUT_DEMAND,FITNESS,NODE
0.18935398875041576,24.411031880257696,1.2,5.642024153702985,N12
