EMITTER_COEFFICIENT_SOLUTION,PRESSURE_OUTPUT,OUTPUT_DEMAND,FITNESS,NODE
0.28918187502682946,24.31364225015865,1.2,3.641249742727199,N12
