EMITTER_COEFFICIENT_SOLUTION,PRESSURE_OUTPUT,OUTPUT_DEMAND,FITNESS,NODE
0.30879211506748583,24.294200183400637,1.2,3.400515610893937,N12
