EMITTER_COEFFICIENT_SOLUTION,PRESSURE_OUTPUT,OUTPUT_DEMAND,FITNESS,NODE
0.9168769590298919,23.644289508076916,1.2,1.0593402961539913,N12
