EMITTER_COEFFICIENT_SOLUTION,PRESSURE_OUTPUT,OUTPUT_DEMAND,FITNESS,NODE
0.21507385735256623,24.386195476959088,1.2,4.948590154769445,N12
