EMITTER_COEFFICIENT_SOLUTION,PRESSURE_OUTPUT,OUTPUT_DEMAND,FITNESS,NODE
0.01792764030279581,24.57192284638116,1.2,61.16062877749137,N12
