EMITTER_COEFFICIENT_SOLUTION,PRESSURE_OUTPUT,OUTPUT_DEMAND,FITNESS,NODE
0.2512133377717011,24.350996856694675,1.2,4.214494550603758,N12
