EMITTER_COEFFICIENT_SOLUTION,PRESSURE_OUTPUT,OUTPUT_DEMAND,FITNESS,NODE
0.5845207924845467,24.010450255379745,1.2,1.7306338388182563,N12
