EMITTER_COEFFICIENT_SOLUTION,PRESSURE_OUTPUT,OUTPUT_DEMAND,FITNESS,NODE
0.7915918285784961,23.785254945473028,1.2,1.2453016500786527,N12
