EMITTER_COEFFICIENT_SOLUTION,PRESSURE_OUTPUT,OUTPUT_DEMAND,FITNESS,NODE
0.9093205028831656,23.652888743088536,1.2,1.0690790893993691,N12
