EMITTER_COEFFICIENT_SOLUTION,PRESSURE_OUTPUT,OUTPUT_DEMAND,FITNESS,NODE
0.0452603402821522,24.546820179421516,1.2,24.12367448545317,N12
