EMITTER_COEFFICIENT_SOLUTION,PRESSURE_OUTPUT,OUTPUT_DEMAND,FITNESS,NODE
0.09900468175213428,24.49684699719966,1.2,10.937779271749728,N12
