EMITTER_COEFFICIENT_SOLUTION,PRESSURE_OUTPUT,OUTPUT_DEMAND,FITNESS,NODE
0.5753514384513548,24.020189004009637,1.2,1.7603023404784262,N12
