EMITTER_COEFFICIENT_SOLUTION,PRESSURE_OUTPUT,OUTPUT_DEMAND,FITNESS,NODE
0.353699543604839,24.249299648113883,1.2,2.9500823693507034,N12
