EMITTER_COEFFICIENT_SOLUTION,PRESSURE_OUTPUT,OUTPUT_DEMAND,FITNESS,NODE
0.9173568260512862,23.64374300570314,1.2,1.0587273650174156,N12
