EMITTER_COEFFICIENT_SOLUTION,PRESSURE_OUTPUT,OUTPUT_DEMAND,FITNESS,NODE
0.5730009435420481,24.02268219861418,1.2,1.7680619689404815,N12
