EMITTER_COEFFICIENT_SOLUTION,PRESSURE_OUTPUT,OUTPUT_DEMAND,FITNESS,NODE
0.10798741103800802,24.488415820634636,1.2,10.014279002985484,N12
