EMITTER_COEFFICIENT_SOLUTION,PRESSURE_OUTPUT,OUTPUT_DEMAND,FITNESS,NODE
0.07516954634131923,24.519109605832107,1.2,14.45846644457646,N12
