EMITTER_COEFFICIENT_SOLUTION,PRESSURE_OUTPUT,OUTPUT_DEMAND,FITNESS,NODE
0.13479395809522232,24.463122289587773,1.2,7.990351196042324,N12
