EMITTER_COEFFICIENT_SOLUTION,PRESSURE_OUTPUT,OUTPUT_DEMAND,FITNESS,NODE
0.020318272244202018,24.569735752693674,1.2,53.94476048127898,N12
