EMITTER_COEFFICIENT_SOLUTION,PRESSURE_OUTPUT,OUTPUT_DEMAND,FITNESS,NODE
0.9643148843129131,23.59002639189635,1.2,1.0017562366521604,N12
