EMITTER_COEFFICIENT_SOLUTION,PRESSURE_OUTPUT,OUTPUT_DEMAND,FITNESS,NODE
0.8968941645982779,23.667003143700914,1.2,1.085458010966072,N12
