EMITTER_COEFFICIENT_SOLUTION,PRESSURE_OUTPUT,OUTPUT_DEMAND,FITNESS,NODE
0.9389129069302603,23.619142727680593,1.2,1.0318527724272606,N12
