EMITTER_COEFFICIENT_SOLUTION,PRESSURE_OUTPUT,OUTPUT_DEMAND,FITNESS,NODE
0.4828927449011521,24.117247085706353,1.2,2.1230243866281273,N12
