EMITTER_COEFFICIENT_SOLUTION,PRESSURE_OUTPUT,OUTPUT_DEMAND,FITNESS,NODE
0.9420710711159527,23.615530226133323,1.2,1.0280207533780141,N12
