EMITTER_COEFFICIENT_SOLUTION,PRESSURE_OUTPUT,OUTPUT_DEMAND,FITNESS,NODE
0.6972873856798262,23.889047717545193,1.2,1.4301537575150818,N12
