EMITTER_COEFFICIENT_SOLUTION,PRESSURE_OUTPUT,OUTPUT_DEMAND,FITNESS,NODE
0.40245509369356014,24.199962199195724,1.2,2.5752551687816942,N12
