EMITTER_COEFFICIENT_SOLUTION,PRESSURE_OUTPUT,OUTPUT_DEMAND,FITNESS,NODE
0.7669598715186644,24.827546551543954,12.6,23.35536216371528,N2
