EMITTER_COEFFICIENT_SOLUTION,PRESSURE_OUTPUT,OUTPUT_DEMAND,FITNESS,NODE
0.15071839675089194,24.861996004124023,12.6,119.51333229712682,N2
