EMITTER_COEFFICIENT_SOLUTION,PRESSURE_OUTPUT,OUTPUT_DEMAND,FITNESS,NODE
0.0031578011699607833,24.87018719557561,12.6,5679.369874040107,N2
