EMITTER_COEFFICIENT_SOLUTION,PRESSURE_OUTPUT,OUTPUT_DEMAND,FITNESS,NODE
0.5431093252841978,24.840105222388274,12.6,33.04905739482252,N2
