EMITTER_COEFFICIENT_SOLUTION,PRESSURE_OUTPUT,OUTPUT_DEMAND,FITNESS,NODE
0.40026496487284235,24.848092511752398,12.6,44.90192583051186,N2
