EMITTER_COEFFICIENT_SOLUTION,PRESSURE_OUTPUT,OUTPUT_DEMAND,FITNESS,NODE
0.26504965148177695,24.855633973118643,12.6,67.89189666075076,N2
