EMITTER_COEFFICIENT_SOLUTION,PRESSURE_OUTPUT,OUTPUT_DEMAND,FITNESS,NODE
0.0016120775802442866,24.87027291060891,12.6,11066.741081676655,N2
