EMITTER_COEFFICIENT_SOLUTION,PRESSURE_OUTPUT,OUTPUT_DEMAND,FITNESS,NODE
0.15244288606869827,24.86190014379028,12.6,118.1596261514304,N2
