EMITTER_COEFFICIENT_SOLUTION,PRESSURE_OUTPUT,OUTPUT_DEMAND,FITNESS,NODE
0.8306684232790092,24.823963010829267,12.6,21.551603087677314,N2
