EMITTER_COEFFICIENT_SOLUTION,PRESSURE_OUTPUT,OUTPUT_DEMAND,FITNESS,NODE
0.6730955499631269,24.83281881950075,12.6,26.635093819704664,N2
