EMITTER_COEFFICIENT_SOLUTION,PRESSURE_OUTPUT,OUTPUT_DEMAND,FITNESS,NODE
0.31281680795175626,24.85297196281897,12.6,57.49998584829579,N2
