EMITTER_COEFFICIENT_SOLUTION,PRESSURE_OUTPUT,OUTPUT_DEMAND,FITNESS,NODE
0.08265681416776205,24.865776941277623,12.6,218.03925209276707,N2
