EMITTER_COEFFICIENT_SOLUTION,PRESSURE_OUTPUT,OUTPUT_DEMAND,FITNESS,NODE
0.6764714247470524,24.832629355065464,12.6,26.501357290521245,N2
