EMITTER_COEFFICIENT_SOLUTION,PRESSURE_OUTPUT,OUTPUT_DEMAND,FITNESS,NODE
0.9308667116799217,24.818318645199845,12.6,19.214279592468568,N2
