EMITTER_COEFFICIENT_SOLUTION,PRESSURE_OUTPUT,OUTPUT_DEMAND,FITNESS,NODE
0.8182362799259629,24.824662629181937,12.6,21.881530552637397,N2
