EMITTER_COEFFICIENT_SOLUTION,PRESSURE_OUTPUT,OUTPUT_DEMAND,FITNESS,NODE
0.28369720088621386,24.85459504470306,12.6,63.41867200628264,N2
