EMITTER_COEFFICIENT_SOLUTION,PRESSURE_OUTPUT,OUTPUT_DEMAND,FITNESS,NODE
0.36056531288270965,24.85030865267848,12.6,49.86382496412149,N2
