EMITTER_COEFFICIENT_SOLUTION,PRESSURE_OUTPUT,OUTPUT_DEMAND,FITNESS,NODE
0.1564276742354832,24.861678627007493,12.6,115.1457618047156,N2
