EMITTER_COEFFICIENT_SOLUTION,PRESSURE_OUTPUT,OUTPUT_DEMAND,FITNESS,NODE
0.9514960600799532,24.817155293613347,12.6,18.794174120368627,N2
