EMITTER_COEFFICIENT_SOLUTION,PRESSURE_OUTPUT,OUTPUT_DEMAND,FITNESS,NODE
0.40999202604485563,24.847549275010813,12.6,43.83274113298665,N2
