EMITTER_COEFFICIENT_SOLUTION,PRESSURE_OUTPUT,OUTPUT_DEMAND,FITNESS,NODE
0.3205702305424113,24.852539652364946,12.6,56.10532829452639,N2
