EMITTER_COEFFICIENT_SOLUTION,PRESSURE_OUTPUT,OUTPUT_DEMAND,FITNESS,NODE
0.7926340653552993,24.826102899403722,12.6,22.59357420268098,N2
