EMITTER_COEFFICIENT_SOLUTION,PRESSURE_OUTPUT,OUTPUT_DEMAND,FITNESS,NODE
0.38264418767988706,24.849076349953336,12.6,46.977201484659474,N2
