EMITTER_COEFFICIENT_SOLUTION,PRESSURE_OUTPUT,OUTPUT_DEMAND,FITNESS,NODE
0.04197085061842165,24.868034834291677,12.6,429.472617578441,N2
