EMITTER_COEFFICIENT_SOLUTION,PRESSURE_OUTPUT,OUTPUT_DEMAND,FITNESS,NODE
0.8472661487807615,24.823028730510742,12.6,21.126221575589675,N2
