EMITTER_COEFFICIENT_SOLUTION,PRESSURE_OUTPUT,OUTPUT_DEMAND,FITNESS,NODE
0.29204800973272926,24.854129672521346,12.6,61.60063486688823,N2
