EMITTER_COEFFICIENT_SOLUTION,PRESSURE_OUTPUT,OUTPUT_DEMAND,FITNESS,NODE
0.7347747117436044,24.82935536872303,12.6,24.385543604339556,N2
