EMITTER_COEFFICIENT_SOLUTION,PRESSURE_OUTPUT,OUTPUT_DEMAND,FITNESS,NODE
0.8220890684602057,24.824445830409147,12.6,21.77821710869652,N2
