EMITTER_COEFFICIENT_SOLUTION,PRESSURE_OUTPUT,OUTPUT_DEMAND,FITNESS,NODE
0.42747631500887173,24.846572569314688,12.6,42.033227705298906,N2
