EMITTER_COEFFICIENT_SOLUTION,PRESSURE_OUTPUT,OUTPUT_DEMAND,FITNESS,NODE
0.8777321357371296,24.821313084719655,12.6,20.38728222497826,N2
