EMITTER_COEFFICIENT_SOLUTION,PRESSURE_OUTPUT,OUTPUT_DEMAND,FITNESS,NODE
0.8812485585198301,24.821115002251076,12.6,20.30528212108297,N2
