EMITTER_COEFFICIENT_SOLUTION,PRESSURE_OUTPUT,OUTPUT_DEMAND,FITNESS,NODE
0.22091042010215312,24.858091720088943,12.6,81.4892893991348,N2
