EMITTER_COEFFICIENT_SOLUTION,PRESSURE_OUTPUT,OUTPUT_DEMAND,FITNESS,NODE
0.6513558302351062,24.834038641546698,12.6,27.529530314342942,N2
