EMITTER_COEFFICIENT_SOLUTION,PRESSURE_OUTPUT,OUTPUT_DEMAND,FITNESS,NODE
0.5876330164224165,24.837611376207477,12.6,30.53258422708446,N2
