EMITTER_COEFFICIENT_SOLUTION,PRESSURE_OUTPUT,OUTPUT_DEMAND,FITNESS,NODE
0.16293756386726488,24.861316703131855,12.6,110.53915309703609,N2
