EMITTER_COEFFICIENT_SOLUTION,PRESSURE_OUTPUT,OUTPUT_DEMAND,FITNESS,NODE
0.7451584002285193,24.828771916692176,12.6,24.04345821127562,N2
