EMITTER_COEFFICIENT_SOLUTION,PRESSURE_OUTPUT,OUTPUT_DEMAND,FITNESS,NODE
0.7062169591339246,24.830959443820305,12.6,25.378245216978893,N2
