EMITTER_COEFFICIENT_SOLUTION,PRESSURE_OUTPUT,OUTPUT_DEMAND,FITNESS,NODE
0.8606040116373238,24.82227774462384,12.6,20.796278341211305,N2
