EMITTER_COEFFICIENT_SOLUTION,PRESSURE_OUTPUT,OUTPUT_DEMAND,FITNESS,NODE
0.9331275635274882,24.818191169875618,12.6,19.16733215414304,N2
