EMITTER_COEFFICIENT_SOLUTION,PRESSURE_OUTPUT,OUTPUT_DEMAND,FITNESS,NODE
0.9636762707453966,24.816468212760398,12.6,18.55457669715858,N2
