EMITTER_COEFFICIENT_SOLUTION,PRESSURE_OUTPUT,OUTPUT_DEMAND,FITNESS,NODE
0.5193889285837415,24.841433015890367,12.6,34.56588891997408,N2
