EMITTER_COEFFICIENT_SOLUTION,PRESSURE_OUTPUT,OUTPUT_DEMAND,FITNESS,NODE
0.42927211830052825,24.846472234609976,12.6,41.856701608141805,N2
