EMITTER_COEFFICIENT_SOLUTION,PRESSURE_OUTPUT,OUTPUT_DEMAND,FITNESS,NODE
0.861689882011576,24.822216596967657,12.6,20.769866471821736,N2
