EMITTER_COEFFICIENT_SOLUTION,PRESSURE_OUTPUT,OUTPUT_DEMAND,FITNESS,NODE
0.9435513136299521,24.81760337288167,12.6,18.953789282974856,N2
