EMITTER_COEFFICIENT_SOLUTION,PRESSURE_OUTPUT,OUTPUT_DEMAND,FITNESS,NODE
0.9086291569132193,24.819572206855376,12.6,19.688502456852177,N2
