EMITTER_COEFFICIENT_SOLUTION,PRESSURE_OUTPUT,OUTPUT_DEMAND,FITNESS,NODE
0.9792575724160187,24.81558905937495,12.6,18.256766499590164,N2
