EMITTER_COEFFICIENT_SOLUTION,PRESSURE_OUTPUT,OUTPUT_DEMAND,FITNESS,NODE
0.1075866030741518,24.864392603152183,12.6,167.48543891707575,N2
