EMITTER_COEFFICIENT_SOLUTION,PRESSURE_OUTPUT,OUTPUT_DEMAND,FITNESS,NODE
0.10236352804876281,24.864682690847793,12.6,176.0383437081486,N2
