EMITTER_COEFFICIENT_SOLUTION,PRESSURE_OUTPUT,OUTPUT_DEMAND,FITNESS,NODE
0.5269269808838338,24.841011121570297,12.6,34.069054709712965,N2
