EMITTER_COEFFICIENT_SOLUTION,PRESSURE_OUTPUT,OUTPUT_DEMAND,FITNESS,NODE
0.6129787810107051,24.836190815323675,12.6,29.263334083702247,N2
