EMITTER_COEFFICIENT_SOLUTION,PRESSURE_OUTPUT,OUTPUT_DEMAND,FITNESS,NODE
0.6942475646188734,24.831631512518456,12.6,25.818605394159572,N2
