EMITTER_COEFFICIENT_SOLUTION,PRESSURE_OUTPUT,OUTPUT_DEMAND,FITNESS,NODE
0.2129699756679332,24.858533644923945,12.6,84.53352251179344,N2
