EMITTER_COEFFICIENT_SOLUTION,PRESSURE_OUTPUT,OUTPUT_DEMAND,FITNESS,NODE
0.08392240108733351,24.865706679343738,12.6,214.7493226390102,N2
