EMITTER_COEFFICIENT_SOLUTION,PRESSURE_OUTPUT,OUTPUT_DEMAND,FITNESS,NODE
0.029182672859390135,24.86874416921023,12.6,617.6262234946452,N2
