EMITTER_COEFFICIENT_SOLUTION,PRESSURE_OUTPUT,OUTPUT_DEMAND,FITNESS,NODE
0.19901669809802247,24.85931005645009,12.6,90.47141490253948,N2
