EMITTER_COEFFICIENT_SOLUTION,PRESSURE_OUTPUT,OUTPUT_DEMAND,FITNESS,NODE
0.7825096387912808,24.82667227266775,12.6,22.888009611558097,N2
