EMITTER_COEFFICIENT_SOLUTION,PRESSURE_OUTPUT,OUTPUT_DEMAND,FITNESS,NODE
0.1484895995019192,24.86211989322051,12.6,121.30948896364296,N2
