EMITTER_COEFFICIENT_SOLUTION,PRESSURE_OUTPUT,OUTPUT_DEMAND,FITNESS,NODE
0.47074781233635543,24.844153996650157,12.6,38.154432266747826,N2
