EMITTER_COEFFICIENT_SOLUTION,PRESSURE_OUTPUT,OUTPUT_DEMAND,FITNESS,NODE
0.4041110421895314,24.847877727669243,12.6,44.47301830367126,N2
