EMITTER_COEFFICIENT_SOLUTION,PRESSURE_OUTPUT,OUTPUT_DEMAND,FITNESS,NODE
0.4674410182853995,24.84433889075087,12.6,38.425506131079345,N2
