EMITTER_COEFFICIENT_SOLUTION,PRESSURE_OUTPUT,OUTPUT_DEMAND,FITNESS,NODE
0.44433295065867007,24.845630629449722,12.6,40.432396996108416,N2
