EMITTER_COEFFICIENT_SOLUTION,PRESSURE_OUTPUT,OUTPUT_DEMAND,FITNESS,NODE
0.9599582108112185,24.816677962930257,12.6,18.627070005316867,N2
