EMITTER_COEFFICIENT_SOLUTION,PRESSURE_OUTPUT,OUTPUT_DEMAND,FITNESS,NODE
0.36961343999462526,24.849803704011876,12.6,48.6391556218954,N2
