EMITTER_COEFFICIENT_SOLUTION,PRESSURE_OUTPUT,OUTPUT_DEMAND,FITNESS,NODE
0.6028383110096919,24.836759239500147,12.6,29.75833380884222,N2
