EMITTER_COEFFICIENT_SOLUTION,PRESSURE_OUTPUT,OUTPUT_DEMAND,FITNESS,NODE
0.6014489055952997,24.836837114480744,12.6,29.82745684224869,N2
