EMITTER_COEFFICIENT_SOLUTION,PRESSURE_OUTPUT,OUTPUT_DEMAND,FITNESS,NODE
0.05127437519085343,24.86751868006445,12.6,351.54433993730294,N2
