EMITTER_COEFFICIENT_SOLUTION,PRESSURE_OUTPUT,OUTPUT_DEMAND,FITNESS,NODE
0.01984153674387279,24.86926219678449,12.6,908.2036250320415,N2
