EMITTER_COEFFICIENT_SOLUTION,PRESSURE_OUTPUT,OUTPUT_DEMAND,FITNESS,NODE
0.4251794424251415,24.846700894838555,12.6,42.261181813813174,N2
