EMITTER_COEFFICIENT_SOLUTION,PRESSURE_OUTPUT,OUTPUT_DEMAND,FITNESS,NODE
0.054072626509728994,24.86736341719807,12.6,333.34952867410993,N2
