EMITTER_COEFFICIENT_SOLUTION,PRESSURE_OUTPUT,OUTPUT_DEMAND,FITNESS,NODE
0.07714397798727146,24.866082979629994,12.6,233.62893062731695,N2
