EMITTER_COEFFICIENT_SOLUTION,PRESSURE_OUTPUT,OUTPUT_DEMAND,FITNESS,NODE
0.0182787364389706,24.869348855560375,12.6,985.7889777760843,N2
