EMITTER_COEFFICIENT_SOLUTION,PRESSURE_OUTPUT,OUTPUT_DEMAND,FITNESS,NODE
0.4486590407608816,24.845388842972014,12.6,40.04095633252063,N2
