EMITTER_COEFFICIENT_SOLUTION,PRESSURE_OUTPUT,OUTPUT_DEMAND,FITNESS,NODE
0.5678310968189674,24.83872076427599,12.6,31.603058335196923,N2
