EMITTER_COEFFICIENT_SOLUTION,PRESSURE_OUTPUT,OUTPUT_DEMAND,FITNESS,NODE
0.46298139645640635,24.844588225675274,12.6,38.79721529315919,N2
