EMITTER_COEFFICIENT_SOLUTION,PRESSURE_OUTPUT,OUTPUT_DEMAND,FITNESS,NODE
0.05322203067309872,24.86741061393834,12.6,338.67795267079197,N2
