EMITTER_COEFFICIENT_SOLUTION,PRESSURE_OUTPUT,OUTPUT_DEMAND,FITNESS,NODE
0.06995288670277733,24.866482137130028,12.6,257.6566329088382,N2
