EMITTER_COEFFICIENT_SOLUTION,PRESSURE_OUTPUT,OUTPUT_DEMAND,FITNESS,NODE
0.8297152344619293,24.824016657032224,12.6,21.57654906675026,N2
