EMITTER_COEFFICIENT_SOLUTION,PRESSURE_OUTPUT,OUTPUT_DEMAND,FITNESS,NODE
0.6436614667071362,24.83447025935206,12.6,27.860576241206047,N2
