EMITTER_COEFFICIENT_SOLUTION,PRESSURE_OUTPUT,OUTPUT_DEMAND,FITNESS,NODE
0.40883555990520215,24.847613866383625,12.6,43.95719348310306,N2
