EMITTER_COEFFICIENT_SOLUTION,PRESSURE_OUTPUT,OUTPUT_DEMAND,FITNESS,NODE
0.5046363273213884,24.842258530672275,12.6,35.581185680114324,N2
