EMITTER_COEFFICIENT_SOLUTION,PRESSURE_OUTPUT,OUTPUT_DEMAND,FITNESS,NODE
0.8102035414160574,24.825114587935758,12.6,22.100090486603097,N2
