EMITTER_COEFFICIENT_SOLUTION,PRESSURE_OUTPUT,OUTPUT_DEMAND,FITNESS,NODE
0.6581661048471438,24.83365656674782,12.6,27.242979400981405,N2
