EMITTER_COEFFICIENT_SOLUTION,PRESSURE_OUTPUT,OUTPUT_DEMAND,FITNESS,NODE
0.6437087288507054,24.834467608350728,12.6,27.858518654903513,N2
