EMITTER_COEFFICIENT_SOLUTION,PRESSURE_OUTPUT,OUTPUT_DEMAND,FITNESS,NODE
0.42400829640023485,24.846766324308405,12.6,42.378363358740515,N2
