EMITTER_COEFFICIENT_SOLUTION,PRESSURE_OUTPUT,OUTPUT_DEMAND,FITNESS,NODE
0.22930771415348927,24.857624298795912,12.6,78.49926578717402,N2
