EMITTER_COEFFICIENT_SOLUTION,PRESSURE_OUTPUT,OUTPUT_DEMAND,FITNESS,NODE
0.11399997062322387,24.8640363685695,12.6,158.05521585337894,N2
