EMITTER_COEFFICIENT_SOLUTION,PRESSURE_OUTPUT,OUTPUT_DEMAND,FITNESS,NODE
0.23019548192836214,24.85757487845442,12.6,78.19590784969421,N2
