EMITTER_COEFFICIENT_SOLUTION,PRESSURE_OUTPUT,OUTPUT_DEMAND,FITNESS,NODE
0.2852875932395341,24.854506421158774,12.6,63.06422661612406,N2
