EMITTER_COEFFICIENT_SOLUTION,PRESSURE_OUTPUT,OUTPUT_DEMAND,FITNESS,NODE
0.4847486501793382,24.843371038395972,12.6,37.047694353645014,N2
