EMITTER_COEFFICIENT_SOLUTION,PRESSURE_OUTPUT,OUTPUT_DEMAND,FITNESS,NODE
0.031990390219631126,24.86858844515509,12.6,563.4354215454124,N2
