EMITTER_COEFFICIENT_SOLUTION,PRESSURE_OUTPUT,OUTPUT_DEMAND,FITNESS,NODE
0.8162130106476172,24.824776473762036,12.6,21.936175620599812,N2
