EMITTER_COEFFICIENT_SOLUTION,PRESSURE_OUTPUT,OUTPUT_DEMAND,FITNESS
0.7248636058244674,24.23115583768911,1.5,1.2050135602707215
