EMITTER_COEFFICIENT_SOLUTION,PRESSURE_OUTPUT,OUTPUT_DEMAND,FITNESS
0.9109289676197975,23.97806950482163,1.5,0.9234015233378121
