EMITTER_COEFFICIENT_SOLUTION,PRESSURE_OUTPUT,OUTPUT_DEMAND,FITNESS
0.19043981646563812,24.86932419685995,1.5,5.2165433918399495
