EMITTER_COEFFICIENT_SOLUTION,PRESSURE_OUTPUT,OUTPUT_DEMAND,FITNESS
0.018929171033317815,25.042879812679274,1.5,55.120091769026324
