EMITTER_COEFFICIENT_SOLUTION,PRESSURE_OUTPUT,OUTPUT_DEMAND,FITNESS
0.9264187330571237,23.95635024993079,1.5,0.9052462724850447
