EMITTER_COEFFICIENT_SOLUTION,PRESSURE_OUTPUT,OUTPUT_DEMAND,FITNESS
0.22735380195179744,24.829863386295987,1.5,4.326033574296749
