EMITTER_COEFFICIENT_SOLUTION,PRESSURE_OUTPUT,OUTPUT_DEMAND,FITNESS
0.05800035923944191,25.004788413732207,1.5,17.782961276867137
