EMITTER_COEFFICIENT_SOLUTION,PRESSURE_OUTPUT,OUTPUT_DEMAND,FITNESS
0.8736351995790602,24.029960530137696,1.5,0.9698742627497501
