EMITTER_COEFFICIENT_SOLUTION,PRESSURE_OUTPUT,OUTPUT_DEMAND,FITNESS
0.47380913295928806,24.54829447122081,1.5,1.95035356899821
