EMITTER_COEFFICIENT_SOLUTION,PRESSURE_OUTPUT,OUTPUT_DEMAND,FITNESS
0.6708509882680621,24.301824384432784,1.5,1.3171800810694614
