EMITTER_COEFFICIENT_SOLUTION,PRESSURE_OUTPUT,OUTPUT_DEMAND,FITNESS
0.5143664507842306,24.49905807637853,1.5,1.7794736043568857
