EMITTER_COEFFICIENT_SOLUTION,PRESSURE_OUTPUT,OUTPUT_DEMAND,FITNESS
0.269342379961912,24.784097420506978,1.5,3.6110912880452397
