EMITTER_COEFFICIENT_SOLUTION,PRESSURE_OUTPUT,OUTPUT_DEMAND,FITNESS
0.005396019605496405,25.055870436088327,1.5,194.1151466140709
