EMITTER_COEFFICIENT_SOLUTION,PRESSURE_OUTPUT,OUTPUT_DEMAND,FITNESS
0.2638530197843668,24.790133394532837,1.5,3.6915540737209036
