EMITTER_COEFFICIENT_SOLUTION,PRESSURE_OUTPUT,OUTPUT_DEMAND,FITNESS
0.0932874569882508,24.9696447005634,1.5,10.943634946338598
