EMITTER_COEFFICIENT_SOLUTION,PRESSURE_OUTPUT,OUTPUT_DEMAND,FITNESS
0.43435192295707414,24.59542886589947,1.5,2.1477979140208494
