EMITTER_COEFFICIENT_SOLUTION,PRESSURE_OUTPUT,OUTPUT_DEMAND,FITNESS
0.7807384510579557,24.156701204353464,1.5,1.1058022610498572
