EMITTER_COEFFICIENT_SOLUTION,PRESSURE_OUTPUT,OUTPUT_DEMAND,FITNESS
0.87550105949581,24.027377918744225,1.5,0.9674509834759746
