EMITTER_COEFFICIENT_SOLUTION,PRESSURE_OUTPUT,OUTPUT_DEMAND,FITNESS
0.9812385282639421,23.878710670810772,1.5,0.8458008989912511
