EMITTER_COEFFICIENT_SOLUTION,PRESSURE_OUTPUT,OUTPUT_DEMAND,FITNESS
0.6005086613227645,24.39188782073233,1.5,1.4944685306542376
