EMITTER_COEFFICIENT_SOLUTION,PRESSURE_OUTPUT,OUTPUT_DEMAND,FITNESS
0.01979888812085029,25.042041369604693,1.5,52.685240270232185
