EMITTER_COEFFICIENT_SOLUTION,PRESSURE_OUTPUT,OUTPUT_DEMAND,FITNESS
0.30620387487452294,24.74315802949843,1.5,3.1459996647606374
