EMITTER_COEFFICIENT_SOLUTION,PRESSURE_OUTPUT,OUTPUT_DEMAND,FITNESS
0.6309627962206458,24.353172687300344,1.5,1.412730022051184
