EMITTER_COEFFICIENT_SOLUTION,PRESSURE_OUTPUT,OUTPUT_DEMAND,FITNESS
0.6309562473616909,24.35318105833024,1.5,1.4127467292014197
