EMITTER_COEFFICIENT_SOLUTION,PRESSURE_OUTPUT,OUTPUT_DEMAND,FITNESS
0.1929254825709722,24.866689987095995,1.5,5.145832096839354
