EMITTER_COEFFICIENT_SOLUTION,PRESSURE_OUTPUT,OUTPUT_DEMAND,FITNESS
0.3995796806714246,24.636330970303376,1.5,2.3546528855994553
