EMITTER_COEFFICIENT_SOLUTION,PRESSURE_OUTPUT,OUTPUT_DEMAND,FITNESS
0.055478361694212164,25.007273338395336,1.5,18.605108345708146
