EMITTER_COEFFICIENT_SOLUTION,PRESSURE_OUTPUT,OUTPUT_DEMAND,FITNESS
0.9369812783277479,23.941484234749804,1.5,0.8932257716717013
