EMITTER_COEFFICIENT_SOLUTION,PRESSURE_OUTPUT,OUTPUT_DEMAND,FITNESS
0.39352714199816907,24.64338901065876,1.5,2.394446759199835
