EMITTER_COEFFICIENT_SOLUTION,PRESSURE_OUTPUT,OUTPUT_DEMAND,FITNESS
0.1338036692316643,24.92843703570605,1.5,7.542332364737069
