EMITTER_COEFFICIENT_SOLUTION,PRESSURE_OUTPUT,OUTPUT_DEMAND,FITNESS
0.2764690795255508,24.77623752110156,1.5,3.5114271047170824
