EMITTER_COEFFICIENT_SOLUTION,PRESSURE_OUTPUT,OUTPUT_DEMAND,FITNESS
0.2755226021174687,24.77728290238775,1.5,3.5243642712419496
