EMITTER_COEFFICIENT_SOLUTION,PRESSURE_OUTPUT,OUTPUT_DEMAND,FITNESS
0.9144384223912255,23.973157175194093,1.5,0.9192318393068598
