EMITTER_COEFFICIENT_SOLUTION,PRESSURE_OUTPUT,OUTPUT_DEMAND,FITNESS
0.7024477472232139,24.260641455452802,1.5,1.2494056543802918
