EMITTER_COEFFICIENT_SOLUTION,PRESSURE_OUTPUT,OUTPUT_DEMAND,FITNESS
0.9734457929683481,23.889820096124787,1.5,0.8538237358271504
