EMITTER_COEFFICIENT_SOLUTION,PRESSURE_OUTPUT,OUTPUT_DEMAND,FITNESS
0.8168013081000948,24.107932349733282,1.5,1.0492192221961862
