EMITTER_COEFFICIENT_SOLUTION,PRESSURE_OUTPUT,OUTPUT_DEMAND,FITNESS
0.3432338186982745,24.701324437880682,1.5,2.7801132295261124
