EMITTER_COEFFICIENT_SOLUTION,PRESSURE_OUTPUT,OUTPUT_DEMAND,FITNESS
0.09066289687377205,24.97228261254598,1.5,11.26895091776145
