EMITTER_COEFFICIENT_SOLUTION,PRESSURE_OUTPUT,OUTPUT_DEMAND,FITNESS
0.9470362144163939,23.927291015825276,1.5,0.8820434463171445
