EMITTER_COEFFICIENT_SOLUTION,PRESSURE_OUTPUT,OUTPUT_DEMAND,FITNESS
0.6904147665903085,24.276377679874003,1.5,1.2744627749445983
