EMITTER_COEFFICIENT_SOLUTION,PRESSURE_OUTPUT,OUTPUT_DEMAND,FITNESS
0.10241903474872893,24.96043674941365,1.5,9.94181372732931
