EMITTER_COEFFICIENT_SOLUTION,PRESSURE_OUTPUT,OUTPUT_DEMAND,FITNESS
0.08744767495048567,24.975508949129573,1.5,11.694119014942126
