EMITTER_COEFFICIENT_SOLUTION,PRESSURE_OUTPUT,OUTPUT_DEMAND,FITNESS
0.505808531582911,24.50951323171102,1.5,1.813207741363783
