EMITTER_COEFFICIENT_SOLUTION,PRESSURE_OUTPUT,OUTPUT_DEMAND,FITNESS
0.47999525329231696,24.540835870925495,1.5,1.9223887571731382
