EMITTER_COEFFICIENT_SOLUTION,PRESSURE_OUTPUT,OUTPUT_DEMAND,FITNESS
0.9549240844126675,23.916128457683183,1.5,0.8734436414111741
