EMITTER_COEFFICIENT_SOLUTION,PRESSURE_OUTPUT,OUTPUT_DEMAND,FITNESS
0.8124692975293674,24.1138199016209,1.5,1.0557408847938201
