EMITTER_COEFFICIENT_SOLUTION,PRESSURE_OUTPUT,OUTPUT_DEMAND,FITNESS
0.35023880464367385,24.693331808059174,1.5,2.7196807912151644
