EMITTER_COEFFICIENT_SOLUTION,PRESSURE_OUTPUT,OUTPUT_DEMAND,FITNESS
0.8471738536287371,24.06643143425747,1.5,1.0054388375984142
