EMITTER_COEFFICIENT_SOLUTION,PRESSURE_OUTPUT,OUTPUT_DEMAND,FITNESS
0.9288339577188557,23.952954958548034,1.5,0.9024724558255406
