EMITTER_COEFFICIENT_SOLUTION,PRESSURE_OUTPUT,OUTPUT_DEMAND,FITNESS
0.27135056631047305,24.78188531981871,1.5,3.5824741352765703
