EMITTER_COEFFICIENT_SOLUTION,PRESSURE_OUTPUT,OUTPUT_DEMAND,FITNESS
0.962700065223452,23.905099979183927,1.5,0.8651102468573053
