EMITTER_COEFFICIENT_SOLUTION,PRESSURE_OUTPUT,OUTPUT_DEMAND,FITNESS
0.9965370337655187,23.856831466379077,1.5,0.8304333554087071
