EMITTER_COEFFICIENT_SOLUTION,PRESSURE_OUTPUT,OUTPUT_DEMAND,FITNESS
0.07880380206084514,24.984154035025334,1.5,13.009317618784243
