EMITTER_COEFFICIENT_SOLUTION,PRESSURE_OUTPUT,OUTPUT_DEMAND,FITNESS
0.1926491722890883,24.866982974109018,1.5,5.153601986591748
