EMITTER_COEFFICIENT_SOLUTION,PRESSURE_OUTPUT,OUTPUT_DEMAND,FITNESS
0.7478331533641381,24.20071271792326,1.5,1.1623726494393816
