EMITTER_COEFFICIENT_SOLUTION,PRESSURE_OUTPUT,OUTPUT_DEMAND,FITNESS
0.9548023790397596,23.916300878129075,1.5,0.8735752014365126
