EMITTER_COEFFICIENT_SOLUTION,PRESSURE_OUTPUT,OUTPUT_DEMAND,FITNESS
0.39276749601007166,24.64427356164007,1.5,2.399528986140978
