EMITTER_COEFFICIENT_SOLUTION,PRESSURE_OUTPUT,OUTPUT_DEMAND,FITNESS
0.24597621508467837,24.809680529201476,1.5,3.978650744771915
