EMITTER_COEFFICIENT_SOLUTION,PRESSURE_OUTPUT,OUTPUT_DEMAND,FITNESS
0.20981009130954187,24.848708454194206,1.5,4.710014678144726
