EMITTER_COEFFICIENT_SOLUTION,PRESSURE_OUTPUT,OUTPUT_DEMAND,FITNESS
0.7751073777278304,24.164266050378213,1.5,1.1151305779436924
