EMITTER_COEFFICIENT_SOLUTION,PRESSURE_OUTPUT,OUTPUT_DEMAND,FITNESS
0.4236289017855698,24.608106126189853,1.5,2.207915462827847
