EMITTER_COEFFICIENT_SOLUTION,PRESSURE_OUTPUT,OUTPUT_DEMAND,FITNESS
0.6286881812038406,24.356079018277967,1.5,1.4185544093137963
