EMITTER_COEFFICIENT_SOLUTION,PRESSURE_OUTPUT,OUTPUT_DEMAND,FITNESS
0.6787150443128559,24.291616170581886,1.5,1.299704185870782
