EMITTER_COEFFICIENT_SOLUTION,PRESSURE_OUTPUT,OUTPUT_DEMAND,FITNESS
0.21410037729191866,24.844115099383295,1.5,4.610272499520779
