EMITTER_COEFFICIENT_SOLUTION,PRESSURE_OUTPUT,OUTPUT_DEMAND,FITNESS
0.32575949551397276,24.72115329442728,1.5,2.9423125219391206
