EMITTER_COEFFICIENT_SOLUTION,PRESSURE_OUTPUT,OUTPUT_DEMAND,FITNESS
0.37525399437971096,24.664586448528844,1.5,2.522477996484051
