EMITTER_COEFFICIENT_SOLUTION,PRESSURE_OUTPUT,OUTPUT_DEMAND,FITNESS
0.8414640380861352,24.07426286111719,1.5,1.0134185159899056
