EMITTER_COEFFICIENT_SOLUTION,PRESSURE_OUTPUT,OUTPUT_DEMAND,FITNESS
0.4864110864025122,24.533080721447377,1.5,1.8941499884394932
