EMITTER_COEFFICIENT_SOLUTION,PRESSURE_OUTPUT,OUTPUT_DEMAND,FITNESS
0.6000011970780116,24.39252932207475,1.5,1.4959026578706487
