EMITTER_COEFFICIENT_SOLUTION,PRESSURE_OUTPUT,OUTPUT_DEMAND,FITNESS
0.6345568364068747,24.34857567822205,1.5,1.4036144825675565
