EMITTER_COEFFICIENT_SOLUTION,PRESSURE_OUTPUT,OUTPUT_DEMAND,FITNESS
0.13870314153932617,24.923392323354555,1.5,7.26587387626415
