EMITTER_COEFFICIENT_SOLUTION,PRESSURE_OUTPUT,OUTPUT_DEMAND,FITNESS
0.8136006897293903,24.112283015248703,1.5,1.0540306633584273
