EMITTER_COEFFICIENT_SOLUTION,PRESSURE_OUTPUT,OUTPUT_DEMAND,FITNESS
0.3697453500880573,24.670943697005512,1.5,2.563587739205024
