EMITTER_COEFFICIENT_SOLUTION,PRESSURE_OUTPUT,OUTPUT_DEMAND,FITNESS
0.694687442649572,24.270797431589607,1.5,1.2654630312776283
