EMITTER_COEFFICIENT_SOLUTION,PRESSURE_OUTPUT,OUTPUT_DEMAND,FITNESS
0.7932394178279544,24.13985862377081,1.5,1.0855837375880877
