EMITTER_COEFFICIENT_SOLUTION,PRESSURE_OUTPUT,OUTPUT_DEMAND,FITNESS
0.4287748417043197,24.602029441487492,1.5,2.1786844756280708
