EMITTER_COEFFICIENT_SOLUTION,PRESSURE_OUTPUT,OUTPUT_DEMAND,FITNESS
0.2100235268779006,24.84848017410631,1.5,4.704955897496854
