EMITTER_COEFFICIENT_SOLUTION,PRESSURE_OUTPUT,OUTPUT_DEMAND,FITNESS
0.3974406202061017,24.63882748288117,1.5,2.368576373617083
