EMITTER_COEFFICIENT_SOLUTION,PRESSURE_OUTPUT,OUTPUT_DEMAND,FITNESS
0.38100497606649986,24.657933215964295,1.5,2.480842920834328
