EMITTER_COEFFICIENT_SOLUTION,PRESSURE_OUTPUT,OUTPUT_DEMAND,FITNESS
0.435257774637103,24.594355326012266,1.5,2.142857028433915
