EMITTER_COEFFICIENT_SOLUTION,PRESSURE_OUTPUT,OUTPUT_DEMAND,FITNESS
0.6520710385071632,24.32608972687869,1.5,1.3606695645684133
