EMITTER_COEFFICIENT_SOLUTION,PRESSURE_OUTPUT,OUTPUT_DEMAND,FITNESS
0.8631431516815188,24.044456191448706,1.5,0.9837041284263718
