EMITTER_COEFFICIENT_SOLUTION,PRESSURE_OUTPUT,OUTPUT_DEMAND,FITNESS
0.07382396517988254,24.989115559641306,1.5,13.906956738231235
