EMITTER_COEFFICIENT_SOLUTION,PRESSURE_OUTPUT,OUTPUT_DEMAND,FITNESS
0.48510225360285075,24.534664392164355,1.5,1.8998489841893649
