EMITTER_COEFFICIENT_SOLUTION,PRESSURE_OUTPUT,OUTPUT_DEMAND,FITNESS
0.9577177596425118,23.91216902619175,1.5,0.8704333865868723
