EMITTER_COEFFICIENT_SOLUTION,PRESSURE_OUTPUT,OUTPUT_DEMAND,FITNESS
0.33562274358726196,24.709980246215995,1.5,2.84866383867591
