EMITTER_COEFFICIENT_SOLUTION,PRESSURE_OUTPUT,OUTPUT_DEMAND,FITNESS
0.2852585249058385,24.766507272334263,1.5,3.395415734126591
