EMITTER_COEFFICIENT_SOLUTION,PRESSURE_OUTPUT,OUTPUT_DEMAND,FITNESS
0.2003198327500827,24.858834093496025,1.5,4.945893798765041
