EMITTER_COEFFICIENT_SOLUTION,PRESSURE_OUTPUT,OUTPUT_DEMAND,FITNESS
0.26598689199827985,24.787788915180215,1.5,3.659878657278494
