EMITTER_COEFFICIENT_SOLUTION,PRESSURE_OUTPUT,OUTPUT_DEMAND,FITNESS
0.5153578985942667,24.49784456528686,1.5,1.7756392694641077
