EMITTER_COEFFICIENT_SOLUTION,PRESSURE_OUTPUT,OUTPUT_DEMAND,FITNESS
0.6006931383155093,24.39165458811587,1.5,1.4939478019927157
