EMITTER_COEFFICIENT_SOLUTION,PRESSURE_OUTPUT,OUTPUT_DEMAND,FITNESS
0.4154763457475378,24.617706394690227,1.5,2.255729210356652
