EMITTER_COEFFICIENT_SOLUTION,PRESSURE_OUTPUT,OUTPUT_DEMAND,FITNESS
0.2682132489539567,24.78534027748542,1.5,3.627371183860297
