EMITTER_COEFFICIENT_SOLUTION,PRESSURE_OUTPUT,OUTPUT_DEMAND,FITNESS
0.10664946273316034,24.956155215417546,1.5,9.53590630408844
