EMITTER_COEFFICIENT_SOLUTION,PRESSURE_OUTPUT,OUTPUT_DEMAND,FITNESS
0.3779423485905643,24.66147840038292,1.5,2.50285565058159
