EMITTER_COEFFICIENT_SOLUTION,PRESSURE_OUTPUT,OUTPUT_DEMAND,FITNESS
0.04666333507771381,25.015930517378397,1.5,22.17712861925029
