EMITTER_COEFFICIENT_SOLUTION,PRESSURE_OUTPUT,OUTPUT_DEMAND,FITNESS
0.014401852041638796,25.047237335559554,1.5,72.5442920792537
