EMITTER_COEFFICIENT_SOLUTION,PRESSURE_OUTPUT,OUTPUT_DEMAND,FITNESS
0.10610963783237082,24.95670211507157,1.5,9.585898527357816
