EMITTER_COEFFICIENT_SOLUTION,PRESSURE_OUTPUT,OUTPUT_DEMAND,FITNESS
0.021123368079396188,25.0407636846049,1.5,49.362403133168414
