EMITTER_COEFFICIENT_SOLUTION,PRESSURE_OUTPUT,OUTPUT_DEMAND,FITNESS
0.4961926768219663,24.521218938152053,1.5,1.8525274087484338
