EMITTER_COEFFICIENT_SOLUTION,PRESSURE_OUTPUT,OUTPUT_DEMAND,FITNESS
0.9512413812176473,23.921343143187613,1.5,0.8774401477938701
