EMITTER_COEFFICIENT_SOLUTION,PRESSURE_OUTPUT,OUTPUT_DEMAND,FITNESS
0.6890062111562071,24.27821551352861,1.5,1.2774548944111122
