EMITTER_COEFFICIENT_SOLUTION,PRESSURE_OUTPUT,OUTPUT_DEMAND,FITNESS
0.2537981971885602,24.801148405576424,1.5,3.8480244000989843
