EMITTER_COEFFICIENT_SOLUTION,PRESSURE_OUTPUT,OUTPUT_DEMAND,FITNESS
0.9302905979359198,23.950906096034547,1.5,0.9008068261842762
