EMITTER_COEFFICIENT_SOLUTION,PRESSURE_OUTPUT,OUTPUT_DEMAND,FITNESS
0.519223263069872,24.493108956407596,1.5,1.7608328956271961
