EMITTER_COEFFICIENT_SOLUTION,PRESSURE_OUTPUT,OUTPUT_DEMAND,FITNESS
0.43759218642671305,24.591586912518366,1.5,2.130219894464116
