EMITTER_COEFFICIENT_SOLUTION,PRESSURE_OUTPUT,OUTPUT_DEMAND,FITNESS
0.5446465733379507,24.46178467754629,1.5,1.6687878627758597
