EMITTER_COEFFICIENT_SOLUTION,PRESSURE_OUTPUT,OUTPUT_DEMAND,FITNESS
0.3884617099367159,24.649281865602617,1.5,2.428716255032061
