EMITTER_COEFFICIENT_SOLUTION,PRESSURE_OUTPUT,OUTPUT_DEMAND,FITNESS
0.0451755165792741,25.017387351517353,1.5,22.91755821293629
