EMITTER_COEFFICIENT_SOLUTION,PRESSURE_OUTPUT,OUTPUT_DEMAND,FITNESS
0.1837625207480259,24.876384034035087,1.5,5.416003688431249
