EMITTER_COEFFICIENT_SOLUTION,PRESSURE_OUTPUT,OUTPUT_DEMAND,FITNESS
0.8782389089572803,24.023585751965843,1.5,0.9639146356531849
