EMITTER_COEFFICIENT_SOLUTION,PRESSURE_OUTPUT,OUTPUT_DEMAND,FITNESS
0.8164622227923725,24.108393480655764,1.5,1.0497271089632252
