EMITTER_COEFFICIENT_SOLUTION,PRESSURE_OUTPUT,OUTPUT_DEMAND,FITNESS
0.47421154490459505,24.547809848107597,1.5,1.948511862049966
