EMITTER_COEFFICIENT_SOLUTION,PRESSURE_OUTPUT,OUTPUT_DEMAND,FITNESS
0.39774231292279516,24.638475513656832,1.5,2.3666034168390038
