EMITTER_COEFFICIENT_SOLUTION,PRESSURE_OUTPUT,OUTPUT_DEMAND,FITNESS
0.5314856634944808,24.478038670980244,1.5,1.7153148641414993
