EMITTER_COEFFICIENT_SOLUTION,PRESSURE_OUTPUT,OUTPUT_DEMAND,FITNESS
0.4623829971354648,24.562022059037655,1.5,2.00400818245665
