EMITTER_COEFFICIENT_SOLUTION,PRESSURE_OUTPUT,OUTPUT_DEMAND,FITNESS
0.6272224707855426,24.357950539057974,1.5,1.422330489179979
