EMITTER_COEFFICIENT_SOLUTION,PRESSURE_OUTPUT,OUTPUT_DEMAND,FITNESS
0.454282727911855,24.57171532893018,1.5,2.043708012091665
