EMITTER_COEFFICIENT_SOLUTION,PRESSURE_OUTPUT,OUTPUT_DEMAND,FITNESS
0.11975718133782254,24.942826126863714,1.5,8.460531020067574
