EMITTER_COEFFICIENT_SOLUTION,PRESSURE_OUTPUT,OUTPUT_DEMAND,FITNESS
0.9551528723441959,23.91580431701403,1.5,0.8731964232567127
