EMITTER_COEFFICIENT_SOLUTION,PRESSURE_OUTPUT,OUTPUT_DEMAND,FITNESS
0.7854159669770239,24.150407018612373,1.5,1.0981589377664491
