EMITTER_COEFFICIENT_SOLUTION,PRESSURE_OUTPUT,OUTPUT_DEMAND,FITNESS
0.5924222825465858,24.40209588017764,1.5,1.517620782073183
