EMITTER_COEFFICIENT_SOLUTION,PRESSURE_OUTPUT,OUTPUT_DEMAND,FITNESS
0.2995476132542664,24.750602891422428,1.5,3.2214509857074427
