EMITTER_COEFFICIENT_SOLUTION,PRESSURE_OUTPUT,OUTPUT_DEMAND,FITNESS
0.5119194200395923,24.502051178200617,1.5,1.7890020901242236
