EMITTER_COEFFICIENT_SOLUTION,PRESSURE_OUTPUT,OUTPUT_DEMAND,FITNESS
0.6432203300655671,24.337470308834863,1.5,1.3820712298637925
