EMITTER_COEFFICIENT_SOLUTION,PRESSURE_OUTPUT,OUTPUT_DEMAND,FITNESS
0.9321227099484751,23.94832789384638,1.5,0.8987195839846364
