EMITTER_COEFFICIENT_SOLUTION,PRESSURE_OUTPUT,OUTPUT_DEMAND,FITNESS
0.36313272374070504,24.678554756243592,1.5,2.6146028720454706
