EMITTER_COEFFICIENT_SOLUTION,PRESSURE_OUTPUT,OUTPUT_DEMAND,FITNESS
0.6157241213161883,24.372598288001026,1.5,1.452593739884251
