EMITTER_COEFFICIENT_SOLUTION,PRESSURE_OUTPUT,OUTPUT_DEMAND,FITNESS
0.7050875655223973,24.257180606753558,1.5,1.2440264789913928
