EMITTER_COEFFICIENT_SOLUTION,PRESSURE_OUTPUT,OUTPUT_DEMAND,FITNESS
0.21658665811402333,24.841448683356028,1.5,4.554287083417118
