EMITTER_COEFFICIENT_SOLUTION,PRESSURE_OUTPUT,OUTPUT_DEMAND,FITNESS
0.1659581893194496,24.895090677156755,1.5,6.026589053895316
