EMITTER_COEFFICIENT_SOLUTION,PRESSURE_OUTPUT,OUTPUT_DEMAND,FITNESS
0.33967057619880314,24.705380470725828,1.5,2.81181995971937
