EMITTER_COEFFICIENT_SOLUTION,PRESSURE_OUTPUT,OUTPUT_DEMAND,FITNESS
0.8211642839544607,24.101994687794175,1.5,1.0427231518050641
