EMITTER_COEFFICIENT_SOLUTION,PRESSURE_OUTPUT,OUTPUT_DEMAND,FITNESS
0.7019582114598913,24.261282905712417,1.5,1.2504077706572818
