EMITTER_COEFFICIENT_SOLUTION,PRESSURE_OUTPUT,OUTPUT_DEMAND,FITNESS
0.7836784215641127,24.15274620057012,1.5,1.1009871464733252
