EMITTER_COEFFICIENT_SOLUTION,PRESSURE_OUTPUT,OUTPUT_DEMAND,FITNESS
0.7967150187386608,24.13516405835356,1.5,1.0800792821571814
