EMITTER_COEFFICIENT_SOLUTION,PRESSURE_OUTPUT,OUTPUT_DEMAND,FITNESS
0.0369133723780698,25.025454370410337,1.5,28.11543858187249
