EMITTER_COEFFICIENT_SOLUTION,PRESSURE_OUTPUT,OUTPUT_DEMAND,FITNESS
0.8344746598912695,24.083830716621375,1.5,1.0233410786616846
