EMITTER_COEFFICIENT_SOLUTION,PRESSURE_OUTPUT,OUTPUT_DEMAND,FITNESS
0.7117020504634651,24.24849533885336,1.5,1.230728819323557
