EMITTER_COEFFICIENT_SOLUTION,PRESSURE_OUTPUT,OUTPUT_DEMAND,FITNESS
0.5497523589379972,24.455456867294647,1.5,1.6513499819126582
