EMITTER_COEFFICIENT_SOLUTION,PRESSURE_OUTPUT,OUTPUT_DEMAND,FITNESS
0.030404702546418583,25.031782131062652,1.5,34.19985911364435
