EMITTER_COEFFICIENT_SOLUTION,PRESSURE_OUTPUT,OUTPUT_DEMAND,FITNESS
0.06732659104547578,24.9955680952055,1.5,15.277923208435178
