EMITTER_COEFFICIENT_SOLUTION,PRESSURE_OUTPUT,OUTPUT_DEMAND,FITNESS
0.32099372468835685,24.726534062471174,1.5,2.989644274698984
