EMITTER_COEFFICIENT_SOLUTION,PRESSURE_OUTPUT,OUTPUT_DEMAND,FITNESS
0.3001177804588985,24.74996607186346,1.5,3.2148557637736275
