EMITTER_COEFFICIENT_SOLUTION,PRESSURE_OUTPUT,OUTPUT_DEMAND,FITNESS
0.24055011184867603,24.81558027481502,1.5,4.0742865849234695
