EMITTER_COEFFICIENT_SOLUTION,PRESSURE_OUTPUT,OUTPUT_DEMAND,FITNESS
0.18900238794187307,24.870846006954864,1.5,5.258286766135281
