EMITTER_COEFFICIENT_SOLUTION,PRESSURE_OUTPUT,OUTPUT_DEMAND,FITNESS
0.5399687209896694,24.46757131915206,1.5,1.6850599428378332
