EMITTER_COEFFICIENT_SOLUTION,PRESSURE_OUTPUT,OUTPUT_DEMAND,FITNESS
0.17152827925900704,24.88925682951731,1.5,5.821901464291904
