EMITTER_COEFFICIENT_SOLUTION,PRESSURE_OUTPUT,OUTPUT_DEMAND,FITNESS
0.15180215083203696,24.909840869901675,1.5,6.614581349853233
