EMITTER_COEFFICIENT_SOLUTION,PRESSURE_OUTPUT,OUTPUT_DEMAND,FITNESS
0.7373752133418695,24.21460197232536,1.5,1.1814464999799992
