EMITTER_COEFFICIENT_SOLUTION,PRESSURE_OUTPUT,OUTPUT_DEMAND,FITNESS
0.08937289432326201,24.973577768181148,1.5,11.435857779915983
