EMITTER_COEFFICIENT_SOLUTION,PRESSURE_OUTPUT,OUTPUT_DEMAND,FITNESS
0.080282774346628,24.982677822323357,1.5,12.764187525282898
