EMITTER_COEFFICIENT_SOLUTION,PRESSURE_OUTPUT,OUTPUT_DEMAND,FITNESS
0.42716374236312127,24.603933347649885,1.5,2.1877593249336384
