EMITTER_COEFFICIENT_SOLUTION,PRESSURE_OUTPUT,OUTPUT_DEMAND,FITNESS
0.481289886016924,24.53927258582571,1.5,1.9166288243067517
