EMITTER_COEFFICIENT_SOLUTION,PRESSURE_OUTPUT,OUTPUT_DEMAND,FITNESS
0.9856484239159363,23.872413268439587,1.5,0.8413197368000502
