EMITTER_COEFFICIENT_SOLUTION,PRESSURE_OUTPUT,OUTPUT_DEMAND,FITNESS
0.7384228509813177,24.21321275127734,1.5,1.1795105806522856
