EMITTER_COEFFICIENT_SOLUTION,PRESSURE_OUTPUT,OUTPUT_DEMAND,FITNESS
0.944213523072455,23.931279522945996,1.5,0.8851574626377441
