EMITTER_COEFFICIENT_SOLUTION,PRESSURE_OUTPUT,OUTPUT_DEMAND,FITNESS
1.254153796847758,24.377527380878487,23.0,2.101385694176303
