EMITTER_COEFFICIENT_SOLUTION,PRESSURE_OUTPUT,OUTPUT_DEMAND,FITNESS
1.1366184251229465,21.76866165610653,1.5,0.48002945095024446
