EMITTER_COEFFICIENT_SOLUTION,PRESSURE_OUTPUT,OUTPUT_DEMAND,FITNESS
0.6183062790470509,27.166658783291815,1.5,6.295293116646487
