EMITTER_COEFFICIENT_SOLUTION,PRESSURE_OUTPUT,OUTPUT_DEMAND,FITNESS
0.3393910865791777,9.360017608896172,1.0,198.47570697968837
