EMITTER_COEFFICIENT_SOLUTION,PRESSURE_OUTPUT,OUTPUT_DEMAND,FITNESS
0.27996554443479504,24.036521199461905,1.2,2.0507402818110037
