EMITTER_COEFFICIENT_SOLUTION,PRESSURE_OUTPUT,OUTPUT_DEMAND,FITNESS
0.07173171885967422,27.784506353058745,1.5,2.1786457668150234
