EMITTER_COEFFICIENT_SOLUTION,PRESSURE_OUTPUT,OUTPUT_DEMAND,FITNESS
0.5615643406961411,26.98475713285291,1.21,33.1112324057703
