EMITTER_COEFFICIENT_SOLUTION,PRESSURE_OUTPUT,OUTPUT_DEMAND,FITNESS
0.995777266695258,27.620790485950444,1.2,1.241774511028398
