EMITTER_COEFFICIENT_SOLUTION,PRESSURE_OUTPUT,OUTPUT_DEMAND,FITNESS
0.08217653745364584,27.21246418829761,1.1,4.659404074314986
