EMITTER_COEFFICIENT_SOLUTION,PRESSURE_OUTPUT,OUTPUT_DEMAND,FITNESS
0.4603254695721497,23.639990130722772,1.2,10.977223118894074
