EMITTER_COEFFICIENT_SOLUTION,PRESSURE_OUTPUT,OUTPUT_DEMAND,FITNESS
0.21760638477329497,24.001429696375133,13.000000000000002,34.32148949240731
