EMITTER_COEFFICIENT_SOLUTION,PRESSURE_OUTPUT,OUTPUT_DEMAND,FITNESS
0.3043523254895947,27.11021834186967,1.21,10.497367655062764
