EMITTER_COEFFICIENT_SOLUTION,PRESSURE_OUTPUT,OUTPUT_DEMAND,FITNESS
0.11161081281443097,28.938047086121898,0.89,8.71047255402369
