EMITTER_COEFFICIENT_SOLUTION,PRESSURE_OUTPUT,OUTPUT_DEMAND,FITNESS
1.143392615429332,26.617736668480134,1.1,3.7279796892139547
