EMITTER_COEFFICIENT_SOLUTION,PRESSURE_OUTPUT,OUTPUT_DEMAND,FITNESS
0.26425744639185755,27.12960480020891,1.21,8.722317001664585
