EMITTER_COEFFICIENT_SOLUTION,PRESSURE_OUTPUT,OUTPUT_DEMAND,FITNESS
0.2497928766887303,30.057882615140876,1.7,1.6322232427050758
