EMITTER_COEFFICIENT_SOLUTION,PRESSURE_OUTPUT,OUTPUT_DEMAND,FITNESS
0.04067399670207816,27.23309814546804,1.1,4.250730573130054
