EMITTER_COEFFICIENT_SOLUTION,PRESSURE_OUTPUT,OUTPUT_DEMAND,FITNESS
1.1942155865917448,23.621122753964826,3.9,2.2758320357909163
