EMITTER_COEFFICIENT_SOLUTION,PRESSURE_OUTPUT,OUTPUT_DEMAND,FITNESS
0.845624888893885,9.344087682518428,1.0,91.79763874226427
