EMITTER_COEFFICIENT_SOLUTION,PRESSURE_OUTPUT,OUTPUT_DEMAND,FITNESS
1.4473701903327947,24.253037965149243,23.0,1.6656509450763217
