EMITTER_COEFFICIENT_SOLUTION,PRESSURE_OUTPUT,OUTPUT_DEMAND,FITNESS
0.8766317365921091,28.687903198092314,0.89,7.38871373865429
