EMITTER_COEFFICIENT_SOLUTION,PRESSURE_OUTPUT,OUTPUT_DEMAND,FITNESS
1.0055808230234702,23.919286491057328,13.000000000000002,18.86474218941645
