EMITTER_COEFFICIENT_SOLUTION,PRESSURE_OUTPUT,OUTPUT_DEMAND,FITNESS
0.25995101931178755,27.122648415309676,1.1,8.012567071406641
