EMITTER_COEFFICIENT_SOLUTION,PRESSURE_OUTPUT,OUTPUT_DEMAND,FITNESS
1.0575165902617123,26.693533590086282,1.1,3.2860916285629993
