EMITTER_COEFFICIENT_SOLUTION,PRESSURE_OUTPUT,OUTPUT_DEMAND,FITNESS
0.8162851385263301,22.77885979579069,1.2,1.2986429192113789
