EMITTER_COEFFICIENT_SOLUTION,PRESSURE_OUTPUT,OUTPUT_DEMAND,FITNESS
0.5351536223983335,28.376096832661503,1.2,20.002865637711864
