EMITTER_COEFFICIENT_SOLUTION,PRESSURE_OUTPUT,OUTPUT_DEMAND,FITNESS
0.14109083266710565,27.02974924178495,1.1,6.955420071735951
