EMITTER_COEFFICIENT_SOLUTION,PRESSURE_OUTPUT,OUTPUT_DEMAND,FITNESS
1.2329154721627926,28.539628066412703,0.89,3.525885641536238
