EMITTER_COEFFICIENT_SOLUTION,PRESSURE_OUTPUT,OUTPUT_DEMAND,FITNESS
0.259168617314533,9.362527947064095,1.0,132.4724714410188
