EMITTER_COEFFICIENT_SOLUTION,PRESSURE_OUTPUT,OUTPUT_DEMAND,FITNESS
0.3090887163465401,26.96300477468133,1.1,12.982241351389463
