EMITTER_COEFFICIENT_SOLUTION,PRESSURE_OUTPUT,OUTPUT_DEMAND,FITNESS
0.08170706031242148,27.212698320737296,1.1,4.654326587322705
