EMITTER_COEFFICIENT_SOLUTION,PRESSURE_OUTPUT,OUTPUT_DEMAND,FITNESS
0.6686189865343124,26.51372781200687,10.1,37.550803296563046
