EMITTER_COEFFICIENT_SOLUTION,PRESSURE_OUTPUT,OUTPUT_DEMAND,FITNESS
0.07277197280063841,27.056606151181263,1.1,5.8606451829208694
