EMITTER_COEFFICIENT_SOLUTION,PRESSURE_OUTPUT,OUTPUT_DEMAND,FITNESS
0.8278123564779079,26.488374213073328,10.1,19.236618757935922
