EMITTER_COEFFICIENT_SOLUTION,PRESSURE_OUTPUT,OUTPUT_DEMAND,FITNESS
0.7978841490665389,26.837665538007123,1.1,6.242940412064656
