EMITTER_COEFFICIENT_SOLUTION,PRESSURE_OUTPUT,OUTPUT_DEMAND,FITNESS
0.9394385560405523,23.78316369568367,3.9,3.605438204295794
