EMITTER_COEFFICIENT_SOLUTION,PRESSURE_OUTPUT,OUTPUT_DEMAND,FITNESS
1.0389658488174915,22.19687973163561,1.2,0.739636940041002
