EMITTER_COEFFICIENT_SOLUTION,PRESSURE_OUTPUT,OUTPUT_DEMAND,FITNESS
0.2974564164723772,29.946588224111892,1.7,1.9945473044362816
