EMITTER_COEFFICIENT_SOLUTION,PRESSURE_OUTPUT,OUTPUT_DEMAND,FITNESS
0.8161186919348654,24.778526448997994,12.6,27.860688516723847
