EMITTER_COEFFICIENT_SOLUTION,PRESSURE_OUTPUT,OUTPUT_DEMAND,FITNESS
1.1554538336022921,27.319858155616608,1.2,0.9039699080755291
