EMITTER_COEFFICIENT_SOLUTION,PRESSURE_OUTPUT,OUTPUT_DEMAND,FITNESS
0.1999077571950416,24.248164281786945,3.9,5.329246442648434
