EMITTER_COEFFICIENT_SOLUTION,PRESSURE_OUTPUT,OUTPUT_DEMAND,FITNESS
0.4012174405009682,28.85490816648727,0.89,31.580196294775334
