EMITTER_COEFFICIENT_SOLUTION,PRESSURE_OUTPUT,OUTPUT_DEMAND,FITNESS
1.4332991341865626,24.262137094636643,23.0,1.691284000793285
