EMITTER_COEFFICIENT_SOLUTION,PRESSURE_OUTPUT,OUTPUT_DEMAND,FITNESS
0.11256048007614705,27.04098525203218,1.1,6.451247522177815
