EMITTER_COEFFICIENT_SOLUTION,PRESSURE_OUTPUT,OUTPUT_DEMAND,FITNESS
0.726863499040763,28.083571674474534,1.2,2.9195546343557637
