EMITTER_COEFFICIENT_SOLUTION,PRESSURE_OUTPUT,OUTPUT_DEMAND,FITNESS
0.7705591434480542,28.72830677429446,0.89,10.533192536985048
