EMITTER_COEFFICIENT_SOLUTION,PRESSURE_OUTPUT,OUTPUT_DEMAND,FITNESS
0.30227056408294295,9.361179672206482,1.0,161.2782709317928
