EMITTER_COEFFICIENT_SOLUTION,PRESSURE_OUTPUT,OUTPUT_DEMAND,FITNESS
0.2984872536370834,24.977646539947273,23.0,8.048633575765567
