EMITTER_COEFFICIENT_SOLUTION,PRESSURE_OUTPUT,OUTPUT_DEMAND,FITNESS
0.6674389566176059,28.7658847055326,0.89,17.433737569628303
