EMITTER_COEFFICIENT_SOLUTION,PRESSURE_OUTPUT,OUTPUT_DEMAND,FITNESS
1.3601659022751391,23.515145623475274,3.9,1.833594451810625
