EMITTER_COEFFICIENT_SOLUTION,PRESSURE_OUTPUT,OUTPUT_DEMAND,FITNESS
1.3255794376497718,23.537259131432908,3.9,1.9110835492103995
