EMITTER_COEFFICIENT_SOLUTION,PRESSURE_OUTPUT,OUTPUT_DEMAND,FITNESS
0.1180541237060958,27.199895849438214,1.21,5.407174137707221
