EMITTER_COEFFICIENT_SOLUTION,PRESSURE_OUTPUT,OUTPUT_DEMAND,FITNESS
0.22399145461941605,27.1490264645198,1.21,7.458784619767332
