EMITTER_COEFFICIENT_SOLUTION,PRESSURE_OUTPUT,OUTPUT_DEMAND,FITNESS
0.02666793096456177,9.369781540421165,1.0,67.55692500252982
