EMITTER_COEFFICIENT_SOLUTION,PRESSURE_OUTPUT,OUTPUT_DEMAND,FITNESS
0.18724402168864018,27.67968829443918,1.5,2.823401813269018
