EMITTER_COEFFICIENT_SOLUTION,PRESSURE_OUTPUT,OUTPUT_DEMAND,FITNESS
0.046006480458634536,24.865257474486377,12.6,19.66949039079475
