EMITTER_COEFFICIENT_SOLUTION,PRESSURE_OUTPUT,OUTPUT_DEMAND,FITNESS
0.4766857628298429,23.602586702123478,1.2,18.623953694633506
