EMITTER_COEFFICIENT_SOLUTION,PRESSURE_OUTPUT,OUTPUT_DEMAND,FITNESS
0.4298130081244257,27.049256892453137,1.21,29.154070204394454
