EMITTER_COEFFICIENT_SOLUTION,PRESSURE_OUTPUT,OUTPUT_DEMAND,FITNESS
0.49772562962279665,28.823991159647782,0.89,1336.1705023461136
