EMITTER_COEFFICIENT_SOLUTION,PRESSURE_OUTPUT,OUTPUT_DEMAND,FITNESS
0.4362909802318813,24.100485035022086,3.9,25.022180179183344
