EMITTER_COEFFICIENT_SOLUTION,PRESSURE_OUTPUT,OUTPUT_DEMAND,FITNESS
1.220972802610757,27.191220501738194,1.2,0.809802387192749
