EMITTER_COEFFICIENT_SOLUTION,PRESSURE_OUTPUT,OUTPUT_DEMAND,FITNESS
0.08244380313940747,24.015252940645368,13.000000000000002,23.277733517795717
