EMITTER_COEFFICIENT_SOLUTION,PRESSURE_OUTPUT,OUTPUT_DEMAND,FITNESS
0.0188171621170643,30.55764230559405,1.7,0.898940253881887
