EMITTER_COEFFICIENT_SOLUTION,PRESSURE_OUTPUT,OUTPUT_DEMAND,FITNESS
1.1667829069618492,26.433708308135806,10.1,9.376456929192349
