EMITTER_COEFFICIENT_SOLUTION,PRESSURE_OUTPUT,OUTPUT_DEMAND,FITNESS
1.1282766580537993,27.372357785382246,1.2,0.9490080114150365
