EMITTER_COEFFICIENT_SOLUTION,PRESSURE_OUTPUT,OUTPUT_DEMAND,FITNESS
0.6936247272787863,23.938667676623123,3.9,8.206487352412557
