EMITTER_COEFFICIENT_SOLUTION,PRESSURE_OUTPUT,OUTPUT_DEMAND,FITNESS
1.3461935041397943,23.524080688054607,3.9,1.864135108268201
