EMITTER_COEFFICIENT_SOLUTION,PRESSURE_OUTPUT,OUTPUT_DEMAND,FITNESS
0.14006339454882766,27.18347048382323,1.1,5.387175901074749
