EMITTER_COEFFICIENT_SOLUTION,PRESSURE_OUTPUT,OUTPUT_DEMAND,FITNESS
0.6986452591348582,26.891660234232443,1.1,9.417416610144185
