EMITTER_COEFFICIENT_SOLUTION,PRESSURE_OUTPUT,OUTPUT_DEMAND,FITNESS
0.44693235552466204,24.093814520746413,3.9,30.0354157542212
