EMITTER_COEFFICIENT_SOLUTION,PRESSURE_OUTPUT,OUTPUT_DEMAND,FITNESS
0.10142990618231795,24.8590962314628,12.6,22.381922203603448
