EMITTER_COEFFICIENT_SOLUTION,PRESSURE_OUTPUT,OUTPUT_DEMAND,FITNESS
0.24147359413570513,23.99898053677296,13.000000000000002,37.47128058047475
