EMITTER_COEFFICIENT_SOLUTION,PRESSURE_OUTPUT,OUTPUT_DEMAND,FITNESS
1.1427673967693588,21.916442520742425,1.2,0.6125754800162334
