EMITTER_COEFFICIENT_SOLUTION,PRESSURE_OUTPUT,OUTPUT_DEMAND,FITNESS
0.4314363463175559,27.4115267628588,1.5,11.625049241868648
