EMITTER_COEFFICIENT_SOLUTION,PRESSURE_OUTPUT,OUTPUT_DEMAND,FITNESS
1.1152104791211936,26.368910056088986,1.5,1.0453716753902162
