EMITTER_COEFFICIENT_SOLUTION,PRESSURE_OUTPUT,OUTPUT_DEMAND,FITNESS
0.6200230124340939,24.80083813800473,12.6,73.63131293563397
