EMITTER_COEFFICIENT_SOLUTION,PRESSURE_OUTPUT,OUTPUT_DEMAND,FITNESS
0.12191789162525057,24.011224085052646,13.000000000000002,25.686699690353816
