EMITTER_COEFFICIENT_SOLUTION,PRESSURE_OUTPUT,OUTPUT_DEMAND,FITNESS
1.077696633150757,26.435860044535367,1.5,1.1240406038217843
