EMITTER_COEFFICIENT_SOLUTION,PRESSURE_OUTPUT,OUTPUT_DEMAND,FITNESS
0.34088248824942546,26.56527205132754,10.1,40.13541598494142
