EMITTER_COEFFICIENT_SOLUTION,PRESSURE_OUTPUT,OUTPUT_DEMAND,FITNESS
0.12185458262404736,28.885468264198124,1.2,2.17684423709888
