EMITTER_COEFFICIENT_SOLUTION,PRESSURE_OUTPUT,OUTPUT_DEMAND,FITNESS
0.028839975490486447,24.354414891227968,3.9,3.4025827035856646
