EMITTER_COEFFICIENT_SOLUTION,PRESSURE_OUTPUT,OUTPUT_DEMAND,FITNESS
1.191937295263938,26.22887628608386,1.5,0.9118834811481623
