EMITTER_COEFFICIENT_SOLUTION,PRESSURE_OUTPUT,OUTPUT_DEMAND,FITNESS
0.08120678522297542,24.436854541901493,1.2,1.126174151676702
