EMITTER_COEFFICIENT_SOLUTION,PRESSURE_OUTPUT,OUTPUT_DEMAND,FITNESS
0.009557636508565781,27.251646734773217,1.21,4.224928960332187
