EMITTER_COEFFICIENT_SOLUTION,PRESSURE_OUTPUT,OUTPUT_DEMAND,FITNESS
0.07803987543529589,25.112053786034398,23.0,3.8661995236668907
