EMITTER_COEFFICIENT_SOLUTION,PRESSURE_OUTPUT,OUTPUT_DEMAND,FITNESS
0.08720260703927385,28.94437002247183,0.89,8.25577921041771
