EMITTER_COEFFICIENT_SOLUTION,PRESSURE_OUTPUT,OUTPUT_DEMAND,FITNESS
1.4181868936776092,26.725817210436322,1.7,0.3677273486915594
