EMITTER_COEFFICIENT_SOLUTION,PRESSURE_OUTPUT,OUTPUT_DEMAND,FITNESS
0.3589272756503302,28.889029120306176,1.2,28.70777102882076
