EMITTER_COEFFICIENT_SOLUTION,PRESSURE_OUTPUT,OUTPUT_DEMAND,FITNESS
1.2553650376797565,24.37675007549106,23.0,2.0979588495446535
