EMITTER_COEFFICIENT_SOLUTION,PRESSURE_OUTPUT,OUTPUT_DEMAND,FITNESS
0.6785170942311193,24.742274488780307,23.0,8.99852215378991
