EMITTER_COEFFICIENT_SOLUTION,PRESSURE_OUTPUT,OUTPUT_DEMAND,FITNESS
0.2275667258186781,28.919975154321364,1.2,15.20223354921007
