EMITTER_COEFFICIENT_SOLUTION,PRESSURE_OUTPUT,OUTPUT_DEMAND,FITNESS
1.2291856342318292,23.895502493976373,13.000000000000002,13.022030787254515
