EMITTER_COEFFICIENT_SOLUTION,PRESSURE_OUTPUT,OUTPUT_DEMAND,FITNESS
1.0017613672408128,23.743603742828086,3.9,3.1553828957181165
