EMITTER_COEFFICIENT_SOLUTION,PRESSURE_OUTPUT,OUTPUT_DEMAND,FITNESS
0.44657883470656157,27.02595861614573,1.1,35.56927951648478
