EMITTER_COEFFICIENT_SOLUTION,PRESSURE_OUTPUT,OUTPUT_DEMAND,FITNESS
0.8223078697878268,23.938625930095334,13.000000000000002,29.700469288237137
