EMITTER_COEFFICIENT_SOLUTION,PRESSURE_OUTPUT,OUTPUT_DEMAND,FITNESS
0.270205398817736,24.46702490024048,1.5,1.6255940596493141
