EMITTER_COEFFICIENT_SOLUTION,PRESSURE_OUTPUT,OUTPUT_DEMAND,FITNESS
1.443866360486279,26.642156922964258,1.7,0.35675216248256486
