EMITTER_COEFFICIENT_SOLUTION,PRESSURE_OUTPUT,OUTPUT_DEMAND,FITNESS
0.573606749019953,27.228196216369035,1.5,10.276287707452825
