EMITTER_COEFFICIENT_SOLUTION,PRESSURE_OUTPUT,OUTPUT_DEMAND,FITNESS
0.31358794679732693,24.835394820079195,12.6,47.670114499163844
