EMITTER_COEFFICIENT_SOLUTION,PRESSURE_OUTPUT,OUTPUT_DEMAND,FITNESS
0.4191434412804357,24.823534204986473,12.6,109.68654446011183
