EMITTER_COEFFICIENT_SOLUTION,PRESSURE_OUTPUT,OUTPUT_DEMAND,FITNESS
0.48734473161818936,29.477833159667092,1.7,30.663713541530143
