EMITTER_COEFFICIENT_SOLUTION,PRESSURE_OUTPUT,OUTPUT_DEMAND,FITNESS
0.2813266877972018,27.58364679847412,1.5,3.8738492366876334
