EMITTER_COEFFICIENT_SOLUTION,PRESSURE_OUTPUT,OUTPUT_DEMAND,FITNESS
0.2640170660907334,24.840949150965642,12.6,37.69057127729164
