EMITTER_COEFFICIENT_SOLUTION,PRESSURE_OUTPUT,OUTPUT_DEMAND,FITNESS
1.3974829536453854,21.20852133320424,1.2,0.4272823036982211
