EMITTER_COEFFICIENT_SOLUTION,PRESSURE_OUTPUT,OUTPUT_DEMAND,FITNESS
1.2360829747460476,24.389119494966693,23.0,2.153852469238113
