EMITTER_COEFFICIENT_SOLUTION,PRESSURE_OUTPUT,OUTPUT_DEMAND,FITNESS
1.2911475026305848,26.619106847684797,1.21,2.526199742888428
