EMITTER_COEFFICIENT_SOLUTION,PRESSURE_OUTPUT,OUTPUT_DEMAND,FITNESS
0.25606605438323315,30.04338744080356,1.7,1.6717764032385372
