EMITTER_COEFFICIENT_SOLUTION,PRESSURE_OUTPUT,OUTPUT_DEMAND,FITNESS
0.6391238299765687,26.518402670564733,10.1,45.5461964158825
