EMITTER_COEFFICIENT_SOLUTION,PRESSURE_OUTPUT,OUTPUT_DEMAND,FITNESS
0.1048692615365574,24.307259948133023,3.9,4.052858083864451
