EMITTER_COEFFICIENT_SOLUTION,PRESSURE_OUTPUT,OUTPUT_DEMAND,FITNESS
0.2661747558839552,28.91103051644894,1.2,17.594739356441952
