EMITTER_COEFFICIENT_SOLUTION,PRESSURE_OUTPUT,OUTPUT_DEMAND,FITNESS
0.6268075583357847,24.800068762174448,12.6,69.68371959225735
