EMITTER_COEFFICIENT_SOLUTION,PRESSURE_OUTPUT,OUTPUT_DEMAND,FITNESS
1.2174989735936,27.198113157411065,1.2,0.8143478234959796
