EMITTER_COEFFICIENT_SOLUTION,PRESSURE_OUTPUT,OUTPUT_DEMAND,FITNESS
0.1537797836435928,27.71156612944737,1.5,2.590267536658521
