EMITTER_COEFFICIENT_SOLUTION,PRESSURE_OUTPUT,OUTPUT_DEMAND,FITNESS
0.2238544454197029,26.996991424319653,1.1,9.007795710512314
