EMITTER_COEFFICIENT_SOLUTION,PRESSURE_OUTPUT,OUTPUT_DEMAND,FITNESS
1.026285223553344,23.728022820087578,3.9,3.007521765948787
