EMITTER_COEFFICIENT_SOLUTION,PRESSURE_OUTPUT,OUTPUT_DEMAND,FITNESS
1.4686546280625425,26.561128358267815,1.7,0.3467292207881889
