EMITTER_COEFFICIENT_SOLUTION,PRESSURE_OUTPUT,OUTPUT_DEMAND,FITNESS
1.3828246588758248,23.500650745404688,3.9,1.786123351190555
