EMITTER_COEFFICIENT_SOLUTION,PRESSURE_OUTPUT,OUTPUT_DEMAND,FITNESS
0.3854334663807828,27.057900917206013,1.1,16.65100102155739
