EMITTER_COEFFICIENT_SOLUTION,PRESSURE_OUTPUT,OUTPUT_DEMAND,FITNESS
0.23140899161717143,24.84459736162968,12.6,33.13447657165647
