EMITTER_COEFFICIENT_SOLUTION,PRESSURE_OUTPUT,OUTPUT_DEMAND,FITNESS
0.32809493027323877,23.933639322021513,1.2,2.5991111823762014
