EMITTER_COEFFICIENT_SOLUTION,PRESSURE_OUTPUT,OUTPUT_DEMAND,FITNESS
1.1798484116796746,26.67577874779599,1.21,2.9482903769931483
