EMITTER_COEFFICIENT_SOLUTION,PRESSURE_OUTPUT,OUTPUT_DEMAND,FITNESS
0.7011058277748019,23.06773393178304,1.2,2.07830868106703
