EMITTER_COEFFICIENT_SOLUTION,PRESSURE_OUTPUT,OUTPUT_DEMAND,FITNESS
0.3161228968408112,27.545779691129404,1.5,4.539799002662053
