EMITTER_COEFFICIENT_SOLUTION,PRESSURE_OUTPUT,OUTPUT_DEMAND,FITNESS
0.9179677377761069,26.713176789423073,1.1,5.786980646385171
