EMITTER_COEFFICIENT_SOLUTION,PRESSURE_OUTPUT,OUTPUT_DEMAND,FITNESS
0.4041023401948076,27.44454744906661,1.5,8.40040869189821
