EMITTER_COEFFICIENT_SOLUTION,PRESSURE_OUTPUT,OUTPUT_DEMAND,FITNESS
0.3503252251050818,24.945809572657918,23.0,10.821606122753712
