EMITTER_COEFFICIENT_SOLUTION,PRESSURE_OUTPUT,OUTPUT_DEMAND,FITNESS
0.36718419684439185,27.48797346387326,1.5,6.1550642119895445
