EMITTER_COEFFICIENT_SOLUTION,PRESSURE_OUTPUT,OUTPUT_DEMAND,FITNESS
0.43466397896169884,29.611796216561068,1.7,6.00330567273381
