EMITTER_COEFFICIENT_SOLUTION,PRESSURE_OUTPUT,OUTPUT_DEMAND,FITNESS
0.8931358209327322,26.72359658569499,1.1,6.158322304440871
