EMITTER_COEFFICIENT_SOLUTION,PRESSURE_OUTPUT,OUTPUT_DEMAND,FITNESS
1.3343975007218638,23.884240419061953,13.000000000000002,11.356536889992954
