EMITTER_COEFFICIENT_SOLUTION,PRESSURE_OUTPUT,OUTPUT_DEMAND,FITNESS
1.2715428521691003,21.278991834770785,1.5,0.388670210926627
