EMITTER_COEFFICIENT_SOLUTION,PRESSURE_OUTPUT,OUTPUT_DEMAND,FITNESS
0.3875294927141193,23.98393932672664,13.000000000000002,85.8671662808947
