EMITTER_COEFFICIENT_SOLUTION,PRESSURE_OUTPUT,OUTPUT_DEMAND,FITNESS
0.36159759470800434,26.562040363059637,10.1,46.117032775410784
