EMITTER_COEFFICIENT_SOLUTION,PRESSURE_OUTPUT,OUTPUT_DEMAND,FITNESS
0.5478606833753278,24.823705614413644,23.0,33.67203643159411
