EMITTER_COEFFICIENT_SOLUTION,PRESSURE_OUTPUT,OUTPUT_DEMAND,FITNESS
0.6110316725374739,26.96041490143917,1.21,18.334002717956817
