EMITTER_COEFFICIENT_SOLUTION,PRESSURE_OUTPUT,OUTPUT_DEMAND,FITNESS
0.8234996278777003,26.752715653289997,1.1,7.503968475679762
