EMITTER_COEFFICIENT_SOLUTION,PRESSURE_OUTPUT,OUTPUT_DEMAND,FITNESS
0.5685779542963747,29.265695162491085,1.7,5.57015675960813
