EMITTER_COEFFICIENT_SOLUTION,PRESSURE_OUTPUT,OUTPUT_DEMAND,FITNESS
0.4642552151727062,27.370916970328743,1.5,22.020927227008567
