EMITTER_COEFFICIENT_SOLUTION,PRESSURE_OUTPUT,OUTPUT_DEMAND,FITNESS
0.6042419515379787,26.942443007226885,1.1,18.04941404761536
