EMITTER_COEFFICIENT_SOLUTION,PRESSURE_OUTPUT,OUTPUT_DEMAND,FITNESS
0.24369762503773806,27.623181741113925,1.5,3.359355807555814
