EMITTER_COEFFICIENT_SOLUTION,PRESSURE_OUTPUT,OUTPUT_DEMAND,FITNESS
0.3932665732406224,24.148902324548594,1.5,3.366582231696489
