EMITTER_COEFFICIENT_SOLUTION,PRESSURE_OUTPUT,OUTPUT_DEMAND,FITNESS
1.169530760737084,27.51912915382611,1.7,0.5191854145586874
