EMITTER_COEFFICIENT_SOLUTION,PRESSURE_OUTPUT,OUTPUT_DEMAND,FITNESS
1.0034216431008727,26.565380160050786,1.5,1.315568835817615
