EMITTER_COEFFICIENT_SOLUTION,PRESSURE_OUTPUT,OUTPUT_DEMAND,FITNESS
0.1903146332649881,24.658368377360375,1.5,1.2399206764777881
