EMITTER_COEFFICIENT_SOLUTION,PRESSURE_OUTPUT,OUTPUT_DEMAND,FITNESS
1.4034575837919134,26.49534070975313,1.1,1.9900269478258426
