EMITTER_COEFFICIENT_SOLUTION,PRESSURE_OUTPUT,OUTPUT_DEMAND,FITNESS
0.7717151224879754,28.72787595919865,0.89,10.485610322606613
