EMITTER_COEFFICIENT_SOLUTION,PRESSURE_OUTPUT,OUTPUT_DEMAND,FITNESS
0.5498507927714791,23.43257493323599,1.2,8.597012496303515
