EMITTER_COEFFICIENT_SOLUTION,PRESSURE_OUTPUT,OUTPUT_DEMAND,FITNESS
0.4778885852011021,23.59982778149282,1.2,19.63272243662354
