EMITTER_COEFFICIENT_SOLUTION,PRESSURE_OUTPUT,OUTPUT_DEMAND,FITNESS
0.15434514266480004,28.936590858165005,1.2,12.136583423639957
