EMITTER_COEFFICIENT_SOLUTION,PRESSURE_OUTPUT,OUTPUT_DEMAND,FITNESS
0.1951229530579739,30.182208554906886,1.7,1.3568756112536842
