EMITTER_COEFFICIENT_SOLUTION,PRESSURE_OUTPUT,OUTPUT_DEMAND,FITNESS
0.10643430600622072,24.388331969970515,1.2,1.1912709959557832
