EMITTER_COEFFICIENT_SOLUTION,PRESSURE_OUTPUT,OUTPUT_DEMAND,FITNESS
0.46179945379336873,23.976255678204602,13.000000000000002,252.38207990788473
