EMITTER_COEFFICIENT_SOLUTION,PRESSURE_OUTPUT,OUTPUT_DEMAND,FITNESS
1.3570223716441898,24.31137180335998,23.0,1.8449093740269549
