EMITTER_COEFFICIENT_SOLUTION,PRESSURE_OUTPUT,OUTPUT_DEMAND,FITNESS
1.1334336950449504,26.439127379566408,10.1,9.878394865462758
