EMITTER_COEFFICIENT_SOLUTION,PRESSURE_OUTPUT,OUTPUT_DEMAND,FITNESS
1.3973100930367635,26.396008580850378,10.1,6.927615154733934
