EMITTER_COEFFICIENT_SOLUTION,PRESSURE_OUTPUT,OUTPUT_DEMAND,FITNESS
0.3821383662100386,23.984496149443096,13.000000000000002,81.94895805828504
