EMITTER_COEFFICIENT_SOLUTION,PRESSURE_OUTPUT,OUTPUT_DEMAND,FITNESS
1.2437765624678523,26.1319760286747,1.5,0.8378496268662669
