EMITTER_COEFFICIENT_SOLUTION,PRESSURE_OUTPUT,OUTPUT_DEMAND,FITNESS
0.49835734781959495,28.854611344093755,1.2,2403.860561065989
