EMITTER_COEFFICIENT_SOLUTION,PRESSURE_OUTPUT,OUTPUT_DEMAND,FITNESS
0.4555917907317377,24.819428235826393,12.6,199.56417665302848
