EMITTER_COEFFICIENT_SOLUTION,PRESSURE_OUTPUT,OUTPUT_DEMAND,FITNESS
0.2257900219184965,27.641473617667444,1.5,3.16487749789873
