EMITTER_COEFFICIENT_SOLUTION,PRESSURE_OUTPUT,OUTPUT_DEMAND,FITNESS
1.3152428154837872,21.118111581475176,1.5,0.3657971486091406
