EMITTER_COEFFICIENT_SOLUTION,PRESSURE_OUTPUT,OUTPUT_DEMAND,FITNESS
1.3590128819350804,26.911031229221592,1.2,0.6600405458646768
