EMITTER_COEFFICIENT_SOLUTION,PRESSURE_OUTPUT,OUTPUT_DEMAND,FITNESS
0.9213555164704356,28.74061129587647,1.2,8.803897958812735
