EMITTER_COEFFICIENT_SOLUTION,PRESSURE_OUTPUT,OUTPUT_DEMAND,FITNESS
0.6117737257189713,23.99025014832218,3.9,14.230349377584819
