EMITTER_COEFFICIENT_SOLUTION,PRESSURE_OUTPUT,OUTPUT_DEMAND,FITNESS
0.23758940089041325,28.917665248063102,1.2,15.755499484688091
