EMITTER_COEFFICIENT_SOLUTION,PRESSURE_OUTPUT,OUTPUT_DEMAND,FITNESS
0.48004737568479416,24.865762183116505,23.0,80.90395468313379
