EMITTER_COEFFICIENT_SOLUTION,PRESSURE_OUTPUT,OUTPUT_DEMAND,FITNESS
0.8327109363235603,26.847021347921405,1.5,2.0899241095823475
