EMITTER_COEFFICIENT_SOLUTION,PRESSURE_OUTPUT,OUTPUT_DEMAND,FITNESS
1.4263048678260706,26.699401462365866,1.7,0.3641896854735324
