EMITTER_COEFFICIENT_SOLUTION,PRESSURE_OUTPUT,OUTPUT_DEMAND,FITNESS
0.16095883821940937,24.007232769452116,13.000000000000002,28.621034796808072
