EMITTER_COEFFICIENT_SOLUTION,PRESSURE_OUTPUT,OUTPUT_DEMAND,FITNESS
0.15033624574654836,9.36592736996235,1.0,91.33954048512095
