EMITTER_COEFFICIENT_SOLUTION,PRESSURE_OUTPUT,OUTPUT_DEMAND,FITNESS
0.8566592858626976,23.835626622255255,3.9,4.446502293690476
