EMITTER_COEFFICIENT_SOLUTION,PRESSURE_OUTPUT,OUTPUT_DEMAND,FITNESS
0.33690814181307716,27.094442943843617,1.21,12.58074014827402
