EMITTER_COEFFICIENT_SOLUTION,PRESSURE_OUTPUT,OUTPUT_DEMAND,FITNESS
0.721176665682721,26.879455676215603,1.1,8.44660286842352
