EMITTER_COEFFICIENT_SOLUTION,PRESSURE_OUTPUT,OUTPUT_DEMAND,FITNESS
1.2978154317686723,23.8881613588145,13.000000000000002,11.885790917366696
