EMITTER_COEFFICIENT_SOLUTION,PRESSURE_OUTPUT,OUTPUT_DEMAND,FITNESS
0.6525818889641192,24.797144239658444,12.6,57.88686280096027
