EMITTER_COEFFICIENT_SOLUTION,PRESSURE_OUTPUT,OUTPUT_DEMAND,FITNESS
0.4630027293653346,28.8634898426387,1.2,107.59055622135095
