EMITTER_COEFFICIENT_SOLUTION,PRESSURE_OUTPUT,OUTPUT_DEMAND,FITNESS
0.4793214380455799,24.07350005899965,3.9,77.04417170194401
