EMITTER_COEFFICIENT_SOLUTION,PRESSURE_OUTPUT,OUTPUT_DEMAND,FITNESS
1.1833080637943882,27.26552417537108,1.2,0.8616489159622558
