EMITTER_COEFFICIENT_SOLUTION,PRESSURE_OUTPUT,OUTPUT_DEMAND,FITNESS
0.12298628443177095,25.084780805227048,23.0,4.32191419463663
