EMITTER_COEFFICIENT_SOLUTION,PRESSURE_OUTPUT,OUTPUT_DEMAND,FITNESS
0.2949748840999393,27.568942922443895,1.5,4.107833916925476
