EMITTER_COEFFICIENT_SOLUTION,PRESSURE_OUTPUT,OUTPUT_DEMAND,FITNESS
0.9783112936796188,27.652577002411515,1.2,1.292803650705633
