EMITTER_COEFFICIENT_SOLUTION,PRESSURE_OUTPUT,OUTPUT_DEMAND,FITNESS
0.21026875065703332,24.24171180019614,3.9,5.5190285292074535
