EMITTER_COEFFICIENT_SOLUTION,PRESSURE_OUTPUT,OUTPUT_DEMAND,FITNESS
0.05901232853012994,28.951535849342307,0.89,7.794651637655616
