EMITTER_COEFFICIENT_SOLUTION,PRESSURE_OUTPUT,OUTPUT_DEMAND,FITNESS
0.3137047688842961,24.968309508837724,23.0,8.702639944660573
