EMITTER_COEFFICIENT_SOLUTION,PRESSURE_OUTPUT,OUTPUT_DEMAND,FITNESS
0.21469121599970542,24.172453658198148,1.2,1.6036917043284373
