EMITTER_COEFFICIENT_SOLUTION,PRESSURE_OUTPUT,OUTPUT_DEMAND,FITNESS
0.42832354729519906,24.82250055688923,12.6,123.71276189112065
