EMITTER_COEFFICIENT_SOLUTION,PRESSURE_OUTPUT,OUTPUT_DEMAND,FITNESS
1.3615274301548832,26.40188779606421,10.1,7.221749353846369
