EMITTER_COEFFICIENT_SOLUTION,PRESSURE_OUTPUT,OUTPUT_DEMAND,FITNESS
1.217091571383385,23.896794147877465,13.000000000000002,13.244807884578103
