EMITTER_COEFFICIENT_SOLUTION,PRESSURE_OUTPUT,OUTPUT_DEMAND,FITNESS
0.0612983384014828,28.95704046365222,1.2,9.723359052290254
