EMITTER_COEFFICIENT_SOLUTION,PRESSURE_OUTPUT,OUTPUT_DEMAND,FITNESS
1.1911204533961048,24.41792346028539,23.0,2.2963146640684218
