EMITTER_COEFFICIENT_SOLUTION,PRESSURE_OUTPUT,OUTPUT_DEMAND,FITNESS
0.3527690872785021,27.504559875344412,1.5,5.584899439791078
