EMITTER_COEFFICIENT_SOLUTION,PRESSURE_OUTPUT,OUTPUT_DEMAND,FITNESS
0.8817245576241203,9.342945889048899,1.0,83.08877635436228
