EMITTER_COEFFICIENT_SOLUTION,PRESSURE_OUTPUT,OUTPUT_DEMAND,FITNESS
0.6820175315653485,23.114718759833444,1.2,2.3032152962935606
