EMITTER_COEFFICIENT_SOLUTION,PRESSURE_OUTPUT,OUTPUT_DEMAND,FITNESS
1.3920344289604574,21.223915524436052,1.2,0.43011143282812253
