EMITTER_COEFFICIENT_SOLUTION,PRESSURE_OUTPUT,OUTPUT_DEMAND,FITNESS
0.361092882945683,26.942145129178343,1.1,17.803523754788213
