EMITTER_COEFFICIENT_SOLUTION,PRESSURE_OUTPUT,OUTPUT_DEMAND,FITNESS
0.7816872584115354,24.67760787078942,23.0,5.688412308520507
