EMITTER_COEFFICIENT_SOLUTION,PRESSURE_OUTPUT,OUTPUT_DEMAND,FITNESS
0.5665027692164248,28.33053823116198,1.2,10.465567200393872
