EMITTER_COEFFICIENT_SOLUTION,PRESSURE_OUTPUT,OUTPUT_DEMAND,FITNESS
0.3379223127987224,27.093951020420405,1.21,12.659084191781178
