EMITTER_COEFFICIENT_SOLUTION,PRESSURE_OUTPUT,OUTPUT_DEMAND,FITNESS
1.2826146968199383,9.330214397774604,1.0,40.376615086827016
