EMITTER_COEFFICIENT_SOLUTION,PRESSURE_OUTPUT,OUTPUT_DEMAND,FITNESS
1.1998262042401744,26.612830531398156,1.1,2.5972950867473767
