EMITTER_COEFFICIENT_SOLUTION,PRESSURE_OUTPUT,OUTPUT_DEMAND,FITNESS
1.3954900708776832,25.838322794503128,1.5,0.672411378604502
