EMITTER_COEFFICIENT_SOLUTION,PRESSURE_OUTPUT,OUTPUT_DEMAND,FITNESS
0.3899986735105514,29.7230654332036,1.7,3.5991405444430353
