EMITTER_COEFFICIENT_SOLUTION,PRESSURE_OUTPUT,OUTPUT_DEMAND,FITNESS
0.008853162016188687,24.022745695432427,13.000000000000002,19.82071620013326
