EMITTER_COEFFICIENT_SOLUTION,PRESSURE_OUTPUT,OUTPUT_DEMAND,FITNESS
0.21359125984373273,27.154035148128756,1.21,7.190169297624267
