EMITTER_COEFFICIENT_SOLUTION,PRESSURE_OUTPUT,OUTPUT_DEMAND,FITNESS
0.41275445847559644,26.554044216379488,10.1,73.05767610517223
