EMITTER_COEFFICIENT_SOLUTION,PRESSURE_OUTPUT,OUTPUT_DEMAND,FITNESS
0.07367963031053415,25.11469591934809,23.0,3.8271055844039035
