EMITTER_COEFFICIENT_SOLUTION,PRESSURE_OUTPUT,OUTPUT_DEMAND,FITNESS
1.1305344033371356,26.341272229738223,1.5,1.0160171113623206
