EMITTER_COEFFICIENT_SOLUTION,PRESSURE_OUTPUT,OUTPUT_DEMAND,FITNESS
1.5002688698540112,26.457413385472112,1.7,0.3346933107247933
