EMITTER_COEFFICIENT_SOLUTION,PRESSURE_OUTPUT,OUTPUT_DEMAND,FITNESS
0.8333085218773647,24.776563293819443,12.6,26.415876010241288
