EMITTER_COEFFICIENT_SOLUTION,PRESSURE_OUTPUT,OUTPUT_DEMAND,FITNESS
0.6220808677767201,24.777512182072734,23.0,13.17667742647122
