EMITTER_COEFFICIENT_SOLUTION,PRESSURE_OUTPUT,OUTPUT_DEMAND,FITNESS
0.7123686421925348,23.95015955548555,13.000000000000002,45.17553259771472
