EMITTER_COEFFICIENT_SOLUTION,PRESSURE_OUTPUT,OUTPUT_DEMAND,FITNESS
0.4883420124084423,29.475269278245516,1.7,33.280135402085406
