EMITTER_COEFFICIENT_SOLUTION,PRESSURE_OUTPUT,OUTPUT_DEMAND,FITNESS
0.45938257756052625,26.546737066126504,10.1,156.72346735157328
