EMITTER_COEFFICIENT_SOLUTION,PRESSURE_OUTPUT,OUTPUT_DEMAND,FITNESS
0.17132921464570805,28.922118960510232,0.89,10.113656427088198
