EMITTER_COEFFICIENT_SOLUTION,PRESSURE_OUTPUT,OUTPUT_DEMAND,FITNESS
1.2445272429144483,28.534478488459293,0.89,3.463008410890272
