EMITTER_COEFFICIENT_SOLUTION,PRESSURE_OUTPUT,OUTPUT_DEMAND,FITNESS
1.4274245893223512,23.472103783234797,3.9,1.6994700973246364
