EMITTER_COEFFICIENT_SOLUTION,PRESSURE_OUTPUT,OUTPUT_DEMAND,FITNESS
0.4800952681970998,23.594763113475974,1.2,21.80040714729334
