EMITTER_COEFFICIENT_SOLUTION,PRESSURE_OUTPUT,OUTPUT_DEMAND,FITNESS
0.9608937293356424,24.761955907174745,12.6,19.060903853755182
