EMITTER_COEFFICIENT_SOLUTION,PRESSURE_OUTPUT,OUTPUT_DEMAND,FITNESS
0.8159995795589422,24.656030799896232,23.0,5.066547890403216
