EMITTER_COEFFICIENT_SOLUTION,PRESSURE_OUTPUT,OUTPUT_DEMAND,FITNESS
0.36091498396637656,29.79434795218555,1.7,2.864290254739293
