EMITTER_COEFFICIENT_SOLUTION,PRESSURE_OUTPUT,OUTPUT_DEMAND,FITNESS
0.33150828152525424,24.957376273927178,23.0,9.617749654759299
