EMITTER_COEFFICIENT_SOLUTION,PRESSURE_OUTPUT,OUTPUT_DEMAND,FITNESS
0.37921243492614154,9.358770077044959,1.0,263.79181851521975
