EMITTER_COEFFICIENT_SOLUTION,PRESSURE_OUTPUT,OUTPUT_DEMAND,FITNESS
0.33258860279991886,9.360230623498765,1.0,190.42488122526214
