EMITTER_COEFFICIENT_SOLUTION,PRESSURE_OUTPUT,OUTPUT_DEMAND,FITNESS
0.10447695584342265,26.60190084270826,10.1,16.248420951910564
