EMITTER_COEFFICIENT_SOLUTION,PRESSURE_OUTPUT,OUTPUT_DEMAND,FITNESS
0.4831146291484326,24.863863034003735,23.0,95.59145496017695
