EMITTER_COEFFICIENT_SOLUTION,PRESSURE_OUTPUT,OUTPUT_DEMAND,FITNESS
0.11188085992900598,24.302905762471234,3.9,4.125663236227421
