EMITTER_COEFFICIENT_SOLUTION,PRESSURE_OUTPUT,OUTPUT_DEMAND,FITNESS
0.493563247781694,26.541369239619392,10.1,987.3238889804938
