EMITTER_COEFFICIENT_SOLUTION,PRESSURE_OUTPUT,OUTPUT_DEMAND,FITNESS
1.2855664570281493,28.63135909194675,1.2,4.487559829502406
