EMITTER_COEFFICIENT_SOLUTION,PRESSURE_OUTPUT,OUTPUT_DEMAND,FITNESS
0.8728482929556098,22.685770328572083,1.5,0.8575617073790853
