EMITTER_COEFFICIENT_SOLUTION,PRESSURE_OUTPUT,OUTPUT_DEMAND,FITNESS
0.9255484847017766,28.739410897232098,1.2,8.711829711782373
