EMITTER_COEFFICIENT_SOLUTION,PRESSURE_OUTPUT,OUTPUT_DEMAND,FITNESS
0.45717088586776256,28.48540442409768,1.2,16.85864320055731
