EMITTER_COEFFICIENT_SOLUTION,PRESSURE_OUTPUT,OUTPUT_DEMAND,FITNESS
0.5601206908032741,27.246402885915472,1.5,12.641468151194156
