EMITTER_COEFFICIENT_SOLUTION,PRESSURE_OUTPUT,OUTPUT_DEMAND,FITNESS
0.6041755866517446,28.27459009883888,1.2,6.6006787677257535
