EMITTER_COEFFICIENT_SOLUTION,PRESSURE_OUTPUT,OUTPUT_DEMAND,FITNESS
0.1533179695586795,27.71199752227424,1.5,2.587376343249873
