EMITTER_COEFFICIENT_SOLUTION,PRESSURE_OUTPUT,OUTPUT_DEMAND,FITNESS
0.35779820641041604,24.941212800303383,23.0,11.388101058713422
