EMITTER_COEFFICIENT_SOLUTION,PRESSURE_OUTPUT,OUTPUT_DEMAND,FITNESS
0.17419526686761388,26.591147106174198,10.1,19.688641688990792
