EMITTER_COEFFICIENT_SOLUTION,PRESSURE_OUTPUT,OUTPUT_DEMAND,FITNESS
0.18510199992309084,9.364842222223864,1.0,101.38889280801826
