EMITTER_COEFFICIENT_SOLUTION,PRESSURE_OUTPUT,OUTPUT_DEMAND,FITNESS
0.2518766288494151,25.00619890088348,23.0,6.54462884258822
