EMITTER_COEFFICIENT_SOLUTION,PRESSURE_OUTPUT,OUTPUT_DEMAND,FITNESS
0.4239586562814015,28.53017779889329,1.2,9.607058870303398
