EMITTER_COEFFICIENT_SOLUTION,PRESSURE_OUTPUT,OUTPUT_DEMAND,FITNESS
1.3620700049404433,23.513927797395922,3.9,1.82950915942667
