EMITTER_COEFFICIENT_SOLUTION,PRESSURE_OUTPUT,OUTPUT_DEMAND,FITNESS
0.8806280019939846,28.686346758754212,0.89,7.304708966676567
