EMITTER_COEFFICIENT_SOLUTION,PRESSURE_OUTPUT,OUTPUT_DEMAND,FITNESS
1.375128600988187,26.877544432822795,1.2,0.6457673797669184
