EMITTER_COEFFICIENT_SOLUTION,PRESSURE_OUTPUT,OUTPUT_DEMAND,FITNESS
0.867430894638505,27.848900356066977,1.2,1.7325338092108362
