EMITTER_COEFFICIENT_SOLUTION,PRESSURE_OUTPUT,OUTPUT_DEMAND,FITNESS
0.5717926693460258,27.230655053746908,1.5,10.54267712446697
