EMITTER_COEFFICIENT_SOLUTION,PRESSURE_OUTPUT,OUTPUT_DEMAND,FITNESS
0.3077679696105895,28.678158020862078,1.2,3.9671464532326284
