EMITTER_COEFFICIENT_SOLUTION,PRESSURE_OUTPUT,OUTPUT_DEMAND,FITNESS
0.4575228807012157,29.554025079248316,1.7,9.190859210778425
