EMITTER_COEFFICIENT_SOLUTION,PRESSURE_OUTPUT,OUTPUT_DEMAND,FITNESS
0.5697715587299905,23.6479712695174,1.5,4.904463444018045
