EMITTER_COEFFICIENT_SOLUTION,PRESSURE_OUTPUT,OUTPUT_DEMAND,FITNESS
1.0611773611441329,23.91339218036842,13.000000000000002,16.976991531980175
