EMITTER_COEFFICIENT_SOLUTION,PRESSURE_OUTPUT,OUTPUT_DEMAND,FITNESS
0.5870847615944932,26.52663332551304,10.1,72.85934553297837
