EMITTER_COEFFICIENT_SOLUTION,PRESSURE_OUTPUT,OUTPUT_DEMAND,FITNESS
0.6844320504433099,23.944465974534882,3.9,8.616491543290296
