EMITTER_COEFFICIENT_SOLUTION,PRESSURE_OUTPUT,OUTPUT_DEMAND,FITNESS
0.4448979171051761,26.90833587650539,1.1,44.7239127456147
