EMITTER_COEFFICIENT_SOLUTION,PRESSURE_OUTPUT,OUTPUT_DEMAND,FITNESS
0.4383947788141459,27.04507054664648,1.21,33.2069453232552
