EMITTER_COEFFICIENT_SOLUTION,PRESSURE_OUTPUT,OUTPUT_DEMAND,FITNESS
1.1714009392722189,26.432957216204365,10.1,9.310884271180639
