EMITTER_COEFFICIENT_SOLUTION,PRESSURE_OUTPUT,OUTPUT_DEMAND,FITNESS
1.4809551123274303,20.50015752565221,1.5,0.2983551994416961
