EMITTER_COEFFICIENT_SOLUTION,PRESSURE_OUTPUT,OUTPUT_DEMAND,FITNESS
0.46819949575526854,28.862191207622054,1.2,125.06470480357639
