EMITTER_COEFFICIENT_SOLUTION,PRESSURE_OUTPUT,OUTPUT_DEMAND,FITNESS
0.8177172100041165,9.344969842510217,1.0,99.88646508562644
