EMITTER_COEFFICIENT_SOLUTION,PRESSURE_OUTPUT,OUTPUT_DEMAND,FITNESS
0.3871438546121697,27.057010867120773,1.1,16.901484827482147
