EMITTER_COEFFICIENT_SOLUTION,PRESSURE_OUTPUT,OUTPUT_DEMAND,FITNESS
1.4591599272116262,26.462800276401826,1.1,1.8689975109265327
