EMITTER_COEFFICIENT_SOLUTION,PRESSURE_OUTPUT,OUTPUT_DEMAND,FITNESS
1.2677178872726431,27.097700344238202,1.2,0.7527913548480893
