EMITTER_COEFFICIENT_SOLUTION,PRESSURE_OUTPUT,OUTPUT_DEMAND,FITNESS
0.5348333339544438,29.354620786227684,1.7,11.037218485060194
