EMITTER_COEFFICIENT_SOLUTION,PRESSURE_OUTPUT,OUTPUT_DEMAND,FITNESS
0.5882628912186869,23.341580548158323,1.2,4.823604116393707
