EMITTER_COEFFICIENT_SOLUTION,PRESSURE_OUTPUT,OUTPUT_DEMAND,FITNESS
0.640455642952499,23.957676339759985,13.000000000000002,68.40370115498379
