EMITTER_COEFFICIENT_SOLUTION,PRESSURE_OUTPUT,OUTPUT_DEMAND,FITNESS
0.5888950640358259,23.590822897756436,1.5,3.830767799770434
