EMITTER_COEFFICIENT_SOLUTION,PRESSURE_OUTPUT,OUTPUT_DEMAND,FITNESS
0.014883102130860748,25.150261682793204,23.0,3.3685931287036524
