EMITTER_COEFFICIENT_SOLUTION,PRESSURE_OUTPUT,OUTPUT_DEMAND,FITNESS
1.2496350448512075,26.572238606567723,1.1,3.1873539392930494
