EMITTER_COEFFICIENT_SOLUTION,PRESSURE_OUTPUT,OUTPUT_DEMAND,FITNESS
1.004692086027891,28.716499431456754,1.2,7.262274080578112
