EMITTER_COEFFICIENT_SOLUTION,PRESSURE_OUTPUT,OUTPUT_DEMAND,FITNESS
0.35400743410526003,9.359559815219882,1.0,218.31171062983688
