EMITTER_COEFFICIENT_SOLUTION,PRESSURE_OUTPUT,OUTPUT_DEMAND,FITNESS
0.4590734774330727,27.01940054457345,1.1,46.39063089512074
