EMITTER_COEFFICIENT_SOLUTION,PRESSURE_OUTPUT,OUTPUT_DEMAND,FITNESS
0.9395787638252328,24.57803302759061,23.0,3.631466830314067
