EMITTER_COEFFICIENT_SOLUTION,PRESSURE_OUTPUT,OUTPUT_DEMAND,FITNESS
0.42351285432390817,23.723308557257678,1.2,5.733414129682857
