EMITTER_COEFFICIENT_SOLUTION,PRESSURE_OUTPUT,OUTPUT_DEMAND,FITNESS
0.23996548828689013,25.013483889245176,23.0,6.246796902477573
