EMITTER_COEFFICIENT_SOLUTION,PRESSURE_OUTPUT,OUTPUT_DEMAND,FITNESS
0.039895822951508175,27.237211702684746,1.21,4.499329501673296
