EMITTER_COEFFICIENT_SOLUTION,PRESSURE_OUTPUT,OUTPUT_DEMAND,FITNESS
1.4133495180578877,26.39336994803957,10.1,6.803255503962605
