EMITTER_COEFFICIENT_SOLUTION,PRESSURE_OUTPUT,OUTPUT_DEMAND,FITNESS
0.19387239907154274,24.650114843948963,1.5,1.2527408843527688
