EMITTER_COEFFICIENT_SOLUTION,PRESSURE_OUTPUT,OUTPUT_DEMAND,FITNESS
0.3014415920861053,23.992815996280918,13.000000000000002,48.726853739373
