EMITTER_COEFFICIENT_SOLUTION,PRESSURE_OUTPUT,OUTPUT_DEMAND,FITNESS
0.2086805322723322,24.242701014952228,3.9,5.489060976323978
