EMITTER_COEFFICIENT_SOLUTION,PRESSURE_OUTPUT,OUTPUT_DEMAND,FITNESS
0.24874072447679785,27.617969319410733,1.5,3.4192277823220714
