EMITTER_COEFFICIENT_SOLUTION,PRESSURE_OUTPUT,OUTPUT_DEMAND,FITNESS
0.06340426240375752,28.95658593312055,1.2,9.766522820652927
