EMITTER_COEFFICIENT_SOLUTION,PRESSURE_OUTPUT,OUTPUT_DEMAND,FITNESS
0.43875672315474534,24.024590883676566,1.5,5.789526007231117
