EMITTER_COEFFICIENT_SOLUTION,PRESSURE_OUTPUT,OUTPUT_DEMAND,FITNESS
1.3557430217833617,21.326200553130295,1.2,0.449904514138786
