EMITTER_COEFFICIENT_SOLUTION,PRESSURE_OUTPUT,OUTPUT_DEMAND,FITNESS
0.43124018240074224,9.357138708802395,1.0,463.0701774483411
