EMITTER_COEFFICIENT_SOLUTION,PRESSURE_OUTPUT,OUTPUT_DEMAND,FITNESS
0.6727260224269382,23.334239524915695,1.5,1.931890627706078
