EMITTER_COEFFICIENT_SOLUTION,PRESSURE_OUTPUT,OUTPUT_DEMAND,FITNESS
1.4171375862425861,23.47869013508777,3.9,1.7187081267921835
