EMITTER_COEFFICIENT_SOLUTION,PRESSURE_OUTPUT,OUTPUT_DEMAND,FITNESS
0.23974768122905799,27.62724558683781,1.5,3.314111871326282
