EMITTER_COEFFICIENT_SOLUTION,PRESSURE_OUTPUT,OUTPUT_DEMAND,FITNESS
0.4565084131309771,23.976803847064673,13.000000000000002,221.70907364262325
