EMITTER_COEFFICIENT_SOLUTION,PRESSURE_OUTPUT,OUTPUT_DEMAND,FITNESS
0.2303756718575556,28.768994961113293,1.2,2.9162401171701435
