EMITTER_COEFFICIENT_SOLUTION,PRESSURE_OUTPUT,OUTPUT_DEMAND,FITNESS
0.05296645810118927,24.01825707360547,13.000000000000002,21.75632651690804
