EMITTER_COEFFICIENT_SOLUTION,PRESSURE_OUTPUT,OUTPUT_DEMAND,FITNESS
0.6229423629359644,24.776975007509492,23.0,13.084066104552448
