EMITTER_COEFFICIENT_SOLUTION,PRESSURE_OUTPUT,OUTPUT_DEMAND,FITNESS
0.3936679335451655,9.358316976918864,1.0,299.6014091723649
