EMITTER_COEFFICIENT_SOLUTION,PRESSURE_OUTPUT,OUTPUT_DEMAND,FITNESS
0.9131855738325909,26.71518491358917,1.1,5.855021711326095
