EMITTER_COEFFICIENT_SOLUTION,PRESSURE_OUTPUT,OUTPUT_DEMAND,FITNESS
0.07759316712304187,26.60603667093917,10.1,15.225272327538447
