EMITTER_COEFFICIENT_SOLUTION,PRESSURE_OUTPUT,OUTPUT_DEMAND,FITNESS
0.9468555150109044,26.755464660343225,1.1,4.125722183487689
