EMITTER_COEFFICIENT_SOLUTION,PRESSURE_OUTPUT,OUTPUT_DEMAND,FITNESS
0.7328060144760373,22.989133707192224,1.2,1.7864776752066804
