EMITTER_COEFFICIENT_SOLUTION,PRESSURE_OUTPUT,OUTPUT_DEMAND,FITNESS
1.0993220758574176,26.636513760482643,1.1,4.00858297306052
