EMITTER_COEFFICIENT_SOLUTION,PRESSURE_OUTPUT,OUTPUT_DEMAND,FITNESS
1.3360220847004713,21.381593003301727,1.2,0.46140329012722564
