EMITTER_COEFFICIENT_SOLUTION,PRESSURE_OUTPUT,OUTPUT_DEMAND,FITNESS
1.0813092011232937,26.64417208813103,1.1,4.135540091242731
