EMITTER_COEFFICIENT_SOLUTION,PRESSURE_OUTPUT,OUTPUT_DEMAND,FITNESS
0.7850443491888872,26.768731590978177,1.1,8.529011437900909
