EMITTER_COEFFICIENT_SOLUTION,PRESSURE_OUTPUT,OUTPUT_DEMAND,FITNESS
0.7591897127757443,22.923182961302114,1.2,1.5981807608091063
