EMITTER_COEFFICIENT_SOLUTION,PRESSURE_OUTPUT,OUTPUT_DEMAND,FITNESS
0.7363944426510115,28.792203152818836,1.2,16.130542865670716
