EMITTER_COEFFICIENT_SOLUTION,PRESSURE_OUTPUT,OUTPUT_DEMAND,FITNESS
0.4035206033381503,28.854188613197394,0.89,32.314499150859454
