EMITTER_COEFFICIENT_SOLUTION,PRESSURE_OUTPUT,OUTPUT_DEMAND,FITNESS
0.12404727178344688,24.354048219853194,1.2,1.2419956341876266
