EMITTER_COEFFICIENT_SOLUTION,PRESSURE_OUTPUT,OUTPUT_DEMAND,FITNESS
1.2869664902269218,28.515491213423616,0.89,3.2493533757053332
