EMITTER_COEFFICIENT_SOLUTION,PRESSURE_OUTPUT,OUTPUT_DEMAND,FITNESS
0.446139666470005,29.582862850760893,1.7,7.265249234319865
