EMITTER_COEFFICIENT_SOLUTION,PRESSURE_OUTPUT,OUTPUT_DEMAND,FITNESS
0.3504689139865219,27.08786284130386,1.21,13.716202508142908
