EMITTER_COEFFICIENT_SOLUTION,PRESSURE_OUTPUT,OUTPUT_DEMAND,FITNESS
1.3567614200654228,26.52603669149427,1.1,2.778227065242029
