EMITTER_COEFFICIENT_SOLUTION,PRESSURE_OUTPUT,OUTPUT_DEMAND,FITNESS
1.3806654437711308,23.502032235887917,3.9,1.7905415346506899
