EMITTER_COEFFICIENT_SOLUTION,PRESSURE_OUTPUT,OUTPUT_DEMAND,FITNESS
0.2497804774576704,24.217087583375918,3.9,6.3870382355687685
