EMITTER_COEFFICIENT_SOLUTION,PRESSURE_OUTPUT,OUTPUT_DEMAND,FITNESS
0.8255856300337803,26.488730264537693,10.1,19.36928336253246
