EMITTER_COEFFICIENT_SOLUTION,PRESSURE_OUTPUT,OUTPUT_DEMAND,FITNESS
1.394256423485978,26.509789885674337,1.1,2.6582411934139785
