EMITTER_COEFFICIENT_SOLUTION,PRESSURE_OUTPUT,OUTPUT_DEMAND,FITNESS
0.18257688419094054,24.676230902507328,1.5,1.2130538218238802
