EMITTER_COEFFICIENT_SOLUTION,PRESSURE_OUTPUT,OUTPUT_DEMAND,FITNESS
1.2070611463444207,27.401524481203477,1.7,0.4893088841014033
