EMITTER_COEFFICIENT_SOLUTION,PRESSURE_OUTPUT,OUTPUT_DEMAND,FITNESS
0.7756427254522167,23.94352773230723,13.000000000000002,34.761208549457095
