EMITTER_COEFFICIENT_SOLUTION,PRESSURE_OUTPUT,OUTPUT_DEMAND,FITNESS
0.9084434579496472,23.802818516441487,3.9,3.880421318336439
