EMITTER_COEFFICIENT_SOLUTION,PRESSURE_OUTPUT,OUTPUT_DEMAND,FITNESS
0.7129830556924537,26.88389764407803,1.1,8.775869439631338
