EMITTER_COEFFICIENT_SOLUTION,PRESSURE_OUTPUT,OUTPUT_DEMAND,FITNESS
0.4768831311587046,28.830800356562257,0.89,132.3170607585224
