EMITTER_COEFFICIENT_SOLUTION,PRESSURE_OUTPUT,OUTPUT_DEMAND,FITNESS
0.35939069276694646,28.88891738953236,1.2,28.800148700165103
