EMITTER_COEFFICIENT_SOLUTION,PRESSURE_OUTPUT,OUTPUT_DEMAND,FITNESS
0.09938438678260275,28.9079418470905,1.2,2.0753166553305564
