EMITTER_COEFFICIENT_SOLUTION,PRESSURE_OUTPUT,OUTPUT_DEMAND,FITNESS
0.3433782735772235,23.9005111915618,1.2,2.8439891552773497
