EMITTER_COEFFICIENT_SOLUTION,PRESSURE_OUTPUT,OUTPUT_DEMAND,FITNESS
1.3247091639567392,27.02778374378506,1.7,0.41366080391842186
