EMITTER_COEFFICIENT_SOLUTION,PRESSURE_OUTPUT,OUTPUT_DEMAND,FITNESS
0.47953527222762016,28.829937929015585,0.89,149.36125252041975
