EMITTER_COEFFICIENT_SOLUTION,PRESSURE_OUTPUT,OUTPUT_DEMAND,FITNESS
1.0348214225730121,24.753462432602852,12.6,16.40503806819259
