EMITTER_COEFFICIENT_SOLUTION,PRESSURE_OUTPUT,OUTPUT_DEMAND,FITNESS
1.4879227397351462,28.42208642689703,0.89,2.4927813708661164
