EMITTER_COEFFICIENT_SOLUTION,PRESSURE_OUTPUT,OUTPUT_DEMAND,FITNESS
1.4803389076102258,25.667909648245683,1.5,0.6032825907852656
