EMITTER_COEFFICIENT_SOLUTION,PRESSURE_OUTPUT,OUTPUT_DEMAND,FITNESS
1.165405815961773,27.532004469571156,1.7,0.5226793567852536
