EMITTER_COEFFICIENT_SOLUTION,PRESSURE_OUTPUT,OUTPUT_DEMAND,FITNESS
0.8906855549992183,28.36448637538333,1.7,0.9252945424633636
