EMITTER_COEFFICIENT_SOLUTION,PRESSURE_OUTPUT,OUTPUT_DEMAND,FITNESS
0.4041110757218853,26.92482009983059,1.1,25.74424913858922
