EMITTER_COEFFICIENT_SOLUTION,PRESSURE_OUTPUT,OUTPUT_DEMAND,FITNESS
1.39646367071053,23.491923150024725,3.9,1.7587076284466292
