EMITTER_COEFFICIENT_SOLUTION,PRESSURE_OUTPUT,OUTPUT_DEMAND,FITNESS
1.1467087083766025,24.740566998902793,12.6,13.540536481962894
