EMITTER_COEFFICIENT_SOLUTION,PRESSURE_OUTPUT,OUTPUT_DEMAND,FITNESS
0.738502866385075,22.974933943098993,1.2,1.7422802731476466
