EMITTER_COEFFICIENT_SOLUTION,PRESSURE_OUTPUT,OUTPUT_DEMAND,FITNESS
0.6111157421558587,26.960373473806385,1.21,18.320087982168058
