EMITTER_COEFFICIENT_SOLUTION,PRESSURE_OUTPUT,OUTPUT_DEMAND,FITNESS
1.4052624184719562,20.78380329173542,1.5,0.3259384546846982
