EMITTER_COEFFICIENT_SOLUTION,PRESSURE_OUTPUT,OUTPUT_DEMAND,FITNESS
1.2938827716862495,26.61771020862944,1.21,2.5173181680581496
