EMITTER_COEFFICIENT_SOLUTION,PRESSURE_OUTPUT,OUTPUT_DEMAND,FITNESS
0.5476377450010067,26.991598018255107,1.21,42.8075846790203
