EMITTER_COEFFICIENT_SOLUTION,PRESSURE_OUTPUT,OUTPUT_DEMAND,FITNESS
0.08803946857990819,28.91906929656085,1.2,2.0284731626851387
