EMITTER_COEFFICIENT_SOLUTION,PRESSURE_OUTPUT,OUTPUT_DEMAND,FITNESS
0.2292147823592372,24.566756978350966,1.5,1.398813066655025
