EMITTER_COEFFICIENT_SOLUTION,PRESSURE_OUTPUT,OUTPUT_DEMAND,FITNESS
1.4681572997196202,26.562756605371163,1.7,0.3469250811066547
