EMITTER_COEFFICIENT_SOLUTION,PRESSURE_OUTPUT,OUTPUT_DEMAND,FITNESS
1.4724742190141265,26.54861960379429,1.7,0.34523189802290394
