EMITTER_COEFFICIENT_SOLUTION,PRESSURE_OUTPUT,OUTPUT_DEMAND,FITNESS
0.45587462197016393,23.97692177773448,1.5,7.996378871358904
