EMITTER_COEFFICIENT_SOLUTION,PRESSURE_OUTPUT,OUTPUT_DEMAND,FITNESS
0.6747988881561586,28.978634939694505,1.7,2.1432166649410975
