EMITTER_COEFFICIENT_SOLUTION,PRESSURE_OUTPUT,OUTPUT_DEMAND,FITNESS
0.06673788130159553,24.928774179085064,1.5,0.928583560356458
