EMITTER_COEFFICIENT_SOLUTION,PRESSURE_OUTPUT,OUTPUT_DEMAND,FITNESS
0.3125707168924474,27.549702454802087,1.5,4.4603663078513955
