EMITTER_COEFFICIENT_SOLUTION,PRESSURE_OUTPUT,OUTPUT_DEMAND,FITNESS
0.6587320885108797,24.75463898370421,23.0,10.125058218978916
