EMITTER_COEFFICIENT_SOLUTION,PRESSURE_OUTPUT,OUTPUT_DEMAND,FITNESS
0.34648894813433706,9.359795315176243,1.0,207.6366143079012
