EMITTER_COEFFICIENT_SOLUTION,PRESSURE_OUTPUT,OUTPUT_DEMAND,FITNESS
1.3753085223791912,25.878220506844567,1.5,0.6909479049650382
