EMITTER_COEFFICIENT_SOLUTION,PRESSURE_OUTPUT,OUTPUT_DEMAND,FITNESS
1.4418794844939524,23.46284681065621,3.9,1.6731482164383205
