EMITTER_COEFFICIENT_SOLUTION,PRESSURE_OUTPUT,OUTPUT_DEMAND,FITNESS
0.92284450894598,22.516800852319637,1.5,0.7490264605404523
