EMITTER_COEFFICIENT_SOLUTION,PRESSURE_OUTPUT,OUTPUT_DEMAND,FITNESS
1.3912174888723747,26.56789108165356,1.21,2.236799780188741
