EMITTER_COEFFICIENT_SOLUTION,PRESSURE_OUTPUT,OUTPUT_DEMAND,FITNESS
0.26459830104393867,27.129440190632913,1.21,8.734858309479389
