EMITTER_COEFFICIENT_SOLUTION,PRESSURE_OUTPUT,OUTPUT_DEMAND,FITNESS
0.27539235050638133,24.454175948189064,1.5,1.6602724697864781
