EMITTER_COEFFICIENT_SOLUTION,PRESSURE_OUTPUT,OUTPUT_DEMAND,FITNESS
0.8435834572950334,26.812594043986696,1.1,5.398040032527038
