EMITTER_COEFFICIENT_SOLUTION,PRESSURE_OUTPUT,OUTPUT_DEMAND,FITNESS
1.4767441131094459,20.515989902250723,1.5,0.29977122032488424
