EMITTER_COEFFICIENT_SOLUTION,PRESSURE_OUTPUT,OUTPUT_DEMAND,FITNESS
0.9253207304195286,26.6970767463904,1.5,1.5912649092220523
