EMITTER_COEFFICIENT_SOLUTION,PRESSURE_OUTPUT,OUTPUT_DEMAND,FITNESS
1.1560159117559627,23.903307954886657,13.000000000000002,14.495384458038293
