EMITTER_COEFFICIENT_SOLUTION,PRESSURE_OUTPUT,OUTPUT_DEMAND,FITNESS
0.638610538697017,24.798729849944564,12.6,63.73703017712082
