EMITTER_COEFFICIENT_SOLUTION,PRESSURE_OUTPUT,OUTPUT_DEMAND,FITNESS
0.18123828291387745,27.162697923890043,1.1,6.065993542794697
