EMITTER_COEFFICIENT_SOLUTION,PRESSURE_OUTPUT,OUTPUT_DEMAND,FITNESS
0.01844285595446138,27.827812783756144,1.5,1.990813740773753
