EMITTER_COEFFICIENT_SOLUTION,PRESSURE_OUTPUT,OUTPUT_DEMAND,FITNESS
0.9925634634234431,26.770434403084554,1.21,4.089578764438165
