EMITTER_COEFFICIENT_SOLUTION,PRESSURE_OUTPUT,OUTPUT_DEMAND,FITNESS
0.1133359635721154,24.01210056210755,13.000000000000002,25.12112757562222
