EMITTER_COEFFICIENT_SOLUTION,PRESSURE_OUTPUT,OUTPUT_DEMAND,FITNESS
0.053618484259749355,27.79959101106796,1.5,2.10932465491522
