EMITTER_COEFFICIENT_SOLUTION,PRESSURE_OUTPUT,OUTPUT_DEMAND,FITNESS
0.14269350803003955,26.596011147118617,10.1,17.967919458026085
