EMITTER_COEFFICIENT_SOLUTION,PRESSURE_OUTPUT,OUTPUT_DEMAND,FITNESS
0.39931823497224483,26.556146478271337,10.1,63.33091141461711
