EMITTER_COEFFICIENT_SOLUTION,PRESSURE_OUTPUT,OUTPUT_DEMAND,FITNESS
0.2592891685362193,27.60698027794293,1.5,3.5527177256446594
