EMITTER_COEFFICIENT_SOLUTION,PRESSURE_OUTPUT,OUTPUT_DEMAND,FITNESS
1.0618482792306567,26.735521897573438,1.21,3.5786309890025914
