EMITTER_COEFFICIENT_SOLUTION,PRESSURE_OUTPUT,OUTPUT_DEMAND,FITNESS
0.8751568180151661,26.77915192718531,1.5,1.8303094664417408
