EMITTER_COEFFICIENT_SOLUTION,PRESSURE_OUTPUT,OUTPUT_DEMAND,FITNESS
0.5524232429115032,28.35111256172567,1.2,13.337404288279604
