EMITTER_COEFFICIENT_SOLUTION,PRESSURE_OUTPUT,OUTPUT_DEMAND,FITNESS
0.038101332217892026,24.51814794090575,1.2,1.0317196742010053
