EMITTER_COEFFICIENT_SOLUTION,PRESSURE_OUTPUT,OUTPUT_DEMAND,FITNESS
0.04208272944263158,24.51072584665463,1.2,1.0396810533495993
