EMITTER_COEFFICIENT_SOLUTION,PRESSURE_OUTPUT,OUTPUT_DEMAND,FITNESS
1.2021394444915787,23.89839023038291,13.000000000000002,13.530847375168713
