EMITTER_COEFFICIENT_SOLUTION,PRESSURE_OUTPUT,OUTPUT_DEMAND,FITNESS
0.0029951205799105818,24.58281926255531,1.2,0.9671864098092493
