EMITTER_COEFFICIENT_SOLUTION,PRESSURE_OUTPUT,OUTPUT_DEMAND,FITNESS
0.3768804213260384,23.985039096376923,13.000000000000002,78.45805061417148
