EMITTER_COEFFICIENT_SOLUTION,PRESSURE_OUTPUT,OUTPUT_DEMAND,FITNESS
0.12443309882874443,28.943246478141845,1.2,11.229503573282187
