EMITTER_COEFFICIENT_SOLUTION,PRESSURE_OUTPUT,OUTPUT_DEMAND,FITNESS
0.9527640388701395,22.41450080044697,1.5,0.6957168470104629
