EMITTER_COEFFICIENT_SOLUTION,PRESSURE_OUTPUT,OUTPUT_DEMAND,FITNESS
0.9945118904996921,26.72888358980358,1.1,3.717985200625427
