EMITTER_COEFFICIENT_SOLUTION,PRESSURE_OUTPUT,OUTPUT_DEMAND,FITNESS
0.39764351383847507,26.55640840444125,10.1,62.29751873698481
