EMITTER_COEFFICIENT_SOLUTION,PRESSURE_OUTPUT,OUTPUT_DEMAND,FITNESS
0.38118440493843286,28.861128861494606,0.89,26.394898228902587
