EMITTER_COEFFICIENT_SOLUTION,PRESSURE_OUTPUT,OUTPUT_DEMAND,FITNESS
0.43224005486940076,24.042611603748703,1.5,5.242562027051707
