EMITTER_COEFFICIENT_SOLUTION,PRESSURE_OUTPUT,OUTPUT_DEMAND,FITNESS
1.1312063799732264,26.70044900746324,1.21,3.1795556400054195
