EMITTER_COEFFICIENT_SOLUTION,PRESSURE_OUTPUT,OUTPUT_DEMAND,FITNESS
0.4828753509057405,28.828850126939955,0.89,178.3365728939701
