EMITTER_COEFFICIENT_SOLUTION,PRESSURE_OUTPUT,OUTPUT_DEMAND,FITNESS
0.5582391719489742,28.839341013386722,1.2,67.3113605167118
