EMITTER_COEFFICIENT_SOLUTION,PRESSURE_OUTPUT,OUTPUT_DEMAND,FITNESS
1.4931519162468843,28.41957986800557,0.89,2.4773024338696543
