EMITTER_COEFFICIENT_SOLUTION,PRESSURE_OUTPUT,OUTPUT_DEMAND,FITNESS
1.191458304194387,26.61760838296275,1.1,2.6299311926188715
