EMITTER_COEFFICIENT_SOLUTION,PRESSURE_OUTPUT,OUTPUT_DEMAND,FITNESS
0.2271755180162175,28.92006514240329,1.2,15.181465003913825
