EMITTER_COEFFICIENT_SOLUTION,PRESSURE_OUTPUT,OUTPUT_DEMAND,FITNESS
0.13732814871529464,30.309656897340385,1.7,1.1568242103269546
