EMITTER_COEFFICIENT_SOLUTION,PRESSURE_OUTPUT,OUTPUT_DEMAND,FITNESS
0.22969176705965988,24.000189849702522,13.000000000000002,35.84689625346961
