EMITTER_COEFFICIENT_SOLUTION,PRESSURE_OUTPUT,OUTPUT_DEMAND,FITNESS
0.11894059127726342,24.011528194687997,13.000000000000002,25.48760143430985
