EMITTER_COEFFICIENT_SOLUTION,PRESSURE_OUTPUT,OUTPUT_DEMAND,FITNESS
1.3126060121357948,24.721356744639934,12.6,10.745458464882496
