EMITTER_COEFFICIENT_SOLUTION,PRESSURE_OUTPUT,OUTPUT_DEMAND,FITNESS
0.4376250899174299,23.69150752946784,1.2,7.011879298364977
