EMITTER_COEFFICIENT_SOLUTION,PRESSURE_OUTPUT,OUTPUT_DEMAND,FITNESS
1.2963683300217608,24.35041319612948,23.0,1.9881085194615413
