EMITTER_COEFFICIENT_SOLUTION,PRESSURE_OUTPUT,OUTPUT_DEMAND,FITNESS
0.023758287616341356,24.35756273979767,3.9,3.366524482336573
