EMITTER_COEFFICIENT_SOLUTION,PRESSURE_OUTPUT,OUTPUT_DEMAND,FITNESS
0.8441536666002672,26.844796305346737,1.21,5.876750698583234
