EMITTER_COEFFICIENT_SOLUTION,PRESSURE_OUTPUT,OUTPUT_DEMAND,FITNESS
0.43691390511116635,27.03102441431588,1.1,30.138686337684256
