EMITTER_COEFFICIENT_SOLUTION,PRESSURE_OUTPUT,OUTPUT_DEMAND,FITNESS
1.286216479586395,27.06030065270153,1.2,0.7321775088480257
