EMITTER_COEFFICIENT_SOLUTION,PRESSURE_OUTPUT,OUTPUT_DEMAND,FITNESS
0.11155994512550493,30.365127180315042,1.7,1.0870677609809822
