EMITTER_COEFFICIENT_SOLUTION,PRESSURE_OUTPUT,OUTPUT_DEMAND,FITNESS
0.6869288973948565,24.79324287171847,12.6,47.22227988534176
