EMITTER_COEFFICIENT_SOLUTION,PRESSURE_OUTPUT,OUTPUT_DEMAND,FITNESS
0.579612063092625,9.352477507111146,1.0,399.40858845998537
