EMITTER_COEFFICIENT_SOLUTION,PRESSURE_OUTPUT,OUTPUT_DEMAND,FITNESS
1.3558390397414337,26.40282150279232,10.1,7.2707761681775605
