EMITTER_COEFFICIENT_SOLUTION,PRESSURE_OUTPUT,OUTPUT_DEMAND,FITNESS
0.16546393416310567,28.840226845901334,1.2,2.414647194007158
