EMITTER_COEFFICIENT_SOLUTION,PRESSURE_OUTPUT,OUTPUT_DEMAND,FITNESS
0.009802994069441517,25.04222737050277,1.5,0.8400804404229102
