EMITTER_COEFFICIENT_SOLUTION,PRESSURE_OUTPUT,OUTPUT_DEMAND,FITNESS
0.32982654790571686,27.09787725572958,1.21,12.059687072449421
