EMITTER_COEFFICIENT_SOLUTION,PRESSURE_OUTPUT,OUTPUT_DEMAND,FITNESS
0.1593658526149483,28.935466180125225,1.2,12.30453726710709
