EMITTER_COEFFICIENT_SOLUTION,PRESSURE_OUTPUT,OUTPUT_DEMAND,FITNESS
0.06416110899112815,28.95023806439425,0.89,7.874306401231262
