EMITTER_COEFFICIENT_SOLUTION,PRESSURE_OUTPUT,OUTPUT_DEMAND,FITNESS
0.7899830141643691,22.845612808085463,1.2,1.421905530446067
