EMITTER_COEFFICIENT_SOLUTION,PRESSURE_OUTPUT,OUTPUT_DEMAND,FITNESS
1.0334733670313803,23.916330941604265,13.000000000000002,17.86847333554687
