EMITTER_COEFFICIENT_SOLUTION,PRESSURE_OUTPUT,OUTPUT_DEMAND,FITNESS
0.46476867902079566,23.629854524722727,1.2,12.351456112182825
