EMITTER_COEFFICIENT_SOLUTION,PRESSURE_OUTPUT,OUTPUT_DEMAND,FITNESS
0.4235085036464967,28.53077722328957,1.2,9.552051419607261
