EMITTER_COEFFICIENT_SOLUTION,PRESSURE_OUTPUT,OUTPUT_DEMAND,FITNESS
0.019838298974399038,27.243408134511235,1.1,4.072263676028072
