EMITTER_COEFFICIENT_SOLUTION,PRESSURE_OUTPUT,OUTPUT_DEMAND,FITNESS
0.4686085774178993,28.83348353846484,0.89,97.64875185204501
