EMITTER_COEFFICIENT_SOLUTION,PRESSURE_OUTPUT,OUTPUT_DEMAND,FITNESS
0.3860804559731922,28.859614835784157,0.89,27.493613247913242
