EMITTER_COEFFICIENT_SOLUTION,PRESSURE_OUTPUT,OUTPUT_DEMAND,FITNESS
0.398640455579932,28.879389457619062,1.2,39.691815231234266
