EMITTER_COEFFICIENT_SOLUTION,PRESSURE_OUTPUT,OUTPUT_DEMAND,FITNESS
1.491910039603705,25.64434328543358,1.5,0.5948258467866836
