EMITTER_COEFFICIENT_SOLUTION,PRESSURE_OUTPUT,OUTPUT_DEMAND,FITNESS
0.06737498205385883,24.862883506493226,12.6,20.632940180965548
