EMITTER_COEFFICIENT_SOLUTION,PRESSURE_OUTPUT,OUTPUT_DEMAND,FITNESS
0.17575371650923077,9.365134082856088,1.0,98.47488062999533
