EMITTER_COEFFICIENT_SOLUTION,PRESSURE_OUTPUT,OUTPUT_DEMAND,FITNESS
0.3760018043603319,27.477724929290325,1.5,6.56946885946799
