EMITTER_COEFFICIENT_SOLUTION,PRESSURE_OUTPUT,OUTPUT_DEMAND,FITNESS
1.4836433184542321,28.42413489102907,0.89,2.505575775927111
