EMITTER_COEFFICIENT_SOLUTION,PRESSURE_OUTPUT,OUTPUT_DEMAND,FITNESS
1.2739998160294994,24.72583674540776,12.6,11.288902413369849
