EMITTER_COEFFICIENT_SOLUTION,PRESSURE_OUTPUT,OUTPUT_DEMAND,FITNESS
0.7394628853914383,24.704112608905216,23.0,6.698316704413948
