EMITTER_COEFFICIENT_SOLUTION,PRESSURE_OUTPUT,OUTPUT_DEMAND,FITNESS
1.4111110282141974,23.482548157309466,3.9,1.7301806330082778
