EMITTER_COEFFICIENT_SOLUTION,PRESSURE_OUTPUT,OUTPUT_DEMAND,FITNESS
1.4340725504294818,26.47747691861378,1.1,1.9217112175692501
