EMITTER_COEFFICIENT_SOLUTION,PRESSURE_OUTPUT,OUTPUT_DEMAND,FITNESS
1.0424609088414925,22.187524442281706,1.2,0.7345541794746427
