EMITTER_COEFFICIENT_SOLUTION,PRESSURE_OUTPUT,OUTPUT_DEMAND,FITNESS
0.510437224758076,26.881731040526823,1.1,235.43633623435278
