EMITTER_COEFFICIENT_SOLUTION,PRESSURE_OUTPUT,OUTPUT_DEMAND,FITNESS
0.7438218712534233,26.86715705662463,1.1,7.651729323880928
