EMITTER_COEFFICIENT_SOLUTION,PRESSURE_OUTPUT,OUTPUT_DEMAND,FITNESS
0.4558988276948246,23.97686699439509,13.000000000000002,218.6479291406587
