EMITTER_COEFFICIENT_SOLUTION,PRESSURE_OUTPUT,OUTPUT_DEMAND,FITNESS
0.42193034892115955,9.357430744545795,1.0,407.90759227167837
