EMITTER_COEFFICIENT_SOLUTION,PRESSURE_OUTPUT,OUTPUT_DEMAND,FITNESS
0.9947911163536833,26.728727446017107,1.1,3.7158280127634282
