EMITTER_COEFFICIENT_SOLUTION,PRESSURE_OUTPUT,OUTPUT_DEMAND,FITNESS
0.5331843252716258,28.812241107779066,0.89,90.87898197861486
