EMITTER_COEFFICIENT_SOLUTION,PRESSURE_OUTPUT,OUTPUT_DEMAND,FITNESS
0.9132562557935661,28.742926179036573,1.2,8.987054077120645
