EMITTER_COEFFICIENT_SOLUTION,PRESSURE_OUTPUT,OUTPUT_DEMAND,FITNESS
0.4531577074642168,24.08991131117292,3.9,34.02423011943404
