EMITTER_COEFFICIENT_SOLUTION,PRESSURE_OUTPUT,OUTPUT_DEMAND,FITNESS
0.38429548217312737,28.88288653841284,1.2,34.85390241262817
