EMITTER_COEFFICIENT_SOLUTION,PRESSURE_OUTPUT,OUTPUT_DEMAND,FITNESS
0.2874986616234032,23.994250674477584,13.000000000000002,45.54305896440936
