EMITTER_COEFFICIENT_SOLUTION,PRESSURE_OUTPUT,OUTPUT_DEMAND,FITNESS
1.2616700705613206,26.577395335212202,1.1,2.3783976839033225
