EMITTER_COEFFICIENT_SOLUTION,PRESSURE_OUTPUT,OUTPUT_DEMAND,FITNESS
0.7392842465400916,28.79141771135785,1.2,15.928732244939475
