EMITTER_COEFFICIENT_SOLUTION,PRESSURE_OUTPUT,OUTPUT_DEMAND,FITNESS
0.10098582349134666,28.948409679736756,1.2,10.614096248077582
