EMITTER_COEFFICIENT_SOLUTION,PRESSURE_OUTPUT,OUTPUT_DEMAND,FITNESS
0.3349509247960588,24.83299804908316,12.6,53.81919107507066
