EMITTER_COEFFICIENT_SOLUTION,PRESSURE_OUTPUT,OUTPUT_DEMAND,FITNESS
0.1501669690257259,30.28170515820919,1.7,1.195480365065249
