EMITTER_COEFFICIENT_SOLUTION,PRESSURE_OUTPUT,OUTPUT_DEMAND,FITNESS
1.4027949550201546,28.59409092364382,1.2,3.84458018638956
