EMITTER_COEFFICIENT_SOLUTION,PRESSURE_OUTPUT,OUTPUT_DEMAND,FITNESS
1.0916139437071464,28.60070810459778,0.89,4.493641882919235
