EMITTER_COEFFICIENT_SOLUTION,PRESSURE_OUTPUT,OUTPUT_DEMAND,FITNESS
0.21569554935164859,24.238331401176747,3.9,5.62395189245269
