EMITTER_COEFFICIENT_SOLUTION,PRESSURE_OUTPUT,OUTPUT_DEMAND,FITNESS
1.2788160289430959,26.567532579135577,1.1,2.3238850204124675
