EMITTER_COEFFICIENT_SOLUTION,PRESSURE_OUTPUT,OUTPUT_DEMAND,FITNESS
0.31336574550258955,29.90885160819118,1.7,2.156891025415305
