EMITTER_COEFFICIENT_SOLUTION,PRESSURE_OUTPUT,OUTPUT_DEMAND,FITNESS
1.07854657279749,24.489797507232158,23.0,2.750227067425864
