EMITTER_COEFFICIENT_SOLUTION,PRESSURE_OUTPUT,OUTPUT_DEMAND,FITNESS
1.2441887939307985,21.637644255611395,1.2,0.5232177469903581
