EMITTER_COEFFICIENT_SOLUTION,PRESSURE_OUTPUT,OUTPUT_DEMAND,FITNESS
0.6615792844931978,29.014934274362588,1.7,2.3240191723006487
