EMITTER_COEFFICIENT_SOLUTION,PRESSURE_OUTPUT,OUTPUT_DEMAND,FITNESS
0.55661272546583,23.416641616808285,1.2,7.561276943465829
