EMITTER_COEFFICIENT_SOLUTION,PRESSURE_OUTPUT,OUTPUT_DEMAND,FITNESS
1.2101485433015773,26.660381022471697,1.21,2.820259169072347
