EMITTER_COEFFICIENT_SOLUTION,PRESSURE_OUTPUT,OUTPUT_DEMAND,FITNESS
0.06828600514466754,24.86278225308078,12.6,20.676135845998175
