EMITTER_COEFFICIENT_SOLUTION,PRESSURE_OUTPUT,OUTPUT_DEMAND,FITNESS
0.1095373317987951,30.36944531090165,1.7,1.0819887967766624
