EMITTER_COEFFICIENT_SOLUTION,PRESSURE_OUTPUT,OUTPUT_DEMAND,FITNESS
0.1052876555529727,26.601776029746915,10.1,16.281439932482485
