EMITTER_COEFFICIENT_SOLUTION,PRESSURE_OUTPUT,OUTPUT_DEMAND,FITNESS
0.3531014996223556,28.62204817282482,1.2,5.103069156848794
