EMITTER_COEFFICIENT_SOLUTION,PRESSURE_OUTPUT,OUTPUT_DEMAND,FITNESS
0.12757307846700672,28.942551433375606,1.2,11.317839396763661
