EMITTER_COEFFICIENT_SOLUTION,PRESSURE_OUTPUT,OUTPUT_DEMAND,FITNESS
0.7699175794207253,24.783797002463785,12.6,32.65592536578389
