EMITTER_COEFFICIENT_SOLUTION,PRESSURE_OUTPUT,OUTPUT_DEMAND,FITNESS
0.8885653345265212,26.478644419254586,10.1,16.2037835767665
