EMITTER_COEFFICIENT_SOLUTION,PRESSURE_OUTPUT,OUTPUT_DEMAND,FITNESS
0.5332031860840188,28.845760815209722,1.2,118.53212597464503
