EMITTER_COEFFICIENT_SOLUTION,PRESSURE_OUTPUT,OUTPUT_DEMAND,FITNESS
1.0174391136795589,23.918030357203833,13.000000000000002,18.42805908343198
