EMITTER_COEFFICIENT_SOLUTION,PRESSURE_OUTPUT,OUTPUT_DEMAND,FITNESS
1.223763214363154,23.89608167945181,13.000000000000002,13.120991550433512
