EMITTER_COEFFICIENT_SOLUTION,PRESSURE_OUTPUT,OUTPUT_DEMAND,FITNESS
0.3411029013875343,24.832307497645985,12.6,55.8965830999683
