EMITTER_COEFFICIENT_SOLUTION,PRESSURE_OUTPUT,OUTPUT_DEMAND,FITNESS
1.2504766026160197,27.264474492897286,1.7,0.4585580814867888
