EMITTER_COEFFICIENT_SOLUTION,PRESSURE_OUTPUT,OUTPUT_DEMAND,FITNESS
0.4134850969043711,23.745799011602553,1.2,5.0785499045518625
