EMITTER_COEFFICIENT_SOLUTION,PRESSURE_OUTPUT,OUTPUT_DEMAND,FITNESS
0.06327609237576537,27.79159459124117,1.5,2.145513122352984
