EMITTER_COEFFICIENT_SOLUTION,PRESSURE_OUTPUT,OUTPUT_DEMAND,FITNESS
0.9093323001597107,22.539202586243167,1.2,0.9904012055264527
