EMITTER_COEFFICIENT_SOLUTION,PRESSURE_OUTPUT,OUTPUT_DEMAND,FITNESS
0.9614536928816839,26.69488424826646,1.1,5.2330205167544275
