EMITTER_COEFFICIENT_SOLUTION,PRESSURE_OUTPUT,OUTPUT_DEMAND,FITNESS
1.152290047141409,26.301749566046986,1.5,0.9767932904907136
