EMITTER_COEFFICIENT_SOLUTION,PRESSURE_OUTPUT,OUTPUT_DEMAND,FITNESS
0.9303756184163883,26.688695929088524,1.5,1.570322924904644
