EMITTER_COEFFICIENT_SOLUTION,PRESSURE_OUTPUT,OUTPUT_DEMAND,FITNESS
0.004216456013539593,28.99663439379823,1.2,1.7527048313071603
