EMITTER_COEFFICIENT_SOLUTION,PRESSURE_OUTPUT,OUTPUT_DEMAND,FITNESS
0.7721570694136695,23.889082148850513,3.9,5.832932800395985
