EMITTER_COEFFICIENT_SOLUTION,PRESSURE_OUTPUT,OUTPUT_DEMAND,FITNESS
0.027366846796486488,30.54037085927216,1.7,0.9131173117497166
