EMITTER_COEFFICIENT_SOLUTION,PRESSURE_OUTPUT,OUTPUT_DEMAND,FITNESS
0.7652391221351003,22.907994426207125,1.2,1.560305858067901
