EMITTER_COEFFICIENT_SOLUTION,PRESSURE_OUTPUT,OUTPUT_DEMAND,FITNESS
0.1216207276089597,28.943868283590113,1.2,11.151636529594555
