EMITTER_COEFFICIENT_SOLUTION,PRESSURE_OUTPUT,OUTPUT_DEMAND,FITNESS
0.8386323890921329,24.6417792921872,23.0,4.725349554160446
