EMITTER_COEFFICIENT_SOLUTION,PRESSURE_OUTPUT,OUTPUT_DEMAND,FITNESS
0.2705116940728267,28.89425352392397,0.89,14.082370536934059
