EMITTER_COEFFICIENT_SOLUTION,PRESSURE_OUTPUT,OUTPUT_DEMAND,FITNESS
1.3795582788183238,24.29684147622106,23.0,1.7967438168311523
