EMITTER_COEFFICIENT_SOLUTION,PRESSURE_OUTPUT,OUTPUT_DEMAND,FITNESS
1.330368887064941,26.599062606509257,1.21,2.404448664808912
