EMITTER_COEFFICIENT_SOLUTION,PRESSURE_OUTPUT,OUTPUT_DEMAND,FITNESS
1.2126440482219287,21.494148041294387,1.5,0.42413873093964355
