EMITTER_COEFFICIENT_SOLUTION,PRESSURE_OUTPUT,OUTPUT_DEMAND,FITNESS
1.3733563436645353,26.577050378915274,1.21,2.2835847550604367
