EMITTER_COEFFICIENT_SOLUTION,PRESSURE_OUTPUT,OUTPUT_DEMAND,FITNESS
1.1975777289743337,24.413790148553375,23.0,2.274724380700455
