EMITTER_COEFFICIENT_SOLUTION,PRESSURE_OUTPUT,OUTPUT_DEMAND,FITNESS
0.6968723209050918,26.805278039581843,1.1,12.391507139181817
