EMITTER_COEFFICIENT_SOLUTION,PRESSURE_OUTPUT,OUTPUT_DEMAND,FITNESS
1.1406993874211941,23.904939078098806,13.000000000000002,14.846409369201709
