EMITTER_COEFFICIENT_SOLUTION,PRESSURE_OUTPUT,OUTPUT_DEMAND,FITNESS
1.2270783326119448,27.179086773181876,1.2,0.8019227564567422
