EMITTER_COEFFICIENT_SOLUTION,PRESSURE_OUTPUT,OUTPUT_DEMAND,FITNESS
0.5962328096480782,28.286493891915697,1.2,7.163540449680602
