EMITTER_COEFFICIENT_SOLUTION,PRESSURE_OUTPUT,OUTPUT_DEMAND,FITNESS
0.30748416891053765,29.92283651994927,1.7,2.0937357261467398
