EMITTER_COEFFICIENT_SOLUTION,PRESSURE_OUTPUT,OUTPUT_DEMAND,FITNESS
0.4635930911598537,24.81852615623081,12.6,243.37770584598422
