EMITTER_COEFFICIENT_SOLUTION,PRESSURE_OUTPUT,OUTPUT_DEMAND,FITNESS
1.2934205904862002,26.55339364229541,1.1,3.0067516823114957
