EMITTER_COEFFICIENT_SOLUTION,PRESSURE_OUTPUT,OUTPUT_DEMAND,FITNESS
1.024644679299165,26.712006378777378,1.1,3.4984595874324116
