EMITTER_COEFFICIENT_SOLUTION,PRESSURE_OUTPUT,OUTPUT_DEMAND,FITNESS
0.08115862461338386,28.945918769016806,0.89,8.15155256647765
