EMITTER_COEFFICIENT_SOLUTION,PRESSURE_OUTPUT,OUTPUT_DEMAND,FITNESS
0.7135933144351105,23.950031356274117,13.000000000000002,44.91540647390882
