EMITTER_COEFFICIENT_SOLUTION,PRESSURE_OUTPUT,OUTPUT_DEMAND,FITNESS
1.0027213059211828,26.460281571437946,10.1,12.48800693591879
