EMITTER_COEFFICIENT_SOLUTION,PRESSURE_OUTPUT,OUTPUT_DEMAND,FITNESS
1.065181272237687,26.73383928939312,1.21,3.557211475673058
