EMITTER_COEFFICIENT_SOLUTION,PRESSURE_OUTPUT,OUTPUT_DEMAND,FITNESS
0.33501378370323165,29.85703767953202,1.7,2.4282668367442755
