EMITTER_COEFFICIENT_SOLUTION,PRESSURE_OUTPUT,OUTPUT_DEMAND,FITNESS
0.760874066439502,23.94507715778355,13.000000000000002,36.7400225686794
