EMITTER_COEFFICIENT_SOLUTION,PRESSURE_OUTPUT,OUTPUT_DEMAND,FITNESS
0.5923971755872743,26.52579411272847,10.1,68.66109745469157
