EMITTER_COEFFICIENT_SOLUTION,PRESSURE_OUTPUT,OUTPUT_DEMAND,FITNESS
0.46511974757500585,27.032020448014123,1.21,58.60261989220779
