EMITTER_COEFFICIENT_SOLUTION,PRESSURE_OUTPUT,OUTPUT_DEMAND,FITNESS
0.26364402619828764,27.129901031830144,1.21,8.699838132776305
