EMITTER_COEFFICIENT_SOLUTION,PRESSURE_OUTPUT,OUTPUT_DEMAND,FITNESS
1.3742894092421425,24.300239894784454,23.0,1.8077822937715935
