EMITTER_COEFFICIENT_SOLUTION,PRESSURE_OUTPUT,OUTPUT_DEMAND,FITNESS
0.3878432928536556,24.82705592604394,12.6,79.1226275658262
