EMITTER_COEFFICIENT_SOLUTION,PRESSURE_OUTPUT,OUTPUT_DEMAND,FITNESS
0.7384358450039785,23.910384889043865,3.9,6.6605565914295415
