EMITTER_COEFFICIENT_SOLUTION,PRESSURE_OUTPUT,OUTPUT_DEMAND,FITNESS
0.6788365034358721,27.080458622844034,1.5,4.080816506218128
