EMITTER_COEFFICIENT_SOLUTION,PRESSURE_OUTPUT,OUTPUT_DEMAND,FITNESS
0.354355244154097,24.830819416503495,12.6,60.96780269745144
