EMITTER_COEFFICIENT_SOLUTION,PRESSURE_OUTPUT,OUTPUT_DEMAND,FITNESS
0.3934449485058249,24.12732389498873,3.9,14.96929726681215
