EMITTER_COEFFICIENT_SOLUTION,PRESSURE_OUTPUT,OUTPUT_DEMAND,FITNESS
0.39398939165075963,28.857160503005886,0.89,29.48308703428923
