EMITTER_COEFFICIENT_SOLUTION,PRESSURE_OUTPUT,OUTPUT_DEMAND,FITNESS
1.2549812066736528,28.64091627512159,1.2,4.688648613443423
