EMITTER_COEFFICIENT_SOLUTION,PRESSURE_OUTPUT,OUTPUT_DEMAND,FITNESS
0.1321782628453544,24.855672583003184,12.6,24.239329508761536
