EMITTER_COEFFICIENT_SOLUTION,PRESSURE_OUTPUT,OUTPUT_DEMAND,FITNESS
0.6702418185599781,23.953413986775733,3.9,9.336326739834227
