EMITTER_COEFFICIENT_SOLUTION,PRESSURE_OUTPUT,OUTPUT_DEMAND,FITNESS
0.42806343889764764,23.9797487868046,13.000000000000002,134.13177419158393
