EMITTER_COEFFICIENT_SOLUTION,PRESSURE_OUTPUT,OUTPUT_DEMAND,FITNESS
0.17102069517477103,27.69529442342816,1.5,2.7042463042372384
