EMITTER_COEFFICIENT_SOLUTION,PRESSURE_OUTPUT,OUTPUT_DEMAND,FITNESS
0.17278810250803134,24.698654576177535,1.5,1.180931167820351
