EMITTER_COEFFICIENT_SOLUTION,PRESSURE_OUTPUT,OUTPUT_DEMAND,FITNESS
0.38483527746050816,29.735788693713747,1.7,3.4415426602151307
