EMITTER_COEFFICIENT_SOLUTION,PRESSURE_OUTPUT,OUTPUT_DEMAND,FITNESS
1.1558989445207093,23.645545319689226,3.9,2.4097711081071664
