EMITTER_COEFFICIENT_SOLUTION,PRESSURE_OUTPUT,OUTPUT_DEMAND,FITNESS
0.45001400085779064,26.906264232626974,1.1,49.29080543992309
