EMITTER_COEFFICIENT_SOLUTION,PRESSURE_OUTPUT,OUTPUT_DEMAND,FITNESS
0.532125369721943,26.872895584939968,1.1,76.43572091235514
