EMITTER_COEFFICIENT_SOLUTION,PRESSURE_OUTPUT,OUTPUT_DEMAND,FITNESS
1.0740314010928904,23.697665335042227,3.9,2.7559054058464723
