EMITTER_COEFFICIENT_SOLUTION,PRESSURE_OUTPUT,OUTPUT_DEMAND,FITNESS
0.8799389714565249,27.827236025310974,1.2,1.6698570836919207
