EMITTER_COEFFICIENT_SOLUTION,PRESSURE_OUTPUT,OUTPUT_DEMAND,FITNESS
1.3597784965887088,20.953173513210945,1.5,0.3449829881042215
