EMITTER_COEFFICIENT_SOLUTION,PRESSURE_OUTPUT,OUTPUT_DEMAND,FITNESS
0.03583657241236482,24.52236196739613,1.2,1.027253490325878
