EMITTER_COEFFICIENT_SOLUTION,PRESSURE_OUTPUT,OUTPUT_DEMAND,FITNESS
0.6466720470467254,24.797815043774357,12.6,60.22546242450952
