EMITTER_COEFFICIENT_SOLUTION,PRESSURE_OUTPUT,OUTPUT_DEMAND,FITNESS
0.1358329865783866,25.07697312950399,23.0,4.472846390815529
