EMITTER_COEFFICIENT_SOLUTION,PRESSURE_OUTPUT,OUTPUT_DEMAND,FITNESS
0.0865453933525937,24.426643964379537,1.2,1.1392745425888013
