EMITTER_COEFFICIENT_SOLUTION,PRESSURE_OUTPUT,OUTPUT_DEMAND,FITNESS
0.4829833724488186,29.489033611832255,1.7,22.82464668637559
