EMITTER_COEFFICIENT_SOLUTION,PRESSURE_OUTPUT,OUTPUT_DEMAND,FITNESS
0.06181561445049677,24.863501314551364,12.6,20.373238502221625
