EMITTER_COEFFICIENT_SOLUTION,PRESSURE_OUTPUT,OUTPUT_DEMAND,FITNESS
0.19624076776111676,9.364494392620948,1.0,105.0951857587127
