EMITTER_COEFFICIENT_SOLUTION,PRESSURE_OUTPUT,OUTPUT_DEMAND,FITNESS
0.1958833422652766,24.21083024813646,1.2,1.510715875739244
