EMITTER_COEFFICIENT_SOLUTION,PRESSURE_OUTPUT,OUTPUT_DEMAND,FITNESS
0.07919143580056609,24.323197983444743,3.9,3.8069497083041313
