EMITTER_COEFFICIENT_SOLUTION,PRESSURE_OUTPUT,OUTPUT_DEMAND,FITNESS
0.2583491369309503,26.98326731511954,1.1,10.278459727952976
