EMITTER_COEFFICIENT_SOLUTION,PRESSURE_OUTPUT,OUTPUT_DEMAND,FITNESS
0.020906004765697928,25.020676182283644,1.5,0.8555703113525268
