EMITTER_COEFFICIENT_SOLUTION,PRESSURE_OUTPUT,OUTPUT_DEMAND,FITNESS
0.25823385973699464,30.03836754033557,1.7,1.6859249401622307
