EMITTER_COEFFICIENT_SOLUTION,PRESSURE_OUTPUT,OUTPUT_DEMAND,FITNESS
0.20708052658191134,27.660220861040386,1.5,2.9876141953875446
