EMITTER_COEFFICIENT_SOLUTION,PRESSURE_OUTPUT,OUTPUT_DEMAND,FITNESS
1.2813258407428472,26.566087413890095,1.1,2.316106612906265
