EMITTER_COEFFICIENT_SOLUTION,PRESSURE_OUTPUT,OUTPUT_DEMAND,FITNESS
0.850031151010628,22.762024909363483,1.5,0.9175639762781733
