EMITTER_COEFFICIENT_SOLUTION,PRESSURE_OUTPUT,OUTPUT_DEMAND,FITNESS
0.39607444029540284,27.05236033434256,1.1,18.343283595642433
