EMITTER_COEFFICIENT_SOLUTION,PRESSURE_OUTPUT,OUTPUT_DEMAND,FITNESS
0.7499578231306585,23.94622182510551,13.000000000000002,38.35296027259593
