EMITTER_COEFFICIENT_SOLUTION,PRESSURE_OUTPUT,OUTPUT_DEMAND,FITNESS
0.2607610856002176,24.490289092126783,1.5,1.5663573504043613
