EMITTER_COEFFICIENT_SOLUTION,PRESSURE_OUTPUT,OUTPUT_DEMAND,FITNESS
1.391894919277453,23.87806670718119,13.000000000000002,10.612475171668624
