EMITTER_COEFFICIENT_SOLUTION,PRESSURE_OUTPUT,OUTPUT_DEMAND,FITNESS
1.0510074161453136,27.51878208133577,1.2,1.1021620594182382
