EMITTER_COEFFICIENT_SOLUTION,PRESSURE_OUTPUT,OUTPUT_DEMAND,FITNESS
0.357411018530989,28.868422226394408,0.89,22.13394505122442
