EMITTER_COEFFICIENT_SOLUTION,PRESSURE_OUTPUT,OUTPUT_DEMAND,FITNESS
0.8163635065805225,24.65580176036364,23.0,5.060675281590617
