EMITTER_COEFFICIENT_SOLUTION,PRESSURE_OUTPUT,OUTPUT_DEMAND,FITNESS
0.6558460752115187,26.515753135702184,10.1,40.641708089134546
