EMITTER_COEFFICIENT_SOLUTION,PRESSURE_OUTPUT,OUTPUT_DEMAND,FITNESS
0.3412127297102283,23.905218472500604,1.2,2.80641835322214
