EMITTER_COEFFICIENT_SOLUTION,PRESSURE_OUTPUT,OUTPUT_DEMAND,FITNESS
0.6049963498060752,9.351678725887417,1.0,302.80246536530666
