EMITTER_COEFFICIENT_SOLUTION,PRESSURE_OUTPUT,OUTPUT_DEMAND,FITNESS
0.4790333687601176,23.911674207143154,1.5,16.719881824345098
