EMITTER_COEFFICIENT_SOLUTION,PRESSURE_OUTPUT,OUTPUT_DEMAND,FITNESS
0.39583950625844966,28.567236541303316,1.2,7.084718339486998
