EMITTER_COEFFICIENT_SOLUTION,PRESSURE_OUTPUT,OUTPUT_DEMAND,FITNESS
0.6089165412148284,24.802097226959233,12.6,81.15506715821087
