EMITTER_COEFFICIENT_SOLUTION,PRESSURE_OUTPUT,OUTPUT_DEMAND,FITNESS
1.3688150663845853,23.880546493546753,13.000000000000002,10.89930869529777
