EMITTER_COEFFICIENT_SOLUTION,PRESSURE_OUTPUT,OUTPUT_DEMAND,FITNESS
0.2896547923539132,29.964986743359923,1.7,1.9239448449903578
