EMITTER_COEFFICIENT_SOLUTION,PRESSURE_OUTPUT,OUTPUT_DEMAND,FITNESS
0.5585363917623112,26.966822206982187,1.1,32.23283884433242
