EMITTER_COEFFICIENT_SOLUTION,PRESSURE_OUTPUT,OUTPUT_DEMAND,FITNESS
0.2435954546572373,9.363014817753644,1.0,124.44607733155732
