EMITTER_COEFFICIENT_SOLUTION,PRESSURE_OUTPUT,OUTPUT_DEMAND,FITNESS
0.08462758397678449,24.891639613283587,1.5,0.9617470484692334
