EMITTER_COEFFICIENT_SOLUTION,PRESSURE_OUTPUT,OUTPUT_DEMAND,FITNESS
0.30831687659916296,9.360990447892284,1.0,166.35505631400864
