EMITTER_COEFFICIENT_SOLUTION,PRESSURE_OUTPUT,OUTPUT_DEMAND,FITNESS
1.408493781731491,26.559024303591638,1.21,2.193299614440245
