EMITTER_COEFFICIENT_SOLUTION,PRESSURE_OUTPUT,OUTPUT_DEMAND,FITNESS
1.4189966764656923,28.588861285623352,1.2,3.7688054777334665
