EMITTER_COEFFICIENT_SOLUTION,PRESSURE_OUTPUT,OUTPUT_DEMAND,FITNESS
0.39421695295665304,27.05332805450034,1.1,18.023348163220433
