EMITTER_COEFFICIENT_SOLUTION,PRESSURE_OUTPUT,OUTPUT_DEMAND,FITNESS
0.07330161392568979,24.862224744377066,12.6,20.917251634750865
