EMITTER_COEFFICIENT_SOLUTION,PRESSURE_OUTPUT,OUTPUT_DEMAND,FITNESS
1.46877136150446,26.477387278598336,1.1,2.447434044288449
