EMITTER_COEFFICIENT_SOLUTION,PRESSURE_OUTPUT,OUTPUT_DEMAND,FITNESS
0.2517716201153186,26.985887461259125,1.1,10.008909129814123
