EMITTER_COEFFICIENT_SOLUTION,PRESSURE_OUTPUT,OUTPUT_DEMAND,FITNESS
1.1612149356826487,26.43461367590519,10.1,9.456736507263392
