EMITTER_COEFFICIENT_SOLUTION,PRESSURE_OUTPUT,OUTPUT_DEMAND,FITNESS
0.4155976866954857,9.357629361167021,1.0,377.3368099978071
