EMITTER_COEFFICIENT_SOLUTION,PRESSURE_OUTPUT,OUTPUT_DEMAND,FITNESS
0.45484797400153465,24.881353677854136,23.0,35.77583298625102
