EMITTER_COEFFICIENT_SOLUTION,PRESSURE_OUTPUT,OUTPUT_DEMAND,FITNESS
0.6661600334813346,24.749998336135086,23.0,9.670664386310492
