EMITTER_COEFFICIENT_SOLUTION,PRESSURE_OUTPUT,OUTPUT_DEMAND,FITNESS
0.33002998004511086,28.895960959729763,1.2,23.943141851687916
