EMITTER_COEFFICIENT_SOLUTION,PRESSURE_OUTPUT,OUTPUT_DEMAND,FITNESS
0.9300659677596191,28.666888269808958,0.89,6.3956414529217325
