EMITTER_COEFFICIENT_SOLUTION,PRESSURE_OUTPUT,OUTPUT_DEMAND,FITNESS
0.21137726591616346,24.179241648235948,1.2,1.5864221612532643
