EMITTER_COEFFICIENT_SOLUTION,PRESSURE_OUTPUT,OUTPUT_DEMAND,FITNESS
0.27443657936215193,28.718054655598728,1.2,3.425044775378488
