EMITTER_COEFFICIENT_SOLUTION,PRESSURE_OUTPUT,OUTPUT_DEMAND,FITNESS
0.31664098940568686,9.360729902051965,1.0,173.8920813025161
