EMITTER_COEFFICIENT_SOLUTION,PRESSURE_OUTPUT,OUTPUT_DEMAND,FITNESS
0.37214191520157813,28.597856048685145,1.2,5.821793308457649
