EMITTER_COEFFICIENT_SOLUTION,PRESSURE_OUTPUT,OUTPUT_DEMAND,FITNESS
0.6301409731892504,26.928568155014357,1.1,14.434531665604798
