EMITTER_COEFFICIENT_SOLUTION,PRESSURE_OUTPUT,OUTPUT_DEMAND,FITNESS
0.17269023069260103,24.006032127652205,13.000000000000002,29.63955699573095
