EMITTER_COEFFICIENT_SOLUTION,PRESSURE_OUTPUT,OUTPUT_DEMAND,FITNESS
0.012553732887243041,28.967452884060393,1.2,8.829434422719002
