EMITTER_COEFFICIENT_SOLUTION,PRESSURE_OUTPUT,OUTPUT_DEMAND,FITNESS
0.09951443528691994,27.203806147394225,1.1,4.855272117074799
