EMITTER_COEFFICIENT_SOLUTION,PRESSURE_OUTPUT,OUTPUT_DEMAND,FITNESS
0.8752426743276809,27.835384771470174,1.2,1.6928926832618196
