EMITTER_COEFFICIENT_SOLUTION,PRESSURE_OUTPUT,OUTPUT_DEMAND,FITNESS
1.388839003300888,20.845060624954673,1.5,0.33257876233846423
