EMITTER_COEFFICIENT_SOLUTION,PRESSURE_OUTPUT,OUTPUT_DEMAND,FITNESS
0.06101566816928328,28.944976554421594,1.2,1.9271948758960502
