EMITTER_COEFFICIENT_SOLUTION,PRESSURE_OUTPUT,OUTPUT_DEMAND,FITNESS
0.13816642656356337,24.326326214321217,1.2,1.2862831473809793
