EMITTER_COEFFICIENT_SOLUTION,PRESSURE_OUTPUT,OUTPUT_DEMAND,FITNESS
0.25643574536012903,27.13338129443804,1.21,8.444167968022828
