EMITTER_COEFFICIENT_SOLUTION,PRESSURE_OUTPUT,OUTPUT_DEMAND,FITNESS
0.8990863951433927,22.565851652696523,1.2,1.0172497503438611
