EMITTER_COEFFICIENT_SOLUTION,PRESSURE_OUTPUT,OUTPUT_DEMAND,FITNESS
0.2399029465373842,25.01352212822158,23.0,6.245305079462498
