EMITTER_COEFFICIENT_SOLUTION,PRESSURE_OUTPUT,OUTPUT_DEMAND,FITNESS
1.108064577929411,21.87073308095443,1.5,0.5047613912310496
