EMITTER_COEFFICIENT_SOLUTION,PRESSURE_OUTPUT,OUTPUT_DEMAND,FITNESS
0.1325342346572067,24.010139388735112,13.000000000000002,26.422901672999892
