EMITTER_COEFFICIENT_SOLUTION,PRESSURE_OUTPUT,OUTPUT_DEMAND,FITNESS
0.3504514578394837,24.2626653228281,1.5,2.4342736922785804
