EMITTER_COEFFICIENT_SOLUTION,PRESSURE_OUTPUT,OUTPUT_DEMAND,FITNESS
0.4020017225412147,26.92567107931344,1.1,25.19233969814276
