EMITTER_COEFFICIENT_SOLUTION,PRESSURE_OUTPUT,OUTPUT_DEMAND,FITNESS
0.38671425117761027,23.984023536982427,13.000000000000002,85.25072713597395
