EMITTER_COEFFICIENT_SOLUTION,PRESSURE_OUTPUT,OUTPUT_DEMAND,FITNESS
0.09461919569738364,28.91263369030633,1.2,2.0553040358547077
