EMITTER_COEFFICIENT_SOLUTION,PRESSURE_OUTPUT,OUTPUT_DEMAND,FITNESS
0.36859950923278784,26.560947196696276,10.1,48.565388301249264
