EMITTER_COEFFICIENT_SOLUTION,PRESSURE_OUTPUT,OUTPUT_DEMAND,FITNESS
1.4385611795178534,9.325236292235672,1.0,33.61918982887374
