EMITTER_COEFFICIENT_SOLUTION,PRESSURE_OUTPUT,OUTPUT_DEMAND,FITNESS
0.3902069934634024,28.88144746911224,1.2,36.69438954979468
