EMITTER_COEFFICIENT_SOLUTION,PRESSURE_OUTPUT,OUTPUT_DEMAND,FITNESS
0.03444825105856608,28.95765923263844,0.89,7.439563932117647
