EMITTER_COEFFICIENT_SOLUTION,PRESSURE_OUTPUT,OUTPUT_DEMAND,FITNESS
1.4661798291309938,21.013625432906228,1.2,0.3944354657511919
