EMITTER_COEFFICIENT_SOLUTION,PRESSURE_OUTPUT,OUTPUT_DEMAND,FITNESS
0.2893834510374744,26.970884542330822,1.1,11.777443662166203
