EMITTER_COEFFICIENT_SOLUTION,PRESSURE_OUTPUT,OUTPUT_DEMAND,FITNESS
1.40362512961056,9.326352755743116,1.0,34.930284018265304
