EMITTER_COEFFICIENT_SOLUTION,PRESSURE_OUTPUT,OUTPUT_DEMAND,FITNESS
0.02922045356975156,24.53463955196007,1.2,1.0144589398106323
