EMITTER_COEFFICIENT_SOLUTION,PRESSURE_OUTPUT,OUTPUT_DEMAND,FITNESS
0.12369961226445692,28.883597477280958,1.2,2.185745492658971
