EMITTER_COEFFICIENT_SOLUTION,PRESSURE_OUTPUT,OUTPUT_DEMAND,FITNESS
0.31244735858299033,24.177976241454587,3.9,8.51384460426094
