EMITTER_COEFFICIENT_SOLUTION,PRESSURE_OUTPUT,OUTPUT_DEMAND,FITNESS
0.6082178119654558,29.159815889306426,1.7,3.503762971569897
