EMITTER_COEFFICIENT_SOLUTION,PRESSURE_OUTPUT,OUTPUT_DEMAND,FITNESS
1.405619755231249,26.494080780200534,1.1,1.9850498447328293
