EMITTER_COEFFICIENT_SOLUTION,PRESSURE_OUTPUT,OUTPUT_DEMAND,FITNESS
0.07929513666970944,24.32313364192592,3.9,3.8078824297852996
