EMITTER_COEFFICIENT_SOLUTION,PRESSURE_OUTPUT,OUTPUT_DEMAND,FITNESS
0.22048497140590695,26.583984692596225,10.1,22.92090654821473
