EMITTER_COEFFICIENT_SOLUTION,PRESSURE_OUTPUT,OUTPUT_DEMAND,FITNESS
1.2494636717271037,28.642633009222322,1.2,4.726694548128411
