EMITTER_COEFFICIENT_SOLUTION,PRESSURE_OUTPUT,OUTPUT_DEMAND,FITNESS
1.020795496277805,26.669829718394965,1.1,4.626443490946979
