EMITTER_COEFFICIENT_SOLUTION,PRESSURE_OUTPUT,OUTPUT_DEMAND,FITNESS
0.29740908175452585,27.10343510340884,1.1,9.470536799664973
