EMITTER_COEFFICIENT_SOLUTION,PRESSURE_OUTPUT,OUTPUT_DEMAND,FITNESS
0.5927889906097754,26.94856484987545,1.1,20.291541585152096
