EMITTER_COEFFICIENT_SOLUTION,PRESSURE_OUTPUT,OUTPUT_DEMAND,FITNESS
0.4756190851535006,27.02688781526348,1.21,83.81210464719051
