EMITTER_COEFFICIENT_SOLUTION,PRESSURE_OUTPUT,OUTPUT_DEMAND,FITNESS
0.9744146707041994,26.61483998564084,1.5,1.4071275361937747
