EMITTER_COEFFICIENT_SOLUTION,PRESSURE_OUTPUT,OUTPUT_DEMAND,FITNESS
0.3528297882518012,27.50449046962146,1.5,5.587065120227618
