EMITTER_COEFFICIENT_SOLUTION,PRESSURE_OUTPUT,OUTPUT_DEMAND,FITNESS
0.348639171020823,23.98795331901433,13.000000000000002,63.85742013684603
