EMITTER_COEFFICIENT_SOLUTION,PRESSURE_OUTPUT,OUTPUT_DEMAND,FITNESS
0.33420242518199117,28.875448880930563,0.89,19.154839166921626
