EMITTER_COEFFICIENT_SOLUTION,PRESSURE_OUTPUT,OUTPUT_DEMAND,FITNESS
0.5065668399972868,24.849332396466277,23.0,245.61265573150237
