EMITTER_COEFFICIENT_SOLUTION,PRESSURE_OUTPUT,OUTPUT_DEMAND,FITNESS
1.1638001344380906,28.668996140083365,1.2,5.399532858768922
