EMITTER_COEFFICIENT_SOLUTION,PRESSURE_OUTPUT,OUTPUT_DEMAND,FITNESS
0.24560848656166412,23.998555979950574,13.000000000000002,38.077036263271545
