EMITTER_COEFFICIENT_SOLUTION,PRESSURE_OUTPUT,OUTPUT_DEMAND,FITNESS
0.20916125361251847,24.242401604584703,3.9,5.498096998479264
