EMITTER_COEFFICIENT_SOLUTION,PRESSURE_OUTPUT,OUTPUT_DEMAND,FITNESS
0.1673391857314377,28.838233829518785,1.2,2.426323710456094
