EMITTER_COEFFICIENT_SOLUTION,PRESSURE_OUTPUT,OUTPUT_DEMAND,FITNESS
0.9027661482776359,26.719557814336824,1.1,6.008869370537254
