EMITTER_COEFFICIENT_SOLUTION,PRESSURE_OUTPUT,OUTPUT_DEMAND,FITNESS
0.10885497427591029,9.367221177520463,1.0,81.68620844673588
