EMITTER_COEFFICIENT_SOLUTION,PRESSURE_OUTPUT,OUTPUT_DEMAND,FITNESS
0.3250857468816859,24.170080143841354,3.9,9.127447758688671
