EMITTER_COEFFICIENT_SOLUTION,PRESSURE_OUTPUT,OUTPUT_DEMAND,FITNESS
0.4475983289736736,26.548585467682855,10.1,121.52046028637133
