EMITTER_COEFFICIENT_SOLUTION,PRESSURE_OUTPUT,OUTPUT_DEMAND,FITNESS
0.4496854444331668,26.90639730059813,1.1,48.969612406633274
