EMITTER_COEFFICIENT_SOLUTION,PRESSURE_OUTPUT,OUTPUT_DEMAND,FITNESS
0.034828779973372304,25.138209604332527,23.0,3.511140330360524
