EMITTER_COEFFICIENT_SOLUTION,PRESSURE_OUTPUT,OUTPUT_DEMAND,FITNESS
0.45057503259892284,24.091530690081733,3.9,32.24745590359481
