EMITTER_COEFFICIENT_SOLUTION,PRESSURE_OUTPUT,OUTPUT_DEMAND,FITNESS
0.6400895934098595,26.946084193555812,1.21,14.519231030941386
