EMITTER_COEFFICIENT_SOLUTION,PRESSURE_OUTPUT,OUTPUT_DEMAND,FITNESS
0.4072912009479571,24.82486822124401,12.6,95.68549513465751
