EMITTER_COEFFICIENT_SOLUTION,PRESSURE_OUTPUT,OUTPUT_DEMAND,FITNESS
0.48936210965711757,9.35531433714685,1.0,2983.9323564658075
