EMITTER_COEFFICIENT_SOLUTION,PRESSURE_OUTPUT,OUTPUT_DEMAND,FITNESS
0.36822305000972777,24.82926146200206,12.6,67.3666258772711
