EMITTER_COEFFICIENT_SOLUTION,PRESSURE_OUTPUT,OUTPUT_DEMAND,FITNESS
0.4409479438410253,26.549628099381607,10.1,107.85510195948379
