EMITTER_COEFFICIENT_SOLUTION,PRESSURE_OUTPUT,OUTPUT_DEMAND,FITNESS
0.1337347672479443,30.317442878491644,1.7,1.1464976924300396
