EMITTER_COEFFICIENT_SOLUTION,PRESSURE_OUTPUT,OUTPUT_DEMAND,FITNESS
0.07973927479818022,24.43965583494919,1.2,1.1226325336273286
