EMITTER_COEFFICIENT_SOLUTION,PRESSURE_OUTPUT,OUTPUT_DEMAND,FITNESS
1.4614892366779721,9.324503184040282,1.0,32.81052510423548
