EMITTER_COEFFICIENT_SOLUTION,PRESSURE_OUTPUT,OUTPUT_DEMAND,FITNESS
1.110060031318206,28.68525465002874,1.2,5.919166796625442
