EMITTER_COEFFICIENT_SOLUTION,PRESSURE_OUTPUT,OUTPUT_DEMAND,FITNESS
0.16557782895837025,24.715046716806437,1.5,1.1585048429157816
