EMITTER_COEFFICIENT_SOLUTION,PRESSURE_OUTPUT,OUTPUT_DEMAND,FITNESS
0.06777372612582111,24.92664313926643,1.5,0.930424729976857
