EMITTER_COEFFICIENT_SOLUTION,PRESSURE_OUTPUT,OUTPUT_DEMAND,FITNESS
0.9323809182119962,23.78764028794008,3.9,3.6645848855926415
