EMITTER_COEFFICIENT_SOLUTION,PRESSURE_OUTPUT,OUTPUT_DEMAND,FITNESS
1.1149010710629426,23.907684267646154,13.000000000000002,15.477201406119217
