EMITTER_COEFFICIENT_SOLUTION,PRESSURE_OUTPUT,OUTPUT_DEMAND,FITNESS
0.9484972016143491,26.658486986901366,1.5,1.499203993993541
