EMITTER_COEFFICIENT_SOLUTION,PRESSURE_OUTPUT,OUTPUT_DEMAND,FITNESS
0.24779181743160916,26.98747207868098,1.1,9.85264333175958
