EMITTER_COEFFICIENT_SOLUTION,PRESSURE_OUTPUT,OUTPUT_DEMAND,FITNESS
0.2841812791176561,27.110231218340218,1.1,8.897846013098993
