EMITTER_COEFFICIENT_SOLUTION,PRESSURE_OUTPUT,OUTPUT_DEMAND,FITNESS
0.9673524545244154,23.923331999666196,13.000000000000002,20.423404923527762
