EMITTER_COEFFICIENT_SOLUTION,PRESSURE_OUTPUT,OUTPUT_DEMAND,FITNESS
0.7420441727342149,26.987008207324422,1.5,2.954214858492465
