EMITTER_COEFFICIENT_SOLUTION,PRESSURE_OUTPUT,OUTPUT_DEMAND,FITNESS
0.01796393012071007,28.96630748359769,1.2,8.91964087621148
