EMITTER_COEFFICIENT_SOLUTION,PRESSURE_OUTPUT,OUTPUT_DEMAND,FITNESS
0.08534335387325176,27.210884439957795,1.1,4.693954801003611
