EMITTER_COEFFICIENT_SOLUTION,PRESSURE_OUTPUT,OUTPUT_DEMAND,FITNESS
0.012346260683047783,24.364629917112914,3.9,3.2882900592097495
