EMITTER_COEFFICIENT_SOLUTION,PRESSURE_OUTPUT,OUTPUT_DEMAND,FITNESS
0.2202074729132213,26.58402768322398,10.1,22.898342883819016
