EMITTER_COEFFICIENT_SOLUTION,PRESSURE_OUTPUT,OUTPUT_DEMAND,FITNESS
0.1210291719112031,24.81394195244003,1.5,1.0394180800404562
