EMITTER_COEFFICIENT_SOLUTION,PRESSURE_OUTPUT,OUTPUT_DEMAND,FITNESS
0.37249697124235304,9.358980527184642,1.0,249.91763476014023
