EMITTER_COEFFICIENT_SOLUTION,PRESSURE_OUTPUT,OUTPUT_DEMAND,FITNESS
0.02114814464478698,30.552943161280286,1.7,0.9027537112307041
