EMITTER_COEFFICIENT_SOLUTION,PRESSURE_OUTPUT,OUTPUT_DEMAND,FITNESS
0.4055764854194134,24.911781200983942,23.0,17.129343633007693
