EMITTER_COEFFICIENT_SOLUTION,PRESSURE_OUTPUT,OUTPUT_DEMAND,FITNESS
1.2593766196287577,24.37417538787324,23.0,2.086687422400521
