EMITTER_COEFFICIENT_SOLUTION,PRESSURE_OUTPUT,OUTPUT_DEMAND,FITNESS
0.22459660406959148,27.64268057072799,1.5,3.152834117436541
