EMITTER_COEFFICIENT_SOLUTION,PRESSURE_OUTPUT,OUTPUT_DEMAND,FITNESS
0.34654043306518856,24.948136985191137,23.0,10.555745509251926
