EMITTER_COEFFICIENT_SOLUTION,PRESSURE_OUTPUT,OUTPUT_DEMAND,FITNESS
1.0216702752354159,26.533938291290838,1.5,1.2633132201902053
