EMITTER_COEFFICIENT_SOLUTION,PRESSURE_OUTPUT,OUTPUT_DEMAND,FITNESS
0.7061648494950873,28.751971335579775,0.89,14.030476549147098
