EMITTER_COEFFICIENT_SOLUTION,PRESSURE_OUTPUT,OUTPUT_DEMAND,FITNESS
0.04648142389231147,27.066896489526634,1.1,5.527304389031132
