EMITTER_COEFFICIENT_SOLUTION,PRESSURE_OUTPUT,OUTPUT_DEMAND,FITNESS
0.07232014622152505,27.21737637270018,1.1,4.555146554060233
