EMITTER_COEFFICIENT_SOLUTION,PRESSURE_OUTPUT,OUTPUT_DEMAND,FITNESS
1.3480324114901039,23.522904851007183,3.9,1.8600580115452159
