EMITTER_COEFFICIENT_SOLUTION,PRESSURE_OUTPUT,OUTPUT_DEMAND,FITNESS
0.5631198464726821,23.66772427382104,1.5,5.430565120958612
