EMITTER_COEFFICIENT_SOLUTION,PRESSURE_OUTPUT,OUTPUT_DEMAND,FITNESS
0.1539964530165958,27.711363652429597,1.5,2.5916267662313155
