EMITTER_COEFFICIENT_SOLUTION,PRESSURE_OUTPUT,OUTPUT_DEMAND,FITNESS
1.4273884678856597,24.265957732354483,23.0,1.702283790006258
