EMITTER_COEFFICIENT_SOLUTION,PRESSURE_OUTPUT,OUTPUT_DEMAND,FITNESS
0.46488509813828316,28.83468721281134,0.89,87.37851708771129
