EMITTER_COEFFICIENT_SOLUTION,PRESSURE_OUTPUT,OUTPUT_DEMAND,FITNESS
0.060457005829639976,9.368729406851443,1.0,72.72622576073478
