EMITTER_COEFFICIENT_SOLUTION,PRESSURE_OUTPUT,OUTPUT_DEMAND,FITNESS
0.8538292790411146,23.935309691562942,13.000000000000002,27.03744726483819
