EMITTER_COEFFICIENT_SOLUTION,PRESSURE_OUTPUT,OUTPUT_DEMAND,FITNESS
1.4613621394339007,28.434759048168125,0.89,2.5740972954921153
