EMITTER_COEFFICIENT_SOLUTION,PRESSURE_OUTPUT,OUTPUT_DEMAND,FITNESS
1.1093399054188169,26.632250466647633,1.1,3.9412282994292522
