EMITTER_COEFFICIENT_SOLUTION,PRESSURE_OUTPUT,OUTPUT_DEMAND,FITNESS
0.014771259495254152,9.370151818194465,1.0,65.90824168866348
