EMITTER_COEFFICIENT_SOLUTION,PRESSURE_OUTPUT,OUTPUT_DEMAND,FITNESS
0.2268383741465395,28.90673838622876,0.89,11.976674124737446
