EMITTER_COEFFICIENT_SOLUTION,PRESSURE_OUTPUT,OUTPUT_DEMAND,FITNESS
0.5303348114970664,9.35402704363348,1.0,1048.036465268191
