EMITTER_COEFFICIENT_SOLUTION,PRESSURE_OUTPUT,OUTPUT_DEMAND,FITNESS
0.28231223181852605,27.582591487466956,1.5,3.889750988928482
