EMITTER_COEFFICIENT_SOLUTION,PRESSURE_OUTPUT,OUTPUT_DEMAND,FITNESS
0.30978889985037183,9.360944376394905,1.0,167.6398863805509
