EMITTER_COEFFICIENT_SOLUTION,PRESSURE_OUTPUT,OUTPUT_DEMAND,FITNESS
1.446229781839544,26.487205436027224,1.1,2.5076921121625335
