EMITTER_COEFFICIENT_SOLUTION,PRESSURE_OUTPUT,OUTPUT_DEMAND,FITNESS
0.36239402825364486,28.610287246271703,1.2,5.428894126870515
