EMITTER_COEFFICIENT_SOLUTION,PRESSURE_OUTPUT,OUTPUT_DEMAND,FITNESS
0.7703067182585164,28.012800803977065,1.2,2.4196151486160087
