EMITTER_COEFFICIENT_SOLUTION,PRESSURE_OUTPUT,OUTPUT_DEMAND,FITNESS
1.1463727319257595,24.740605794825953,12.6,13.547653302856386
