EMITTER_COEFFICIENT_SOLUTION,PRESSURE_OUTPUT,OUTPUT_DEMAND,FITNESS
0.8152089603350303,23.861860507489943,3.9,5.033675683926628
