EMITTER_COEFFICIENT_SOLUTION,PRESSURE_OUTPUT,OUTPUT_DEMAND,FITNESS
0.27089349771891547,24.055664434750447,1.2,1.9732738830056449
