EMITTER_COEFFICIENT_SOLUTION,PRESSURE_OUTPUT,OUTPUT_DEMAND,FITNESS
0.09033201100775679,27.049719101692233,1.1,6.107145155455365
