EMITTER_COEFFICIENT_SOLUTION,PRESSURE_OUTPUT,OUTPUT_DEMAND,FITNESS
0.47130123229078347,23.614922177025512,1.2,15.14468478870702
