EMITTER_COEFFICIENT_SOLUTION,PRESSURE_OUTPUT,OUTPUT_DEMAND,FITNESS
0.677743468504533,28.808001376807866,1.2,21.646909996286663
