EMITTER_COEFFICIENT_SOLUTION,PRESSURE_OUTPUT,OUTPUT_DEMAND,FITNESS
1.4513752322834697,26.46735816130067,1.1,1.8850556886964587
