EMITTER_COEFFICIENT_SOLUTION,PRESSURE_OUTPUT,OUTPUT_DEMAND,FITNESS
0.27143572878956346,23.9959024541838,13.000000000000002,42.35668812741384
