EMITTER_COEFFICIENT_SOLUTION,PRESSURE_OUTPUT,OUTPUT_DEMAND,FITNESS
0.46541168043358117,24.818321089431144,12.6,256.16243678828204
