EMITTER_COEFFICIENT_SOLUTION,PRESSURE_OUTPUT,OUTPUT_DEMAND,FITNESS
0.10021295956950405,26.602557224446166,10.1,16.0769575186174
