EMITTER_COEFFICIENT_SOLUTION,PRESSURE_OUTPUT,OUTPUT_DEMAND,FITNESS
0.7377313734256246,26.993494213685317,1.5,3.0119265529363983
