EMITTER_COEFFICIENT_SOLUTION,PRESSURE_OUTPUT,OUTPUT_DEMAND,FITNESS
0.4324028473928443,27.410345783933067,1.5,11.786870457541886
