EMITTER_COEFFICIENT_SOLUTION,PRESSURE_OUTPUT,OUTPUT_DEMAND,FITNESS
0.15852359304970398,26.59356793371692,10.1,18.792918460729556
