EMITTER_COEFFICIENT_SOLUTION,PRESSURE_OUTPUT,OUTPUT_DEMAND,FITNESS
0.1880513763428029,24.22670503174251,1.2,1.475333991620206
