EMITTER_COEFFICIENT_SOLUTION,PRESSURE_OUTPUT,OUTPUT_DEMAND,FITNESS
0.010376573218520257,9.370288578920338,1.0,65.31947422362808
