EMITTER_COEFFICIENT_SOLUTION,PRESSURE_OUTPUT,OUTPUT_DEMAND,FITNESS
0.12785295649864514,9.366628756066241,1.0,85.8402465165634
