EMITTER_COEFFICIENT_SOLUTION,PRESSURE_OUTPUT,OUTPUT_DEMAND,FITNESS
0.1601970487522506,24.727210241789656,1.5,1.1424066171006662
