EMITTER_COEFFICIENT_SOLUTION,PRESSURE_OUTPUT,OUTPUT_DEMAND,FITNESS
0.8927142082641177,22.582393810447908,1.2,1.034660506054755
