EMITTER_COEFFICIENT_SOLUTION,PRESSURE_OUTPUT,OUTPUT_DEMAND,FITNESS
0.3790580929562807,24.8280436744905,12.6,73.38718070445958
