EMITTER_COEFFICIENT_SOLUTION,PRESSURE_OUTPUT,OUTPUT_DEMAND,FITNESS
1.4173374482987762,26.554482638505995,1.21,2.171667133684045
