EMITTER_COEFFICIENT_SOLUTION,PRESSURE_OUTPUT,OUTPUT_DEMAND,FITNESS
0.6234353920647459,24.776667575129682,23.0,13.031646754032224
