EMITTER_COEFFICIENT_SOLUTION,PRESSURE_OUTPUT,OUTPUT_DEMAND,FITNESS
0.6457479152964306,28.773572589907403,0.89,20.13200059180965
