EMITTER_COEFFICIENT_SOLUTION,PRESSURE_OUTPUT,OUTPUT_DEMAND,FITNESS
0.2457214070224607,23.998544384621532,13.000000000000002,38.09385530091405
