EMITTER_COEFFICIENT_SOLUTION,PRESSURE_OUTPUT,OUTPUT_DEMAND,FITNESS
0.89375267437547,26.47781226972679,10.1,15.98819916524784
