EMITTER_COEFFICIENT_SOLUTION,PRESSURE_OUTPUT,OUTPUT_DEMAND,FITNESS
1.2037878578924615,27.225240031151273,1.2,0.8327437240995258
