EMITTER_COEFFICIENT_SOLUTION,PRESSURE_OUTPUT,OUTPUT_DEMAND,FITNESS
0.32897807565040127,28.652168855190546,1.2,4.423189826076965
