EMITTER_COEFFICIENT_SOLUTION,PRESSURE_OUTPUT,OUTPUT_DEMAND,FITNESS
0.476067633485036,23.604004031806017,1.2,18.14499332703281
