EMITTER_COEFFICIENT_SOLUTION,PRESSURE_OUTPUT,OUTPUT_DEMAND,FITNESS
1.4395631350318396,23.464330340875108,3.9,1.6773115821178557
