EMITTER_COEFFICIENT_SOLUTION,PRESSURE_OUTPUT,OUTPUT_DEMAND,FITNESS
0.05440092553729725,24.953973010372078,1.5,0.9073522255830844
