EMITTER_COEFFICIENT_SOLUTION,PRESSURE_OUTPUT,OUTPUT_DEMAND,FITNESS
0.2529178756526529,30.050667643021022,1.7,1.6516740921218582
