EMITTER_COEFFICIENT_SOLUTION,PRESSURE_OUTPUT,OUTPUT_DEMAND,FITNESS
0.33779633545231436,24.162136160521417,3.9,9.841002013632881
