EMITTER_COEFFICIENT_SOLUTION,PRESSURE_OUTPUT,OUTPUT_DEMAND,FITNESS
0.3060718098236591,28.883841248299603,0.89,16.502059684885506
