EMITTER_COEFFICIENT_SOLUTION,PRESSURE_OUTPUT,OUTPUT_DEMAND,FITNESS
0.4807829256795937,28.45292113485258,1.2,37.26689752319154
