EMITTER_COEFFICIENT_SOLUTION,PRESSURE_OUTPUT,OUTPUT_DEMAND,FITNESS
0.23589929924830078,24.844095241283036,12.6,33.69507826313675
