EMITTER_COEFFICIENT_SOLUTION,PRESSURE_OUTPUT,OUTPUT_DEMAND,FITNESS
0.9096532920709096,26.81204857525533,1.21,4.928298450871076
