EMITTER_COEFFICIENT_SOLUTION,PRESSURE_OUTPUT,OUTPUT_DEMAND,FITNESS
1.0290174344955996,26.70955274047185,1.1,3.468684557178068
