EMITTER_COEFFICIENT_SOLUTION,PRESSURE_OUTPUT,OUTPUT_DEMAND,FITNESS
0.7778466489897149,28.00035565365455,1.2,2.348884426804317
