EMITTER_COEFFICIENT_SOLUTION,PRESSURE_OUTPUT,OUTPUT_DEMAND,FITNESS
0.6500431601182506,26.917876521744525,1.1,12.504697689778643
