EMITTER_COEFFICIENT_SOLUTION,PRESSURE_OUTPUT,OUTPUT_DEMAND,FITNESS
0.6228803301484775,26.83575568044479,1.1,19.91127820733789
