EMITTER_COEFFICIENT_SOLUTION,PRESSURE_OUTPUT,OUTPUT_DEMAND,FITNESS
0.7535112409452904,26.96968565175024,1.5,2.810394197140077
