EMITTER_COEFFICIENT_SOLUTION,PRESSURE_OUTPUT,OUTPUT_DEMAND,FITNESS
0.8171287766270877,28.710784703587592,0.89,8.892046665770831
