EMITTER_COEFFICIENT_SOLUTION,PRESSURE_OUTPUT,OUTPUT_DEMAND,FITNESS
0.20353722322697776,28.925478435108282,1.2,14.028572845877498
