EMITTER_COEFFICIENT_SOLUTION,PRESSURE_OUTPUT,OUTPUT_DEMAND,FITNESS
0.8080185184174755,26.885825731346017,1.5,2.274371589060114
