EMITTER_COEFFICIENT_SOLUTION,PRESSURE_OUTPUT,OUTPUT_DEMAND,FITNESS
0.8982594468537957,26.782428702270224,1.1,4.642142663703823
