EMITTER_COEFFICIENT_SOLUTION,PRESSURE_OUTPUT,OUTPUT_DEMAND,FITNESS
0.34655836478868074,28.630276724918062,1.2,4.897422138570467
