EMITTER_COEFFICIENT_SOLUTION,PRESSURE_OUTPUT,OUTPUT_DEMAND,FITNESS
0.7774685327487683,23.94333611758794,13.000000000000002,34.531204510688745
