EMITTER_COEFFICIENT_SOLUTION,PRESSURE_OUTPUT,OUTPUT_DEMAND,FITNESS
0.104568930223365,24.849427279625846,1.5,1.002443850195223
