EMITTER_COEFFICIENT_SOLUTION,PRESSURE_OUTPUT,OUTPUT_DEMAND,FITNESS
0.27130688401521774,24.054793874510516,1.2,1.976669512208967
