EMITTER_COEFFICIENT_SOLUTION,PRESSURE_OUTPUT,OUTPUT_DEMAND,FITNESS
0.5546848519809962,26.9688703830619,1.1,34.511218758071024
