EMITTER_COEFFICIENT_SOLUTION,PRESSURE_OUTPUT,OUTPUT_DEMAND,FITNESS
0.8207483060548306,28.567673482507406,1.7,1.1395364151439675
