EMITTER_COEFFICIENT_SOLUTION,PRESSURE_OUTPUT,OUTPUT_DEMAND,FITNESS
1.2600550263586854,24.373739934322675,23.0,2.0847930638271968
