EMITTER_COEFFICIENT_SOLUTION,PRESSURE_OUTPUT,OUTPUT_DEMAND,FITNESS
0.46633923862809123,9.356037236782392,1.0,945.1546814311054
