EMITTER_COEFFICIENT_SOLUTION,PRESSURE_OUTPUT,OUTPUT_DEMAND,FITNESS
0.15064093460527528,27.714493614668008,1.5,2.5707734389712154
