EMITTER_COEFFICIENT_SOLUTION,PRESSURE_OUTPUT,OUTPUT_DEMAND,FITNESS
0.450045872124869,27.38862769116932,1.5,15.842319665334427
