EMITTER_COEFFICIENT_SOLUTION,PRESSURE_OUTPUT,OUTPUT_DEMAND,FITNESS
0.47802916390871,23.97457348201548,13.000000000000002,438.58682303380215
