EMITTER_COEFFICIENT_SOLUTION,PRESSURE_OUTPUT,OUTPUT_DEMAND,FITNESS
1.432858704609973,9.325418577011312,1.0,33.82648755855115
