EMITTER_COEFFICIENT_SOLUTION,PRESSURE_OUTPUT,OUTPUT_DEMAND,FITNESS
0.35439038470010176,26.563165157264066,10.1,43.842810978812004
