EMITTER_COEFFICIENT_SOLUTION,PRESSURE_OUTPUT,OUTPUT_DEMAND,FITNESS
0.11653641008020943,27.200622209352417,1.21,5.3860202494093175
