EMITTER_COEFFICIENT_SOLUTION,PRESSURE_OUTPUT,OUTPUT_DEMAND,FITNESS
0.3524484306814605,24.944503731166968,23.0,10.976721492134512
