EMITTER_COEFFICIENT_SOLUTION,PRESSURE_OUTPUT,OUTPUT_DEMAND,FITNESS
0.15297069218290105,28.85340501429676,1.2,2.340181161367472
