EMITTER_COEFFICIENT_SOLUTION,PRESSURE_OUTPUT,OUTPUT_DEMAND,FITNESS
0.6447011094940089,26.517519239140775,10.1,43.78444430678216
