EMITTER_COEFFICIENT_SOLUTION,PRESSURE_OUTPUT,OUTPUT_DEMAND,FITNESS
0.7602466586948304,23.896608288068204,3.9,6.100752570068496
