EMITTER_COEFFICIENT_SOLUTION,PRESSURE_OUTPUT,OUTPUT_DEMAND,FITNESS
0.0512359516870442,24.018433316884774,13.000000000000002,21.67322257505337
