EMITTER_COEFFICIENT_SOLUTION,PRESSURE_OUTPUT,OUTPUT_DEMAND,FITNESS
0.8744754998899249,26.48090360630809,10.1,16.819501424433803
