EMITTER_COEFFICIENT_SOLUTION,PRESSURE_OUTPUT,OUTPUT_DEMAND,FITNESS
1.0761631970292906,26.68302652470721,1.1,3.1764188446820376
