EMITTER_COEFFICIENT_SOLUTION,PRESSURE_OUTPUT,OUTPUT_DEMAND,FITNESS
0.282725309342611,24.03068188799144,1.2,2.0755953519425083
