EMITTER_COEFFICIENT_SOLUTION,PRESSURE_OUTPUT,OUTPUT_DEMAND,FITNESS
0.299293132630962,28.688412127319758,1.2,3.8120730665676543
