EMITTER_COEFFICIENT_SOLUTION,PRESSURE_OUTPUT,OUTPUT_DEMAND,FITNESS
0.7633730690963334,26.49866177294549,10.1,23.982754778408164
