EMITTER_COEFFICIENT_SOLUTION,PRESSURE_OUTPUT,OUTPUT_DEMAND,FITNESS
1.3800947757506963,23.879334829731313,13.000000000000002,10.757245308530969
