EMITTER_COEFFICIENT_SOLUTION,PRESSURE_OUTPUT,OUTPUT_DEMAND,FITNESS
0.7714143752084622,28.782640437119817,1.2,13.974890858843908
