EMITTER_COEFFICIENT_SOLUTION,PRESSURE_OUTPUT,OUTPUT_DEMAND,FITNESS
1.4463031341488641,26.470326061889164,1.1,1.8956612649450313
