EMITTER_COEFFICIENT_SOLUTION,PRESSURE_OUTPUT,OUTPUT_DEMAND,FITNESS
1.0868258148576997,26.67700906144964,1.1,3.116843547946881
