EMITTER_COEFFICIENT_SOLUTION,PRESSURE_OUTPUT,OUTPUT_DEMAND,FITNESS
0.02573466588175488,27.24395310804826,1.21,4.366874325390964
