EMITTER_COEFFICIENT_SOLUTION,PRESSURE_OUTPUT,OUTPUT_DEMAND,FITNESS
0.08805529305519921,24.884444728556364,1.5,0.9684483811717793
