EMITTER_COEFFICIENT_SOLUTION,PRESSURE_OUTPUT,OUTPUT_DEMAND,FITNESS
0.49116190749920385,28.85642659569281,1.2,448.17945131909124
