EMITTER_COEFFICIENT_SOLUTION,PRESSURE_OUTPUT,OUTPUT_DEMAND,FITNESS
0.31231763123791234,29.911346972121876,1.7,2.145344293146792
