EMITTER_COEFFICIENT_SOLUTION,PRESSURE_OUTPUT,OUTPUT_DEMAND,FITNESS
0.9828994366398582,22.310610874595547,1.5,0.6488213554739265
