EMITTER_COEFFICIENT_SOLUTION,PRESSURE_OUTPUT,OUTPUT_DEMAND,FITNESS
0.10403109414400835,27.044338614913244,1.1,6.314640541803928
