EMITTER_COEFFICIENT_SOLUTION,PRESSURE_OUTPUT,OUTPUT_DEMAND,FITNESS
0.4725769480715548,24.81751299325437,12.6,323.0311374822187
