EMITTER_COEFFICIENT_SOLUTION,PRESSURE_OUTPUT,OUTPUT_DEMAND,FITNESS
1.187508411015532,24.420235036517308,23.0,2.308568792849041
