EMITTER_COEFFICIENT_SOLUTION,PRESSURE_OUTPUT,OUTPUT_DEMAND,FITNESS
0.9878399300109231,22.332994688811254,1.2,0.8224362438154499
