EMITTER_COEFFICIENT_SOLUTION,PRESSURE_OUTPUT,OUTPUT_DEMAND,FITNESS
1.3226587493569566,24.72018924077704,12.6,10.612323007047145
