EMITTER_COEFFICIENT_SOLUTION,PRESSURE_OUTPUT,OUTPUT_DEMAND,FITNESS
1.0769192374715006,27.47015472050767,1.2,1.0460962861084266
