EMITTER_COEFFICIENT_SOLUTION,PRESSURE_OUTPUT,OUTPUT_DEMAND,FITNESS
0.31574489884279966,9.360757951803215,1.0,173.0480171674356
