EMITTER_COEFFICIENT_SOLUTION,PRESSURE_OUTPUT,OUTPUT_DEMAND,FITNESS
1.477152027206461,26.45225340953645,1.1,1.8328678945026966
