EMITTER_COEFFICIENT_SOLUTION,PRESSURE_OUTPUT,OUTPUT_DEMAND,FITNESS
0.3082467071458945,23.976334561994943,1.2,2.3394978633034733
