EMITTER_COEFFICIENT_SOLUTION,PRESSURE_OUTPUT,OUTPUT_DEMAND,FITNESS
0.14219911938392782,30.299076633988957,1.7,1.1711586117732955
