EMITTER_COEFFICIENT_SOLUTION,PRESSURE_OUTPUT,OUTPUT_DEMAND,FITNESS
0.24864036981087834,24.51989663310499,1.5,1.4969354861102253
