EMITTER_COEFFICIENT_SOLUTION,PRESSURE_OUTPUT,OUTPUT_DEMAND,FITNESS
0.5414777902957266,29.33720007781468,1.7,9.257266738877734
