EMITTER_COEFFICIENT_SOLUTION,PRESSURE_OUTPUT,OUTPUT_DEMAND,FITNESS
0.5150307273146785,24.84408407360035,23.0,107.29873573652705
