EMITTER_COEFFICIENT_SOLUTION,PRESSURE_OUTPUT,OUTPUT_DEMAND,FITNESS
1.0747156661049573,23.697230058333137,3.9,2.752603433867575
