EMITTER_COEFFICIENT_SOLUTION,PRESSURE_OUTPUT,OUTPUT_DEMAND,FITNESS
0.35760906641070767,27.072352010174015,1.1,13.421460008855956
