EMITTER_COEFFICIENT_SOLUTION,PRESSURE_OUTPUT,OUTPUT_DEMAND,FITNESS
0.12121563991593576,28.943957790821273,1.2,11.140516599459255
