EMITTER_COEFFICIENT_SOLUTION,PRESSURE_OUTPUT,OUTPUT_DEMAND,FITNESS
0.37862951684169754,28.58952948274988,1.2,6.1183853794106575
