EMITTER_COEFFICIENT_SOLUTION,PRESSURE_OUTPUT,OUTPUT_DEMAND,FITNESS
1.0941691169117589,23.90988836644557,13.000000000000002,16.023826709973857
