EMITTER_COEFFICIENT_SOLUTION,PRESSURE_OUTPUT,OUTPUT_DEMAND,FITNESS
1.3959303428261554,25.837449633698217,1.5,0.6720168218968695
