EMITTER_COEFFICIENT_SOLUTION,PRESSURE_OUTPUT,OUTPUT_DEMAND,FITNESS
0.8848827582574519,27.818638897516067,1.2,1.646223934459708
