EMITTER_COEFFICIENT_SOLUTION,PRESSURE_OUTPUT,OUTPUT_DEMAND,FITNESS
0.4736324213540384,27.011745437716556,1.1,71.93742650885417
