EMITTER_COEFFICIENT_SOLUTION,PRESSURE_OUTPUT,OUTPUT_DEMAND,FITNESS
0.737454897351471,26.993909462155685,1.5,3.015698280424568
