EMITTER_COEFFICIENT_SOLUTION,PRESSURE_OUTPUT,OUTPUT_DEMAND,FITNESS
1.267030511003823,21.295545761471054,1.5,0.3911871159432708
