EMITTER_COEFFICIENT_SOLUTION,PRESSURE_OUTPUT,OUTPUT_DEMAND,FITNESS
0.10619195612221799,28.901193984216647,1.2,2.104792062789832
