EMITTER_COEFFICIENT_SOLUTION,PRESSURE_OUTPUT,OUTPUT_DEMAND,FITNESS
0.14435249980282905,28.938822845582223,1.2,11.81649005196756
