EMITTER_COEFFICIENT_SOLUTION,PRESSURE_OUTPUT,OUTPUT_DEMAND,FITNESS
0.32427253355802677,23.941890536407342,1.2,2.544541396498967
