EMITTER_COEFFICIENT_SOLUTION,PRESSURE_OUTPUT,OUTPUT_DEMAND,FITNESS
1.4988478592795353,26.37927063522688,10.1,6.207796083586238
