EMITTER_COEFFICIENT_SOLUTION,PRESSURE_OUTPUT,OUTPUT_DEMAND,FITNESS
1.2052894246340744,23.614061077717043,3.9,2.239835220562761
