EMITTER_COEFFICIENT_SOLUTION,PRESSURE_OUTPUT,OUTPUT_DEMAND,FITNESS
0.4970644805332709,26.88717115141766,1.1,837.0455169644237
