EMITTER_COEFFICIENT_SOLUTION,PRESSURE_OUTPUT,OUTPUT_DEMAND,FITNESS
1.446562691513321,21.069427080729348,1.2,0.40331243246259507
