EMITTER_COEFFICIENT_SOLUTION,PRESSURE_OUTPUT,OUTPUT_DEMAND,FITNESS
1.3009554720670076,23.552994687635945,3.9,1.9703354017149046
