EMITTER_COEFFICIENT_SOLUTION,PRESSURE_OUTPUT,OUTPUT_DEMAND,FITNESS
0.12576393780904283,27.196205188573813,1.21,5.517277174673033
