EMITTER_COEFFICIENT_SOLUTION,PRESSURE_OUTPUT,OUTPUT_DEMAND,FITNESS
0.02714916624697672,28.97623837451836,1.2,1.8176837565566548
