EMITTER_COEFFICIENT_SOLUTION,PRESSURE_OUTPUT,OUTPUT_DEMAND,FITNESS
0.8344553720478356,23.937348433790547,13.000000000000002,28.614761159472554
