EMITTER_COEFFICIENT_SOLUTION,PRESSURE_OUTPUT,OUTPUT_DEMAND,FITNESS
0.6758160651517806,26.813969111437572,1.1,13.88708321746976
