EMITTER_COEFFICIENT_SOLUTION,PRESSURE_OUTPUT,OUTPUT_DEMAND,FITNESS
0.9201880699002178,22.525841770886608,1.5,0.7541333666590546
