EMITTER_COEFFICIENT_SOLUTION,PRESSURE_OUTPUT,OUTPUT_DEMAND,FITNESS
0.31248802474396187,24.360817018062882,1.5,1.9648224241473429
