EMITTER_COEFFICIENT_SOLUTION,PRESSURE_OUTPUT,OUTPUT_DEMAND,FITNESS
0.5523784745391409,26.53211026319545,10.1,121.23949097375969
