EMITTER_COEFFICIENT_SOLUTION,PRESSURE_OUTPUT,OUTPUT_DEMAND,FITNESS
0.3756752382478331,9.358880929577559,1.0,256.29717868145735
