EMITTER_COEFFICIENT_SOLUTION,PRESSURE_OUTPUT,OUTPUT_DEMAND,FITNESS
0.36463552961710055,9.359226855800777,1.0,235.42446556542887
