EMITTER_COEFFICIENT_SOLUTION,PRESSURE_OUTPUT,OUTPUT_DEMAND,FITNESS
1.4121749598938214,20.757987808590432,1.5,0.32321880802271413
