EMITTER_COEFFICIENT_SOLUTION,PRESSURE_OUTPUT,OUTPUT_DEMAND,FITNESS
0.3285633971680666,26.955204059995012,1.1,14.445108476195037
