EMITTER_COEFFICIENT_SOLUTION,PRESSURE_OUTPUT,OUTPUT_DEMAND,FITNESS
0.09883720119877315,9.367533478025408,1.0,79.65417903082451
