EMITTER_COEFFICIENT_SOLUTION,PRESSURE_OUTPUT,OUTPUT_DEMAND,FITNESS
0.3258920306721925,24.96082634985899,23.0,9.308863264803215
