EMITTER_COEFFICIENT_SOLUTION,PRESSURE_OUTPUT,OUTPUT_DEMAND,FITNESS
0.3992604992295239,27.050699902826125,1.1,18.91953022375654
