EMITTER_COEFFICIENT_SOLUTION,PRESSURE_OUTPUT,OUTPUT_DEMAND,FITNESS
0.5339855895733723,23.96876502965832,13.000000000000002,283.25385396624904
