EMITTER_COEFFICIENT_SOLUTION,PRESSURE_OUTPUT,OUTPUT_DEMAND,FITNESS
0.4917071687409189,28.437711097827055,1.2,86.03313754873149
