EMITTER_COEFFICIENT_SOLUTION,PRESSURE_OUTPUT,OUTPUT_DEMAND,FITNESS
0.8870957688742473,22.596959016365876,1.2,1.0504914578378344
