EMITTER_COEFFICIENT_SOLUTION,PRESSURE_OUTPUT,OUTPUT_DEMAND,FITNESS
0.7451304024502087,24.786621184910103,12.6,35.97364084101977
