EMITTER_COEFFICIENT_SOLUTION,PRESSURE_OUTPUT,OUTPUT_DEMAND,FITNESS
1.200074716125295,28.657899311352132,1.2,5.094294493592544
