EMITTER_COEFFICIENT_SOLUTION,PRESSURE_OUTPUT,OUTPUT_DEMAND,FITNESS
0.42428976945288277,24.900233909137018,23.0,21.352893160055952
