EMITTER_COEFFICIENT_SOLUTION,PRESSURE_OUTPUT,OUTPUT_DEMAND,FITNESS
0.0440509796337345,24.974852871111487,1.5,0.8904817040926211
