EMITTER_COEFFICIENT_SOLUTION,PRESSURE_OUTPUT,OUTPUT_DEMAND,FITNESS
0.11017313712005306,28.938422546130063,0.89,8.682078388834496
