EMITTER_COEFFICIENT_SOLUTION,PRESSURE_OUTPUT,OUTPUT_DEMAND,FITNESS
0.10731544564505413,9.367269175711058,1.0,81.36718478585959
