EMITTER_COEFFICIENT_SOLUTION,PRESSURE_OUTPUT,OUTPUT_DEMAND,FITNESS
0.17333509396328883,25.054149488674422,23.0,4.981378591330539
