EMITTER_COEFFICIENT_SOLUTION,PRESSURE_OUTPUT,OUTPUT_DEMAND,FITNESS
0.7190997466866536,26.50571038029681,10.1,28.861677711621923
