EMITTER_COEFFICIENT_SOLUTION,PRESSURE_OUTPUT,OUTPUT_DEMAND,FITNESS
0.7904466049568469,24.67210292815517,23.0,5.515691819942951
