EMITTER_COEFFICIENT_SOLUTION,PRESSURE_OUTPUT,OUTPUT_DEMAND,FITNESS
0.19448600616504774,27.155988405723647,1.1,6.323353353188554
