EMITTER_COEFFICIENT_SOLUTION,PRESSURE_OUTPUT,OUTPUT_DEMAND,FITNESS
0.8457397590266494,28.699851278085468,0.89,8.104156297130773
