EMITTER_COEFFICIENT_SOLUTION,PRESSURE_OUTPUT,OUTPUT_DEMAND,FITNESS
0.9057055042586896,24.599456601226215,23.0,3.9378257220234945
