EMITTER_COEFFICIENT_SOLUTION,PRESSURE_OUTPUT,OUTPUT_DEMAND,FITNESS
0.4666129821188554,23.625642439751765,1.2,13.02931100290002
