EMITTER_COEFFICIENT_SOLUTION,PRESSURE_OUTPUT,OUTPUT_DEMAND,FITNESS
1.4035033874925786,26.56158629016543,1.21,2.20569385855585
