EMITTER_COEFFICIENT_SOLUTION,PRESSURE_OUTPUT,OUTPUT_DEMAND,FITNESS
1.4561159817880927,9.324675017610282,1.0,32.99655803747836
