EMITTER_COEFFICIENT_SOLUTION,PRESSURE_OUTPUT,OUTPUT_DEMAND,FITNESS
0.4588847393815012,26.902670145324798,1.1,59.90293782208391
