EMITTER_COEFFICIENT_SOLUTION,PRESSURE_OUTPUT,OUTPUT_DEMAND,FITNESS
0.7390434924085383,28.06389169211058,1.2,2.7609209939527863
