EMITTER_COEFFICIENT_SOLUTION,PRESSURE_OUTPUT,OUTPUT_DEMAND,FITNESS
0.29379447959936056,24.007187049105358,1.2,2.182002397287653
