EMITTER_COEFFICIENT_SOLUTION,PRESSURE_OUTPUT,OUTPUT_DEMAND,FITNESS
1.4229699712879065,26.7102567179164,1.7,0.36563517738429474
