EMITTER_COEFFICIENT_SOLUTION,PRESSURE_OUTPUT,OUTPUT_DEMAND,FITNESS
0.4102902823612731,23.75294570916649,1.2,4.900680394592405
