EMITTER_COEFFICIENT_SOLUTION,PRESSURE_OUTPUT,OUTPUT_DEMAND,FITNESS
0.4698244404298868,26.545098267036913,10.1,210.88743164336518
