EMITTER_COEFFICIENT_SOLUTION,PRESSURE_OUTPUT,OUTPUT_DEMAND,FITNESS
0.19287545887389868,28.92790446714315,1.2,13.56684210115018
