EMITTER_COEFFICIENT_SOLUTION,PRESSURE_OUTPUT,OUTPUT_DEMAND,FITNESS
0.5109159624875769,28.819644574339897,0.89,277.7640572540214
