EMITTER_COEFFICIENT_SOLUTION,PRESSURE_OUTPUT,OUTPUT_DEMAND,FITNESS
0.7098856955298682,23.928407934902165,3.9,7.56918861246731
