EMITTER_COEFFICIENT_SOLUTION,PRESSURE_OUTPUT,OUTPUT_DEMAND,FITNESS
0.24048017117861975,26.580885307437107,10.1,24.673747259113235
