EMITTER_COEFFICIENT_SOLUTION,PRESSURE_OUTPUT,OUTPUT_DEMAND,FITNESS
0.9810593856049501,23.92188216487036,13.000000000000002,19.83604836170874
