EMITTER_COEFFICIENT_SOLUTION,PRESSURE_OUTPUT,OUTPUT_DEMAND,FITNESS
0.41803097672727796,27.055000972469664,1.21,24.972151075921083
