EMITTER_COEFFICIENT_SOLUTION,PRESSURE_OUTPUT,OUTPUT_DEMAND,FITNESS
0.7272530701799691,23.00295309172621,1.2,1.8316986927483063
