EMITTER_COEFFICIENT_SOLUTION,PRESSURE_OUTPUT,OUTPUT_DEMAND,FITNESS
0.9324075802738195,26.800645652826464,1.21,4.666078797623263
