EMITTER_COEFFICIENT_SOLUTION,PRESSURE_OUTPUT,OUTPUT_DEMAND,FITNESS
0.04845327234502661,30.497355865430368,1.7,0.9504487878862875
