EMITTER_COEFFICIENT_SOLUTION,PRESSURE_OUTPUT,OUTPUT_DEMAND,FITNESS
0.042501739278777206,27.068451988901245,1.1,5.480187281346919
