EMITTER_COEFFICIENT_SOLUTION,PRESSURE_OUTPUT,OUTPUT_DEMAND,FITNESS
0.38121817210878395,27.06009361409844,1.1,16.06447734402416
