EMITTER_COEFFICIENT_SOLUTION,PRESSURE_OUTPUT,OUTPUT_DEMAND,FITNESS
1.0540059519119183,27.875734322440543,1.7,0.6371500528371734
