EMITTER_COEFFICIENT_SOLUTION,PRESSURE_OUTPUT,OUTPUT_DEMAND,FITNESS
1.332993276012255,9.328607778067187,1.0,37.91694778329887
