EMITTER_COEFFICIENT_SOLUTION,PRESSURE_OUTPUT,OUTPUT_DEMAND,FITNESS
0.9505647406437463,22.422049702189803,1.5,0.6993899718882111
