EMITTER_COEFFICIENT_SOLUTION,PRESSURE_OUTPUT,OUTPUT_DEMAND,FITNESS
1.007629006400222,23.73987653459247,3.9,3.1187045317805535
