EMITTER_COEFFICIENT_SOLUTION,PRESSURE_OUTPUT,OUTPUT_DEMAND,FITNESS
0.11186328948325475,27.041259458439967,1.1,6.439855588884523
