EMITTER_COEFFICIENT_SOLUTION,PRESSURE_OUTPUT,OUTPUT_DEMAND,FITNESS
1.1961385031468732,27.435836122302543,1.7,0.4976641631672013
