EMITTER_COEFFICIENT_SOLUTION,PRESSURE_OUTPUT,OUTPUT_DEMAND,FITNESS
0.6978390769335227,24.730187928847485,23.0,8.115834444665213
