EMITTER_COEFFICIENT_SOLUTION,PRESSURE_OUTPUT,OUTPUT_DEMAND,FITNESS
1.3458511695543636,21.004853917574827,1.5,0.35124529134299864
