EMITTER_COEFFICIENT_SOLUTION,PRESSURE_OUTPUT,OUTPUT_DEMAND,FITNESS
1.0079716294132255,22.279563212039807,1.2,0.7878164510386496
