EMITTER_COEFFICIENT_SOLUTION,PRESSURE_OUTPUT,OUTPUT_DEMAND,FITNESS
1.3250010843456195,21.082053116090517,1.5,0.36103506582856687
