EMITTER_COEFFICIENT_SOLUTION,PRESSURE_OUTPUT,OUTPUT_DEMAND,FITNESS
0.3002518270432143,27.11220334471153,1.21,10.283095658317892
