EMITTER_COEFFICIENT_SOLUTION,PRESSURE_OUTPUT,OUTPUT_DEMAND,FITNESS
0.2573316848528302,27.123988319397817,1.1,7.927457323752747
