EMITTER_COEFFICIENT_SOLUTION,PRESSURE_OUTPUT,OUTPUT_DEMAND,FITNESS
0.3207282203875643,28.662332758318797,1.2,4.23289222813451
