EMITTER_COEFFICIENT_SOLUTION,PRESSURE_OUTPUT,OUTPUT_DEMAND,FITNESS
0.47620581954675234,27.026600900588285,1.21,85.8771867251152
