EMITTER_COEFFICIENT_SOLUTION,PRESSURE_OUTPUT,OUTPUT_DEMAND,FITNESS
0.2725446917989103,24.202888056377247,3.9,7.0240718335616625
