EMITTER_COEFFICIENT_SOLUTION,PRESSURE_OUTPUT,OUTPUT_DEMAND,FITNESS
1.3090684091488984,26.550090214050083,1.1,2.233357974500675
