EMITTER_COEFFICIENT_SOLUTION,PRESSURE_OUTPUT,OUTPUT_DEMAND,FITNESS
0.4380874317865251,24.099359066078723,3.9,25.747598100344955
