EMITTER_COEFFICIENT_SOLUTION,PRESSURE_OUTPUT,OUTPUT_DEMAND,FITNESS
0.40992148735039036,9.357807368182662,1.0,353.5868748349998
