EMITTER_COEFFICIENT_SOLUTION,PRESSURE_OUTPUT,OUTPUT_DEMAND,FITNESS
0.5600168014109357,28.34003895239278,1.2,11.621053635924131
