EMITTER_COEFFICIENT_SOLUTION,PRESSURE_OUTPUT,OUTPUT_DEMAND,FITNESS
0.04677734463674954,28.954599927811863,0.89,7.612831161207922
