EMITTER_COEFFICIENT_SOLUTION,PRESSURE_OUTPUT,OUTPUT_DEMAND,FITNESS
0.7427329483104188,26.786299945883897,1.1,10.032250940804511
