EMITTER_COEFFICIENT_SOLUTION,PRESSURE_OUTPUT,OUTPUT_DEMAND,FITNESS
1.46120612173126,9.32451223831334,1.0,32.820275202373736
