EMITTER_COEFFICIENT_SOLUTION,PRESSURE_OUTPUT,OUTPUT_DEMAND,FITNESS
0.196210893481911,28.927146547324206,1.2,13.707793564663376
