EMITTER_COEFFICIENT_SOLUTION,PRESSURE_OUTPUT,OUTPUT_DEMAND,FITNESS
0.624939352221082,29.114701768961037,1.7,3.025521289129923
