EMITTER_COEFFICIENT_SOLUTION,PRESSURE_OUTPUT,OUTPUT_DEMAND,FITNESS
0.15634760405852666,24.852978742414827,12.6,25.932650957030475
