EMITTER_COEFFICIENT_SOLUTION,PRESSURE_OUTPUT,OUTPUT_DEMAND,FITNESS
0.09865032967975396,25.09955601347616,23.0,4.062494728336705
