EMITTER_COEFFICIENT_SOLUTION,PRESSURE_OUTPUT,OUTPUT_DEMAND,FITNESS
1.2528616796731213,21.347451485335593,1.5,0.39929473582754976
