EMITTER_COEFFICIENT_SOLUTION,PRESSURE_OUTPUT,OUTPUT_DEMAND,FITNESS
0.163535030438147,24.852177191408664,12.6,26.483138544417585
