EMITTER_COEFFICIENT_SOLUTION,PRESSURE_OUTPUT,OUTPUT_DEMAND,FITNESS
0.1516199465257675,24.7464760005125,1.5,1.1178044889501695
