EMITTER_COEFFICIENT_SOLUTION,PRESSURE_OUTPUT,OUTPUT_DEMAND,FITNESS
0.40297061338132756,29.69097239341149,1.7,4.069158277374715
