EMITTER_COEFFICIENT_SOLUTION,PRESSURE_OUTPUT,OUTPUT_DEMAND,FITNESS
0.2544538179340796,28.74141333694616,1.2,3.171324454478347
