EMITTER_COEFFICIENT_SOLUTION,PRESSURE_OUTPUT,OUTPUT_DEMAND,FITNESS
1.1875818309656085,26.430324166234726,10.1,9.088080671437728
