EMITTER_COEFFICIENT_SOLUTION,PRESSURE_OUTPUT,OUTPUT_DEMAND,FITNESS
0.24864462876738402,24.519886279175626,1.5,1.4969586877188583
