EMITTER_COEFFICIENT_SOLUTION,PRESSURE_OUTPUT,OUTPUT_DEMAND,FITNESS
1.3112596479697491,24.721513078819896,12.6,10.763539946603347
