EMITTER_COEFFICIENT_SOLUTION,PRESSURE_OUTPUT,OUTPUT_DEMAND,FITNESS
0.48174539903393043,27.348850021842317,1.5,42.836825987535036
