EMITTER_COEFFICIENT_SOLUTION,PRESSURE_OUTPUT,OUTPUT_DEMAND,FITNESS
0.6501002523162643,26.941141779715988,1.21,13.547091116840534
