EMITTER_COEFFICIENT_SOLUTION,PRESSURE_OUTPUT,OUTPUT_DEMAND,FITNESS
0.13380964960398667,28.873278044260537,1.2,2.236184087693529
