EMITTER_COEFFICIENT_SOLUTION,PRESSURE_OUTPUT,OUTPUT_DEMAND,FITNESS
0.08639950329434176,27.215031113252834,1.21,4.998131979334684
