EMITTER_COEFFICIENT_SOLUTION,PRESSURE_OUTPUT,OUTPUT_DEMAND,FITNESS
0.8156658478768981,22.875810242591033,1.5,1.0245304038041265
