EMITTER_COEFFICIENT_SOLUTION,PRESSURE_OUTPUT,OUTPUT_DEMAND,FITNESS
0.24828887213655615,24.520751037090037,1.5,1.4950233696918702
