EMITTER_COEFFICIENT_SOLUTION,PRESSURE_OUTPUT,OUTPUT_DEMAND,FITNESS
0.944720030965656,22.446687774126467,1.2,0.9072708936395129
