EMITTER_COEFFICIENT_SOLUTION,PRESSURE_OUTPUT,OUTPUT_DEMAND,FITNESS
0.47657348506354835,23.974724407851426,13.000000000000002,411.35739737018594
