EMITTER_COEFFICIENT_SOLUTION,PRESSURE_OUTPUT,OUTPUT_DEMAND,FITNESS
0.794938610624013,23.87468066959794,3.9,5.380920117308606
