EMITTER_COEFFICIENT_SOLUTION,PRESSURE_OUTPUT,OUTPUT_DEMAND,FITNESS
0.2811114576000353,27.583877130767107,1.5,3.870395788661846
