EMITTER_COEFFICIENT_SOLUTION,PRESSURE_OUTPUT,OUTPUT_DEMAND,FITNESS
0.38493376365619225,27.467264307245287,1.5,7.05424148970785
