EMITTER_COEFFICIENT_SOLUTION,PRESSURE_OUTPUT,OUTPUT_DEMAND,FITNESS
1.2564140881405508,24.72787553808051,12.6,11.554845638381343
