EMITTER_COEFFICIENT_SOLUTION,PRESSURE_OUTPUT,OUTPUT_DEMAND,FITNESS
0.8535469208879345,26.813888175481765,1.5,1.9545777766794505
