EMITTER_COEFFICIENT_SOLUTION,PRESSURE_OUTPUT,OUTPUT_DEMAND,FITNESS
1.0229480529858437,23.917446603773207,13.000000000000002,18.231930139469064
