EMITTER_COEFFICIENT_SOLUTION,PRESSURE_OUTPUT,OUTPUT_DEMAND,FITNESS
1.055373119373388,26.45177690700703,10.1,11.289039703607047
