EMITTER_COEFFICIENT_SOLUTION,PRESSURE_OUTPUT,OUTPUT_DEMAND,FITNESS
0.9111305121962426,28.67438560226867,0.89,6.717759712353811
