EMITTER_COEFFICIENT_SOLUTION,PRESSURE_OUTPUT,OUTPUT_DEMAND,FITNESS
0.18849290983456757,27.67847512621951,1.5,2.833105941554535
