EMITTER_COEFFICIENT_SOLUTION,PRESSURE_OUTPUT,OUTPUT_DEMAND,FITNESS
1.2812999368338804,9.330256306740282,1.0,40.44505386828172
