EMITTER_COEFFICIENT_SOLUTION,PRESSURE_OUTPUT,OUTPUT_DEMAND,FITNESS
0.00409321186583822,24.869908423205217,12.6,18.020905662907616
