EMITTER_COEFFICIENT_SOLUTION,PRESSURE_OUTPUT,OUTPUT_DEMAND,FITNESS
1.0948732320324506,22.04648960661703,1.2,0.6655995756833956
