EMITTER_COEFFICIENT_SOLUTION,PRESSURE_OUTPUT,OUTPUT_DEMAND,FITNESS
1.4249807385843434,26.482787326393417,1.1,1.941524612535185
