EMITTER_COEFFICIENT_SOLUTION,PRESSURE_OUTPUT,OUTPUT_DEMAND,FITNESS
0.6832316120592539,28.153021635873635,1.2,3.6620910414789076
