EMITTER_COEFFICIENT_SOLUTION,PRESSURE_OUTPUT,OUTPUT_DEMAND,FITNESS
0.9060398814620827,23.929807695310004,13.000000000000002,23.536203235706672
