EMITTER_COEFFICIENT_SOLUTION,PRESSURE_OUTPUT,OUTPUT_DEMAND,FITNESS
0.04379976425017673,28.9608022960575,1.2,9.380251521751521
