EMITTER_COEFFICIENT_SOLUTION,PRESSURE_OUTPUT,OUTPUT_DEMAND,FITNESS
0.48962075518802317,26.89019672966814,1.1,236.95242709967562
