EMITTER_COEFFICIENT_SOLUTION,PRESSURE_OUTPUT,OUTPUT_DEMAND,FITNESS
0.033703881125791035,28.97029344271376,1.2,1.8375402272315264
