EMITTER_COEFFICIENT_SOLUTION,PRESSURE_OUTPUT,OUTPUT_DEMAND,FITNESS
0.45588557163957144,24.88071208533127,23.0,36.616305611336095
