EMITTER_COEFFICIENT_SOLUTION,PRESSURE_OUTPUT,OUTPUT_DEMAND,FITNESS
0.3477165868113622,28.8713685770486,0.89,20.778864621091365
