EMITTER_COEFFICIENT_SOLUTION,PRESSURE_OUTPUT,OUTPUT_DEMAND,FITNESS
0.23338074119433772,24.844376884529616,12.6,33.37831831486234
