EMITTER_COEFFICIENT_SOLUTION,PRESSURE_OUTPUT,OUTPUT_DEMAND,FITNESS
0.37411347822313634,26.56008604879497,10.1,50.68514138254446
