EMITTER_COEFFICIENT_SOLUTION,PRESSURE_OUTPUT,OUTPUT_DEMAND,FITNESS
0.09150528099884914,28.950483835508003,1.2,10.385457402082384
