EMITTER_COEFFICIENT_SOLUTION,PRESSURE_OUTPUT,OUTPUT_DEMAND,FITNESS
0.9907162074093119,23.750618547386583,3.9,3.226806298730707
