EMITTER_COEFFICIENT_SOLUTION,PRESSURE_OUTPUT,OUTPUT_DEMAND,FITNESS
0.11659533951584622,27.200594007700225,1.21,5.386838481461584
