EMITTER_COEFFICIENT_SOLUTION,PRESSURE_OUTPUT,OUTPUT_DEMAND,FITNESS
0.2392319573688375,24.22366427765425,3.9,6.1295623065126765
