EMITTER_COEFFICIENT_SOLUTION,PRESSURE_OUTPUT,OUTPUT_DEMAND,FITNESS
0.29045195473872076,27.107011028922706,1.1,9.160314201909081
