EMITTER_COEFFICIENT_SOLUTION,PRESSURE_OUTPUT,OUTPUT_DEMAND,FITNESS
0.5591638160987475,28.34128551847595,1.2,11.791875595961537
