EMITTER_COEFFICIENT_SOLUTION,PRESSURE_OUTPUT,OUTPUT_DEMAND,FITNESS
0.014492450949935232,28.96704272828039,1.2,8.86152593878512
