EMITTER_COEFFICIENT_SOLUTION,PRESSURE_OUTPUT,OUTPUT_DEMAND,FITNESS
0.35745937881567746,23.987043527149588,13.000000000000002,67.79617170357726
