EMITTER_COEFFICIENT_SOLUTION,PRESSURE_OUTPUT,OUTPUT_DEMAND,FITNESS
0.21611457053399363,28.90975251534862,0.89,11.559388943150028
