EMITTER_COEFFICIENT_SOLUTION,PRESSURE_OUTPUT,OUTPUT_DEMAND,FITNESS
1.2396993704751145,24.729812236511073,12.6,11.819341841652868
