EMITTER_COEFFICIENT_SOLUTION,PRESSURE_OUTPUT,OUTPUT_DEMAND,FITNESS
1.2864935386925929,24.35676001512881,23.0,2.0135153887134347
