EMITTER_COEFFICIENT_SOLUTION,PRESSURE_OUTPUT,OUTPUT_DEMAND,FITNESS
1.1909236932584644,26.59742178473072,1.1,3.4655235514138396
