EMITTER_COEFFICIENT_SOLUTION,PRESSURE_OUTPUT,OUTPUT_DEMAND,FITNESS
0.1339238003128611,24.289211211033432,3.9,4.3727178941759455
