EMITTER_COEFFICIENT_SOLUTION,PRESSURE_OUTPUT,OUTPUT_DEMAND,FITNESS
0.4671605582273701,27.015150070913386,1.1,57.7847530001151
