EMITTER_COEFFICIENT_SOLUTION,PRESSURE_OUTPUT,OUTPUT_DEMAND,FITNESS
1.2821420829087748,26.623703814631682,1.21,2.5558808206502115
