EMITTER_COEFFICIENT_SOLUTION,PRESSURE_OUTPUT,OUTPUT_DEMAND,FITNESS
0.7426731997837945,28.78979678023687,1.7,1.5257239886980616
