EMITTER_COEFFICIENT_SOLUTION,PRESSURE_OUTPUT,OUTPUT_DEMAND,FITNESS
0.936097860010628,23.785282751854837,3.9,3.6331962819508483
