EMITTER_COEFFICIENT_SOLUTION,PRESSURE_OUTPUT,OUTPUT_DEMAND,FITNESS
1.2794789891998066,21.249850330857562,1.5,0.38431726658988047
