EMITTER_COEFFICIENT_SOLUTION,PRESSURE_OUTPUT,OUTPUT_DEMAND,FITNESS
0.3575394892421553,29.80256039416345,1.7,2.798462531266023
