EMITTER_COEFFICIENT_SOLUTION,PRESSURE_OUTPUT,OUTPUT_DEMAND,FITNESS
0.9831955438403817,26.599935302178274,1.5,1.3782223671987
