EMITTER_COEFFICIENT_SOLUTION,PRESSURE_OUTPUT,OUTPUT_DEMAND,FITNESS
1.368778846650023,21.28951113318563,1.2,0.44259865513750973
