EMITTER_COEFFICIENT_SOLUTION,PRESSURE_OUTPUT,OUTPUT_DEMAND,FITNESS
0.9647510548446945,23.923607071526966,13.000000000000002,20.538789873220797
