EMITTER_COEFFICIENT_SOLUTION,PRESSURE_OUTPUT,OUTPUT_DEMAND,FITNESS
1.309040571284128,9.329371837861139,1.0,39.048206151935695
