EMITTER_COEFFICIENT_SOLUTION,PRESSURE_OUTPUT,OUTPUT_DEMAND,FITNESS
0.9291393861313121,24.765597517229423,12.6,20.482653568757893
