EMITTER_COEFFICIENT_SOLUTION,PRESSURE_OUTPUT,OUTPUT_DEMAND,FITNESS
0.0470718839963975,24.018857352408922,13.000000000000002,21.475854824108698
