EMITTER_COEFFICIENT_SOLUTION,PRESSURE_OUTPUT,OUTPUT_DEMAND,FITNESS
0.33303292014609365,24.8332133111547,12.6,53.2028240915514
