EMITTER_COEFFICIENT_SOLUTION,PRESSURE_OUTPUT,OUTPUT_DEMAND,FITNESS
0.44270412068383425,23.978233452932265,13.000000000000002,168.34956815746034
