EMITTER_COEFFICIENT_SOLUTION,PRESSURE_OUTPUT,OUTPUT_DEMAND,FITNESS
1.1560205146238465,24.440370988438907,23.0,2.4211148752136546
