EMITTER_COEFFICIENT_SOLUTION,PRESSURE_OUTPUT,OUTPUT_DEMAND,FITNESS
0.21956913049795967,30.12706129996415,1.7,1.46661978562085
