EMITTER_COEFFICIENT_SOLUTION,PRESSURE_OUTPUT,OUTPUT_DEMAND,FITNESS
0.562005308137887,24.807409870918086,12.6,142.66463669848383
