EMITTER_COEFFICIENT_SOLUTION,PRESSURE_OUTPUT,OUTPUT_DEMAND,FITNESS
0.4852996600994971,27.022152746378545,1.21,138.95871798446632
