EMITTER_COEFFICIENT_SOLUTION,PRESSURE_OUTPUT,OUTPUT_DEMAND,FITNESS
1.4584244258745436,26.594600900669775,1.7,0.35080058023992716
