EMITTER_COEFFICIENT_SOLUTION,PRESSURE_OUTPUT,OUTPUT_DEMAND,FITNESS
0.4031265539868306,27.062261864246544,1.21,21.139191116322127
