EMITTER_COEFFICIENT_SOLUTION,PRESSURE_OUTPUT,OUTPUT_DEMAND,FITNESS
0.01708110244406713,27.24476998784155,1.1,4.049804167392658
