EMITTER_COEFFICIENT_SOLUTION,PRESSURE_OUTPUT,OUTPUT_DEMAND,FITNESS
0.6036014287068345,26.94278560330785,1.1,18.161719921682295
