EMITTER_COEFFICIENT_SOLUTION,PRESSURE_OUTPUT,OUTPUT_DEMAND,FITNESS
0.5586613983354474,24.02366615169429,3.9,27.13237385323504
