EMITTER_COEFFICIENT_SOLUTION,PRESSURE_OUTPUT,OUTPUT_DEMAND,FITNESS
0.25978908256288835,27.6064565867062,1.5,3.5593399742654643
