EMITTER_COEFFICIENT_SOLUTION,PRESSURE_OUTPUT,OUTPUT_DEMAND,FITNESS
0.3278201987393714,28.65359959696945,1.2,4.3953739548249215
