EMITTER_COEFFICIENT_SOLUTION,PRESSURE_OUTPUT,OUTPUT_DEMAND,FITNESS
0.6095286151687371,26.523086252345983,10.1,57.89667712076087
