EMITTER_COEFFICIENT_SOLUTION,PRESSURE_OUTPUT,OUTPUT_DEMAND,FITNESS
1.2328558622770296,28.539654451544934,0.89,3.5262136885769038
