EMITTER_COEFFICIENT_SOLUTION,PRESSURE_OUTPUT,OUTPUT_DEMAND,FITNESS
0.5928005689692142,27.201995479407017,1.5,8.096369961468124
