EMITTER_COEFFICIENT_SOLUTION,PRESSURE_OUTPUT,OUTPUT_DEMAND,FITNESS
0.15215008363523064,28.927304850375997,0.89,9.609646712950454
