EMITTER_COEFFICIENT_SOLUTION,PRESSURE_OUTPUT,OUTPUT_DEMAND,FITNESS
0.22187991273953833,24.000991344785874,13.000000000000002,34.84573944217536
