EMITTER_COEFFICIENT_SOLUTION,PRESSURE_OUTPUT,OUTPUT_DEMAND,FITNESS
1.029191847272794,26.709454850515595,1.1,3.4675071672707887
