EMITTER_COEFFICIENT_SOLUTION,PRESSURE_OUTPUT,OUTPUT_DEMAND,FITNESS
0.3564246896611193,28.868722730049754,0.89,21.987697587951235
