EMITTER_COEFFICIENT_SOLUTION,PRESSURE_OUTPUT,OUTPUT_DEMAND,FITNESS
0.18267605887927973,30.210006513805972,1.7,1.307556700591467
