EMITTER_COEFFICIENT_SOLUTION,PRESSURE_OUTPUT,OUTPUT_DEMAND,FITNESS
0.8040166131964659,23.94054836978158,13.000000000000002,31.498977789819346
