EMITTER_COEFFICIENT_SOLUTION,PRESSURE_OUTPUT,OUTPUT_DEMAND,FITNESS
1.1884597849550511,28.66146314897916,1.2,5.188492817630311
