EMITTER_COEFFICIENT_SOLUTION,PRESSURE_OUTPUT,OUTPUT_DEMAND,FITNESS
0.4237052253802345,28.530515292681777,1.2,9.576010354609377
