EMITTER_COEFFICIENT_SOLUTION,PRESSURE_OUTPUT,OUTPUT_DEMAND,FITNESS
0.617486227409395,24.80112576512292,12.6,75.2244434566036
