EMITTER_COEFFICIENT_SOLUTION,PRESSURE_OUTPUT,OUTPUT_DEMAND,FITNESS
1.4164370214080815,23.479138636238325,3.9,1.7200340022269613
