EMITTER_COEFFICIENT_SOLUTION,PRESSURE_OUTPUT,OUTPUT_DEMAND,FITNESS
0.08125376333089807,30.429276084247693,1.7,1.0162036097626488
