EMITTER_COEFFICIENT_SOLUTION,PRESSURE_OUTPUT,OUTPUT_DEMAND,FITNESS
0.8293251322507498,28.54296509556307,1.7,1.1083301531134309
