EMITTER_COEFFICIENT_SOLUTION,PRESSURE_OUTPUT,OUTPUT_DEMAND,FITNESS
0.6071705721233471,26.523459115981744,10.1,59.17410192370058
