EMITTER_COEFFICIENT_SOLUTION,PRESSURE_OUTPUT,OUTPUT_DEMAND,FITNESS
0.3480371601011295,28.891649600813352,1.2,26.699236726392996
