EMITTER_COEFFICIENT_SOLUTION,PRESSURE_OUTPUT,OUTPUT_DEMAND,FITNESS
0.39668343129062333,28.566135746909715,1.2,7.14040506063164
