EMITTER_COEFFICIENT_SOLUTION,PRESSURE_OUTPUT,OUTPUT_DEMAND,FITNESS
1.0243119981466418,24.75467116056153,12.6,16.736918238918122
