EMITTER_COEFFICIENT_SOLUTION,PRESSURE_OUTPUT,OUTPUT_DEMAND,FITNESS
0.17430882702579886,27.69215441531636,1.5,2.7274056749567412
