EMITTER_COEFFICIENT_SOLUTION,PRESSURE_OUTPUT,OUTPUT_DEMAND,FITNESS
0.428597145849124,28.523989557784255,1.2,10.214307593865785
