EMITTER_COEFFICIENT_SOLUTION,PRESSURE_OUTPUT,OUTPUT_DEMAND,FITNESS
0.6944816071515977,28.756194163183984,0.89,14.914112093157819
