EMITTER_COEFFICIENT_SOLUTION,PRESSURE_OUTPUT,OUTPUT_DEMAND,FITNESS
0.6727712413254929,23.954301219077422,13.000000000000002,55.573423405918895
