EMITTER_COEFFICIENT_SOLUTION,PRESSURE_OUTPUT,OUTPUT_DEMAND,FITNESS
0.3129868075088207,24.177639265868983,3.9,8.538340743290101
