EMITTER_COEFFICIENT_SOLUTION,PRESSURE_OUTPUT,OUTPUT_DEMAND,FITNESS
0.09120208426565823,28.91598216530052,1.2,2.0412558392943705
