EMITTER_COEFFICIENT_SOLUTION,PRESSURE_OUTPUT,OUTPUT_DEMAND,FITNESS
1.3783077477570531,24.297648134310563,23.0,1.7993517215258987
