EMITTER_COEFFICIENT_SOLUTION,PRESSURE_OUTPUT,OUTPUT_DEMAND,FITNESS
0.5365721612970402,24.037550665806297,3.9,43.53158508357834
