EMITTER_COEFFICIENT_SOLUTION,PRESSURE_OUTPUT,OUTPUT_DEMAND,FITNESS
0.22573033669419307,25.022183912093542,23.0,5.924800154533844
