EMITTER_COEFFICIENT_SOLUTION,PRESSURE_OUTPUT,OUTPUT_DEMAND,FITNESS
1.1003074105802337,23.909235969588323,13.000000000000002,15.858048350510456
