EMITTER_COEFFICIENT_SOLUTION,PRESSURE_OUTPUT,OUTPUT_DEMAND,FITNESS
0.27403586611583397,24.201957595141486,3.9,7.070280546878687
