EMITTER_COEFFICIENT_SOLUTION,PRESSURE_OUTPUT,OUTPUT_DEMAND,FITNESS
0.32662837642266773,24.83393199940094,12.6,51.24346638977898
