EMITTER_COEFFICIENT_SOLUTION,PRESSURE_OUTPUT,OUTPUT_DEMAND,FITNESS
0.27200887499891446,30.006339715143138,1.7,1.7821550942303395
