EMITTER_COEFFICIENT_SOLUTION,PRESSURE_OUTPUT,OUTPUT_DEMAND,FITNESS
0.2569358144401981,23.997392549663097,13.000000000000002,39.84203762342523
