EMITTER_COEFFICIENT_SOLUTION,PRESSURE_OUTPUT,OUTPUT_DEMAND,FITNESS
0.9008930605853159,26.816435024134364,1.21,5.037191083725152
