EMITTER_COEFFICIENT_SOLUTION,PRESSURE_OUTPUT,OUTPUT_DEMAND,FITNESS
0.04603497329117123,9.36917856839542,1.0,70.42571186250589
