EMITTER_COEFFICIENT_SOLUTION,PRESSURE_OUTPUT,OUTPUT_DEMAND,FITNESS
0.03528981583423296,28.968847391809383,1.2,1.8424359050032109
