EMITTER_COEFFICIENT_SOLUTION,PRESSURE_OUTPUT,OUTPUT_DEMAND,FITNESS
1.4847789634089883,20.96061662965076,1.2,0.3863572941749754
