EMITTER_COEFFICIENT_SOLUTION,PRESSURE_OUTPUT,OUTPUT_DEMAND,FITNESS
0.09604183770983421,27.04747731511918,1.1,6.1919181872932985
