EMITTER_COEFFICIENT_SOLUTION,PRESSURE_OUTPUT,OUTPUT_DEMAND,FITNESS
0.030453976912993674,24.532354226428673,1.2,1.0168162951021766
