EMITTER_COEFFICIENT_SOLUTION,PRESSURE_OUTPUT,OUTPUT_DEMAND,FITNESS
1.4015510034478895,21.197021033377418,1.2,0.4251929588164233
