EMITTER_COEFFICIENT_SOLUTION,PRESSURE_OUTPUT,OUTPUT_DEMAND,FITNESS
0.7753328600014451,26.772768933918577,1.1,8.833177891709829
