EMITTER_COEFFICIENT_SOLUTION,PRESSURE_OUTPUT,OUTPUT_DEMAND,FITNESS
1.4401362972549174,23.872876482716798,13.000000000000002,10.058444689587574
