EMITTER_COEFFICIENT_SOLUTION,PRESSURE_OUTPUT,OUTPUT_DEMAND,FITNESS
0.5411868079485604,23.452936377440196,1.2,10.421222357637696
