EMITTER_COEFFICIENT_SOLUTION,PRESSURE_OUTPUT,OUTPUT_DEMAND,FITNESS
1.4776607722405948,20.9809156881418,1.2,0.38941132622145336
