EMITTER_COEFFICIENT_SOLUTION,PRESSURE_OUTPUT,OUTPUT_DEMAND,FITNESS
1.1297993038079162,26.623534412661805,1.1,3.8103358016123283
