EMITTER_COEFFICIENT_SOLUTION,PRESSURE_OUTPUT,OUTPUT_DEMAND,FITNESS
0.49917708858826404,26.886312124800945,1.1,2979.2801881735504
