EMITTER_COEFFICIENT_SOLUTION,PRESSURE_OUTPUT,OUTPUT_DEMAND,FITNESS
0.9899988128452046,28.069548216868604,1.7,0.7269158212758391
