EMITTER_COEFFICIENT_SOLUTION,PRESSURE_OUTPUT,OUTPUT_DEMAND,FITNESS
0.4667811647172826,27.015349570259765,1.1,57.12620098666823
