EMITTER_COEFFICIENT_SOLUTION,PRESSURE_OUTPUT,OUTPUT_DEMAND,FITNESS
0.4436324755592147,24.011062017262077,1.5,6.281531510323626
