EMITTER_COEFFICIENT_SOLUTION,PRESSURE_OUTPUT,OUTPUT_DEMAND,FITNESS
0.01699682598366703,24.557193457604527,1.2,0.9917672930297246
