EMITTER_COEFFICIENT_SOLUTION,PRESSURE_OUTPUT,OUTPUT_DEMAND,FITNESS
0.40030564094828447,24.825654206840277,12.6,88.99259182041408
