EMITTER_COEFFICIENT_SOLUTION,PRESSURE_OUTPUT,OUTPUT_DEMAND,FITNESS
0.9066510580038172,26.777782773943958,1.1,4.544138937075662
