EMITTER_COEFFICIENT_SOLUTION,PRESSURE_OUTPUT,OUTPUT_DEMAND,FITNESS
1.0893347104975863,27.446684112700567,1.2,1.0210274926071872
