EMITTER_COEFFICIENT_SOLUTION,PRESSURE_OUTPUT,OUTPUT_DEMAND,FITNESS
0.6614062572746531,27.105614841406762,1.5,4.547670905599099
