EMITTER_COEFFICIENT_SOLUTION,PRESSURE_OUTPUT,OUTPUT_DEMAND,FITNESS
0.5823365508718532,29.229117233720682,1.7,4.62735687215221
