EMITTER_COEFFICIENT_SOLUTION,PRESSURE_OUTPUT,OUTPUT_DEMAND,FITNESS
1.2073224612648326,28.55090867094161,0.89,3.6719335737727663
