EMITTER_COEFFICIENT_SOLUTION,PRESSURE_OUTPUT,OUTPUT_DEMAND,FITNESS
0.5887494928518673,26.84975470726507,1.1,27.606185405158534
