EMITTER_COEFFICIENT_SOLUTION,PRESSURE_OUTPUT,OUTPUT_DEMAND,FITNESS
0.8538034534714043,27.87236090411437,1.2,1.805938326383694
