EMITTER_COEFFICIENT_SOLUTION,PRESSURE_OUTPUT,OUTPUT_DEMAND,FITNESS
0.8618400212908831,9.343574911003138,1.0,87.67086468141261
