EMITTER_COEFFICIENT_SOLUTION,PRESSURE_OUTPUT,OUTPUT_DEMAND,FITNESS
1.0469488128469595,26.489973063935757,1.5,1.1968385873699943
