EMITTER_COEFFICIENT_SOLUTION,PRESSURE_OUTPUT,OUTPUT_DEMAND,FITNESS
0.3096030227554266,28.900818859947528,1.2,21.44840506263788
