EMITTER_COEFFICIENT_SOLUTION,PRESSURE_OUTPUT,OUTPUT_DEMAND,FITNESS
1.1061828159898879,27.71571684045501,1.7,0.5781996250145229
