EMITTER_COEFFICIENT_SOLUTION,PRESSURE_OUTPUT,OUTPUT_DEMAND,FITNESS
0.46345830650772457,24.87602850032732,23.0,44.19566718209049
