EMITTER_COEFFICIENT_SOLUTION,PRESSURE_OUTPUT,OUTPUT_DEMAND,FITNESS
0.21372053013436076,30.140321110323313,1.7,1.43864236339016
