EMITTER_COEFFICIENT_SOLUTION,PRESSURE_OUTPUT,OUTPUT_DEMAND,FITNESS
0.5533420187055171,27.25549082578995,1.5,14.282287339419831
