EMITTER_COEFFICIENT_SOLUTION,PRESSURE_OUTPUT,OUTPUT_DEMAND,FITNESS
0.08806954417253388,26.604425695742613,10.1,15.608100577603253
