EMITTER_COEFFICIENT_SOLUTION,PRESSURE_OUTPUT,OUTPUT_DEMAND,FITNESS
1.4773774439163545,26.473635191125815,1.1,2.4251637975901885
