EMITTER_COEFFICIENT_SOLUTION,PRESSURE_OUTPUT,OUTPUT_DEMAND,FITNESS
1.2175809603064947,21.711212724894544,1.2,0.5441638820301744
