EMITTER_COEFFICIENT_SOLUTION,PRESSURE_OUTPUT,OUTPUT_DEMAND,FITNESS
0.6032427688945569,28.788417000777144,0.89,28.71273510643016
