EMITTER_COEFFICIENT_SOLUTION,PRESSURE_OUTPUT,OUTPUT_DEMAND,FITNESS
0.6981292198763559,28.75487810063394,0.89,14.62701445194018
