EMITTER_COEFFICIENT_SOLUTION,PRESSURE_OUTPUT,OUTPUT_DEMAND,FITNESS
0.28700451992238807,27.10878173631653,1.1,9.01410331797822
