EMITTER_COEFFICIENT_SOLUTION,PRESSURE_OUTPUT,OUTPUT_DEMAND,FITNESS
1.1675848875719268,27.296259683749852,1.2,0.8850889182705156
