EMITTER_COEFFICIENT_SOLUTION,PRESSURE_OUTPUT,OUTPUT_DEMAND,FITNESS
0.4552715290215681,26.54738202870893,10.1,142.33603138319907
