EMITTER_COEFFICIENT_SOLUTION,PRESSURE_OUTPUT,OUTPUT_DEMAND,FITNESS
0.5917299269033455,9.352096235609913,1.0,346.62365893963687
