EMITTER_COEFFICIENT_SOLUTION,PRESSURE_OUTPUT,OUTPUT_DEMAND,FITNESS
0.03929316461354482,26.611918302510006,10.1,13.973915946442576
