EMITTER_COEFFICIENT_SOLUTION,PRESSURE_OUTPUT,OUTPUT_DEMAND,FITNESS
0.4327330966282452,24.041250639321053,1.5,5.2802361977715835
