EMITTER_COEFFICIENT_SOLUTION,PRESSURE_OUTPUT,OUTPUT_DEMAND,FITNESS
0.8171711928324963,26.871500897425463,1.5,2.202610547794078
