EMITTER_COEFFICIENT_SOLUTION,PRESSURE_OUTPUT,OUTPUT_DEMAND,FITNESS
0.4236476113856328,27.052263193953912,1.21,26.80474365235012
