EMITTER_COEFFICIENT_SOLUTION,PRESSURE_OUTPUT,OUTPUT_DEMAND,FITNESS
0.4189228100595269,24.82355904309661,12.6,109.38852565289214
