EMITTER_COEFFICIENT_SOLUTION,PRESSURE_OUTPUT,OUTPUT_DEMAND,FITNESS
0.46966977101159446,26.545122548191003,10.1,209.81306491442615
