EMITTER_COEFFICIENT_SOLUTION,PRESSURE_OUTPUT,OUTPUT_DEMAND,FITNESS
0.5157582223876367,28.403823304548958,1.2,44.9107879978086
