EMITTER_COEFFICIENT_SOLUTION,PRESSURE_OUTPUT,OUTPUT_DEMAND,FITNESS
1.000427714535364,27.61228846060869,1.2,1.228801320223387
