EMITTER_COEFFICIENT_SOLUTION,PRESSURE_OUTPUT,OUTPUT_DEMAND,FITNESS
1.305782891148199,23.549910353471105,3.9,1.9584336619423623
