EMITTER_COEFFICIENT_SOLUTION,PRESSURE_OUTPUT,OUTPUT_DEMAND,FITNESS
0.7319520357411209,22.99126036429993,1.2,1.7932907912122578
