EMITTER_COEFFICIENT_SOLUTION,PRESSURE_OUTPUT,OUTPUT_DEMAND,FITNESS
0.8307473323866511,28.705596423361165,0.89,8.499908244792852
