EMITTER_COEFFICIENT_SOLUTION,PRESSURE_OUTPUT,OUTPUT_DEMAND,FITNESS
1.3277781728121532,26.538568520102316,1.1,2.8784437259907123
