EMITTER_COEFFICIENT_SOLUTION,PRESSURE_OUTPUT,OUTPUT_DEMAND,FITNESS
0.3165594853448328,29.901241085681157,1.7,2.192887420888975
