EMITTER_COEFFICIENT_SOLUTION,PRESSURE_OUTPUT,OUTPUT_DEMAND,FITNESS
0.3604058841513884,27.495798792915437,1.5,5.872226077994628
