EMITTER_COEFFICIENT_SOLUTION,PRESSURE_OUTPUT,OUTPUT_DEMAND,FITNESS
1.158161081883561,26.61143160703577,1.1,3.6423653774299583
