EMITTER_COEFFICIENT_SOLUTION,PRESSURE_OUTPUT,OUTPUT_DEMAND,FITNESS
0.10014087585424492,9.367492839857114,1.0,79.91285694337542
