EMITTER_COEFFICIENT_SOLUTION,PRESSURE_OUTPUT,OUTPUT_DEMAND,FITNESS
0.3932337231655718,26.557097984319796,10.1,59.731506074262235
