EMITTER_COEFFICIENT_SOLUTION,PRESSURE_OUTPUT,OUTPUT_DEMAND,FITNESS
0.8098901946027904,9.345217170995639,1.0,102.41664454102725
