EMITTER_COEFFICIENT_SOLUTION,PRESSURE_OUTPUT,OUTPUT_DEMAND,FITNESS
0.8825318696836597,26.479612030774682,10.1,16.461889002019117
