EMITTER_COEFFICIENT_SOLUTION,PRESSURE_OUTPUT,OUTPUT_DEMAND,FITNESS
0.9177738502017925,23.928569591884795,13.000000000000002,22.86977226653874
