EMITTER_COEFFICIENT_SOLUTION,PRESSURE_OUTPUT,OUTPUT_DEMAND,FITNESS
0.10210331267001238,26.602266250208224,10.1,16.152518685446445
