EMITTER_COEFFICIENT_SOLUTION,PRESSURE_OUTPUT,OUTPUT_DEMAND,FITNESS
0.19225833933924408,26.588354330971548,10.1,20.834231718442975
