EMITTER_COEFFICIENT_SOLUTION,PRESSURE_OUTPUT,OUTPUT_DEMAND,FITNESS
0.7933243457242962,28.646274736488174,1.7,1.2516449946380355
