EMITTER_COEFFICIENT_SOLUTION,PRESSURE_OUTPUT,OUTPUT_DEMAND,FITNESS
0.34812636919721585,29.82539487236362,1.7,2.6303776345977647
