EMITTER_COEFFICIENT_SOLUTION,PRESSURE_OUTPUT,OUTPUT_DEMAND,FITNESS
0.6806230511791093,24.793959486491573,12.6,48.87626153901957
