EMITTER_COEFFICIENT_SOLUTION,PRESSURE_OUTPUT,OUTPUT_DEMAND,FITNESS
1.1479321412109509,28.673819400698292,1.2,5.543915000656565
