EMITTER_COEFFICIENT_SOLUTION,PRESSURE_OUTPUT,OUTPUT_DEMAND,FITNESS
1.2127068341263403,21.493919784831917,1.5,0.42409767302340295
