EMITTER_COEFFICIENT_SOLUTION,PRESSURE_OUTPUT,OUTPUT_DEMAND,FITNESS
0.507844590744723,27.011115156210217,1.21,260.1992722371871
