EMITTER_COEFFICIENT_SOLUTION,PRESSURE_OUTPUT,OUTPUT_DEMAND,FITNESS
0.37931294293781714,28.861706502021065,0.89,25.998505184374306
