EMITTER_COEFFICIENT_SOLUTION,PRESSURE_OUTPUT,OUTPUT_DEMAND,FITNESS
1.0980516961176001,27.74076928028003,1.7,0.5866981300751383
