EMITTER_COEFFICIENT_SOLUTION,PRESSURE_OUTPUT,OUTPUT_DEMAND,FITNESS
0.09534510855132705,27.047750927021546,1.1,6.181445690090723
