EMITTER_COEFFICIENT_SOLUTION,PRESSURE_OUTPUT,OUTPUT_DEMAND,FITNESS
0.203099662187201,27.00522887218024,1.1,8.385575544099694
