EMITTER_COEFFICIENT_SOLUTION,PRESSURE_OUTPUT,OUTPUT_DEMAND,FITNESS
0.009552344026288906,27.2516492505236,1.21,4.224884054602988
