EMITTER_COEFFICIENT_SOLUTION,PRESSURE_OUTPUT,OUTPUT_DEMAND,FITNESS
0.9017919955612197,26.719966484122317,1.1,6.02366133447635
