EMITTER_COEFFICIENT_SOLUTION,PRESSURE_OUTPUT,OUTPUT_DEMAND,FITNESS
0.7277557099969857,24.711451851639005,23.0,7.044634991549104
