EMITTER_COEFFICIENT_SOLUTION,PRESSURE_OUTPUT,OUTPUT_DEMAND,FITNESS
0.05096776476971265,26.61012677036301,10.1,14.332731870458497
