EMITTER_COEFFICIENT_SOLUTION,PRESSURE_OUTPUT,OUTPUT_DEMAND,FITNESS
0.32614518702155915,9.360432368561867,1.0,183.37992341975092
