EMITTER_COEFFICIENT_SOLUTION,PRESSURE_OUTPUT,OUTPUT_DEMAND,FITNESS
0.04052468650500818,24.51363245295277,1.2,1.0365486618608157
