EMITTER_COEFFICIENT_SOLUTION,PRESSURE_OUTPUT,OUTPUT_DEMAND,FITNESS
0.44633916026103604,27.02608431576025,1.1,35.410955550497775
