EMITTER_COEFFICIENT_SOLUTION,PRESSURE_OUTPUT,OUTPUT_DEMAND,FITNESS
0.975427991891541,26.73954425734174,1.1,3.871434155094567
