EMITTER_COEFFICIENT_SOLUTION,PRESSURE_OUTPUT,OUTPUT_DEMAND,FITNESS
0.24783929085390388,24.842759672931088,12.6,35.28288131584666
