EMITTER_COEFFICIENT_SOLUTION,PRESSURE_OUTPUT,OUTPUT_DEMAND,FITNESS
0.16173561767315325,30.256341436323886,1.7,1.2328630301258936
