EMITTER_COEFFICIENT_SOLUTION,PRESSURE_OUTPUT,OUTPUT_DEMAND,FITNESS
0.8031000673669799,26.492323437919254,10.1,20.81816953376966
