EMITTER_COEFFICIENT_SOLUTION,PRESSURE_OUTPUT,OUTPUT_DEMAND,FITNESS
0.2502593349913895,26.579368261707614,10.1,25.633229888301532
