EMITTER_COEFFICIENT_SOLUTION,PRESSURE_OUTPUT,OUTPUT_DEMAND,FITNESS
0.6961576683164159,28.132619016919122,1.2,3.407495744078193
