EMITTER_COEFFICIENT_SOLUTION,PRESSURE_OUTPUT,OUTPUT_DEMAND,FITNESS
1.0392940257163534,26.503336600257782,1.5,1.2162919559682095
