EMITTER_COEFFICIENT_SOLUTION,PRESSURE_OUTPUT,OUTPUT_DEMAND,FITNESS
1.3456610309278332,26.52892381040392,1.1,2.1325478395528923
