EMITTER_COEFFICIENT_SOLUTION,PRESSURE_OUTPUT,OUTPUT_DEMAND,FITNESS
0.6907739718216316,26.921032222770563,1.21,10.64666323549147
