EMITTER_COEFFICIENT_SOLUTION,PRESSURE_OUTPUT,OUTPUT_DEMAND,FITNESS
1.4707791364288003,23.444332858040266,3.9,1.6228770253976523
