EMITTER_COEFFICIENT_SOLUTION,PRESSURE_OUTPUT,OUTPUT_DEMAND,FITNESS
0.17137282511567553,28.92210709309544,0.89,10.114870443737168
