EMITTER_COEFFICIENT_SOLUTION,PRESSURE_OUTPUT,OUTPUT_DEMAND,FITNESS
0.15546209579487924,25.06503276325524,23.0,4.7252075545509635
