EMITTER_COEFFICIENT_SOLUTION,PRESSURE_OUTPUT,OUTPUT_DEMAND,FITNESS
0.0763184750684438,24.324980440289558,3.9,3.781290913445012
