EMITTER_COEFFICIENT_SOLUTION,PRESSURE_OUTPUT,OUTPUT_DEMAND,FITNESS
0.07977801219673541,9.368127474373978,1.0,76.05565939265375
