EMITTER_COEFFICIENT_SOLUTION,PRESSURE_OUTPUT,OUTPUT_DEMAND,FITNESS
0.0652391162457614,24.863120878615284,12.6,20.532379060236046
