EMITTER_COEFFICIENT_SOLUTION,PRESSURE_OUTPUT,OUTPUT_DEMAND,FITNESS
0.4429816105531822,28.86847226406512,1.2,70.04313091620186
