EMITTER_COEFFICIENT_SOLUTION,PRESSURE_OUTPUT,OUTPUT_DEMAND,FITNESS
0.09466228565942669,9.367663611667496,1.0,78.83697946533348
