EMITTER_COEFFICIENT_SOLUTION,PRESSURE_OUTPUT,OUTPUT_DEMAND,FITNESS
0.4082294967022322,26.923158165237872,1.1,26.89495681017822
