EMITTER_COEFFICIENT_SOLUTION,PRESSURE_OUTPUT,OUTPUT_DEMAND,FITNESS
0.28462082201037964,27.11000558905007,1.1,8.915745394434154
