EMITTER_COEFFICIENT_SOLUTION,PRESSURE_OUTPUT,OUTPUT_DEMAND,FITNESS
1.4219689931078885,9.325766623617845,1.0,34.22947784882412
