EMITTER_COEFFICIENT_SOLUTION,PRESSURE_OUTPUT,OUTPUT_DEMAND,FITNESS
1.0841293149573916,26.424451903820568,1.5,1.1098092825828423
