EMITTER_COEFFICIENT_SOLUTION,PRESSURE_OUTPUT,OUTPUT_DEMAND,FITNESS
1.4601626697547307,24.704180607234576,12.6,9.071223775515245
