EMITTER_COEFFICIENT_SOLUTION,PRESSURE_OUTPUT,OUTPUT_DEMAND,FITNESS
0.82600020134153,26.822255846477383,1.1,5.695064988819812
