EMITTER_COEFFICIENT_SOLUTION,PRESSURE_OUTPUT,OUTPUT_DEMAND,FITNESS
0.058446082355192996,9.36879204282885,1.0,72.3964398341626
