EMITTER_COEFFICIENT_SOLUTION,PRESSURE_OUTPUT,OUTPUT_DEMAND,FITNESS
0.4462604803950947,23.977865225635895,13.000000000000002,179.47541158516043
