EMITTER_COEFFICIENT_SOLUTION,PRESSURE_OUTPUT,OUTPUT_DEMAND,FITNESS
0.24900771665675958,25.007953984705992,23.0,6.470308471200529
