EMITTER_COEFFICIENT_SOLUTION,PRESSURE_OUTPUT,OUTPUT_DEMAND,FITNESS
0.1400506454310021,28.939781077666886,1.2,11.684190663354169
