EMITTER_COEFFICIENT_SOLUTION,PRESSURE_OUTPUT,OUTPUT_DEMAND,FITNESS
0.2508696652986935,23.998015673023097,13.000000000000002,38.87686106300674
