EMITTER_COEFFICIENT_SOLUTION,PRESSURE_OUTPUT,OUTPUT_DEMAND,FITNESS
0.312863344624593,24.17771638942151,3.9,8.532721884742582
