EMITTER_COEFFICIENT_SOLUTION,PRESSURE_OUTPUT,OUTPUT_DEMAND,FITNESS
0.3205900291880698,27.54082819216537,1.5,4.644194979480902
