EMITTER_COEFFICIENT_SOLUTION,PRESSURE_OUTPUT,OUTPUT_DEMAND,FITNESS
0.7050203642409255,27.04216730040796,1.5,3.5293247176738705
