EMITTER_COEFFICIENT_SOLUTION,PRESSURE_OUTPUT,OUTPUT_DEMAND,FITNESS
0.3346795433647647,25.957778548488648,1.5,0.7311389510336606
