EMITTER_COEFFICIENT_SOLUTION,PRESSURE_OUTPUT,OUTPUT_DEMAND,FITNESS
0.1815482858392352,26.24807657252181,1.5,0.9281336384523357
