EMITTER_COEFFICIENT_SOLUTION,PRESSURE_OUTPUT,OUTPUT_DEMAND,FITNESS
0.5183366757853743,27.30173983337447,1.5,42.07375039456256
