EMITTER_COEFFICIENT_SOLUTION,PRESSURE_OUTPUT,OUTPUT_DEMAND,FITNESS
0.9574586072504073,26.643453902691704,1.5,1.4661601746345856
