EMITTER_COEFFICIENT_SOLUTION,PRESSURE_OUTPUT,OUTPUT_DEMAND,FITNESS
0.04397587000156267,27.807468819854904,1.5,2.0748472168660106
