EMITTER_COEFFICIENT_SOLUTION,PRESSURE_OUTPUT,OUTPUT_DEMAND,FITNESS
0.5570323890491743,27.25054854785457,1.5,13.340613038813455
