EMITTER_COEFFICIENT_SOLUTION,PRESSURE_OUTPUT,OUTPUT_DEMAND,FITNESS
0.0659650078505013,27.789349306776074,1.5,2.155898705772343
