EMITTER_COEFFICIENT_SOLUTION,PRESSURE_OUTPUT,OUTPUT_DEMAND,FITNESS
0.15661337048964175,26.293856040572855,1.5,0.9693195049013393
