EMITTER_COEFFICIENT_SOLUTION,PRESSURE_OUTPUT,OUTPUT_DEMAND,FITNESS
0.473239021898041,27.359618991655864,1.5,29.31401986566899
