EMITTER_COEFFICIENT_SOLUTION,PRESSURE_OUTPUT,OUTPUT_DEMAND,FITNESS
0.39911962214269847,25.831121043296083,1.5,0.6691708921554315
