EMITTER_COEFFICIENT_SOLUTION,PRESSURE_OUTPUT,OUTPUT_DEMAND,FITNESS
0.07451358884747794,26.44149394849466,1.5,1.1312042224389018
