EMITTER_COEFFICIENT_SOLUTION,PRESSURE_OUTPUT,OUTPUT_DEMAND,FITNESS
0.20584912988323623,27.661441637825632,1.5,2.976757336105957
