EMITTER_COEFFICIENT_SOLUTION,PRESSURE_OUTPUT,OUTPUT_DEMAND,FITNESS
0.46829354135845114,27.365847999561034,1.5,24.787829991330742
