EMITTER_COEFFICIENT_SOLUTION,PRESSURE_OUTPUT,OUTPUT_DEMAND,FITNESS
0.11820805945471269,27.744108242440824,1.5,2.3889004770270255
