EMITTER_COEFFICIENT_SOLUTION,PRESSURE_OUTPUT,OUTPUT_DEMAND,FITNESS
0.6051067720881308,27.18501967442821,1.5,7.11804833303909
