EMITTER_COEFFICIENT_SOLUTION,PRESSURE_OUTPUT,OUTPUT_DEMAND,FITNESS
0.451612665397196,27.386684395196554,1.5,16.345538581370853
