EMITTER_COEFFICIENT_SOLUTION,PRESSURE_OUTPUT,OUTPUT_DEMAND,FITNESS
0.06770037957788455,26.4535283424213,1.5,1.1468162416065308
