EMITTER_COEFFICIENT_SOLUTION,PRESSURE_OUTPUT,OUTPUT_DEMAND,FITNESS
0.7445542276874443,26.98322602044469,1.5,2.9215709984905485
