EMITTER_COEFFICIENT_SOLUTION,PRESSURE_OUTPUT,OUTPUT_DEMAND,FITNESS
0.3379717650489348,27.52136811982568,1.5,5.105622619775194
