EMITTER_COEFFICIENT_SOLUTION,PRESSURE_OUTPUT,OUTPUT_DEMAND,FITNESS
0.11778396743062347,27.744487783589435,1.5,2.3867364564223847
