EMITTER_COEFFICIENT_SOLUTION,PRESSURE_OUTPUT,OUTPUT_DEMAND,FITNESS
0.6445868129881073,27.1296343266863,1.5,5.105341180552208
