EMITTER_COEFFICIENT_SOLUTION,PRESSURE_OUTPUT,OUTPUT_DEMAND,FITNESS
0.033191326005098554,27.81615327861614,1.5,2.0381224412709895
