EMITTER_COEFFICIENT_SOLUTION,PRESSURE_OUTPUT,OUTPUT_DEMAND,FITNESS
0.07258228975885617,26.44490870217126,1.5,1.135590764020106
