EMITTER_COEFFICIENT_SOLUTION,PRESSURE_OUTPUT,OUTPUT_DEMAND,FITNESS
0.40629334153602736,27.441927712918982,1.5,8.589435139577347
