EMITTER_COEFFICIENT_SOLUTION,PRESSURE_OUTPUT,OUTPUT_DEMAND,FITNESS
0.33249048395028735,25.962035764435768,1.5,0.7334218117945647
