EMITTER_COEFFICIENT_SOLUTION,PRESSURE_OUTPUT,OUTPUT_DEMAND,FITNESS
0.018104234363800487,26.540102132124368,1.5,1.2732276678404348
