EMITTER_COEFFICIENT_SOLUTION,PRESSURE_OUTPUT,OUTPUT_DEMAND,FITNESS
0.6391867730684199,27.137292550825656,1.5,5.313070810568176
