EMITTER_COEFFICIENT_SOLUTION,PRESSURE_OUTPUT,OUTPUT_DEMAND,FITNESS
0.3498768676363645,27.507862542655737,1.5,5.4837512917749125
