EMITTER_COEFFICIENT_SOLUTION,PRESSURE_OUTPUT,OUTPUT_DEMAND,FITNESS
0.46120938154851876,25.70670031249515,1.5,0.6177387476677925
