EMITTER_COEFFICIENT_SOLUTION,PRESSURE_OUTPUT,OUTPUT_DEMAND,FITNESS
0.6159504924930513,27.169947306815104,1.5,6.428374741575393
