EMITTER_COEFFICIENT_SOLUTION,PRESSURE_OUTPUT,OUTPUT_DEMAND,FITNESS
0.29100193380225814,27.573243065626322,1.5,4.036531518129517
