EMITTER_COEFFICIENT_SOLUTION,PRESSURE_OUTPUT,OUTPUT_DEMAND,FITNESS
0.43624170741692525,27.405646036562004,1.5,12.47809864308435
