EMITTER_COEFFICIENT_SOLUTION,PRESSURE_OUTPUT,OUTPUT_DEMAND,FITNESS
0.186860305915022,26.238268490078795,1.5,0.9197608610402525
