EMITTER_COEFFICIENT_SOLUTION,PRESSURE_OUTPUT,OUTPUT_DEMAND,FITNESS
0.30242801812745024,27.560832050192708,1.5,4.249416468297884
