EMITTER_COEFFICIENT_SOLUTION,PRESSURE_OUTPUT,OUTPUT_DEMAND,FITNESS
0.9728998959906588,26.61740520355285,1.5,1.4122250879984601
