EMITTER_COEFFICIENT_SOLUTION,PRESSURE_OUTPUT,OUTPUT_DEMAND,FITNESS
0.6191747132817987,27.16544524184198,1.5,6.24756423035071
