EMITTER_COEFFICIENT_SOLUTION,PRESSURE_OUTPUT,OUTPUT_DEMAND,FITNESS
0.6936770272408196,27.058829383343863,1.5,3.7498372779851916
