EMITTER_COEFFICIENT_SOLUTION,PRESSURE_OUTPUT,OUTPUT_DEMAND,FITNESS
0.8995445967052772,26.739499779885946,1.5,1.7064618054227523
