EMITTER_COEFFICIENT_SOLUTION,PRESSURE_OUTPUT,OUTPUT_DEMAND,FITNESS
0.4827701978025286,27.347547963293138,1.5,45.36723119224786
