EMITTER_COEFFICIENT_SOLUTION,PRESSURE_OUTPUT,OUTPUT_DEMAND,FITNESS
0.4676079027200917,25.693749087824635,1.5,0.6128357714357862
