EMITTER_COEFFICIENT_SOLUTION,PRESSURE_OUTPUT,OUTPUT_DEMAND,FITNESS
0.32322899010325135,27.53789350997358,1.5,4.708366417985653
