EMITTER_COEFFICIENT_SOLUTION,PRESSURE_OUTPUT,OUTPUT_DEMAND,FITNESS
0.8409503931014567,26.833961415900674,1.5,2.0343967421264457
