EMITTER_COEFFICIENT_SOLUTION,PRESSURE_OUTPUT,OUTPUT_DEMAND,FITNESS
0.32438760181361603,25.977767658995496,1.5,0.7419828954820057
