EMITTER_COEFFICIENT_SOLUTION,PRESSURE_OUTPUT,OUTPUT_DEMAND,FITNESS
0.02441770660667253,27.823119617377436,1.5,2.0095897804321177
