EMITTER_COEFFICIENT_SOLUTION,PRESSURE_OUTPUT,OUTPUT_DEMAND,FITNESS
0.5666577073443685,27.237598637812525,1.5,11.375401625687946
