EMITTER_COEFFICIENT_SOLUTION,PRESSURE_OUTPUT,OUTPUT_DEMAND,FITNESS
0.19501919908243293,27.672108165133245,1.5,2.8851490544312655
