EMITTER_COEFFICIENT_SOLUTION,PRESSURE_OUTPUT,OUTPUT_DEMAND,FITNESS
0.4370793419663833,27.40461864788977,1.5,12.640143477413492
