EMITTER_COEFFICIENT_SOLUTION,PRESSURE_OUTPUT,OUTPUT_DEMAND,FITNESS
0.11652594561184693,27.745612475312953,1.5,2.380346789801456
