EMITTER_COEFFICIENT_SOLUTION,PRESSURE_OUTPUT,OUTPUT_DEMAND,FITNESS
0.7688410182503184,26.94635336551506,1.5,2.6374489624638473
