EMITTER_COEFFICIENT_SOLUTION,PRESSURE_OUTPUT,OUTPUT_DEMAND,FITNESS
0.8839203698338537,26.764957990657102,1.5,1.7839633537200326
