EMITTER_COEFFICIENT_SOLUTION,PRESSURE_OUTPUT,OUTPUT_DEMAND,FITNESS
0.24489709261463977,27.6219444289786,1.5,3.373377493002141
