EMITTER_COEFFICIENT_SOLUTION,PRESSURE_OUTPUT,OUTPUT_DEMAND,FITNESS
0.7528106367654314,26.970747222571966,1.5,2.8188039082669483
