EMITTER_COEFFICIENT_SOLUTION,PRESSURE_OUTPUT,OUTPUT_DEMAND,FITNESS
0.44063990960076127,27.400243859202924,1.5,13.380031901974084
