EMITTER_COEFFICIENT_SOLUTION,PRESSURE_OUTPUT,OUTPUT_DEMAND,FITNESS
0.4610125109032257,25.707098419442804,1.5,0.6178907031107758
