EMITTER_COEFFICIENT_SOLUTION,PRESSURE_OUTPUT,OUTPUT_DEMAND,FITNESS
0.26069307956758114,27.605508928812277,1.5,3.5713863913611696
