EMITTER_COEFFICIENT_SOLUTION,PRESSURE_OUTPUT,OUTPUT_DEMAND,FITNESS
0.4985719717422503,25.630740469519907,1.5,0.5900515587770403
