EMITTER_COEFFICIENT_SOLUTION,PRESSURE_OUTPUT,OUTPUT_DEMAND,FITNESS
0.34610273426765537,27.512159578535616,1.5,5.357507645638163
