EMITTER_COEFFICIENT_SOLUTION,PRESSURE_OUTPUT,OUTPUT_DEMAND,FITNESS
0.24767292297621724,27.619075206711727,1.5,3.406347426935342
