EMITTER_COEFFICIENT_SOLUTION,PRESSURE_OUTPUT,OUTPUT_DEMAND,FITNESS
0.2922997406267397,27.571840171310676,1.5,4.0595198773923356
