EMITTER_COEFFICIENT_SOLUTION,PRESSURE_OUTPUT,OUTPUT_DEMAND,FITNESS
0.23123307526163772,27.635949666360155,1.5,3.2211924103649925
