EMITTER_COEFFICIENT_SOLUTION,PRESSURE_OUTPUT,OUTPUT_DEMAND,FITNESS
0.8950808061796448,26.746792961815295,1.5,1.7279672851725807
