EMITTER_COEFFICIENT_SOLUTION,PRESSURE_OUTPUT,OUTPUT_DEMAND,FITNESS
0.8435785734376003,26.82978394270195,1.5,2.017252840749156
