EMITTER_COEFFICIENT_SOLUTION,PRESSURE_OUTPUT,OUTPUT_DEMAND,FITNESS
0.27604034542476985,27.589290144760994,1.5,3.790972984263836
