EMITTER_COEFFICIENT_SOLUTION,PRESSURE_OUTPUT,OUTPUT_DEMAND,FITNESS
0.38187334770897374,25.865269586200476,1.5,0.6848198551074777
