EMITTER_COEFFICIENT_SOLUTION,PRESSURE_OUTPUT,OUTPUT_DEMAND,FITNESS
0.01106437251958381,26.55224242131338,1.5,1.2932173842794905
