EMITTER_COEFFICIENT_SOLUTION,PRESSURE_OUTPUT,OUTPUT_DEMAND,FITNESS
0.6522019411271222,27.11879049774665,1.5,4.837528600056046
