EMITTER_COEFFICIENT_SOLUTION,PRESSURE_OUTPUT,OUTPUT_DEMAND,FITNESS
0.11716758233450397,26.36538956849423,1.5,1.0415385863213935
