EMITTER_COEFFICIENT_SOLUTION,PRESSURE_OUTPUT,OUTPUT_DEMAND,FITNESS
0.38511143906848266,25.858871831038435,1.5,0.6818325355626301
