EMITTER_COEFFICIENT_SOLUTION,PRESSURE_OUTPUT,OUTPUT_DEMAND,FITNESS
0.9179713428275732,26.70922597849607,1.5,1.6226347332822812
