EMITTER_COEFFICIENT_SOLUTION,PRESSURE_OUTPUT,OUTPUT_DEMAND,FITNESS
0.6850348982096855,27.071448285344914,1.5,3.9360883710590002
