EMITTER_COEFFICIENT_SOLUTION,PRESSURE_OUTPUT,OUTPUT_DEMAND,FITNESS
0.9407489063506332,26.671434819114303,1.5,1.528881793904848
