EMITTER_COEFFICIENT_SOLUTION,PRESSURE_OUTPUT,OUTPUT_DEMAND,FITNESS
0.9335351244789228,26.68344742420352,1.5,1.557486359777995
