EMITTER_COEFFICIENT_SOLUTION,PRESSURE_OUTPUT,OUTPUT_DEMAND,FITNESS
0.2540917259237193,27.612409407615985,1.5,3.485489037207575
