EMITTER_COEFFICIENT_SOLUTION,PRESSURE_OUTPUT,OUTPUT_DEMAND,FITNESS
0.4885857058642249,25.65112166162607,1.5,0.5972338658780421
