EMITTER_COEFFICIENT_SOLUTION,PRESSURE_OUTPUT,OUTPUT_DEMAND,FITNESS
0.04076852151476673,27.81006555478374,1.5,2.0637282037699816
