EMITTER_COEFFICIENT_SOLUTION,PRESSURE_OUTPUT,OUTPUT_DEMAND,FITNESS
0.2701709373388276,27.59552187377019,1.5,3.7034807827699425
