EMITTER_COEFFICIENT_SOLUTION,PRESSURE_OUTPUT,OUTPUT_DEMAND,FITNESS
0.0842216430428867,27.773888187458276,1.5,2.230238364992268
