EMITTER_COEFFICIENT_SOLUTION,PRESSURE_OUTPUT,OUTPUT_DEMAND,FITNESS
0.2908162961124191,27.573443592636934,1.5,4.033266856423914
