EMITTER_COEFFICIENT_SOLUTION,PRESSURE_OUTPUT,OUTPUT_DEMAND,FITNESS
0.457625742892369,27.379204310506978,1.5,18.62242868719667
