EMITTER_COEFFICIENT_SOLUTION,PRESSURE_OUTPUT,OUTPUT_DEMAND,FITNESS
0.4671147647365054,27.367329240700336,1.5,23.90993480789879
