EMITTER_COEFFICIENT_SOLUTION,PRESSURE_OUTPUT,OUTPUT_DEMAND,FITNESS
0.053514263059166844,27.799676725582756,1.5,2.108943358505712
