EMITTER_COEFFICIENT_SOLUTION,PRESSURE_OUTPUT,OUTPUT_DEMAND,FITNESS
0.4293760694729688,27.414041193996297,1.5,11.294895100634099
