EMITTER_COEFFICIENT_SOLUTION,PRESSURE_OUTPUT,OUTPUT_DEMAND,FITNESS
0.6842481107185622,27.072593872967964,1.5,3.9539171136281257
