EMITTER_COEFFICIENT_SOLUTION,PRESSURE_OUTPUT,OUTPUT_DEMAND,FITNESS
0.19127600258696964,27.675765586274707,1.5,2.855022273697259
