EMITTER_COEFFICIENT_SOLUTION,PRESSURE_OUTPUT,OUTPUT_DEMAND,FITNESS
0.16946245822749872,27.69677836576669,1.5,2.693437685370138
