EMITTER_COEFFICIENT_SOLUTION,PRESSURE_OUTPUT,OUTPUT_DEMAND,FITNESS
0.13562363979790104,27.728350143722295,1.5,2.4823472722603976
