EMITTER_COEFFICIENT_SOLUTION,PRESSURE_OUTPUT,OUTPUT_DEMAND,FITNESS
0.039016845722587346,27.81147876304891,1.5,2.0577268890728924
