EMITTER_COEFFICIENT_SOLUTION,PRESSURE_OUTPUT,OUTPUT_DEMAND,FITNESS
0.15079408192411436,27.714351030234866,1.5,2.571716107357248
