EMITTER_COEFFICIENT_SOLUTION,PRESSURE_OUTPUT,OUTPUT_DEMAND,FITNESS
0.1094437135955767,27.751911269699676,1.5,2.345184696912036
