EMITTER_COEFFICIENT_SOLUTION,PRESSURE_OUTPUT,OUTPUT_DEMAND,FITNESS
0.1752126656651818,26.25974924985841,1.5,0.9382989862192891
