EMITTER_COEFFICIENT_SOLUTION,PRESSURE_OUTPUT,OUTPUT_DEMAND,FITNESS
0.3479730176969995,25.931861091324997,1.5,0.7175420582570737
