EMITTER_COEFFICIENT_SOLUTION,PRESSURE_OUTPUT,OUTPUT_DEMAND,FITNESS
0.06203618018172097,27.79262716875693,1.5,2.14077044108597
