EMITTER_COEFFICIENT_SOLUTION,PRESSURE_OUTPUT,OUTPUT_DEMAND,FITNESS
0.9068874543336115,26.727468198294595,1.5,1.6721305663178059
