EMITTER_COEFFICIENT_SOLUTION,PRESSURE_OUTPUT,OUTPUT_DEMAND,FITNESS
0.7631396002808725,26.955054315860068,1.5,2.6993955346457392
