EMITTER_COEFFICIENT_SOLUTION,PRESSURE_OUTPUT,OUTPUT_DEMAND,FITNESS
0.7217578888858261,27.01737766404284,1.5,3.24538388638788
