EMITTER_COEFFICIENT_SOLUTION,PRESSURE_OUTPUT,OUTPUT_DEMAND,FITNESS
0.883318033698176,26.765935538258226,1.5,1.7870798585422716
