EMITTER_COEFFICIENT_SOLUTION,PRESSURE_OUTPUT,OUTPUT_DEMAND,FITNESS
0.9759510836099902,26.612236328804677,1.5,1.4019910933498552
