EMITTER_COEFFICIENT_SOLUTION,PRESSURE_OUTPUT,OUTPUT_DEMAND,FITNESS
0.13330866563184518,26.336250859783156,1.5,1.0108599085081913
