EMITTER_COEFFICIENT_SOLUTION,PRESSURE_OUTPUT,OUTPUT_DEMAND,FITNESS
0.4669170796391403,27.367577519292084,1.5,23.76883527817353
