EMITTER_COEFFICIENT_SOLUTION,PRESSURE_OUTPUT,OUTPUT_DEMAND,FITNESS
0.16838320947296415,27.697804611052362,1.5,2.6860132018043106
