EMITTER_COEFFICIENT_SOLUTION,PRESSURE_OUTPUT,OUTPUT_DEMAND,FITNESS
0.3295551129143278,27.530829558739725,1.5,4.870352746869395
