EMITTER_COEFFICIENT_SOLUTION,PRESSURE_OUTPUT,OUTPUT_DEMAND,FITNESS
0.7393671278573785,26.991036081143818,1.5,2.9897909934905536
