EMITTER_COEFFICIENT_SOLUTION,PRESSURE_OUTPUT,OUTPUT_DEMAND,FITNESS
0.3601999123221581,27.496035857910826,1.5,5.86406272069033
