EMITTER_COEFFICIENT_SOLUTION,PRESSURE_OUTPUT,OUTPUT_DEMAND,FITNESS
0.9312415273241906,26.687258276245437,1.5,1.5667857818851008
