EMITTER_COEFFICIENT_SOLUTION,PRESSURE_OUTPUT,OUTPUT_DEMAND,FITNESS
0.44291394698028197,27.397443346299582,1.5,13.900912320119032
