EMITTER_COEFFICIENT_SOLUTION,PRESSURE_OUTPUT,OUTPUT_DEMAND,FITNESS
0.3522092259110282,27.505199847775927,1.5,5.565009086297815
