EMITTER_COEFFICIENT_SOLUTION,PRESSURE_OUTPUT,OUTPUT_DEMAND,FITNESS
0.032456682068164766,27.81673999870624,1.5,2.035688150352588
