EMITTER_COEFFICIENT_SOLUTION,PRESSURE_OUTPUT,OUTPUT_DEMAND,FITNESS
0.06584177922248768,26.45680536656336,1.5,1.151142401101746
