EMITTER_COEFFICIENT_SOLUTION,PRESSURE_OUTPUT,OUTPUT_DEMAND,FITNESS
0.365907469247298,27.489450926520057,1.5,6.099595240307304
