EMITTER_COEFFICIENT_SOLUTION,PRESSURE_OUTPUT,OUTPUT_DEMAND,FITNESS
0.26259268815901393,26.09635983756823,1.5,0.8135718200716618
