EMITTER_COEFFICIENT_SOLUTION,PRESSURE_OUTPUT,OUTPUT_DEMAND,FITNESS
0.38836542473597513,25.85243621333221,1.5,0.678853716264967
