EMITTER_COEFFICIENT_SOLUTION,PRESSURE_OUTPUT,OUTPUT_DEMAND,FITNESS
0.3761541984253133,27.47754712109753,1.5,6.577151665750177
