EMITTER_COEFFICIENT_SOLUTION,PRESSURE_OUTPUT,OUTPUT_DEMAND,FITNESS
0.4854466235363367,27.344142695235796,1.5,53.656493142355394
