EMITTER_COEFFICIENT_SOLUTION,PRESSURE_OUTPUT,OUTPUT_DEMAND,FITNESS
0.7382882014582727,26.992657696706104,1.5,3.0043569922686615
