EMITTER_COEFFICIENT_SOLUTION,PRESSURE_OUTPUT,OUTPUT_DEMAND,FITNESS
0.4125851908697604,25.804333033958816,1.5,0.6573867378250153
