EMITTER_COEFFICIENT_SOLUTION,PRESSURE_OUTPUT,OUTPUT_DEMAND,FITNESS
0.43143819585928433,25.766644425851343,1.5,0.6414931102119967
