EMITTER_COEFFICIENT_SOLUTION,PRESSURE_OUTPUT,OUTPUT_DEMAND,FITNESS
0.816816522577284,26.872057281875527,1.5,2.205313155224901
