EMITTER_COEFFICIENT_SOLUTION,PRESSURE_OUTPUT,OUTPUT_DEMAND,FITNESS
0.3118039064265652,26.002116534903024,1.5,0.7556345284918646
