EMITTER_COEFFICIENT_SOLUTION,PRESSURE_OUTPUT,OUTPUT_DEMAND,FITNESS
0.08917448377254589,26.4154834923606,1.5,1.0988719612902584
