EMITTER_COEFFICIENT_SOLUTION,PRESSURE_OUTPUT,OUTPUT_DEMAND,FITNESS
0.20906276269462332,26.197065248936475,1.5,0.8861772864952243
