EMITTER_COEFFICIENT_SOLUTION,PRESSURE_OUTPUT,OUTPUT_DEMAND,FITNESS
0.2835773998773342,27.58123528049253,1.5,3.910379442617032
