EMITTER_COEFFICIENT_SOLUTION,PRESSURE_OUTPUT,OUTPUT_DEMAND,FITNESS
0.6291989290165682,27.151388295698617,1.5,5.743187858977141
