EMITTER_COEFFICIENT_SOLUTION,PRESSURE_OUTPUT,OUTPUT_DEMAND,FITNESS
0.3776829184493532,27.4757621795518,1.5,6.65528357187651
