EMITTER_COEFFICIENT_SOLUTION,PRESSURE_OUTPUT,OUTPUT_DEMAND,FITNESS
0.0719401163348975,27.784330632772317,1.5,2.179480142119469
