EMITTER_COEFFICIENT_SOLUTION,PRESSURE_OUTPUT,OUTPUT_DEMAND,FITNESS
0.17191425126802728,27.694442281287657,1.5,2.7104923689077625
