EMITTER_COEFFICIENT_SOLUTION,PRESSURE_OUTPUT,OUTPUT_DEMAND,FITNESS
0.3232341377920549,25.980003750301137,1.5,0.7432159959855397
