EMITTER_COEFFICIENT_SOLUTION,PRESSURE_OUTPUT,OUTPUT_DEMAND,FITNESS
0.07559795105297729,27.78123835257101,1.5,2.194268553919616
