EMITTER_COEFFICIENT_SOLUTION,PRESSURE_OUTPUT,OUTPUT_DEMAND,FITNESS
0.41290491224605097,27.433993698872307,1.5,9.217602777207528
