EMITTER_COEFFICIENT_SOLUTION,PRESSURE_OUTPUT,OUTPUT_DEMAND,FITNESS
0.9873196729075647,26.592914681454005,1.5,1.3650145187740377
