EMITTER_COEFFICIENT_SOLUTION,PRESSURE_OUTPUT,OUTPUT_DEMAND,FITNESS
0.302439176663195,27.56081986401407,1.5,4.249636532105795
