EMITTER_COEFFICIENT_SOLUTION,PRESSURE_OUTPUT,OUTPUT_DEMAND,FITNESS
0.09351343181977023,27.76587485520961,1.5,2.2708216747668892
