EMITTER_COEFFICIENT_SOLUTION,PRESSURE_OUTPUT,OUTPUT_DEMAND,FITNESS
0.33356057914861326,27.526335858322284,1.5,4.979329893721291
