EMITTER_COEFFICIENT_SOLUTION,PRESSURE_OUTPUT,OUTPUT_DEMAND,FITNESS
0.8310455616518649,26.81948543190822,1.1,5.60660569648453
