EMITTER_COEFFICIENT_SOLUTION,PRESSURE_OUTPUT,OUTPUT_DEMAND,FITNESS
0.886813776953714,26.788758555849416,1.1,4.782677250698244
