EMITTER_COEFFICIENT_SOLUTION,PRESSURE_OUTPUT,OUTPUT_DEMAND,FITNESS
0.6659575754672055,26.90930884330408,1.1,11.294633275004237
