EMITTER_COEFFICIENT_SOLUTION,PRESSURE_OUTPUT,OUTPUT_DEMAND,FITNESS
0.14503101119470052,27.180970884783306,1.1,5.460708600146003
