EMITTER_COEFFICIENT_SOLUTION,PRESSURE_OUTPUT,OUTPUT_DEMAND,FITNESS
0.4525141174923464,26.466691558154672,1.1,1.8826899305539857
