EMITTER_COEFFICIENT_SOLUTION,PRESSURE_OUTPUT,OUTPUT_DEMAND,FITNESS
0.14218551458816753,27.182402898693887,1.1,5.418338221073063
