EMITTER_COEFFICIENT_SOLUTION,PRESSURE_OUTPUT,OUTPUT_DEMAND,FITNESS
0.06028686131211114,27.22336325826079,1.1,4.434220306281832
