EMITTER_COEFFICIENT_SOLUTION,PRESSURE_OUTPUT,OUTPUT_DEMAND,FITNESS
0.0375816396853943,26.704743910761696,1.1,3.411775079755373
