EMITTER_COEFFICIENT_SOLUTION,PRESSURE_OUTPUT,OUTPUT_DEMAND,FITNESS
0.3035190383217655,27.100292055246364,1.1,9.761088817872507
