EMITTER_COEFFICIENT_SOLUTION,PRESSURE_OUTPUT,OUTPUT_DEMAND,FITNESS
0.296889480953507,26.557118281575068,1.1,2.2689721946526054
