EMITTER_COEFFICIENT_SOLUTION,PRESSURE_OUTPUT,OUTPUT_DEMAND,FITNESS
0.8047973291547413,26.833881158239258,1.1,6.0988510467767085
