EMITTER_COEFFICIENT_SOLUTION,PRESSURE_OUTPUT,OUTPUT_DEMAND,FITNESS
0.6999084984342666,26.890976826741596,1.1,9.357194333821619
