EMITTER_COEFFICIENT_SOLUTION,PRESSURE_OUTPUT,OUTPUT_DEMAND,FITNESS
0.17232324440694924,27.167205956807898,1.1,5.904530044011224
