EMITTER_COEFFICIENT_SOLUTION,PRESSURE_OUTPUT,OUTPUT_DEMAND,FITNESS
0.17614332123417775,27.165274976891688,1.1,5.972627124962467
