EMITTER_COEFFICIENT_SOLUTION,PRESSURE_OUTPUT,OUTPUT_DEMAND,FITNESS
0.14510696276231994,27.18093265358366,1.1,5.461848867279219
