EMITTER_COEFFICIENT_SOLUTION,PRESSURE_OUTPUT,OUTPUT_DEMAND,FITNESS
0.2539383296487302,27.12572311657661,1.1,7.8199137210133145
