EMITTER_COEFFICIENT_SOLUTION,PRESSURE_OUTPUT,OUTPUT_DEMAND,FITNESS
0.8822938803892378,26.791256011965594,1.1,4.8404946677797405
