EMITTER_COEFFICIENT_SOLUTION,PRESSURE_OUTPUT,OUTPUT_DEMAND,FITNESS
0.6717255374837837,26.906199597593353,1.1,10.91144735740679
