EMITTER_COEFFICIENT_SOLUTION,PRESSURE_OUTPUT,OUTPUT_DEMAND,FITNESS
0.3795714390021646,27.060950070848577,1.1,15.846453438072896
