EMITTER_COEFFICIENT_SOLUTION,PRESSURE_OUTPUT,OUTPUT_DEMAND,FITNESS
0.367064665904584,26.516508694825966,1.1,2.0775431642733575
