EMITTER_COEFFICIENT_SOLUTION,PRESSURE_OUTPUT,OUTPUT_DEMAND,FITNESS
0.20085877564396182,27.152756317446354,1.1,6.455284101520177
