EMITTER_COEFFICIENT_SOLUTION,PRESSURE_OUTPUT,OUTPUT_DEMAND,FITNESS
0.14296748247349356,27.182009427394654,1.1,5.42991458491833
