EMITTER_COEFFICIENT_SOLUTION,PRESSURE_OUTPUT,OUTPUT_DEMAND,FITNESS
0.16402869728722835,27.171395062412124,1.1,5.762008493125825
