EMITTER_COEFFICIENT_SOLUTION,PRESSURE_OUTPUT,OUTPUT_DEMAND,FITNESS
0.007227626443571777,27.249632142304968,1.1,3.9716002860903026
