EMITTER_COEFFICIENT_SOLUTION,PRESSURE_OUTPUT,OUTPUT_DEMAND,FITNESS
0.6649418526122052,26.909856152672866,1.1,11.364887127348842
