EMITTER_COEFFICIENT_SOLUTION,PRESSURE_OUTPUT,OUTPUT_DEMAND,FITNESS
0.39627449014912475,27.052256097651117,1.1,18.378423936012464
