EMITTER_COEFFICIENT_SOLUTION,PRESSURE_OUTPUT,OUTPUT_DEMAND,FITNESS
0.38225304049287256,26.507683263189264,1.1,2.0401368167646146
