EMITTER_COEFFICIENT_SOLUTION,PRESSURE_OUTPUT,OUTPUT_DEMAND,FITNESS
0.38345284812590563,26.506985555661917,1.1,2.037236975325613
