EMITTER_COEFFICIENT_SOLUTION,PRESSURE_OUTPUT,OUTPUT_DEMAND,FITNESS
0.3035076900053756,27.10029789583283,1.1,9.760532365205485
