EMITTER_COEFFICIENT_SOLUTION,PRESSURE_OUTPUT,OUTPUT_DEMAND,FITNESS
0.4657073781514455,27.015914010717296,1.1,55.34174306133539
