EMITTER_COEFFICIENT_SOLUTION,PRESSURE_OUTPUT,OUTPUT_DEMAND,FITNESS
0.11677327151710004,27.195165478253372,1.1,5.06788404249167
