EMITTER_COEFFICIENT_SOLUTION,PRESSURE_OUTPUT,OUTPUT_DEMAND,FITNESS
0.8456193699030755,26.811474099911525,1.1,5.365602268175714
