EMITTER_COEFFICIENT_SOLUTION,PRESSURE_OUTPUT,OUTPUT_DEMAND,FITNESS
0.41498125022301025,27.042496839217428,1.1,22.395227147151697
