EMITTER_COEFFICIENT_SOLUTION,PRESSURE_OUTPUT,OUTPUT_DEMAND,FITNESS
0.565974084690425,26.96286422926811,1.1,28.585935070548626
