EMITTER_COEFFICIENT_SOLUTION,PRESSURE_OUTPUT,OUTPUT_DEMAND,FITNESS
0.6954293651732065,26.893399562132853,1.1,9.574242466796536
