EMITTER_COEFFICIENT_SOLUTION,PRESSURE_OUTPUT,OUTPUT_DEMAND,FITNESS
0.07884785325772636,26.681512075083347,1.1,3.1612117523299563
