EMITTER_COEFFICIENT_SOLUTION,PRESSURE_OUTPUT,OUTPUT_DEMAND,FITNESS
0.793675920908922,26.83996772938121,1.1,6.333975111906466
