EMITTER_COEFFICIENT_SOLUTION,PRESSURE_OUTPUT,OUTPUT_DEMAND,FITNESS
0.6781332574057389,26.90274299235309,1.1,10.514862837993064
