EMITTER_COEFFICIENT_SOLUTION,PRESSURE_OUTPUT,OUTPUT_DEMAND,FITNESS
0.7170189521140523,26.881710211721405,1.1,8.610575487390502
