EMITTER_COEFFICIENT_SOLUTION,PRESSURE_OUTPUT,OUTPUT_DEMAND,FITNESS
0.02404774033128021,26.712341244793592,1.1,3.502562893188052
