EMITTER_COEFFICIENT_SOLUTION,PRESSURE_OUTPUT,OUTPUT_DEMAND,FITNESS
0.117658647609299,27.19472162050171,1.1,5.079309541012952
