EMITTER_COEFFICIENT_SOLUTION,PRESSURE_OUTPUT,OUTPUT_DEMAND,FITNESS
0.7129878714285206,26.883895034592328,1.1,8.77566847238442
