EMITTER_COEFFICIENT_SOLUTION,PRESSURE_OUTPUT,OUTPUT_DEMAND,FITNESS
0.7162356471173955,26.882134839189003,1.1,8.642173753760853
