EMITTER_COEFFICIENT_SOLUTION,PRESSURE_OUTPUT,OUTPUT_DEMAND,FITNESS
0.48441956185004964,27.006064454582678,1.1,121.65469719579599
