EMITTER_COEFFICIENT_SOLUTION,PRESSURE_OUTPUT,OUTPUT_DEMAND,FITNESS
0.4255654564465151,27.036964568563903,1.1,25.56230636177476
