EMITTER_COEFFICIENT_SOLUTION,PRESSURE_OUTPUT,OUTPUT_DEMAND,FITNESS
0.537575673878398,26.977957135728165,1.1,50.27820920020615
