EMITTER_COEFFICIENT_SOLUTION,PRESSURE_OUTPUT,OUTPUT_DEMAND,FITNESS
0.21125211419559153,27.147478858908983,1.1,6.682955654469033
