EMITTER_COEFFICIENT_SOLUTION,PRESSURE_OUTPUT,OUTPUT_DEMAND,FITNESS
0.42653364722323583,27.036458125112333,1.1,25.89757278234473
