EMITTER_COEFFICIENT_SOLUTION,PRESSURE_OUTPUT,OUTPUT_DEMAND,FITNESS
0.7253369496539986,26.877198589641274,1.1,8.288583397048953
