EMITTER_COEFFICIENT_SOLUTION,PRESSURE_OUTPUT,OUTPUT_DEMAND,FITNESS
0.11817921316807756,27.194460623041536,1.1,5.0860520535403655
