EMITTER_COEFFICIENT_SOLUTION,PRESSURE_OUTPUT,OUTPUT_DEMAND,FITNESS
0.03744569616835103,27.234697738266206,1.1,4.222023188178001
