EMITTER_COEFFICIENT_SOLUTION,PRESSURE_OUTPUT,OUTPUT_DEMAND,FITNESS
0.2960889468271146,26.55757995211384,1.1,2.271351475334158
