EMITTER_COEFFICIENT_SOLUTION,PRESSURE_OUTPUT,OUTPUT_DEMAND,FITNESS
0.9119443127320493,26.774849950626873,1.1,4.484374969466655
