EMITTER_COEFFICIENT_SOLUTION,PRESSURE_OUTPUT,OUTPUT_DEMAND,FITNESS
0.8849594662721115,26.789783301090395,1.1,4.806232721033137
