EMITTER_COEFFICIENT_SOLUTION,PRESSURE_OUTPUT,OUTPUT_DEMAND,FITNESS
0.0796520011226024,27.213723003812184,1.1,4.632234489758601
