EMITTER_COEFFICIENT_SOLUTION,PRESSURE_OUTPUT,OUTPUT_DEMAND,FITNESS
0.484892331754616,27.005815295383037,1.1,125.45748765435177
