EMITTER_COEFFICIENT_SOLUTION,PRESSURE_OUTPUT,OUTPUT_DEMAND,FITNESS
0.17031361168743153,26.629663572484663,1.1,2.716041436625003
