EMITTER_COEFFICIENT_SOLUTION,PRESSURE_OUTPUT,OUTPUT_DEMAND,FITNESS
0.9156777599594524,26.772780386956423,1.1,4.4431395265883715
