EMITTER_COEFFICIENT_SOLUTION,PRESSURE_OUTPUT,OUTPUT_DEMAND,FITNESS
0.28991446827396283,27.10728715309846,1.1,9.137202705674001
