EMITTER_COEFFICIENT_SOLUTION,PRESSURE_OUTPUT,OUTPUT_DEMAND,FITNESS
0.24727999635399656,27.129125167619286,1.1,7.61726591619633
