EMITTER_COEFFICIENT_SOLUTION,PRESSURE_OUTPUT,OUTPUT_DEMAND,FITNESS
0.7568497039831156,26.86006698207282,1.1,7.257974542023832
