EMITTER_COEFFICIENT_SOLUTION,PRESSURE_OUTPUT,OUTPUT_DEMAND,FITNESS
0.4867272576235946,26.446633299530404,1.1,1.8141801711568797
