EMITTER_COEFFICIENT_SOLUTION,PRESSURE_OUTPUT,OUTPUT_DEMAND,FITNESS
0.3431018064030297,27.07986550524558,1.1,12.191994047431654
