EMITTER_COEFFICIENT_SOLUTION,PRESSURE_OUTPUT,OUTPUT_DEMAND,FITNESS
0.7655457727336855,26.855328246772697,1.1,7.0166466618706
