EMITTER_COEFFICIENT_SOLUTION,PRESSURE_OUTPUT,OUTPUT_DEMAND,FITNESS
0.2300710883325413,27.137903433398314,1.1,7.139849961794303
