EMITTER_COEFFICIENT_SOLUTION,PRESSURE_OUTPUT,OUTPUT_DEMAND,FITNESS
0.24542120713969007,27.130074348640797,1.1,7.562587168860019
