EMITTER_COEFFICIENT_SOLUTION,PRESSURE_OUTPUT,OUTPUT_DEMAND,FITNESS
0.5271376190361855,26.983491236640308,1.1,69.66101675116307
