EMITTER_COEFFICIENT_SOLUTION,PRESSURE_OUTPUT,OUTPUT_DEMAND,FITNESS
0.509886880544736,26.992621539288574,1.1,191.3901775102668
