EMITTER_COEFFICIENT_SOLUTION,PRESSURE_OUTPUT,OUTPUT_DEMAND,FITNESS
0.45980841003680306,27.01901446049998,1.1,47.236671988354445
