EMITTER_COEFFICIENT_SOLUTION,PRESSURE_OUTPUT,OUTPUT_DEMAND,FITNESS
0.6700450870813065,26.907105671702947,1.1,11.020401437283706
