EMITTER_COEFFICIENT_SOLUTION,PRESSURE_OUTPUT,OUTPUT_DEMAND,FITNESS
0.05966399305258141,27.223672865172986,1.1,4.42814106526012
