EMITTER_COEFFICIENT_SOLUTION,PRESSURE_OUTPUT,OUTPUT_DEMAND,FITNESS
0.9861340284091081,26.733566305951037,1.1,3.7838632794473224
