EMITTER_COEFFICIENT_SOLUTION,PRESSURE_OUTPUT,OUTPUT_DEMAND,FITNESS
0.07000981793348793,27.21852669615916,1.1,4.531402494650595
