EMITTER_COEFFICIENT_SOLUTION,PRESSURE_OUTPUT,OUTPUT_DEMAND,FITNESS
0.2543545806957055,26.581598314102674,1.1,2.4024130583120935
