EMITTER_COEFFICIENT_SOLUTION,PRESSURE_OUTPUT,OUTPUT_DEMAND,FITNESS
0.7313225039208077,26.873949474205617,1.1,8.071220864928973
