EMITTER_COEFFICIENT_SOLUTION,PRESSURE_OUTPUT,OUTPUT_DEMAND,FITNESS
0.4915287079519556,27.002316267602026,1.1,223.62360789532144
