EMITTER_COEFFICIENT_SOLUTION,PRESSURE_OUTPUT,OUTPUT_DEMAND,FITNESS
0.1265606328011354,27.19025566283353,1.1,5.197202792456589
