EMITTER_COEFFICIENT_SOLUTION,PRESSURE_OUTPUT,OUTPUT_DEMAND,FITNESS
0.06316889756790245,27.221930315791106,1.1,4.462575432919538
