EMITTER_COEFFICIENT_SOLUTION,PRESSURE_OUTPUT,OUTPUT_DEMAND,FITNESS
0.06264972943728075,26.690643209448677,1.1,3.255173806705224
