EMITTER_COEFFICIENT_SOLUTION,PRESSURE_OUTPUT,OUTPUT_DEMAND,FITNESS
0.16126736974469502,27.17278854541715,1.1,5.7161123357910135
