EMITTER_COEFFICIENT_SOLUTION,PRESSURE_OUTPUT,OUTPUT_DEMAND,FITNESS
0.4907565911491064,27.002723520500993,1.1,204.95781995772887
