EMITTER_COEFFICIENT_SOLUTION,PRESSURE_OUTPUT,OUTPUT_DEMAND,FITNESS
0.24194608398511674,27.131848245155197,1.1,7.4624762071697335
