EMITTER_COEFFICIENT_SOLUTION,PRESSURE_OUTPUT,OUTPUT_DEMAND,FITNESS
0.3131661261830375,27.09532357047358,1.1,10.25860900260419
