EMITTER_COEFFICIENT_SOLUTION,PRESSURE_OUTPUT,OUTPUT_DEMAND,FITNESS
0.57421625242778,26.95847391799434,1.1,25.398405851528015
