EMITTER_COEFFICIENT_SOLUTION,PRESSURE_OUTPUT,OUTPUT_DEMAND,FITNESS
0.18744238420616133,27.159557333380427,1.1,6.183799888544758
