EMITTER_COEFFICIENT_SOLUTION,PRESSURE_OUTPUT,OUTPUT_DEMAND,FITNESS
0.4712761100951198,27.012985339750387,1.1,66.04639448147633
