EMITTER_COEFFICIENT_SOLUTION,PRESSURE_OUTPUT,OUTPUT_DEMAND,FITNESS
0.5763496914017147,26.957336786735187,1.1,24.68545723160103
