EMITTER_COEFFICIENT_SOLUTION,PRESSURE_OUTPUT,OUTPUT_DEMAND,FITNESS
0.6764703464634768,26.90364029161976,1.1,10.615015281216419
