EMITTER_COEFFICIENT_SOLUTION,PRESSURE_OUTPUT,OUTPUT_DEMAND,FITNESS
0.05240600877743262,27.227278417070252,1.1,4.358552878892287
