EMITTER_COEFFICIENT_SOLUTION,PRESSURE_OUTPUT,OUTPUT_DEMAND,FITNESS
0.27894432048097617,27.11291860143273,1.1,8.690050219329763
