EMITTER_COEFFICIENT_SOLUTION,PRESSURE_OUTPUT,OUTPUT_DEMAND,FITNESS
0.9141774979579552,26.77361212974112,1.1,4.459620272910407
