EMITTER_COEFFICIENT_SOLUTION,PRESSURE_OUTPUT,OUTPUT_DEMAND,FITNESS
0.4892971418317211,26.445124079750915,1.1,1.8092265151137272
