EMITTER_COEFFICIENT_SOLUTION,PRESSURE_OUTPUT,OUTPUT_DEMAND,FITNESS
0.4447606575499581,26.471228352223264,1.1,1.898909229239108
