EMITTER_COEFFICIENT_SOLUTION,PRESSURE_OUTPUT,OUTPUT_DEMAND,FITNESS
0.29811314353941354,26.55641252188249,1.1,2.2653445870948072
