EMITTER_COEFFICIENT_SOLUTION,PRESSURE_OUTPUT,OUTPUT_DEMAND,FITNESS
0.6379421918050906,26.924380096972246,1.1,13.611670052531775
