EMITTER_COEFFICIENT_SOLUTION,PRESSURE_OUTPUT,OUTPUT_DEMAND,FITNESS
0.443092266166603,26.472204151677342,1.1,1.902434353705527
