EMITTER_COEFFICIENT_SOLUTION,PRESSURE_OUTPUT,OUTPUT_DEMAND,FITNESS
0.9163677684135435,26.772397801499036,1.1,4.435599537127705
