EMITTER_COEFFICIENT_SOLUTION,PRESSURE_OUTPUT,OUTPUT_DEMAND,FITNESS
0.8962822656153254,26.78352272346417,1.1,4.665838603108802
