EMITTER_COEFFICIENT_SOLUTION,PRESSURE_OUTPUT,OUTPUT_DEMAND,FITNESS
0.46107920056728535,27.01834678724419,1.1,48.77496928700721
