EMITTER_COEFFICIENT_SOLUTION,PRESSURE_OUTPUT,OUTPUT_DEMAND,FITNESS
0.11341858789864112,26.661972539271176,1.1,2.9773075996303744
