EMITTER_COEFFICIENT_SOLUTION,PRESSURE_OUTPUT,OUTPUT_DEMAND,FITNESS
0.33438113664501457,27.084375059558923,1.1,11.556606512885388
