EMITTER_COEFFICIENT_SOLUTION,PRESSURE_OUTPUT,OUTPUT_DEMAND,FITNESS
0.383014513755465,26.50724046454741,1.1,2.0382954821587953
