EMITTER_COEFFICIENT_SOLUTION,PRESSURE_OUTPUT,OUTPUT_DEMAND,FITNESS
0.42802321698655366,26.481010758818393,1.1,1.9348508289466353
