EMITTER_COEFFICIENT_SOLUTION,PRESSURE_OUTPUT,OUTPUT_DEMAND,FITNESS
0.08765911868259568,26.676538563021772,1.1,3.1122794834863035
