EMITTER_COEFFICIENT_SOLUTION,PRESSURE_OUTPUT,OUTPUT_DEMAND,FITNESS
0.4402377405649055,27.029282962069594,1.1,31.808139162426976
