EMITTER_COEFFICIENT_SOLUTION,PRESSURE_OUTPUT,OUTPUT_DEMAND,FITNESS
0.42631498399155265,27.0365725095214,1.1,25.821083540204466
