EMITTER_COEFFICIENT_SOLUTION,PRESSURE_OUTPUT,OUTPUT_DEMAND,FITNESS
0.4094738838370273,26.491834283999385,1.1,1.976236999750378
