EMITTER_COEFFICIENT_SOLUTION,PRESSURE_OUTPUT,OUTPUT_DEMAND,FITNESS
0.015561004767321918,27.24552055701762,1.1,4.037531451899334
