EMITTER_COEFFICIENT_SOLUTION,PRESSURE_OUTPUT,OUTPUT_DEMAND,FITNESS
0.38193314415563917,27.059721788028234,1.1,16.161010152185703
