EMITTER_COEFFICIENT_SOLUTION,PRESSURE_OUTPUT,OUTPUT_DEMAND,FITNESS
0.2982947627904662,26.556307763979106,1.1,2.264807119490456
