EMITTER_COEFFICIENT_SOLUTION,PRESSURE_OUTPUT,OUTPUT_DEMAND,FITNESS
0.33254218703898764,27.085325328941025,1.1,11.431071748023077
