EMITTER_COEFFICIENT_SOLUTION,PRESSURE_OUTPUT,OUTPUT_DEMAND,FITNESS
0.3184842989082789,27.09258193633191,1.1,10.555485762462318
