EMITTER_COEFFICIENT_SOLUTION,PRESSURE_OUTPUT,OUTPUT_DEMAND,FITNESS
0.8646436851307336,26.80099654422158,1.1,5.080012131558415
