EMITTER_COEFFICIENT_SOLUTION,PRESSURE_OUTPUT,OUTPUT_DEMAND,FITNESS
0.43940882868001374,26.47435796161533,1.1,1.9102616163269148
