EMITTER_COEFFICIENT_SOLUTION,PRESSURE_OUTPUT,OUTPUT_DEMAND,FITNESS
0.4424226682538498,27.028137810266948,1.1,33.01055345428231
