EMITTER_COEFFICIENT_SOLUTION,PRESSURE_OUTPUT,OUTPUT_DEMAND,FITNESS
0.4236141699296966,27.037985059230337,1.1,24.9124381326028
