EMITTER_COEFFICIENT_SOLUTION,PRESSURE_OUTPUT,OUTPUT_DEMAND,FITNESS
0.7156526363719734,26.882450862464918,1.1,8.665841276039275
