EMITTER_COEFFICIENT_SOLUTION,PRESSURE_OUTPUT,OUTPUT_DEMAND,FITNESS
0.6134500001269777,26.937514961499588,1.1,16.5750875605838
