EMITTER_COEFFICIENT_SOLUTION,PRESSURE_OUTPUT,OUTPUT_DEMAND,FITNESS
0.38684535196331193,26.50501232201983,1.1,2.02908018551948
