EMITTER_COEFFICIENT_SOLUTION,PRESSURE_OUTPUT,OUTPUT_DEMAND,FITNESS
0.4492094364680165,27.024578717112256,1.1,37.40520218998656
