EMITTER_COEFFICIENT_SOLUTION,PRESSURE_OUTPUT,OUTPUT_DEMAND,FITNESS
0.2785707294650971,27.113110227892513,1.1,8.675603226936973
