EMITTER_COEFFICIENT_SOLUTION,PRESSURE_OUTPUT,OUTPUT_DEMAND,FITNESS
0.3173929467213731,27.0931447126134,1.1,10.493152480529007
