EMITTER_COEFFICIENT_SOLUTION,PRESSURE_OUTPUT,OUTPUT_DEMAND,FITNESS
0.044898628300270804,26.70063195461537,1.1,3.364573247793692
