EMITTER_COEFFICIENT_SOLUTION,PRESSURE_OUTPUT,OUTPUT_DEMAND,FITNESS
0.4352748463232622,27.03188288955537,1.1,29.378565431481896
