EMITTER_COEFFICIENT_SOLUTION,PRESSURE_OUTPUT,OUTPUT_DEMAND,FITNESS
0.40960873455114133,27.04530209872273,1.1,21.07142689334502
