EMITTER_COEFFICIENT_SOLUTION,PRESSURE_OUTPUT,OUTPUT_DEMAND,FITNESS
0.3053690700348709,27.099339788346555,1.1,9.852670988750507
