EMITTER_COEFFICIENT_SOLUTION,PRESSURE_OUTPUT,OUTPUT_DEMAND,FITNESS
0.10165497661787837,27.202735677016157,1.1,4.880638871457746
