EMITTER_COEFFICIENT_SOLUTION,PRESSURE_OUTPUT,OUTPUT_DEMAND,FITNESS
0.4593806646182369,27.019239173533165,1.1,46.74053542145634
