EMITTER_COEFFICIENT_SOLUTION,PRESSURE_OUTPUT,OUTPUT_DEMAND,FITNESS
0.6075033921231822,26.940698149335116,1.1,17.498327622412067
