EMITTER_COEFFICIENT_SOLUTION,PRESSURE_OUTPUT,OUTPUT_DEMAND,FITNESS
0.8266615993372776,26.821892761584273,1.1,5.683313079144817
