EMITTER_COEFFICIENT_SOLUTION,PRESSURE_OUTPUT,OUTPUT_DEMAND,FITNESS
0.20157994224447462,26.611828683835864,1.1,2.5905542217946667
