EMITTER_COEFFICIENT_SOLUTION,PRESSURE_OUTPUT,OUTPUT_DEMAND,FITNESS
0.09619249208639669,27.20546675695104,1.1,4.816438563546044
