EMITTER_COEFFICIENT_SOLUTION,PRESSURE_OUTPUT,OUTPUT_DEMAND,FITNESS
0.5358920009348401,26.978850280210413,1.1,52.64214169215481
