EMITTER_COEFFICIENT_SOLUTION,PRESSURE_OUTPUT,OUTPUT_DEMAND,FITNESS
0.34624016826627046,27.078241337901026,1.1,12.43829516062179
