EMITTER_COEFFICIENT_SOLUTION,PRESSURE_OUTPUT,OUTPUT_DEMAND,FITNESS
0.07690962070648555,27.215090068427095,1.1,4.603085159040933
