EMITTER_COEFFICIENT_SOLUTION,PRESSURE_OUTPUT,OUTPUT_DEMAND,FITNESS
0.8403406195031929,26.814377382975078,1.1,5.450509554892313
