EMITTER_COEFFICIENT_SOLUTION,PRESSURE_OUTPUT,OUTPUT_DEMAND,FITNESS
0.36113192255641724,27.070525290563175,1.1,13.758787563505193
