EMITTER_COEFFICIENT_SOLUTION,PRESSURE_OUTPUT,OUTPUT_DEMAND,FITNESS
0.31982443231250146,26.54387633893134,1.1,2.2027881051067872
