EMITTER_COEFFICIENT_SOLUTION,PRESSURE_OUTPUT,OUTPUT_DEMAND,FITNESS
0.26463499488345477,26.575691031513028,1.1,2.368795742006755
