EMITTER_COEFFICIENT_SOLUTION,PRESSURE_OUTPUT,OUTPUT_DEMAND,FITNESS
0.18304632956910416,27.161782955651013,1.1,6.099848871725741
