EMITTER_COEFFICIENT_SOLUTION,PRESSURE_OUTPUT,OUTPUT_DEMAND,FITNESS
0.3905913789533919,26.502832721789435,1.1,2.020145921218194
