EMITTER_COEFFICIENT_SOLUTION,PRESSURE_OUTPUT,OUTPUT_DEMAND,FITNESS
0.9676984533109718,26.782933469649194,1.21,4.309882353977416
