EMITTER_COEFFICIENT_SOLUTION,PRESSURE_OUTPUT,OUTPUT_DEMAND,FITNESS
0.8724054133376189,26.830685283518523,1.21,5.4267286066689335
