EMITTER_COEFFICIENT_SOLUTION,PRESSURE_OUTPUT,OUTPUT_DEMAND,FITNESS
0.1239526205769641,27.197072245233223,1.21,5.491009328635443
