EMITTER_COEFFICIENT_SOLUTION,PRESSURE_OUTPUT,OUTPUT_DEMAND,FITNESS
0.20907193149870573,27.15621079129425,1.21,7.079424147570461
