EMITTER_COEFFICIENT_SOLUTION,PRESSURE_OUTPUT,OUTPUT_DEMAND,FITNESS
0.4953670057680397,27.017225753616017,1.21,440.6472177223606
