EMITTER_COEFFICIENT_SOLUTION,PRESSURE_OUTPUT,OUTPUT_DEMAND,FITNESS
0.0509772704464011,27.231932162818786,1.21,4.608808944349425
