EMITTER_COEFFICIENT_SOLUTION,PRESSURE_OUTPUT,OUTPUT_DEMAND,FITNESS
0.13140909842010484,27.193501352081356,1.21,5.600829312237634
