EMITTER_COEFFICIENT_SOLUTION,PRESSURE_OUTPUT,OUTPUT_DEMAND,FITNESS
0.01570895614002632,27.24872216636308,1.21,4.277785681349428
