EMITTER_COEFFICIENT_SOLUTION,PRESSURE_OUTPUT,OUTPUT_DEMAND,FITNESS
0.2789665414036151,26.625324318776386,1.21,2.566510834912807
