EMITTER_COEFFICIENT_SOLUTION,PRESSURE_OUTPUT,OUTPUT_DEMAND,FITNESS
0.24766409070802808,27.137614000944353,1.21,8.152774087179413
