EMITTER_COEFFICIENT_SOLUTION,PRESSURE_OUTPUT,OUTPUT_DEMAND,FITNESS
0.615390996756159,26.95826646627096,1.21,17.63920474075175
