EMITTER_COEFFICIENT_SOLUTION,PRESSURE_OUTPUT,OUTPUT_DEMAND,FITNESS
0.44536283138130184,26.540077642998448,1.21,2.1057919488466683
