EMITTER_COEFFICIENT_SOLUTION,PRESSURE_OUTPUT,OUTPUT_DEMAND,FITNESS
0.9048558076105466,26.814451057576704,1.21,4.987349415568456
