EMITTER_COEFFICIENT_SOLUTION,PRESSURE_OUTPUT,OUTPUT_DEMAND,FITNESS
0.28688636494338193,27.11866906956071,1.21,9.64202022705416
