EMITTER_COEFFICIENT_SOLUTION,PRESSURE_OUTPUT,OUTPUT_DEMAND,FITNESS
0.11592825531970985,27.200913245773485,1.21,5.377590725067708
