EMITTER_COEFFICIENT_SOLUTION,PRESSURE_OUTPUT,OUTPUT_DEMAND,FITNESS
0.11596963516378977,26.70816443177614,1.21,3.259516872195791
