EMITTER_COEFFICIENT_SOLUTION,PRESSURE_OUTPUT,OUTPUT_DEMAND,FITNESS
0.4786632596000313,27.025399100298934,1.21,95.7603466402846
