EMITTER_COEFFICIENT_SOLUTION,PRESSURE_OUTPUT,OUTPUT_DEMAND,FITNESS
0.9083949813355194,26.812678804974475,1.21,4.943653240825381
