EMITTER_COEFFICIENT_SOLUTION,PRESSURE_OUTPUT,OUTPUT_DEMAND,FITNESS
0.7805483447728678,26.87648766073447,1.21,7.221744187094426
