EMITTER_COEFFICIENT_SOLUTION,PRESSURE_OUTPUT,OUTPUT_DEMAND,FITNESS
0.4011751844683835,27.063212002132296,1.21,20.722967285508243
