EMITTER_COEFFICIENT_SOLUTION,PRESSURE_OUTPUT,OUTPUT_DEMAND,FITNESS
0.13349046142497722,26.699291911360593,1.21,3.16790077011786
