EMITTER_COEFFICIENT_SOLUTION,PRESSURE_OUTPUT,OUTPUT_DEMAND,FITNESS
0.06362894228239702,26.7346229938176,1.21,3.5671560016367465
