EMITTER_COEFFICIENT_SOLUTION,PRESSURE_OUTPUT,OUTPUT_DEMAND,FITNESS
0.4307449875527405,27.04880235703959,1.21,29.545595355896896
