EMITTER_COEFFICIENT_SOLUTION,PRESSURE_OUTPUT,OUTPUT_DEMAND,FITNESS
0.14500348056076318,27.18698676624365,1.21,5.8129260285566415
