EMITTER_COEFFICIENT_SOLUTION,PRESSURE_OUTPUT,OUTPUT_DEMAND,FITNESS
0.2074941756953299,26.661730823081882,1.21,2.8310363228922735
