EMITTER_COEFFICIENT_SOLUTION,PRESSURE_OUTPUT,OUTPUT_DEMAND,FITNESS
0.29735390776145665,27.113605518906454,1.21,10.136934330704587
