EMITTER_COEFFICIENT_SOLUTION,PRESSURE_OUTPUT,OUTPUT_DEMAND,FITNESS
0.040931385257769515,27.236718486283536,1.21,4.509336364372954
