EMITTER_COEFFICIENT_SOLUTION,PRESSURE_OUTPUT,OUTPUT_DEMAND,FITNESS
0.6741017273686254,26.92928068836032,1.21,11.671651765767644
