EMITTER_COEFFICIENT_SOLUTION,PRESSURE_OUTPUT,OUTPUT_DEMAND,FITNESS
0.3747323154683184,27.07607628958496,1.21,16.36127659852838
