EMITTER_COEFFICIENT_SOLUTION,PRESSURE_OUTPUT,OUTPUT_DEMAND,FITNESS
0.12668387635696443,26.70273968473976,1.21,3.202883314888897
