EMITTER_COEFFICIENT_SOLUTION,PRESSURE_OUTPUT,OUTPUT_DEMAND,FITNESS
0.5652213836709441,26.98295986026152,1.21,31.2514607731057
