EMITTER_COEFFICIENT_SOLUTION,PRESSURE_OUTPUT,OUTPUT_DEMAND,FITNESS
0.436832337319323,27.045832890193083,1.21,32.38706355543312
