EMITTER_COEFFICIENT_SOLUTION,PRESSURE_OUTPUT,OUTPUT_DEMAND,FITNESS
0.7577571089418742,26.88781693017912,1.21,7.865256557338655
