EMITTER_COEFFICIENT_SOLUTION,PRESSURE_OUTPUT,OUTPUT_DEMAND,FITNESS
0.5636576827233002,26.98372839470652,1.21,32.02052408695864
