EMITTER_COEFFICIENT_SOLUTION,PRESSURE_OUTPUT,OUTPUT_DEMAND,FITNESS
0.7756299984946298,26.878933708089093,1.21,7.351608350921324
