EMITTER_COEFFICIENT_SOLUTION,PRESSURE_OUTPUT,OUTPUT_DEMAND,FITNESS
0.10392830260670727,27.20665364060077,1.21,5.216558212716456
