EMITTER_COEFFICIENT_SOLUTION,PRESSURE_OUTPUT,OUTPUT_DEMAND,FITNESS
0.14757528809766485,27.185753707766928,1.21,5.854892007517183
