EMITTER_COEFFICIENT_SOLUTION,PRESSURE_OUTPUT,OUTPUT_DEMAND,FITNESS
0.09834149643935075,27.209324721069073,1.21,5.14487037731107
