EMITTER_COEFFICIENT_SOLUTION,PRESSURE_OUTPUT,OUTPUT_DEMAND,FITNESS
0.4773851141649552,27.026024192994733,1.21,90.35196022922803
