EMITTER_COEFFICIENT_SOLUTION,PRESSURE_OUTPUT,OUTPUT_DEMAND,FITNESS
0.9652862275532275,26.784145187779224,1.21,4.33250828314147
