EMITTER_COEFFICIENT_SOLUTION,PRESSURE_OUTPUT,OUTPUT_DEMAND,FITNESS
0.025120809429840962,27.244245196580458,1.21,4.361311412010388
