EMITTER_COEFFICIENT_SOLUTION,PRESSURE_OUTPUT,OUTPUT_DEMAND,FITNESS
0.462657697836252,26.531178710015162,1.21,2.0670567493486813
