EMITTER_COEFFICIENT_SOLUTION,PRESSURE_OUTPUT,OUTPUT_DEMAND,FITNESS
0.27827095816016634,27.122834434666238,1.21,9.269724592375132
