EMITTER_COEFFICIENT_SOLUTION,PRESSURE_OUTPUT,OUTPUT_DEMAND,FITNESS
0.2982970485790484,27.11314912932483,1.21,10.184049728935417
