EMITTER_COEFFICIENT_SOLUTION,PRESSURE_OUTPUT,OUTPUT_DEMAND,FITNESS
0.4530492914083699,26.536123525714572,1.21,2.0884027622906016
