EMITTER_COEFFICIENT_SOLUTION,PRESSURE_OUTPUT,OUTPUT_DEMAND,FITNESS
0.4465469963364168,27.041091807730666,1.21,38.26221698885055
