EMITTER_COEFFICIENT_SOLUTION,PRESSURE_OUTPUT,OUTPUT_DEMAND,FITNESS
0.04271111804055572,27.235870761546792,1.21,4.526640243311925
