EMITTER_COEFFICIENT_SOLUTION,PRESSURE_OUTPUT,OUTPUT_DEMAND,FITNESS
0.6453621631991444,26.9434813893002,1.21,13.990519285515123
