EMITTER_COEFFICIENT_SOLUTION,PRESSURE_OUTPUT,OUTPUT_DEMAND,FITNESS
0.640624473922472,26.945820184609893,1.21,14.46378833797289
