EMITTER_COEFFICIENT_SOLUTION,PRESSURE_OUTPUT,OUTPUT_DEMAND,FITNESS
0.4344297675955575,27.0470050122399,1.21,31.202564554638197
