EMITTER_COEFFICIENT_SOLUTION,PRESSURE_OUTPUT,OUTPUT_DEMAND,FITNESS
0.4047929770498502,27.061450383042462,1.21,21.508143011599486
