EMITTER_COEFFICIENT_SOLUTION,PRESSURE_OUTPUT,OUTPUT_DEMAND,FITNESS
0.5487923254133149,26.991031082245513,1.21,41.79329642929778
