EMITTER_COEFFICIENT_SOLUTION,PRESSURE_OUTPUT,OUTPUT_DEMAND,FITNESS
0.4465599761224661,26.539461893764134,1.21,2.1030650310671946
