EMITTER_COEFFICIENT_SOLUTION,PRESSURE_OUTPUT,OUTPUT_DEMAND,FITNESS
0.2276679265024133,27.147255133178575,1.21,7.55864933579136
