EMITTER_COEFFICIENT_SOLUTION,PRESSURE_OUTPUT,OUTPUT_DEMAND,FITNESS
0.4054556688837636,27.061127656658066,1.21,21.658479831401415
