EMITTER_COEFFICIENT_SOLUTION,PRESSURE_OUTPUT,OUTPUT_DEMAND,FITNESS
0.2755664260646533,27.124141524419628,1.21,9.158753815391071
