EMITTER_COEFFICIENT_SOLUTION,PRESSURE_OUTPUT,OUTPUT_DEMAND,FITNESS
0.34684256558507776,27.08962297588367,1.21,13.392867058859553
