EMITTER_COEFFICIENT_SOLUTION,PRESSURE_OUTPUT,OUTPUT_DEMAND,FITNESS
0.18933157071632922,27.16570612107575,1.21,6.633509882293181
