EMITTER_COEFFICIENT_SOLUTION,PRESSURE_OUTPUT,OUTPUT_DEMAND,FITNESS
0.8456044632311273,26.844072186226942,1.21,5.851848347871653
