EMITTER_COEFFICIENT_SOLUTION,PRESSURE_OUTPUT,OUTPUT_DEMAND,FITNESS
0.054641316333164935,27.23018568422504,1.21,4.6462071304991595
