EMITTER_COEFFICIENT_SOLUTION,PRESSURE_OUTPUT,OUTPUT_DEMAND,FITNESS
0.5429853080286975,26.993882136908567,1.21,47.446821100802296
