EMITTER_COEFFICIENT_SOLUTION,PRESSURE_OUTPUT,OUTPUT_DEMAND,FITNESS
0.37425393382359795,27.076308838786638,1.21,16.299261140217638
