EMITTER_COEFFICIENT_SOLUTION,PRESSURE_OUTPUT,OUTPUT_DEMAND,FITNESS
0.32725846130979996,27.09912224804173,1.21,11.881298667785698
