EMITTER_COEFFICIENT_SOLUTION,PRESSURE_OUTPUT,OUTPUT_DEMAND,FITNESS
0.04203963185421289,26.745516020014193,1.21,3.711369131341187
