EMITTER_COEFFICIENT_SOLUTION,PRESSURE_OUTPUT,OUTPUT_DEMAND,FITNESS
0.7587940683843544,26.887301771392035,1.21,7.833516277189003
