EMITTER_COEFFICIENT_SOLUTION,PRESSURE_OUTPUT,OUTPUT_DEMAND,FITNESS
0.9040561570418888,26.81485143945483,1.21,4.99732830223332
