EMITTER_COEFFICIENT_SOLUTION,PRESSURE_OUTPUT,OUTPUT_DEMAND,FITNESS
0.00433471012379516,26.764511649772807,1.21,3.992865313047387
