EMITTER_COEFFICIENT_SOLUTION,PRESSURE_OUTPUT,OUTPUT_DEMAND,FITNESS
0.3866986369339651,27.07025712900721,1.21,18.082932648528203
