EMITTER_COEFFICIENT_SOLUTION,PRESSURE_OUTPUT,OUTPUT_DEMAND,FITNESS
0.6744617903809791,26.92910263166123,1.21,11.647445859911288
