EMITTER_COEFFICIENT_SOLUTION,PRESSURE_OUTPUT,OUTPUT_DEMAND,FITNESS
0.3582410255075277,26.58479546137068,1.21,2.3247006953081684
