EMITTER_COEFFICIENT_SOLUTION,PRESSURE_OUTPUT,OUTPUT_DEMAND,FITNESS
0.48277668970983245,27.02338706399528,1.21,118.61411980508065
