EMITTER_COEFFICIENT_SOLUTION,PRESSURE_OUTPUT,OUTPUT_DEMAND,FITNESS
0.8898340193636252,26.82196958999255,1.21,5.181648531389243
