EMITTER_COEFFICIENT_SOLUTION,PRESSURE_OUTPUT,OUTPUT_DEMAND,FITNESS
0.23559083960783855,27.143436509703072,1.21,7.783303781434133
