EMITTER_COEFFICIENT_SOLUTION,PRESSURE_OUTPUT,OUTPUT_DEMAND,FITNESS
0.5345551542713367,26.998019590033596,1.21,59.03614821700756
