EMITTER_COEFFICIENT_SOLUTION,PRESSURE_OUTPUT,OUTPUT_DEMAND,FITNESS
0.659556875331792,26.93647037414029,1.21,12.740802706500773
