EMITTER_COEFFICIENT_SOLUTION,PRESSURE_OUTPUT,OUTPUT_DEMAND,FITNESS
0.08827382009913509,27.21413576785598,1.21,5.020599435232082
