EMITTER_COEFFICIENT_SOLUTION,PRESSURE_OUTPUT,OUTPUT_DEMAND,FITNESS
0.29780430314904005,26.615707536816334,1.21,2.504691113108658
