EMITTER_COEFFICIENT_SOLUTION,PRESSURE_OUTPUT,OUTPUT_DEMAND,FITNESS
0.34429203780810425,26.591938026145545,1.21,2.3639525321418677
