EMITTER_COEFFICIENT_SOLUTION,PRESSURE_OUTPUT,OUTPUT_DEMAND,FITNESS
0.07445195822032091,27.220736040242123,1.21,4.859566409522848
