EMITTER_COEFFICIENT_SOLUTION,PRESSURE_OUTPUT,OUTPUT_DEMAND,FITNESS
0.4908311296206045,27.01944594710858,1.21,222.73785497114514
