EMITTER_COEFFICIENT_SOLUTION,PRESSURE_OUTPUT,OUTPUT_DEMAND,FITNESS
0.16212212913906265,27.17877549633331,1.21,6.104293123810364
