EMITTER_COEFFICIENT_SOLUTION,PRESSURE_OUTPUT,OUTPUT_DEMAND,FITNESS
0.7971844253686855,26.86820919971489,1.21,6.814348834392651
