EMITTER_COEFFICIENT_SOLUTION,PRESSURE_OUTPUT,OUTPUT_DEMAND,FITNESS
0.4178097737444473,27.05510877750298,1.21,24.90510345966686
