EMITTER_COEFFICIENT_SOLUTION,PRESSURE_OUTPUT,OUTPUT_DEMAND,FITNESS
0.30924417022630735,27.107850107330385,1.21,10.764987710997024
