EMITTER_COEFFICIENT_SOLUTION,PRESSURE_OUTPUT,OUTPUT_DEMAND,FITNESS
0.2416701034513744,26.6443382304647,1.21,2.698180449919523
