EMITTER_COEFFICIENT_SOLUTION,PRESSURE_OUTPUT,OUTPUT_DEMAND,FITNESS
0.39753749738234734,26.56464828320462,1.21,2.22069201098907
