EMITTER_COEFFICIENT_SOLUTION,PRESSURE_OUTPUT,OUTPUT_DEMAND,FITNESS
0.31947593279376174,26.604633293495553,1.21,2.437092126865681
