EMITTER_COEFFICIENT_SOLUTION,PRESSURE_OUTPUT,OUTPUT_DEMAND,FITNESS
0.3952548334286019,27.066093780555896,1.21,19.555153097736106
