EMITTER_COEFFICIENT_SOLUTION,PRESSURE_OUTPUT,OUTPUT_DEMAND,FITNESS
0.4132267515882375,27.057342174889506,1.21,23.592801241860105
