EMITTER_COEFFICIENT_SOLUTION,PRESSURE_OUTPUT,OUTPUT_DEMAND,FITNESS
0.7257359867982438,26.903710632287392,1.21,8.98894728110836
