EMITTER_COEFFICIENT_SOLUTION,PRESSURE_OUTPUT,OUTPUT_DEMAND,FITNESS
0.07763958944641214,27.219214468887692,1.21,4.895766574338053
