EMITTER_COEFFICIENT_SOLUTION,PRESSURE_OUTPUT,OUTPUT_DEMAND,FITNESS
0.5172474762846413,27.00650742918662,1.21,118.33009755060905
