EMITTER_COEFFICIENT_SOLUTION,PRESSURE_OUTPUT,OUTPUT_DEMAND,FITNESS
0.020850433830074788,27.246276834102815,1.21,4.323006959635158
