EMITTER_COEFFICIENT_SOLUTION,PRESSURE_OUTPUT,OUTPUT_DEMAND,FITNESS
0.28408680952118304,27.12002278168457,1.21,9.517789097549713
