EMITTER_COEFFICIENT_SOLUTION,PRESSURE_OUTPUT,OUTPUT_DEMAND,FITNESS
0.458327302663071,27.03533924808093,1.21,49.06077179995808
