EMITTER_COEFFICIENT_SOLUTION,PRESSURE_OUTPUT,OUTPUT_DEMAND,FITNESS
0.6616726414499021,26.935424887072458,1.21,12.573321730007521
