EMITTER_COEFFICIENT_SOLUTION,PRESSURE_OUTPUT,OUTPUT_DEMAND,FITNESS
0.9468432616554086,26.793404475513032,1.21,4.5135745735423365
