EMITTER_COEFFICIENT_SOLUTION,PRESSURE_OUTPUT,OUTPUT_DEMAND,FITNESS
0.38720905142535234,26.569947306008885,1.21,2.247135168710561
