EMITTER_COEFFICIENT_SOLUTION,PRESSURE_OUTPUT,OUTPUT_DEMAND,FITNESS
0.23864371970328602,26.64587960454447,1.21,2.7094487911498484
