EMITTER_COEFFICIENT_SOLUTION,PRESSURE_OUTPUT,OUTPUT_DEMAND,FITNESS
0.8124826420534732,26.860589936437332,1.21,6.478008570479651
