EMITTER_COEFFICIENT_SOLUTION,PRESSURE_OUTPUT,OUTPUT_DEMAND,FITNESS
0.7995288480732041,26.86704196889627,1.21,6.760575769304921
