EMITTER_COEFFICIENT_SOLUTION,PRESSURE_OUTPUT,OUTPUT_DEMAND,FITNESS
0.15325700051413693,27.183028902180503,1.21,5.949811990699104
