EMITTER_COEFFICIENT_SOLUTION,PRESSURE_OUTPUT,OUTPUT_DEMAND,FITNESS
0.4901159225722447,26.51703555528901,1.21,2.0083434249277436
