EMITTER_COEFFICIENT_SOLUTION,PRESSURE_OUTPUT,OUTPUT_DEMAND,FITNESS
0.6456241886739476,26.94335202048438,1.21,13.965243076576378
