EMITTER_COEFFICIENT_SOLUTION,PRESSURE_OUTPUT,OUTPUT_DEMAND,FITNESS
0.4930081722813544,27.01838043363862,1.21,292.05017756701335
