EMITTER_COEFFICIENT_SOLUTION,PRESSURE_OUTPUT,OUTPUT_DEMAND,FITNESS
0.45287667576086177,27.03800148906931,1.21,43.393126254660174
