EMITTER_COEFFICIENT_SOLUTION,PRESSURE_OUTPUT,OUTPUT_DEMAND,FITNESS
0.17075573334426197,27.174630933748553,1.21,6.262738047171388
