EMITTER_COEFFICIENT_SOLUTION,PRESSURE_OUTPUT,OUTPUT_DEMAND,FITNESS
0.0782865329384872,27.218905395124658,1.21,4.903185844699049
