EMITTER_COEFFICIENT_SOLUTION,PRESSURE_OUTPUT,OUTPUT_DEMAND,FITNESS
0.1715103691619424,27.174268565802684,1.21,6.276983130116107
