EMITTER_COEFFICIENT_SOLUTION,PRESSURE_OUTPUT,OUTPUT_DEMAND,FITNESS
0.8978620696801936,26.817952223441495,1.21,5.075983898918923
