EMITTER_COEFFICIENT_SOLUTION,PRESSURE_OUTPUT,OUTPUT_DEMAND,FITNESS
0.1286824228606147,27.194807344084133,1.21,5.5601587620543285
