EMITTER_COEFFICIENT_SOLUTION,PRESSURE_OUTPUT,OUTPUT_DEMAND,FITNESS
0.01959964224381472,27.24687179541595,1.21,4.311916615679911
