EMITTER_COEFFICIENT_SOLUTION,PRESSURE_OUTPUT,OUTPUT_DEMAND,FITNESS
0.25531914275973344,27.133920258681762,1.21,8.4059117842113
