EMITTER_COEFFICIENT_SOLUTION,PRESSURE_OUTPUT,OUTPUT_DEMAND,FITNESS
0.16252605371752415,26.684571192213248,1.21,3.026751895599454
