EMITTER_COEFFICIENT_SOLUTION,PRESSURE_OUTPUT,OUTPUT_DEMAND,FITNESS
0.8503475893609473,26.841704350516714,1.21,5.7718720450410474
