EMITTER_COEFFICIENT_SOLUTION,PRESSURE_OUTPUT,OUTPUT_DEMAND,FITNESS
0.7920374711343476,26.87077122545159,1.21,6.935431319334233
