EMITTER_COEFFICIENT_SOLUTION,PRESSURE_OUTPUT,OUTPUT_DEMAND,FITNESS
0.4282786427553513,27.050005163529804,1.21,28.53164809280173
