EMITTER_COEFFICIENT_SOLUTION,PRESSURE_OUTPUT,OUTPUT_DEMAND,FITNESS
0.11481466702992482,26.708749030803343,1.21,3.2657397732734115
