EMITTER_COEFFICIENT_SOLUTION,PRESSURE_OUTPUT,OUTPUT_DEMAND,FITNESS
0.3771173944645736,27.074917020018425,1.21,16.677602860579466
