EMITTER_COEFFICIENT_SOLUTION,PRESSURE_OUTPUT,OUTPUT_DEMAND,FITNESS
0.43085620947576575,26.547536351918204,1.21,2.1393943226528713
