EMITTER_COEFFICIENT_SOLUTION,PRESSURE_OUTPUT,OUTPUT_DEMAND,FITNESS
0.31616631212202684,27.104497246703055,1.21,11.168082951537114
