EMITTER_COEFFICIENT_SOLUTION,PRESSURE_OUTPUT,OUTPUT_DEMAND,FITNESS
0.35692540098217274,26.585469328888887,1.21,2.328348146484421
