EMITTER_COEFFICIENT_SOLUTION,PRESSURE_OUTPUT,OUTPUT_DEMAND,FITNESS
0.1056289610989487,27.205840361660975,1.21,5.2387838418719115
