EMITTER_COEFFICIENT_SOLUTION,PRESSURE_OUTPUT,OUTPUT_DEMAND,FITNESS
0.1662488318987212,27.17679474782277,1.21,6.17900388935699
