EMITTER_COEFFICIENT_SOLUTION,PRESSURE_OUTPUT,OUTPUT_DEMAND,FITNESS
0.49243106551135574,27.018662911793932,1.21,269.7928612910001
