EMITTER_COEFFICIENT_SOLUTION,PRESSURE_OUTPUT,OUTPUT_DEMAND,FITNESS
0.11050942228379901,27.20350597577979,1.21,5.3036439227387975
