EMITTER_COEFFICIENT_SOLUTION,PRESSURE_OUTPUT,OUTPUT_DEMAND,FITNESS
0.7697593687372413,26.881852276027363,1.21,7.512804346340896
