EMITTER_COEFFICIENT_SOLUTION,PRESSURE_OUTPUT,OUTPUT_DEMAND,FITNESS
0.07753203113502227,26.72760172131905,1.21,3.4799961084284634
