EMITTER_COEFFICIENT_SOLUTION,PRESSURE_OUTPUT,OUTPUT_DEMAND,FITNESS
0.48624445093546065,26.519030762409116,1.21,2.0164233565228864
