EMITTER_COEFFICIENT_SOLUTION,PRESSURE_OUTPUT,OUTPUT_DEMAND,FITNESS
0.2505033620350896,26.6398381447244,1.21,2.665812044466171
