EMITTER_COEFFICIENT_SOLUTION,PRESSURE_OUTPUT,OUTPUT_DEMAND,FITNESS
0.3168582747955555,26.605971536128784,1.21,2.4450665171370605
