EMITTER_COEFFICIENT_SOLUTION,PRESSURE_OUTPUT,OUTPUT_DEMAND,FITNESS
0.5649364740114904,26.98309989395315,1.21,31.38882635738426
