EMITTER_COEFFICIENT_SOLUTION,PRESSURE_OUTPUT,OUTPUT_DEMAND,FITNESS
0.41290345547848095,27.057499691089305,1.21,23.505449154185136
