EMITTER_COEFFICIENT_SOLUTION,PRESSURE_OUTPUT,OUTPUT_DEMAND,FITNESS
0.41539826102372746,26.55547867029989,1.21,2.176374740000958
