EMITTER_COEFFICIENT_SOLUTION,PRESSURE_OUTPUT,OUTPUT_DEMAND,FITNESS
0.03968418138428276,26.746703758820694,1.21,3.7278017928844323
