EMITTER_COEFFICIENT_SOLUTION,PRESSURE_OUTPUT,OUTPUT_DEMAND,FITNESS
0.3149284949071416,27.105096867345665,1.21,11.093792118174708
