EMITTER_COEFFICIENT_SOLUTION,PRESSURE_OUTPUT,OUTPUT_DEMAND,FITNESS
0.5744504041010912,26.978422556125473,1.21,27.37040849774276
