EMITTER_COEFFICIENT_SOLUTION,PRESSURE_OUTPUT,OUTPUT_DEMAND,FITNESS
0.05951967903321331,26.736697284816014,1.21,3.593747286312801
