EMITTER_COEFFICIENT_SOLUTION,PRESSURE_OUTPUT,OUTPUT_DEMAND,FITNESS
0.14163868972790672,27.188599725243698,1.21,5.758930233300144
