EMITTER_COEFFICIENT_SOLUTION,PRESSURE_OUTPUT,OUTPUT_DEMAND,FITNESS
0.16258909569974023,26.6845392074565,1.21,3.0264589043455983
