EMITTER_COEFFICIENT_SOLUTION,PRESSURE_OUTPUT,OUTPUT_DEMAND,FITNESS
0.05072173693929205,27.23205394853518,1.21,4.606223530506569
