EMITTER_COEFFICIENT_SOLUTION,PRESSURE_OUTPUT,OUTPUT_DEMAND,FITNESS
0.14822853648457412,27.18544047515816,1.21,5.865649274516948
