EMITTER_COEFFICIENT_SOLUTION,PRESSURE_OUTPUT,OUTPUT_DEMAND,FITNESS
0.48624504355395914,27.021690188406936,1.21,148.50403185285822
