EMITTER_COEFFICIENT_SOLUTION,PRESSURE_OUTPUT,OUTPUT_DEMAND,FITNESS
0.01873632776470524,26.757260528042483,1.21,3.8805137588561602
