EMITTER_COEFFICIENT_SOLUTION,PRESSURE_OUTPUT,OUTPUT_DEMAND,FITNESS
0.7340981803832847,27.06745511996106,1.1,5.383871836886883
