EMITTER_COEFFICIENT_SOLUTION,PRESSURE_OUTPUT,OUTPUT_DEMAND,FITNESS
0.44400766746559595,27.142011289541614,1.1,8.994118922247692
