EMITTER_COEFFICIENT_SOLUTION,PRESSURE_OUTPUT,OUTPUT_DEMAND,FITNESS
0.8287412231340572,27.042815782925707,1.1,4.753320014693986
