EMITTER_COEFFICIENT_SOLUTION,PRESSURE_OUTPUT,OUTPUT_DEMAND,FITNESS
0.04121755719489695,27.243027470416493,1.1,98.35178527752349
