EMITTER_COEFFICIENT_SOLUTION,PRESSURE_OUTPUT,OUTPUT_DEMAND,FITNESS
0.4282225094588137,27.146025707262922,1.1,9.331026363408863
