EMITTER_COEFFICIENT_SOLUTION,PRESSURE_OUTPUT,OUTPUT_DEMAND,FITNESS
0.7621180190857004,27.06017638291359,1.1,5.1808459473600195
