EMITTER_COEFFICIENT_SOLUTION,PRESSURE_OUTPUT,OUTPUT_DEMAND,FITNESS
0.45488891433249057,27.1392414264075,1.1,8.775499480751217
