EMITTER_COEFFICIENT_SOLUTION,PRESSURE_OUTPUT,OUTPUT_DEMAND,FITNESS
0.7363405695985161,27.066873108029334,1.1,5.367054292226837
