EMITTER_COEFFICIENT_SOLUTION,PRESSURE_OUTPUT,OUTPUT_DEMAND,FITNESS
0.7468546219295433,27.064143036415594,1.1,5.289549472348264
