EMITTER_COEFFICIENT_SOLUTION,PRESSURE_OUTPUT,OUTPUT_DEMAND,FITNESS
0.8658373802670163,27.03311663475631,1.1,4.543834889928169
