EMITTER_COEFFICIENT_SOLUTION,PRESSURE_OUTPUT,OUTPUT_DEMAND,FITNESS
0.3097593077783356,27.176009934885975,1.1,12.955865212564287
