EMITTER_COEFFICIENT_SOLUTION,PRESSURE_OUTPUT,OUTPUT_DEMAND,FITNESS
0.4636679361506204,27.137005155684427,1.1,8.606600180130567
