EMITTER_COEFFICIENT_SOLUTION,PRESSURE_OUTPUT,OUTPUT_DEMAND,FITNESS
0.8812111027668206,27.029090209696044,1.1,4.462197160386057
