EMITTER_COEFFICIENT_SOLUTION,PRESSURE_OUTPUT,OUTPUT_DEMAND,FITNESS
0.6869064349805829,27.079683676531765,1.1,5.763310823986172
