EMITTER_COEFFICIENT_SOLUTION,PRESSURE_OUTPUT,OUTPUT_DEMAND,FITNESS
0.2737589897362809,27.18507160601844,1.1,14.679233498017888
