EMITTER_COEFFICIENT_SOLUTION,PRESSURE_OUTPUT,OUTPUT_DEMAND,FITNESS
0.5088205435072517,27.12548186043921,1.1,7.830044585931655
