EMITTER_COEFFICIENT_SOLUTION,PRESSURE_OUTPUT,OUTPUT_DEMAND,FITNESS
0.4283111435283984,27.1460031786296,1.1,9.329065251424462
