EMITTER_COEFFICIENT_SOLUTION,PRESSURE_OUTPUT,OUTPUT_DEMAND,FITNESS
0.34892759102081317,27.16612407687832,1.1,11.48488316949135
