EMITTER_COEFFICIENT_SOLUTION,PRESSURE_OUTPUT,OUTPUT_DEMAND,FITNESS
0.845868985914562,27.03834045855259,1.1,4.654310501455182
