EMITTER_COEFFICIENT_SOLUTION,PRESSURE_OUTPUT,OUTPUT_DEMAND,FITNESS
0.35357575378034367,27.164949222202722,1.1,11.331979985153893
