EMITTER_COEFFICIENT_SOLUTION,PRESSURE_OUTPUT,OUTPUT_DEMAND,FITNESS
0.7677946493430321,27.05870012266498,1.1,5.141522162042253
