EMITTER_COEFFICIENT_SOLUTION,PRESSURE_OUTPUT,OUTPUT_DEMAND,FITNESS
0.6979536586772415,27.076824504239966,1.1,5.669880834473095
