EMITTER_COEFFICIENT_SOLUTION,PRESSURE_OUTPUT,OUTPUT_DEMAND,FITNESS
0.378353038663477,27.158678997175137,1.1,10.580212858148553
