EMITTER_COEFFICIENT_SOLUTION,PRESSURE_OUTPUT,OUTPUT_DEMAND,FITNESS
0.6366326961408026,27.09266854873062,1.1,6.229500842599138
