EMITTER_COEFFICIENT_SOLUTION,PRESSURE_OUTPUT,OUTPUT_DEMAND,FITNESS
0.6343713354700149,27.093251590564485,1.1,6.252209239158182
