EMITTER_COEFFICIENT_SOLUTION,PRESSURE_OUTPUT,OUTPUT_DEMAND,FITNESS
0.09736238770834649,27.229127256181833,1.1,41.54929364352794
