EMITTER_COEFFICIENT_SOLUTION,PRESSURE_OUTPUT,OUTPUT_DEMAND,FITNESS
0.6947058849330003,27.07766529091581,1.1,5.697039534939445
