EMITTER_COEFFICIENT_SOLUTION,PRESSURE_OUTPUT,OUTPUT_DEMAND,FITNESS
0.8725545808278334,27.031357869869062,1.1,4.507810553935006
