EMITTER_COEFFICIENT_SOLUTION,PRESSURE_OUTPUT,OUTPUT_DEMAND,FITNESS
0.8627289117649801,27.033930267335442,1.1,4.56069583762721
