EMITTER_COEFFICIENT_SOLUTION,PRESSURE_OUTPUT,OUTPUT_DEMAND,FITNESS
0.8854380038572154,27.027982472775825,1.1,4.440249272251193
