EMITTER_COEFFICIENT_SOLUTION,PRESSURE_OUTPUT,OUTPUT_DEMAND,FITNESS
0.5918020558460233,27.10421052226954,1.1,6.712106204632649
