EMITTER_COEFFICIENT_SOLUTION,PRESSURE_OUTPUT,OUTPUT_DEMAND,FITNESS
0.2360640786373458,27.194534414042764,1.1,17.047205763143964
