EMITTER_COEFFICIENT_SOLUTION,PRESSURE_OUTPUT,OUTPUT_DEMAND,FITNESS
0.15212248881530455,27.215512816215757,1.1,26.53770206066742
