EMITTER_COEFFICIENT_SOLUTION,PRESSURE_OUTPUT,OUTPUT_DEMAND,FITNESS
0.5431261926298299,27.116702843228154,1.1,7.326425399304308
