EMITTER_COEFFICIENT_SOLUTION,PRESSURE_OUTPUT,OUTPUT_DEMAND,FITNESS
0.5267450275795362,27.12089754242927,1.1,7.558721157542429
