EMITTER_COEFFICIENT_SOLUTION,PRESSURE_OUTPUT,OUTPUT_DEMAND,FITNESS
0.43973576505529377,27.143098141573773,1.1,9.08290684745248
