EMITTER_COEFFICIENT_SOLUTION,PRESSURE_OUTPUT,OUTPUT_DEMAND,FITNESS
0.4138555574980969,27.14967572834098,1.1,9.660032012168974
