EMITTER_COEFFICIENT_SOLUTION,PRESSURE_OUTPUT,OUTPUT_DEMAND,FITNESS
0.29535213356092593,27.179639214077255,1.1,13.595113599279065
