EMITTER_COEFFICIENT_SOLUTION,PRESSURE_OUTPUT,OUTPUT_DEMAND,FITNESS
0.5901741867568564,27.10462896924458,1.1,6.731011330534017
