EMITTER_COEFFICIENT_SOLUTION,PRESSURE_OUTPUT,OUTPUT_DEMAND,FITNESS
0.0018671779458603321,26.997352464648607,1.1,3.908653373278104
