EMITTER_COEFFICIENT_SOLUTION,PRESSURE_OUTPUT,OUTPUT_DEMAND,FITNESS
0.08948955935892444,27.2310799877421,1.1,45.21804217727301
