EMITTER_COEFFICIENT_SOLUTION,PRESSURE_OUTPUT,OUTPUT_DEMAND,FITNESS
0.3497158593553691,27.165924836971975,1.1,11.458662917906187
