EMITTER_COEFFICIENT_SOLUTION,PRESSURE_OUTPUT,OUTPUT_DEMAND,FITNESS
0.4074407468293664,27.15130404737627,1.1,9.8144088754866
