EMITTER_COEFFICIENT_SOLUTION,PRESSURE_OUTPUT,OUTPUT_DEMAND,FITNESS
0.03213804751547267,27.245269735248556,1.1,126.17788987698351
