EMITTER_COEFFICIENT_SOLUTION,PRESSURE_OUTPUT,OUTPUT_DEMAND,FITNESS
0.3703706154452504,27.160700213820284,1.1,10.811413888286229
