EMITTER_COEFFICIENT_SOLUTION,PRESSURE_OUTPUT,OUTPUT_DEMAND,FITNESS
0.6344239429432188,27.093238027900853,1.1,6.251679117956741
