EMITTER_COEFFICIENT_SOLUTION,PRESSURE_OUTPUT,OUTPUT_DEMAND,FITNESS
0.23491073059585443,27.194823535326165,1.1,17.131642661795773
