EMITTER_COEFFICIENT_SOLUTION,PRESSURE_OUTPUT,OUTPUT_DEMAND,FITNESS
0.45005284345068475,27.14047272731583,1.1,8.871356981186207
