EMITTER_COEFFICIENT_SOLUTION,PRESSURE_OUTPUT,OUTPUT_DEMAND,FITNESS
0.5437053634706253,27.11655444938635,1.1,7.318468786300713
