EMITTER_COEFFICIENT_SOLUTION,PRESSURE_OUTPUT,OUTPUT_DEMAND,FITNESS
0.673091732557699,27.083256144774467,1.1,5.88446756779566
