EMITTER_COEFFICIENT_SOLUTION,PRESSURE_OUTPUT,OUTPUT_DEMAND,FITNESS
0.5152325548367609,27.123842769672528,1.1,7.730825976476115
