EMITTER_COEFFICIENT_SOLUTION,PRESSURE_OUTPUT,OUTPUT_DEMAND,FITNESS
0.06438124002577861,27.237299892359545,1.1,62.91222580520361
