EMITTER_COEFFICIENT_SOLUTION,PRESSURE_OUTPUT,OUTPUT_DEMAND,FITNESS
0.15520835630869323,27.21474393256615,1.1,26.00704380057966
