EMITTER_COEFFICIENT_SOLUTION,PRESSURE_OUTPUT,OUTPUT_DEMAND,FITNESS
0.248464636768031,27.191424296609746,1.1,16.18889004798271
