EMITTER_COEFFICIENT_SOLUTION,PRESSURE_OUTPUT,OUTPUT_DEMAND,FITNESS
0.6198037096233266,27.097005398828784,1.1,6.402472678067609
