EMITTER_COEFFICIENT_SOLUTION,PRESSURE_OUTPUT,OUTPUT_DEMAND,FITNESS
0.24849899962875854,27.191415674318627,1.1,16.186630631919417
