EMITTER_COEFFICIENT_SOLUTION,PRESSURE_OUTPUT,OUTPUT_DEMAND,FITNESS
0.9857502312953872,27.00160601746846,1.1,3.974735996770746
