EMITTER_COEFFICIENT_SOLUTION,PRESSURE_OUTPUT,OUTPUT_DEMAND,FITNESS
0.21688170120407557,27.199339866767396,1.1,18.568313488343794
