EMITTER_COEFFICIENT_SOLUTION,PRESSURE_OUTPUT,OUTPUT_DEMAND,FITNESS
0.9173988872562966,27.019597022812135,1.1,4.280857996968527
