EMITTER_COEFFICIENT_SOLUTION,PRESSURE_OUTPUT,OUTPUT_DEMAND,FITNESS
0.44046993752094066,27.142911377511112,1.1,9.067525055357718
