EMITTER_COEFFICIENT_SOLUTION,PRESSURE_OUTPUT,OUTPUT_DEMAND,FITNESS
0.38470703824236496,27.157069290918123,1.1,10.40303834959246
