EMITTER_COEFFICIENT_SOLUTION,PRESSURE_OUTPUT,OUTPUT_DEMAND,FITNESS
0.4902031195206449,27.130237550234362,1.1,8.13289119540636
