EMITTER_COEFFICIENT_SOLUTION,PRESSURE_OUTPUT,OUTPUT_DEMAND,FITNESS
0.20316650858884033,27.20277155036112,1.1,19.832021325545735
