EMITTER_COEFFICIENT_SOLUTION,PRESSURE_OUTPUT,OUTPUT_DEMAND,FITNESS
0.21416461588807767,27.200019985780045,1.1,18.805805671291914
