EMITTER_COEFFICIENT_SOLUTION,PRESSURE_OUTPUT,OUTPUT_DEMAND,FITNESS
0.2968943273880451,27.17925090417404,1.1,13.52372029424452
