EMITTER_COEFFICIENT_SOLUTION,PRESSURE_OUTPUT,OUTPUT_DEMAND,FITNESS
0.051458183005199,27.2404965746612,1.1,78.74958656347529
