EMITTER_COEFFICIENT_SOLUTION,PRESSURE_OUTPUT,OUTPUT_DEMAND,FITNESS
0.1911281821561217,27.205780796979212,1.1,21.090702718451173
