EMITTER_COEFFICIENT_SOLUTION,PRESSURE_OUTPUT,OUTPUT_DEMAND,FITNESS
0.314834323158496,27.17473059932224,1.1,12.744624349578684
