EMITTER_COEFFICIENT_SOLUTION,PRESSURE_OUTPUT,OUTPUT_DEMAND,FITNESS
0.21904454173351962,27.198798384448423,1.1,18.383478395955475
