EMITTER_COEFFICIENT_SOLUTION,PRESSURE_OUTPUT,OUTPUT_DEMAND,FITNESS
0.3376657215006498,27.168969359336934,1.1,11.8728614075083
