EMITTER_COEFFICIENT_SOLUTION,PRESSURE_OUTPUT,OUTPUT_DEMAND,FITNESS
0.5716065023600885,27.109398548837653,1.1,6.954271932317808
