EMITTER_COEFFICIENT_SOLUTION,PRESSURE_OUTPUT,OUTPUT_DEMAND,FITNESS
0.8919467454345593,27.0262761491705,1.1,4.406860682827218
