EMITTER_COEFFICIENT_SOLUTION,PRESSURE_OUTPUT,OUTPUT_DEMAND,FITNESS
0.997060056851369,26.99862160272397,1.1,3.9281393832843987
