EMITTER_COEFFICIENT_SOLUTION,PRESSURE_OUTPUT,OUTPUT_DEMAND,FITNESS
0.06145079147221999,27.238025053819165,1.1,65.91957721386513
