EMITTER_COEFFICIENT_SOLUTION,PRESSURE_OUTPUT,OUTPUT_DEMAND,FITNESS
0.8991724862502126,27.024381022631722,1.1,4.370361353735329
