EMITTER_COEFFICIENT_SOLUTION,PRESSURE_OUTPUT,OUTPUT_DEMAND,FITNESS
0.9329622892696539,27.015507325249935,1.1,4.207200788813755
