EMITTER_COEFFICIENT_SOLUTION,PRESSURE_OUTPUT,OUTPUT_DEMAND,FITNESS
0.7280893982949117,27.069014273322495,1.1,5.429448155110358
