EMITTER_COEFFICIENT_SOLUTION,PRESSURE_OUTPUT,OUTPUT_DEMAND,FITNESS
0.05664072438340151,27.23921498788775,1.1,71.53041981897859
