EMITTER_COEFFICIENT_SOLUTION,PRESSURE_OUTPUT,OUTPUT_DEMAND,FITNESS
0.13293991940335959,27.22028843381785,1.1,30.389021833908647
