EMITTER_COEFFICIENT_SOLUTION,PRESSURE_OUTPUT,OUTPUT_DEMAND,FITNESS
0.20555453015573955,27.20217429257042,1.1,19.59986427998213
