EMITTER_COEFFICIENT_SOLUTION,PRESSURE_OUTPUT,OUTPUT_DEMAND,FITNESS
0.052536859971592076,27.24022987147991,1.1,77.12965061685424
