EMITTER_COEFFICIENT_SOLUTION,PRESSURE_OUTPUT,OUTPUT_DEMAND,FITNESS
0.1615526884747256,27.213162428605337,1.1,24.97962572976858
