EMITTER_COEFFICIENT_SOLUTION,PRESSURE_OUTPUT,OUTPUT_DEMAND,FITNESS
0.844646725662102,27.038659988401946,1.1,4.66124266021002
