EMITTER_COEFFICIENT_SOLUTION,PRESSURE_OUTPUT,OUTPUT_DEMAND,FITNESS
0.6851159287238537,27.080146885639785,1.1,5.778737846941152
