EMITTER_COEFFICIENT_SOLUTION,PRESSURE_OUTPUT,OUTPUT_DEMAND,FITNESS
0.5684970908050289,27.110196689609623,1.1,6.9930869774491455
