EMITTER_COEFFICIENT_SOLUTION,PRESSURE_OUTPUT,OUTPUT_DEMAND,FITNESS
0.849781212164044,27.037317533325428,1.1,4.632256275468522
