EMITTER_COEFFICIENT_SOLUTION,PRESSURE_OUTPUT,OUTPUT_DEMAND,FITNESS
0.38392822492203593,27.157266632591686,1.1,10.42443923336951
