EMITTER_COEFFICIENT_SOLUTION,PRESSURE_OUTPUT,OUTPUT_DEMAND,FITNESS
0.7941780097535174,27.051831663681575,1.1,4.966146022309167
