EMITTER_COEFFICIENT_SOLUTION,PRESSURE_OUTPUT,OUTPUT_DEMAND,FITNESS
0.3592379685909679,27.16351717521247,1.1,11.151022004814022
