EMITTER_COEFFICIENT_SOLUTION,PRESSURE_OUTPUT,OUTPUT_DEMAND,FITNESS
0.16372151090690124,27.21262167340665,1.1,24.646701475781796
