EMITTER_COEFFICIENT_SOLUTION,PRESSURE_OUTPUT,OUTPUT_DEMAND,FITNESS
0.6044063292626243,27.100969226690097,1.1,6.569187486104342
