EMITTER_COEFFICIENT_SOLUTION,PRESSURE_OUTPUT,OUTPUT_DEMAND,FITNESS
0.6869927052273008,27.079661356773485,1.1,5.762569551792246
