EMITTER_COEFFICIENT_SOLUTION,PRESSURE_OUTPUT,OUTPUT_DEMAND,FITNESS
0.9919955663807865,26.999958273744813,1.1,3.948873457037959
