EMITTER_COEFFICIENT_SOLUTION,PRESSURE_OUTPUT,OUTPUT_DEMAND,FITNESS
0.6680578834385387,27.084557072914386,1.1,5.929862261190971
