EMITTER_COEFFICIENT_SOLUTION,PRESSURE_OUTPUT,OUTPUT_DEMAND,FITNESS
0.45847023939724574,27.138329325008065,1.1,8.705816857173732
