EMITTER_COEFFICIENT_SOLUTION,PRESSURE_OUTPUT,OUTPUT_DEMAND,FITNESS
0.14784105241762346,27.216579301976452,1.1,27.310650307930427
