EMITTER_COEFFICIENT_SOLUTION,PRESSURE_OUTPUT,OUTPUT_DEMAND,FITNESS
0.34812717192118003,27.166326376470906,1.1,11.511629141128955
