EMITTER_COEFFICIENT_SOLUTION,PRESSURE_OUTPUT,OUTPUT_DEMAND,FITNESS
0.7199084181734574,27.07113606966059,1.1,5.4927253575703965
