EMITTER_COEFFICIENT_SOLUTION,PRESSURE_OUTPUT,OUTPUT_DEMAND,FITNESS
0.08056618632478574,27.233291876458367,1.1,50.24323360318372
