EMITTER_COEFFICIENT_SOLUTION,PRESSURE_OUTPUT,OUTPUT_DEMAND,FITNESS
0.6731328342662157,27.083245520806557,1.1,5.8840997150959655
