EMITTER_COEFFICIENT_SOLUTION,PRESSURE_OUTPUT,OUTPUT_DEMAND,FITNESS
0.51487525517227,27.123934137569726,1.1,7.736290499956523
