EMITTER_COEFFICIENT_SOLUTION,PRESSURE_OUTPUT,OUTPUT_DEMAND,FITNESS
0.2534859343899267,27.190164128262424,1.1,15.865227868354976
