EMITTER_COEFFICIENT_SOLUTION,PRESSURE_OUTPUT,OUTPUT_DEMAND,FITNESS
0.9529246103980225,27.010255848683656,1.1,4.116256157950616
