EMITTER_COEFFICIENT_SOLUTION,PRESSURE_OUTPUT,OUTPUT_DEMAND,FITNESS
0.6534563682461478,27.08832836187446,1.1,6.065506543177109
