EMITTER_COEFFICIENT_SOLUTION,PRESSURE_OUTPUT,OUTPUT_DEMAND,FITNESS
0.5466410787437239,27.115802176305316,1.1,7.278397662137402
