EMITTER_COEFFICIENT_SOLUTION,PRESSURE_OUTPUT,OUTPUT_DEMAND,FITNESS
0.9359191405536973,27.014729888849722,1.1,4.193484609204022
