EMITTER_COEFFICIENT_SOLUTION,PRESSURE_OUTPUT,OUTPUT_DEMAND,FITNESS
0.9652468654826283,27.007010914581493,1.1,4.062000103883582
