EMITTER_COEFFICIENT_SOLUTION,PRESSURE_OUTPUT,OUTPUT_DEMAND,FITNESS
0.8943233448918593,27.0256529250373,1.1,4.394790557873263
