EMITTER_COEFFICIENT_SOLUTION,PRESSURE_OUTPUT,OUTPUT_DEMAND,FITNESS
0.5177526096014529,27.123198051314006,1.1,7.692485050688775
