EMITTER_COEFFICIENT_SOLUTION,PRESSURE_OUTPUT,OUTPUT_DEMAND,FITNESS
0.9116985551217183,27.021093893423092,1.1,4.308466176560066
