EMITTER_COEFFICIENT_SOLUTION,PRESSURE_OUTPUT,OUTPUT_DEMAND,FITNESS
0.2835450614549082,27.182610686257696,1.1,14.167442900046188
