EMITTER_COEFFICIENT_SOLUTION,PRESSURE_OUTPUT,OUTPUT_DEMAND,FITNESS
0.42337462505809875,27.147257708084155,1.1,9.43954175088066
