EMITTER_COEFFICIENT_SOLUTION,PRESSURE_OUTPUT,OUTPUT_DEMAND,FITNESS
0.728497243137243,27.068908465722217,1.1,5.426330853491119
