EMITTER_COEFFICIENT_SOLUTION,PRESSURE_OUTPUT,OUTPUT_DEMAND,FITNESS
0.6461623258962643,27.090210568482654,1.1,6.13555331149078
