EMITTER_COEFFICIENT_SOLUTION,PRESSURE_OUTPUT,OUTPUT_DEMAND,FITNESS
0.7800728076136765,27.055505190632402,1.1,5.058428301943957
