EMITTER_COEFFICIENT_SOLUTION,PRESSURE_OUTPUT,OUTPUT_DEMAND,FITNESS
0.1405790529928821,27.218387449169533,1.1,28.729353947507764
