EMITTER_COEFFICIENT_SOLUTION,PRESSURE_OUTPUT,OUTPUT_DEMAND,FITNESS
0.2161651434556171,27.19951924299132,1.1,18.630365908120574
