EMITTER_COEFFICIENT_SOLUTION,PRESSURE_OUTPUT,OUTPUT_DEMAND,FITNESS
0.12079347289964026,27.22330863999523,1.1,33.46001962479207
