EMITTER_COEFFICIENT_SOLUTION,PRESSURE_OUTPUT,OUTPUT_DEMAND,FITNESS
0.8387692800972535,27.04019614853253,1.1,4.694859805410778
