EMITTER_COEFFICIENT_SOLUTION,PRESSURE_OUTPUT,OUTPUT_DEMAND,FITNESS
0.7013454223798672,27.07594624717958,1.1,5.641786919693052
