EMITTER_COEFFICIENT_SOLUTION,PRESSURE_OUTPUT,OUTPUT_DEMAND,FITNESS
0.2166437828627148,27.19939942602406,1.1,18.588871198884764
