EMITTER_COEFFICIENT_SOLUTION,PRESSURE_OUTPUT,OUTPUT_DEMAND,FITNESS
0.9618640329577115,27.007901999849523,1.1,4.076756283847391
