EMITTER_COEFFICIENT_SOLUTION,PRESSURE_OUTPUT,OUTPUT_DEMAND,FITNESS
0.7501326684143059,27.06329147364699,1.1,5.2658301544484605
