EMITTER_COEFFICIENT_SOLUTION,PRESSURE_OUTPUT,OUTPUT_DEMAND,FITNESS
0.7037377929525857,27.075326651897058,1.1,5.622134049826404
