EMITTER_COEFFICIENT_SOLUTION,PRESSURE_OUTPUT,OUTPUT_DEMAND,FITNESS
0.9145076152623619,27.02035632044897,1.1,4.294818068434187
