EMITTER_COEFFICIENT_SOLUTION,PRESSURE_OUTPUT,OUTPUT_DEMAND,FITNESS
0.29156597486690017,27.180592349310032,1.1,13.773591547389776
