EMITTER_COEFFICIENT_SOLUTION,PRESSURE_OUTPUT,OUTPUT_DEMAND,FITNESS
0.5209723496734442,27.122374616005587,1.1,7.644065523158895
