EMITTER_COEFFICIENT_SOLUTION,PRESSURE_OUTPUT,OUTPUT_DEMAND,FITNESS
0.6662685584990109,27.085019393369606,1.1,5.946163648735874
