EMITTER_COEFFICIENT_SOLUTION,PRESSURE_OUTPUT,OUTPUT_DEMAND,FITNESS
0.8234510777838253,9.34478863302511,1.0,98.11062597312895
