EMITTER_COEFFICIENT_SOLUTION,PRESSURE_OUTPUT,OUTPUT_DEMAND,FITNESS
0.9794749210138245,9.339850275601094,1.0,66.08977647425601
