EMITTER_COEFFICIENT_SOLUTION,PRESSURE_OUTPUT,OUTPUT_DEMAND,FITNESS
0.13573545421118127,9.36638288924047,1.0,87.69098841008905
