EMITTER_COEFFICIENT_SOLUTION,PRESSURE_OUTPUT,OUTPUT_DEMAND,FITNESS
0.36012974532505404,9.359368022315572,1.0,227.85201984870844
