EMITTER_COEFFICIENT_SOLUTION,PRESSURE_OUTPUT,OUTPUT_DEMAND,FITNESS
0.09521932512852471,9.36764624915137,1.0,78.9450400936075
