EMITTER_COEFFICIENT_SOLUTION,PRESSURE_OUTPUT,OUTPUT_DEMAND,FITNESS
0.28717954167797677,9.330068882021678,1.0,40.1407706563911
