EMITTER_COEFFICIENT_SOLUTION,PRESSURE_OUTPUT,OUTPUT_DEMAND,FITNESS
0.9221259136303828,9.341667122055377,1.0,75.10841796235772
