EMITTER_COEFFICIENT_SOLUTION,PRESSURE_OUTPUT,OUTPUT_DEMAND,FITNESS
0.2592441089649058,9.362525586580233,1.0,132.51390842502303
