EMITTER_COEFFICIENT_SOLUTION,PRESSURE_OUTPUT,OUTPUT_DEMAND,FITNESS
0.37509961613818077,9.327263825345085,1.0,36.07844145118784
