EMITTER_COEFFICIENT_SOLUTION,PRESSURE_OUTPUT,OUTPUT_DEMAND,FITNESS
0.1374423216967553,9.366329644574805,1.0,88.10234507481624
