EMITTER_COEFFICIENT_SOLUTION,PRESSURE_OUTPUT,OUTPUT_DEMAND,FITNESS
0.42471454481374527,9.325678879449733,1.0,34.126979613548734
