EMITTER_COEFFICIENT_SOLUTION,PRESSURE_OUTPUT,OUTPUT_DEMAND,FITNESS
0.10948847246044369,9.335724179902265,1.0,51.92909040023562
