EMITTER_COEFFICIENT_SOLUTION,PRESSURE_OUTPUT,OUTPUT_DEMAND,FITNESS
0.8162816443878034,9.345015208152574,1.0,100.34115235319841
