EMITTER_COEFFICIENT_SOLUTION,PRESSURE_OUTPUT,OUTPUT_DEMAND,FITNESS
0.28577682120717296,9.361695745845019,1.0,148.88625033274275
