EMITTER_COEFFICIENT_SOLUTION,PRESSURE_OUTPUT,OUTPUT_DEMAND,FITNESS
0.31972879702907986,9.329030939109892,1.0,38.53524482937607
