EMITTER_COEFFICIENT_SOLUTION,PRESSURE_OUTPUT,OUTPUT_DEMAND,FITNESS
0.2339442146854549,9.363316475593244,1.0,119.94338643237539
