EMITTER_COEFFICIENT_SOLUTION,PRESSURE_OUTPUT,OUTPUT_DEMAND,FITNESS
0.36628032912695674,9.359175321093069,1.0,238.31583988547067
