EMITTER_COEFFICIENT_SOLUTION,PRESSURE_OUTPUT,OUTPUT_DEMAND,FITNESS
0.5000543812074214,9.35497850065935,1.0,369242.5214025388
