EMITTER_COEFFICIENT_SOLUTION,PRESSURE_OUTPUT,OUTPUT_DEMAND,FITNESS
0.4300531609623026,9.3571759467998,1.0,455.22044438820484
