EMITTER_COEFFICIENT_SOLUTION,PRESSURE_OUTPUT,OUTPUT_DEMAND,FITNESS
0.2029242850963655,9.364285651011706,1.0,107.45244946388014
