EMITTER_COEFFICIENT_SOLUTION,PRESSURE_OUTPUT,OUTPUT_DEMAND,FITNESS
0.4238770630464941,9.325705644717054,1.0,34.158180301136674
