EMITTER_COEFFICIENT_SOLUTION,PRESSURE_OUTPUT,OUTPUT_DEMAND,FITNESS
0.03799351041464849,9.36942895818246,1.0,69.20535304113925
