EMITTER_COEFFICIENT_SOLUTION,PRESSURE_OUTPUT,OUTPUT_DEMAND,FITNESS
0.48355980941557997,9.355496554580029,1.0,1932.9435832445245
