EMITTER_COEFFICIENT_SOLUTION,PRESSURE_OUTPUT,OUTPUT_DEMAND,FITNESS
0.34184800268211535,9.328325238700437,1.0,37.515047933734095
