EMITTER_COEFFICIENT_SOLUTION,PRESSURE_OUTPUT,OUTPUT_DEMAND,FITNESS
0.3847238628612164,9.358597338955015,1.0,276.3858641304764
