EMITTER_COEFFICIENT_SOLUTION,PRESSURE_OUTPUT,OUTPUT_DEMAND,FITNESS
0.0968031791493209,9.36759688054834,1.0,79.25392484320024
