EMITTER_COEFFICIENT_SOLUTION,PRESSURE_OUTPUT,OUTPUT_DEMAND,FITNESS
0.532385271100128,9.353962595283114,1.0,981.7265124467755
