EMITTER_COEFFICIENT_SOLUTION,PRESSURE_OUTPUT,OUTPUT_DEMAND,FITNESS
0.40013721782987677,9.326464180912097,1.0,35.06676783418284
