EMITTER_COEFFICIENT_SOLUTION,PRESSURE_OUTPUT,OUTPUT_DEMAND,FITNESS
0.7245142578537249,9.347912630872194,1.0,141.4711693284301
