EMITTER_COEFFICIENT_SOLUTION,PRESSURE_OUTPUT,OUTPUT_DEMAND,FITNESS
0.2830230395324802,9.361781893161222,1.0,147.0007959436466
