EMITTER_COEFFICIENT_SOLUTION,PRESSURE_OUTPUT,OUTPUT_DEMAND,FITNESS
0.4772197149508519,9.355695638074756,1.0,1395.8113994847658
