EMITTER_COEFFICIENT_SOLUTION,PRESSURE_OUTPUT,OUTPUT_DEMAND,FITNESS
0.4543733972501951,9.356412829386748,1.0,697.5346779467443
