EMITTER_COEFFICIENT_SOLUTION,PRESSURE_OUTPUT,OUTPUT_DEMAND,FITNESS
0.2533629982469163,9.362709467745113,1.0,129.3617744082203
