EMITTER_COEFFICIENT_SOLUTION,PRESSURE_OUTPUT,OUTPUT_DEMAND,FITNESS
0.44738538145578755,9.324954181115565,1.0,33.30332948579343
