EMITTER_COEFFICIENT_SOLUTION,PRESSURE_OUTPUT,OUTPUT_DEMAND,FITNESS
0.19267487228944336,9.333078955023566,1.0,45.65740153254283
