EMITTER_COEFFICIENT_SOLUTION,PRESSURE_OUTPUT,OUTPUT_DEMAND,FITNESS
0.39642963171373524,9.358230398675197,1.0,307.57970808807374
