EMITTER_COEFFICIENT_SOLUTION,PRESSURE_OUTPUT,OUTPUT_DEMAND,FITNESS
0.023606277033525913,9.338450846943353,1.0,60.49474308127344
