EMITTER_COEFFICIENT_SOLUTION,PRESSURE_OUTPUT,OUTPUT_DEMAND,FITNESS
0.12400484795748445,9.366748770695068,1.0,84.96493055245593
