EMITTER_COEFFICIENT_SOLUTION,PRESSURE_OUTPUT,OUTPUT_DEMAND,FITNESS
0.07071816697672695,9.368409755575286,1.0,74.45713303113992
