EMITTER_COEFFICIENT_SOLUTION,PRESSURE_OUTPUT,OUTPUT_DEMAND,FITNESS
0.5522177056239623,9.353339109025157,1.0,608.9763548321466
