EMITTER_COEFFICIENT_SOLUTION,PRESSURE_OUTPUT,OUTPUT_DEMAND,FITNESS
0.25466298403300214,9.362668823657671,1.0,130.04552664298765
