EMITTER_COEFFICIENT_SOLUTION,PRESSURE_OUTPUT,OUTPUT_DEMAND,FITNESS
0.4917210528855922,9.35524025032759,1.0,3830.8096690475986
