EMITTER_COEFFICIENT_SOLUTION,PRESSURE_OUTPUT,OUTPUT_DEMAND,FITNESS
0.1833869823020544,9.364895770338677,1.0,100.84140625131113
