EMITTER_COEFFICIENT_SOLUTION,PRESSURE_OUTPUT,OUTPUT_DEMAND,FITNESS
0.6281729343412958,9.350949080083808,1.0,248.0079491450044
