EMITTER_COEFFICIENT_SOLUTION,PRESSURE_OUTPUT,OUTPUT_DEMAND,FITNESS
0.08445598052123171,9.367981701672115,1.0,76.90832965838625
