EMITTER_COEFFICIENT_SOLUTION,PRESSURE_OUTPUT,OUTPUT_DEMAND,FITNESS
0.07865614238455088,9.3681624316039,1.0,75.85398676425046
