EMITTER_COEFFICIENT_SOLUTION,PRESSURE_OUTPUT,OUTPUT_DEMAND,FITNESS
0.0196524871145618,9.369999902839211,1.0,66.57482034309287
