EMITTER_COEFFICIENT_SOLUTION,PRESSURE_OUTPUT,OUTPUT_DEMAND,FITNESS
0.7092750327550383,9.348393302783911,1.0,151.79329841599386
