EMITTER_COEFFICIENT_SOLUTION,PRESSURE_OUTPUT,OUTPUT_DEMAND,FITNESS
0.33613901858425455,9.360119448393228,1.0,194.54346486748256
