EMITTER_COEFFICIENT_SOLUTION,PRESSURE_OUTPUT,OUTPUT_DEMAND,FITNESS
0.163339397568669,9.365521586176442,1.0,94.85526597966947
