EMITTER_COEFFICIENT_SOLUTION,PRESSURE_OUTPUT,OUTPUT_DEMAND,FITNESS
0.14902164696308362,9.334467582043295,1.0,48.748083733284254
