EMITTER_COEFFICIENT_SOLUTION,PRESSURE_OUTPUT,OUTPUT_DEMAND,FITNESS
0.8312656225947685,9.344541635743134,1.0,95.78935693566696
