EMITTER_COEFFICIENT_SOLUTION,PRESSURE_OUTPUT,OUTPUT_DEMAND,FITNESS
0.000936340985928874,9.339169866397711,1.0,63.245736372178975
