EMITTER_COEFFICIENT_SOLUTION,PRESSURE_OUTPUT,OUTPUT_DEMAND,FITNESS
0.8297722619916652,9.344588839758664,1.0,96.2244494759819
