EMITTER_COEFFICIENT_SOLUTION,PRESSURE_OUTPUT,OUTPUT_DEMAND,FITNESS
0.8212182647644457,9.344859199737286,1.0,98.7946151089442
