EMITTER_COEFFICIENT_SOLUTION,PRESSURE_OUTPUT,OUTPUT_DEMAND,FITNESS
0.9961579822147562,9.339321382233976,1.0,63.85766719600179
