EMITTER_COEFFICIENT_SOLUTION,PRESSURE_OUTPUT,OUTPUT_DEMAND,FITNESS
0.5264727551702766,9.354148425774646,1.0,1200.7928136040941
