EMITTER_COEFFICIENT_SOLUTION,PRESSURE_OUTPUT,OUTPUT_DEMAND,FITNESS
0.6640824603836895,9.349817943312551,1.0,193.6758785322575
