EMITTER_COEFFICIENT_SOLUTION,PRESSURE_OUTPUT,OUTPUT_DEMAND,FITNESS
0.2589649377697807,9.362534315728539,1.0,132.3608022431476
