EMITTER_COEFFICIENT_SOLUTION,PRESSURE_OUTPUT,OUTPUT_DEMAND,FITNESS
0.8322725597420175,9.34450980646362,1.0,95.49819190471383
