EMITTER_COEFFICIENT_SOLUTION,PRESSURE_OUTPUT,OUTPUT_DEMAND,FITNESS
0.645164954906291,9.350413933477803,1.0,218.9489150841784
