EMITTER_COEFFICIENT_SOLUTION,PRESSURE_OUTPUT,OUTPUT_DEMAND,FITNESS
0.18907880220199647,9.364718047438188,1.0,102.68164902256086
