EMITTER_COEFFICIENT_SOLUTION,PRESSURE_OUTPUT,OUTPUT_DEMAND,FITNESS
0.14281071536637557,9.366162169445253,1.0,89.42175880287176
