EMITTER_COEFFICIENT_SOLUTION,PRESSURE_OUTPUT,OUTPUT_DEMAND,FITNESS
0.15926977639039852,9.334141685636347,1.0,47.98574262171559
