EMITTER_COEFFICIENT_SOLUTION,PRESSURE_OUTPUT,OUTPUT_DEMAND,FITNESS
0.1333772268845197,9.366456449782127,1.0,87.12895467080793
