EMITTER_COEFFICIENT_SOLUTION,PRESSURE_OUTPUT,OUTPUT_DEMAND,FITNESS
0.5189420062434498,9.354385087125642,1.0,1677.5095830092853
