EMITTER_COEFFICIENT_SOLUTION,PRESSURE_OUTPUT,OUTPUT_DEMAND,FITNESS
0.20391247216673292,9.332721300797317,1.0,44.92381527793681
