EMITTER_COEFFICIENT_SOLUTION,PRESSURE_OUTPUT,OUTPUT_DEMAND,FITNESS
0.4079636801135833,9.357868761026971,1.0,346.0743943358817
