EMITTER_COEFFICIENT_SOLUTION,PRESSURE_OUTPUT,OUTPUT_DEMAND,FITNESS
0.7819895381021311,9.3460985173095,1.0,112.5784891979878
