EMITTER_COEFFICIENT_SOLUTION,PRESSURE_OUTPUT,OUTPUT_DEMAND,FITNESS
0.011898494866647402,9.370241218700968,1.0,65.52216998060757
