EMITTER_COEFFICIENT_SOLUTION,PRESSURE_OUTPUT,OUTPUT_DEMAND,FITNESS
0.15417903452039106,9.365807460298669,1.0,92.35101437722639
