EMITTER_COEFFICIENT_SOLUTION,PRESSURE_OUTPUT,OUTPUT_DEMAND,FITNESS
0.19959839558865577,9.364389529545043,1.0,106.26630466790736
