EMITTER_COEFFICIENT_SOLUTION,PRESSURE_OUTPUT,OUTPUT_DEMAND,FITNESS
0.05809005695931013,9.368803132006363,1.0,72.33836536667786
