EMITTER_COEFFICIENT_SOLUTION,PRESSURE_OUTPUT,OUTPUT_DEMAND,FITNESS
0.5142761017363318,9.354531700864186,1.0,2224.6543018244574
