EMITTER_COEFFICIENT_SOLUTION,PRESSURE_OUTPUT,OUTPUT_DEMAND,FITNESS
0.3892909901501507,9.358454183160163,1.0,287.7719162785151
