EMITTER_COEFFICIENT_SOLUTION,PRESSURE_OUTPUT,OUTPUT_DEMAND,FITNESS
0.2896876071026935,9.329988926005882,1.0,40.01235117164764
