EMITTER_COEFFICIENT_SOLUTION,PRESSURE_OUTPUT,OUTPUT_DEMAND,FITNESS
0.3390426233216468,9.360028521432355,1.0,198.0467627773262
