EMITTER_COEFFICIENT_SOLUTION,PRESSURE_OUTPUT,OUTPUT_DEMAND,FITNESS
0.4218381273735867,9.325770805801852,1.0,34.23437863620176
