EMITTER_COEFFICIENT_SOLUTION,PRESSURE_OUTPUT,OUTPUT_DEMAND,FITNESS
0.43994525877891166,9.356865596463777,1.0,530.1137595681978
