EMITTER_COEFFICIENT_SOLUTION,PRESSURE_OUTPUT,OUTPUT_DEMAND,FITNESS
0.7543224330350422,9.34697202946537,1.0,124.8567356184806
