EMITTER_COEFFICIENT_SOLUTION,PRESSURE_OUTPUT,OUTPUT_DEMAND,FITNESS
0.7051867121553215,9.348522232090758,1.0,154.82328370733376
