EMITTER_COEFFICIENT_SOLUTION,PRESSURE_OUTPUT,OUTPUT_DEMAND,FITNESS
0.554188585083494,9.353277136266911,1.0,586.8294442256514
