EMITTER_COEFFICIENT_SOLUTION,PRESSURE_OUTPUT,OUTPUT_DEMAND,FITNESS
0.2139167895695473,9.363942271389092,1.0,111.56900913501633
