EMITTER_COEFFICIENT_SOLUTION,PRESSURE_OUTPUT,OUTPUT_DEMAND,FITNESS
0.15062294723491654,9.365918424089607,1.0,91.41423614581579
