EMITTER_COEFFICIENT_SOLUTION,PRESSURE_OUTPUT,OUTPUT_DEMAND,FITNESS
0.4208905827727003,9.357463357255071,1.0,402.5524484350047
