EMITTER_COEFFICIENT_SOLUTION,PRESSURE_OUTPUT,OUTPUT_DEMAND,FITNESS
0.157889964019176,9.36569165670705,1.0,93.34934635080063
