EMITTER_COEFFICIENT_SOLUTION,PRESSURE_OUTPUT,OUTPUT_DEMAND,FITNESS
0.21819831437359039,9.332266524214468,1.0,44.024383941880174
