EMITTER_COEFFICIENT_SOLUTION,PRESSURE_OUTPUT,OUTPUT_DEMAND,FITNESS
0.017423776516665823,9.370069267372706,1.0,66.26879559402137
