EMITTER_COEFFICIENT_SOLUTION,PRESSURE_OUTPUT,OUTPUT_DEMAND,FITNESS
0.23485259420188898,9.363288085793954,1.0,120.35320941003006
