EMITTER_COEFFICIENT_SOLUTION,PRESSURE_OUTPUT,OUTPUT_DEMAND,FITNESS
0.030604260951291096,9.369659005358592,1.0,68.1208355485266
