EMITTER_COEFFICIENT_SOLUTION,PRESSURE_OUTPUT,OUTPUT_DEMAND,FITNESS
0.3469559704651872,9.359780687721262,1.0,208.26916843242714
