EMITTER_COEFFICIENT_SOLUTION,PRESSURE_OUTPUT,OUTPUT_DEMAND,FITNESS
0.6599018956577287,9.349949669059619,1.0,198.7463143362203
