EMITTER_COEFFICIENT_SOLUTION,PRESSURE_OUTPUT,OUTPUT_DEMAND,FITNESS
0.1436368535280208,9.366136395279177,1.0,89.62833160583583
