EMITTER_COEFFICIENT_SOLUTION,PRESSURE_OUTPUT,OUTPUT_DEMAND,FITNESS
0.14375627616885045,9.366132669453144,1.0,89.65827205076204
