EMITTER_COEFFICIENT_SOLUTION,PRESSURE_OUTPUT,OUTPUT_DEMAND,FITNESS
0.19623102506057055,9.332965782926323,1.0,45.42269592699163
