EMITTER_COEFFICIENT_SOLUTION,PRESSURE_OUTPUT,OUTPUT_DEMAND,FITNESS
0.4868550958973106,9.355393070738984,1.0,2416.26533656507
