EMITTER_COEFFICIENT_SOLUTION,PRESSURE_OUTPUT,OUTPUT_DEMAND,FITNESS
0.03146805370460948,9.369632114872516,1.0,68.24584845614058
