EMITTER_COEFFICIENT_SOLUTION,PRESSURE_OUTPUT,OUTPUT_DEMAND,FITNESS
0.30301311622551164,9.361156434609484,1.0,161.88497038632747
