EMITTER_COEFFICIENT_SOLUTION,PRESSURE_OUTPUT,OUTPUT_DEMAND,FITNESS
0.46841645121861464,9.324281630820764,1.0,32.57373756759174
