EMITTER_COEFFICIENT_SOLUTION,PRESSURE_OUTPUT,OUTPUT_DEMAND,FITNESS
0.34763043722081255,9.359759562735867,1.0,209.18953610777933
