EMITTER_COEFFICIENT_SOLUTION,PRESSURE_OUTPUT,OUTPUT_DEMAND,FITNESS
0.2461351522723636,9.362935428006864,1.0,125.68784084290387
