EMITTER_COEFFICIENT_SOLUTION,PRESSURE_OUTPUT,OUTPUT_DEMAND,FITNESS
0.42877191439395923,9.325549203253154,1.0,33.97661755636717
