EMITTER_COEFFICIENT_SOLUTION,PRESSURE_OUTPUT,OUTPUT_DEMAND,FITNESS
0.11873145372505878,9.33543046585769,1.0,51.14895109123715
