EMITTER_COEFFICIENT_SOLUTION,PRESSURE_OUTPUT,OUTPUT_DEMAND,FITNESS
0.29668392350814465,9.36135449120507,1.0,156.85579918893853
