EMITTER_COEFFICIENT_SOLUTION,PRESSURE_OUTPUT,OUTPUT_DEMAND,FITNESS
0.1738842741899409,9.333676829204954,1.0,46.93870528078569
