EMITTER_COEFFICIENT_SOLUTION,PRESSURE_OUTPUT,OUTPUT_DEMAND,FITNESS
0.8121692976722961,9.345145156605568,1.0,101.66680385656582
