EMITTER_COEFFICIENT_SOLUTION,PRESSURE_OUTPUT,OUTPUT_DEMAND,FITNESS
0.30489153917592016,9.329504152315678,1.0,39.25100203140969
