EMITTER_COEFFICIENT_SOLUTION,PRESSURE_OUTPUT,OUTPUT_DEMAND,FITNESS
0.028616094077176024,9.369720896703164,1.0,67.83483776023965
