EMITTER_COEFFICIENT_SOLUTION,PRESSURE_OUTPUT,OUTPUT_DEMAND,FITNESS
0.8252418238891028,9.344732035434014,1.0,97.56884325220555
