EMITTER_COEFFICIENT_SOLUTION,PRESSURE_OUTPUT,OUTPUT_DEMAND,FITNESS
0.19676016151213505,9.33294894288941,1.0,45.3879777606658
