EMITTER_COEFFICIENT_SOLUTION,PRESSURE_OUTPUT,OUTPUT_DEMAND,FITNESS
0.28143147099795085,9.361831680564784,1.0,145.93274512687827
