EMITTER_COEFFICIENT_SOLUTION,PRESSURE_OUTPUT,OUTPUT_DEMAND,FITNESS
0.4589263410303124,9.324585146061146,1.0,32.89899764611871
