EMITTER_COEFFICIENT_SOLUTION,PRESSURE_OUTPUT,OUTPUT_DEMAND,FITNESS
0.48221593907277915,9.323840197926607,1.0,32.11199535706278
