EMITTER_COEFFICIENT_SOLUTION,PRESSURE_OUTPUT,OUTPUT_DEMAND,FITNESS
0.4936635450738538,9.323473915066216,1.0,31.738682638684928
