EMITTER_COEFFICIENT_SOLUTION,PRESSURE_OUTPUT,OUTPUT_DEMAND,FITNESS
0.4507713210256883,9.356525877223838,1.0,646.5510341027041
