EMITTER_COEFFICIENT_SOLUTION,PRESSURE_OUTPUT,OUTPUT_DEMAND,FITNESS
0.1943384826098138,9.333026012704586,1.0,45.54730419187135
