EMITTER_COEFFICIENT_SOLUTION,PRESSURE_OUTPUT,OUTPUT_DEMAND,FITNESS
0.2979812243060447,9.361313897311014,1.0,157.86096113025613
