EMITTER_COEFFICIENT_SOLUTION,PRESSURE_OUTPUT,OUTPUT_DEMAND,FITNESS
0.06710466263973913,9.368522329153947,1.0,73.83822795099304
