EMITTER_COEFFICIENT_SOLUTION,PRESSURE_OUTPUT,OUTPUT_DEMAND,FITNESS
0.6465975193809081,9.350368808436734,1.0,216.80684636095825
