EMITTER_COEFFICIENT_SOLUTION,PRESSURE_OUTPUT,OUTPUT_DEMAND,FITNESS
0.4047663208783847,9.357969018759789,1.0,334.46943085497827
