EMITTER_COEFFICIENT_SOLUTION,PRESSURE_OUTPUT,OUTPUT_DEMAND,FITNESS
0.06398309993026019,9.33716946859586,1.0,56.14274532195069
