EMITTER_COEFFICIENT_SOLUTION,PRESSURE_OUTPUT,OUTPUT_DEMAND,FITNESS
0.10398593381134669,9.367372975678009,1.0,80.68572036528948
