EMITTER_COEFFICIENT_SOLUTION,PRESSURE_OUTPUT,OUTPUT_DEMAND,FITNESS
0.03134664911651508,9.369635894311365,1.0,68.22825027457274
