EMITTER_COEFFICIENT_SOLUTION,PRESSURE_OUTPUT,OUTPUT_DEMAND,FITNESS
0.014311890659705062,9.338745672533918,1.0,61.59328383445455
