EMITTER_COEFFICIENT_SOLUTION,PRESSURE_OUTPUT,OUTPUT_DEMAND,FITNESS
0.284742216284835,9.3617281122119,1.0,148.17222217383906
