EMITTER_COEFFICIENT_SOLUTION,PRESSURE_OUTPUT,OUTPUT_DEMAND,FITNESS
0.12591299739739914,9.335202223309402,1.0,50.55871015688451
