EMITTER_COEFFICIENT_SOLUTION,PRESSURE_OUTPUT,OUTPUT_DEMAND,FITNESS
0.649421700764234,9.350279844600934,1.0,212.70421414050108
