EMITTER_COEFFICIENT_SOLUTION,PRESSURE_OUTPUT,OUTPUT_DEMAND,FITNESS,NODE
0.7897522877909978,28.880308787430245,1.2,11.13672861951202,N10
