EMITTER_COEFFICIENT_SOLUTION,PRESSURE_OUTPUT,OUTPUT_DEMAND,FITNESS,NODE
0.1763301489067205,28.951212750131113,1.2,52.94082920181563,N10
