EMITTER_COEFFICIENT_SOLUTION,PRESSURE_OUTPUT,OUTPUT_DEMAND,FITNESS,NODE
0.4315364596925758,28.922683403186213,1.2,21.088877927311977,N10
