EMITTER_COEFFICIENT_SOLUTION,PRESSURE_OUTPUT,OUTPUT_DEMAND,FITNESS,NODE
0.6312119885261583,28.899394869279824,1.2,14.142892559361833,N10
