EMITTER_COEFFICIENT_SOLUTION,PRESSURE_OUTPUT,OUTPUT_DEMAND,FITNESS,NODE
0.9053250032726782,28.866067203921673,1.2,9.612190502853744,N10
