EMITTER_COEFFICIENT_SOLUTION,PRESSURE_OUTPUT,OUTPUT_DEMAND,FITNESS,NODE
0.27031726647855814,28.940868838990852,1.2,34.20800472525756,N10
