EMITTER_COEFFICIENT_SOLUTION,PRESSURE_OUTPUT,OUTPUT_DEMAND,FITNESS,NODE
0.15291841463954248,28.953759609462402,1.2,61.191445938765426,N10
