EMITTER_COEFFICIENT_SOLUTION,PRESSURE_OUTPUT,OUTPUT_DEMAND,FITNESS,NODE
0.21443185081240912,28.94704241700439,1.2,43.36636448989805,N10
