EMITTER_COEFFICIENT_SOLUTION,PRESSURE_OUTPUT,OUTPUT_DEMAND,FITNESS,NODE
0.07776377383312372,28.961854719657012,1.2,121.25557824322026,N10
