EMITTER_COEFFICIENT_SOLUTION,PRESSURE_OUTPUT,OUTPUT_DEMAND,FITNESS,NODE
0.5672934039447305,28.90694126468395,1.2,15.832680676727275,N10
