EMITTER_COEFFICIENT_SOLUTION,PRESSURE_OUTPUT,OUTPUT_DEMAND,FITNESS,NODE
0.48984634564500096,28.915969653563877,1.2,18.473324092508165,N10
