EMITTER_COEFFICIENT_SOLUTION,PRESSURE_OUTPUT,OUTPUT_DEMAND,FITNESS,NODE
0.3127405877708641,28.936137468892483,1.2,29.442684694253987,N10
