EMITTER_COEFFICIENT_SOLUTION,PRESSURE_OUTPUT,OUTPUT_DEMAND,FITNESS,NODE
0.579997121562705,28.905448261777487,1.2,15.467066474113295,N10
