EMITTER_COEFFICIENT_SOLUTION,PRESSURE_OUTPUT,OUTPUT_DEMAND,FITNESS,NODE
0.2795084138713374,28.93984705028943,1.2,33.052701974577516,N10
