EMITTER_COEFFICIENT_SOLUTION,PRESSURE_OUTPUT,OUTPUT_DEMAND,FITNESS,NODE
0.7690548950680841,28.882830124509283,1.2,11.458476295137029,N10
