EMITTER_COEFFICIENT_SOLUTION,PRESSURE_OUTPUT,OUTPUT_DEMAND,FITNESS,NODE
0.17782873477357086,28.95104932034524,1.2,52.486708511250505,N10
