EMITTER_COEFFICIENT_SOLUTION,PRESSURE_OUTPUT,OUTPUT_DEMAND,FITNESS,NODE
0.5310139437538542,28.91118629847761,1.2,16.973472235441793,N10
