EMITTER_COEFFICIENT_SOLUTION,PRESSURE_OUTPUT,OUTPUT_DEMAND,FITNESS,NODE
0.20338462068435958,28.948254802536745,1.2,45.77295799165371,N10
