EMITTER_COEFFICIENT_SOLUTION,PRESSURE_OUTPUT,OUTPUT_DEMAND,FITNESS,NODE
0.7072628817606167,28.89030468694461,1.2,12.531787509009527,N10
