EMITTER_COEFFICIENT_SOLUTION,PRESSURE_OUTPUT,OUTPUT_DEMAND,FITNESS,NODE
0.6625484303048269,28.895663930222028,1.2,13.434028957005372,N10
