EMITTER_COEFFICIENT_SOLUTION,PRESSURE_OUTPUT,OUTPUT_DEMAND,FITNESS,NODE
0.03507052749872985,28.966398331579157,1.2,270.01985650258644,N10
