EMITTER_COEFFICIENT_SOLUTION,PRESSURE_OUTPUT,OUTPUT_DEMAND,FITNESS,NODE
0.6914260179914528,28.892207580077738,1.2,12.83792914277078,N10
