EMITTER_COEFFICIENT_SOLUTION,PRESSURE_OUTPUT,OUTPUT_DEMAND,FITNESS,NODE
0.48207075992488047,28.916869092667653,1.2,18.7854562847477,N10
