EMITTER_COEFFICIENT_SOLUTION,PRESSURE_OUTPUT,OUTPUT_DEMAND,FITNESS,NODE
0.08124944325184635,28.961481995834525,1.2,116.01241538772815,N10
