EMITTER_COEFFICIENT_SOLUTION,PRESSURE_OUTPUT,OUTPUT_DEMAND,FITNESS,NODE
0.7243587441818607,28.888244656169007,1.2,12.21641027463579,N10
