EMITTER_COEFFICIENT_SOLUTION,PRESSURE_OUTPUT,OUTPUT_DEMAND,FITNESS,NODE
0.5433317908202103,28.909748105615883,1.2,16.56900417671985,N10
