EMITTER_COEFFICIENT_SOLUTION,PRESSURE_OUTPUT,OUTPUT_DEMAND,FITNESS,NODE
0.39658907778332575,28.926672593372956,1.2,23.025998663188595,N10
