EMITTER_COEFFICIENT_SOLUTION,PRESSURE_OUTPUT,OUTPUT_DEMAND,FITNESS,NODE
0.20529287690160503,28.948045568413157,1.2,45.33873690491139,N10
