EMITTER_COEFFICIENT_SOLUTION,PRESSURE_OUTPUT,OUTPUT_DEMAND,FITNESS,NODE
0.9166500221533792,28.864656877557564,1.2,9.483627361682448,N10
