EMITTER_COEFFICIENT_SOLUTION,PRESSURE_OUTPUT,OUTPUT_DEMAND,FITNESS,NODE
0.6995034653626019,28.89123767976954,1.2,12.680043436954598,N10
