EMITTER_COEFFICIENT_SOLUTION,PRESSURE_OUTPUT,OUTPUT_DEMAND,FITNESS,NODE
0.5927910155287824,28.90394123251125,1.2,15.114751858521801,N10
