EMITTER_COEFFICIENT_SOLUTION,PRESSURE_OUTPUT,OUTPUT_DEMAND,FITNESS,NODE
0.06192505274730287,28.963545010081894,1.2,152.51451812377132,N10
