EMITTER_COEFFICIENT_SOLUTION,PRESSURE_OUTPUT,OUTPUT_DEMAND,FITNESS,NODE
0.14951078594661593,28.954129317493717,1.2,62.6078207269366,N10
