EMITTER_COEFFICIENT_SOLUTION,PRESSURE_OUTPUT,OUTPUT_DEMAND,FITNESS,NODE
0.2347275833552781,28.944808178381848,1.2,39.53571698695649,N10
