EMITTER_COEFFICIENT_SOLUTION,PRESSURE_OUTPUT,OUTPUT_DEMAND,FITNESS,NODE
0.22197542778318435,28.946213025362418,1.2,41.86073029053599,N10
