EMITTER_COEFFICIENT_SOLUTION,PRESSURE_OUTPUT,OUTPUT_DEMAND,FITNESS,NODE
0.5085675245534683,28.913798837900018,1.2,17.761066580357856,N10
