EMITTER_COEFFICIENT_SOLUTION,PRESSURE_OUTPUT,OUTPUT_DEMAND,FITNESS,NODE
0.5185793824700943,28.912634871827024,1.2,17.401324152579036,N10
