EMITTER_COEFFICIENT_SOLUTION,PRESSURE_OUTPUT,OUTPUT_DEMAND,FITNESS,NODE
0.8019403098207788,28.878819905057654,1.2,10.955079392407068,N10
