EMITTER_COEFFICIENT_SOLUTION,PRESSURE_OUTPUT,OUTPUT_DEMAND,FITNESS,NODE
0.43784632100248266,28.921960373031595,1.2,20.772146426561335,N10
