EMITTER_COEFFICIENT_SOLUTION,PRESSURE_OUTPUT,OUTPUT_DEMAND,FITNESS,NODE
0.20032815782516755,28.948589769542203,1.2,46.48569671363418,N10
