EMITTER_COEFFICIENT_SOLUTION,PRESSURE_OUTPUT,OUTPUT_DEMAND,FITNESS,NODE
0.34293324593632823,28.932746629606932,1.2,26.770082482157676,N10
