EMITTER_COEFFICIENT_SOLUTION,PRESSURE_OUTPUT,OUTPUT_DEMAND,FITNESS,NODE
0.2953330050636681,28.93808357076982,1.2,31.232244319713605,N10
