EMITTER_COEFFICIENT_SOLUTION,PRESSURE_OUTPUT,OUTPUT_DEMAND,FITNESS,NODE
0.38987303403512363,28.927436239373094,1.2,23.43812794967925,N10
