EMITTER_COEFFICIENT_SOLUTION,PRESSURE_OUTPUT,OUTPUT_DEMAND,FITNESS,NODE
0.26229410761495353,28.94175928768052,1.2,35.282733475066685,N10
