EMITTER_COEFFICIENT_SOLUTION,PRESSURE_OUTPUT,OUTPUT_DEMAND,FITNESS,NODE
0.7758948406848593,28.881997870468105,1.2,11.350236319164708,N10
