EMITTER_COEFFICIENT_SOLUTION,PRESSURE_OUTPUT,OUTPUT_DEMAND,FITNESS,NODE
0.7621326625268493,28.883671403465918,1.2,11.570008574335747,N10
