EMITTER_COEFFICIENT_SOLUTION,PRESSURE_OUTPUT,OUTPUT_DEMAND,FITNESS,NODE
0.6256899892164937,28.90005019289368,1.2,14.275197537801452,N10
