EMITTER_COEFFICIENT_SOLUTION,PRESSURE_OUTPUT,OUTPUT_DEMAND,FITNESS,NODE
0.26222190565530334,28.941767294705343,1.2,35.29270400709299,N10
