EMITTER_COEFFICIENT_SOLUTION,PRESSURE_OUTPUT,OUTPUT_DEMAND,FITNESS,NODE
0.34226012592504274,28.932822438378054,1.2,26.82452035303068,N10
