EMITTER_COEFFICIENT_SOLUTION,PRESSURE_OUTPUT,OUTPUT_DEMAND,FITNESS,NODE
0.015245451009347044,28.968494600193495,1.2,622.2145285691261,N10
