EMITTER_COEFFICIENT_SOLUTION,PRESSURE_OUTPUT,OUTPUT_DEMAND,FITNESS,NODE
0.27242455791482956,28.940634731809368,1.2,33.93623185680772,N10
