EMITTER_COEFFICIENT_SOLUTION,PRESSURE_OUTPUT,OUTPUT_DEMAND,FITNESS,NODE
0.20594935349104182,28.947973569654856,1.2,45.191217732398975,N10
