EMITTER_COEFFICIENT_SOLUTION,PRESSURE_OUTPUT,OUTPUT_DEMAND,FITNESS,NODE
0.5186558529153732,28.912625973321262,1.2,17.398630048082097,N10
