EMITTER_COEFFICIENT_SOLUTION,PRESSURE_OUTPUT,OUTPUT_DEMAND,FITNESS,NODE
0.629291138766629,28.899622898679937,1.2,14.188650891889008,N10
