EMITTER_COEFFICIENT_SOLUTION,PRESSURE_OUTPUT,OUTPUT_DEMAND,FITNESS,NODE
0.8307052982952429,28.875293813143685,1.2,10.547638698325859,N10
