EMITTER_COEFFICIENT_SOLUTION,PRESSURE_OUTPUT,OUTPUT_DEMAND,FITNESS,NODE
0.33979934085823216,28.933099496736325,1.2,27.025371769345682,N10
