EMITTER_COEFFICIENT_SOLUTION,PRESSURE_OUTPUT,OUTPUT_DEMAND,FITNESS,NODE
0.07965243053514282,28.96165279794063,1.2,118.35769258134415,N10
