EMITTER_COEFFICIENT_SOLUTION,PRESSURE_OUTPUT,OUTPUT_DEMAND,FITNESS,NODE
0.5683667368823603,28.906815252632818,1.2,15.80115565570987,N10
