EMITTER_COEFFICIENT_SOLUTION,PRESSURE_OUTPUT,OUTPUT_DEMAND,FITNESS,NODE
0.8371509343020552,28.874501346068378,1.2,10.460205435316364,N10
