EMITTER_COEFFICIENT_SOLUTION,PRESSURE_OUTPUT,OUTPUT_DEMAND,FITNESS,NODE
0.33625404110834756,28.93349843199855,1.2,27.319918016949078,N10
