EMITTER_COEFFICIENT_SOLUTION,PRESSURE_OUTPUT,OUTPUT_DEMAND,FITNESS,NODE
0.4384419697516756,28.921892075526422,1.2,20.742719026081467,N10
