EMITTER_COEFFICIENT_SOLUTION,PRESSURE_OUTPUT,OUTPUT_DEMAND,FITNESS,NODE
0.33599329012717083,28.93352776240568,1.2,27.341827141105043,N10
