EMITTER_COEFFICIENT_SOLUTION,PRESSURE_OUTPUT,OUTPUT_DEMAND,FITNESS,NODE
0.37992493979509334,28.928565616872987,1.2,24.075416115851183,N10
