EMITTER_COEFFICIENT_SOLUTION,PRESSURE_OUTPUT,OUTPUT_DEMAND,FITNESS,NODE
0.3523549840193875,28.931684507764167,1.2,26.029970019165766,N10
