EMITTER_COEFFICIENT_SOLUTION,PRESSURE_OUTPUT,OUTPUT_DEMAND,FITNESS,NODE
0.06520772299438715,28.963195138478994,1.2,144.788529928669,N10
