EMITTER_COEFFICIENT_SOLUTION,PRESSURE_OUTPUT,OUTPUT_DEMAND,FITNESS,NODE
0.16492144748151094,28.952455339520696,1.2,56.668707148674436,N10
