EMITTER_COEFFICIENT_SOLUTION,PRESSURE_OUTPUT,OUTPUT_DEMAND,FITNESS,NODE
0.4422733053184963,28.92145259171747,1.2,20.555334761565412,N10
