EMITTER_COEFFICIENT_SOLUTION,PRESSURE_OUTPUT,OUTPUT_DEMAND,FITNESS,NODE
0.9312817205661729,28.862830869093763,1.2,9.322193227857126,N10
