EMITTER_COEFFICIENT_SOLUTION,PRESSURE_OUTPUT,OUTPUT_DEMAND,FITNESS,NODE
0.24037745608375805,28.944184631401065,1.2,38.58451693074774,N10
