EMITTER_COEFFICIENT_SOLUTION,PRESSURE_OUTPUT,OUTPUT_DEMAND,FITNESS,NODE
0.13250365697962663,28.955970716198635,1.2,70.76616612441802,N10
