EMITTER_COEFFICIENT_SOLUTION,PRESSURE_OUTPUT,OUTPUT_DEMAND,FITNESS,NODE
0.8049921692768381,28.878446610483095,1.2,10.910461369391646,N10
