EMITTER_COEFFICIENT_SOLUTION,PRESSURE_OUTPUT,OUTPUT_DEMAND,FITNESS,NODE
0.4610117685819052,28.919298655219926,1.2,19.68383520643953,N10
