EMITTER_COEFFICIENT_SOLUTION,PRESSURE_OUTPUT,OUTPUT_DEMAND,FITNESS,NODE
0.28038946037918533,28.939749008758263,1.2,32.94593942205165,N10
