EMITTER_COEFFICIENT_SOLUTION,PRESSURE_OUTPUT,OUTPUT_DEMAND,FITNESS,NODE
0.702960141084184,28.890822203708318,1.2,12.613591825019697,N10
