EMITTER_COEFFICIENT_SOLUTION,PRESSURE_OUTPUT,OUTPUT_DEMAND,FITNESS,NODE
0.3997013387223346,28.926318388509372,1.2,22.83971971999105,N10
