EMITTER_COEFFICIENT_SOLUTION,PRESSURE_OUTPUT,OUTPUT_DEMAND,FITNESS,NODE
0.8645153351412959,28.87112745649039,1.2,10.103632306654122,N10
