EMITTER_COEFFICIENT_SOLUTION,PRESSURE_OUTPUT,OUTPUT_DEMAND,FITNESS,NODE
0.38446807936762617,28.928050109732858,1.2,23.78027792346632,N10
