EMITTER_COEFFICIENT_SOLUTION,PRESSURE_OUTPUT,OUTPUT_DEMAND,FITNESS,NODE
0.06322273599284955,28.963406729393157,1.2,149.36444986570712,N10
