EMITTER_COEFFICIENT_SOLUTION,PRESSURE_OUTPUT,OUTPUT_DEMAND,FITNESS,NODE
0.8138013239102425,28.877368020291534,1.2,10.783561318940603,N10
