EMITTER_COEFFICIENT_SOLUTION,PRESSURE_OUTPUT,OUTPUT_DEMAND,FITNESS,NODE
0.04569214017423506,28.965271665151874,1.2,207.03514657660384,N10
