EMITTER_COEFFICIENT_SOLUTION,PRESSURE_OUTPUT,OUTPUT_DEMAND,FITNESS,NODE
0.4757191857155315,28.91760285954711,1.2,19.048016924130163,N10
