EMITTER_COEFFICIENT_SOLUTION,PRESSURE_OUTPUT,OUTPUT_DEMAND,FITNESS,NODE
0.11946502892175259,28.957378171479803,1.2,78.59416144204388,N10
