EMITTER_COEFFICIENT_SOLUTION,PRESSURE_OUTPUT,OUTPUT_DEMAND,FITNESS,NODE
0.5528174959967606,28.908638404888997,1.2,16.26985625238184,N10
