EMITTER_COEFFICIENT_SOLUTION,PRESSURE_OUTPUT,OUTPUT_DEMAND,FITNESS,NODE
0.8767593148015301,28.869612842842038,1.2,9.951345871718864,N10
