EMITTER_COEFFICIENT_SOLUTION,PRESSURE_OUTPUT,OUTPUT_DEMAND,FITNESS,NODE
0.8741590370871241,28.869934762285865,1.2,9.983327779013521,N10
