EMITTER_COEFFICIENT_SOLUTION,PRESSURE_OUTPUT,OUTPUT_DEMAND,FITNESS,NODE
0.009565501212185468,28.96909359758625,1.2,991.9007960952924,N10
