EMITTER_COEFFICIENT_SOLUTION,PRESSURE_OUTPUT,OUTPUT_DEMAND,FITNESS,NODE
0.6704662015326904,28.89471798637466,1.2,13.265453732744255,N10
