EMITTER_COEFFICIENT_SOLUTION,PRESSURE_OUTPUT,OUTPUT_DEMAND,FITNESS,NODE
0.055849952739641995,28.964191879976305,1.2,169.20808906698414,N10
