EMITTER_COEFFICIENT_SOLUTION,PRESSURE_OUTPUT,OUTPUT_DEMAND,FITNESS,NODE
0.3391642851445348,28.933170976242195,1.2,27.077679353170627,N10
