EMITTER_COEFFICIENT_SOLUTION,PRESSURE_OUTPUT,OUTPUT_DEMAND,FITNESS,NODE
0.8962983085515018,28.867189429991598,1.2,9.717008365437644,N10
