EMITTER_COEFFICIENT_SOLUTION,PRESSURE_OUTPUT,OUTPUT_DEMAND,FITNESS,NODE
0.24981117170997746,28.943141945950977,1.2,37.09223994517766,N10
