EMITTER_COEFFICIENT_SOLUTION,PRESSURE_OUTPUT,OUTPUT_DEMAND,FITNESS,NODE
0.4155431926321459,28.924512236542007,1.2,21.934862662216595,N10
