EMITTER_COEFFICIENT_SOLUTION,PRESSURE_OUTPUT,OUTPUT_DEMAND,FITNESS,NODE
0.3197045822293355,28.935357099180983,1.2,28.781398128601726,N10
