EMITTER_COEFFICIENT_SOLUTION,PRESSURE_OUTPUT,OUTPUT_DEMAND,FITNESS,NODE
0.1999149112380113,28.948635042961406,1.2,46.58373527928713,N10
