EMITTER_COEFFICIENT_SOLUTION,PRESSURE_OUTPUT,OUTPUT_DEMAND,FITNESS,NODE
0.05217427686136655,28.96458286907101,1.2,181.19572994876637,N10
