EMITTER_COEFFICIENT_SOLUTION,PRESSURE_OUTPUT,OUTPUT_DEMAND,FITNESS,NODE
0.27626843916057753,28.94020744615932,1.2,33.45117427868026,N10
