EMITTER_COEFFICIENT_SOLUTION,PRESSURE_OUTPUT,OUTPUT_DEMAND,FITNESS,NODE
0.5269785173648348,28.911656766120508,1.2,17.110104452249246,N10
