EMITTER_COEFFICIENT_SOLUTION,PRESSURE_OUTPUT,OUTPUT_DEMAND,FITNESS,NODE
0.02312511652664273,28.967662449618672,1.2,409.9514393144177,N10
