EMITTER_COEFFICIENT_SOLUTION,PRESSURE_OUTPUT,OUTPUT_DEMAND,FITNESS,NODE
0.1994570109150734,28.948685204121936,1.2,46.69284217387071,N10
