EMITTER_COEFFICIENT_SOLUTION,PRESSURE_OUTPUT,OUTPUT_DEMAND,FITNESS,NODE
0.3892396039536886,28.927508213738882,1.2,23.477733580737453,N10
