EMITTER_COEFFICIENT_SOLUTION,PRESSURE_OUTPUT,OUTPUT_DEMAND,FITNESS,NODE
0.7634805915050161,28.883507663656673,1.2,11.548130975134592,N10
