EMITTER_COEFFICIENT_SOLUTION,PRESSURE_OUTPUT,OUTPUT_DEMAND,FITNESS,NODE
0.41147118310821174,28.924977002378974,1.2,22.160782416273268,N10
