EMITTER_COEFFICIENT_SOLUTION,PRESSURE_OUTPUT,OUTPUT_DEMAND,FITNESS,NODE
0.2203294563014978,28.94639409949319,1.2,42.180453715551124,N10
