EMITTER_COEFFICIENT_SOLUTION,PRESSURE_OUTPUT,OUTPUT_DEMAND,FITNESS,NODE
0.0230845477139211,28.967666737479597,1.2,410.6733269491554,N10
