EMITTER_COEFFICIENT_SOLUTION,PRESSURE_OUTPUT,OUTPUT_DEMAND,FITNESS,NODE
0.7339121435680004,28.887090835289435,1.2,12.046606736112002,N10
