EMITTER_COEFFICIENT_SOLUTION,PRESSURE_OUTPUT,OUTPUT_DEMAND,FITNESS,NODE
0.7921249566112997,28.880019184387187,1.2,11.100925575789859,N10
