EMITTER_COEFFICIENT_SOLUTION,PRESSURE_OUTPUT,OUTPUT_DEMAND,FITNESS,NODE
0.24199202487792648,28.94400631327423,1.2,38.32085721702123,N10
