EMITTER_COEFFICIENT_SOLUTION,PRESSURE_OUTPUT,OUTPUT_DEMAND,FITNESS,NODE
0.2006801107060382,28.948551208267077,1.2,46.402517984871785,N10
