EMITTER_COEFFICIENT_SOLUTION,PRESSURE_OUTPUT,OUTPUT_DEMAND,FITNESS,NODE
0.08508735243774235,28.961071299512582,1.2,110.73628833481371,N10
