EMITTER_COEFFICIENT_SOLUTION,PRESSURE_OUTPUT,OUTPUT_DEMAND,FITNESS,NODE
0.36950984972737666,28.929745747597444,1.2,24.779453371097443,N10
