EMITTER_COEFFICIENT_SOLUTION,PRESSURE_OUTPUT,OUTPUT_DEMAND,FITNESS,NODE
0.4814714239139809,28.916938367588685,1.2,18.80993480032195,N10
