EMITTER_COEFFICIENT_SOLUTION,PRESSURE_OUTPUT,OUTPUT_DEMAND,FITNESS,NODE
0.5744194941462918,28.90610418969392,1.2,15.625592495864272,N10
