EMITTER_COEFFICIENT_SOLUTION,PRESSURE_OUTPUT,OUTPUT_DEMAND,FITNESS,NODE
0.7475552822821677,28.88543978409291,1.2,11.811677612784171,N10
