EMITTER_COEFFICIENT_SOLUTION,PRESSURE_OUTPUT,OUTPUT_DEMAND,FITNESS,NODE
0.29429341712136325,28.938199586814903,1.2,31.34582407843593,N10
