EMITTER_COEFFICIENT_SOLUTION,PRESSURE_OUTPUT,OUTPUT_DEMAND,FITNESS,NODE
0.08838225394975485,28.960718453737456,1.2,106.57221031927278,N10
