EMITTER_COEFFICIENT_SOLUTION,PRESSURE_OUTPUT,OUTPUT_DEMAND,FITNESS,NODE
0.17702061593498286,28.951137456609395,1.2,52.730639521930854,N10
