EMITTER_COEFFICIENT_SOLUTION,PRESSURE_OUTPUT,OUTPUT_DEMAND,FITNESS,NODE
0.4884203976307616,28.916134695606324,1.2,18.529819197590044,N10
