EMITTER_COEFFICIENT_SOLUTION,PRESSURE_OUTPUT,OUTPUT_DEMAND,FITNESS,NODE
0.6577004038855226,28.896242482257087,1.2,13.539259941142346,N10
