EMITTER_COEFFICIENT_SOLUTION,PRESSURE_OUTPUT,OUTPUT_DEMAND,FITNESS,NODE
0.3423513691410639,28.932812162864856,1.2,26.817128594672333,N10
