EMITTER_COEFFICIENT_SOLUTION,PRESSURE_OUTPUT,OUTPUT_DEMAND,FITNESS,NODE
0.7621635361766858,28.88366765350783,1.2,11.569506607605872,N10
