EMITTER_COEFFICIENT_SOLUTION,PRESSURE_OUTPUT,OUTPUT_DEMAND,FITNESS,NODE
0.6173631739104898,28.901037170320578,1.2,14.479199287517801,N10
