EMITTER_COEFFICIENT_SOLUTION,PRESSURE_OUTPUT,OUTPUT_DEMAND,FITNESS,NODE
0.3135451638344019,28.93604736304971,1.2,29.364781165554223,N10
