EMITTER_COEFFICIENT_SOLUTION,PRESSURE_OUTPUT,OUTPUT_DEMAND,FITNESS,NODE
0.3730545530488035,28.92934435835098,1.2,24.535419036211465,N10
