EMITTER_COEFFICIENT_SOLUTION,PRESSURE_OUTPUT,OUTPUT_DEMAND,FITNESS,NODE
0.17301495729793948,28.95157411853785,1.2,53.973402080610725,N10
