EMITTER_COEFFICIENT_SOLUTION,PRESSURE_OUTPUT,OUTPUT_DEMAND,FITNESS,NODE
0.17370266612098717,28.951499175285228,1.2,53.75596231439605,N10
