EMITTER_COEFFICIENT_SOLUTION,PRESSURE_OUTPUT,OUTPUT_DEMAND,FITNESS,NODE
0.9915825589228217,28.855259191646702,1.2,8.707572365261134,N10
