EMITTER_COEFFICIENT_SOLUTION,PRESSURE_OUTPUT,OUTPUT_DEMAND,FITNESS,NODE
0.9331438704729135,28.862598161502717,1.2,9.302013949203573,N10
