EMITTER_COEFFICIENT_SOLUTION,PRESSURE_OUTPUT,OUTPUT_DEMAND,FITNESS,NODE
0.699861273087388,28.891194684523967,1.2,12.673134277567437,N10
