EMITTER_COEFFICIENT_SOLUTION,PRESSURE_OUTPUT,OUTPUT_DEMAND,FITNESS,NODE
0.214182975582497,27.200015390585968,1.1,18.804180683067916,N16
