EMITTER_COEFFICIENT_SOLUTION,PRESSURE_OUTPUT,OUTPUT_DEMAND,FITNESS,NODE
0.23989514523679778,27.193573866603643,1.1,16.772560950657677,N16
