EMITTER_COEFFICIENT_SOLUTION,PRESSURE_OUTPUT,OUTPUT_DEMAND,FITNESS,NODE
0.5427264855277191,27.116805251835068,1.1,7.331926463216306,N16
