EMITTER_COEFFICIENT_SOLUTION,PRESSURE_OUTPUT,OUTPUT_DEMAND,FITNESS,NODE
0.13689670359361306,27.21930393149811,1.1,29.506251944388705,N16
