EMITTER_COEFFICIENT_SOLUTION,PRESSURE_OUTPUT,OUTPUT_DEMAND,FITNESS,NODE
0.42366067123624584,27.147185026367872,1.1,9.433069890524326,N16
