EMITTER_COEFFICIENT_SOLUTION,PRESSURE_OUTPUT,OUTPUT_DEMAND,FITNESS,NODE
0.2238210843824815,27.197602237665393,1.1,17.98793559054321,N16
