EMITTER_COEFFICIENT_SOLUTION,PRESSURE_OUTPUT,OUTPUT_DEMAND,FITNESS,NODE
0.19648244196121678,27.204442712418164,1.1,20.51183526802265,N16
