EMITTER_COEFFICIENT_SOLUTION,PRESSURE_OUTPUT,OUTPUT_DEMAND,FITNESS,NODE
0.9078467291265924,27.022105049246385,1.1,4.327318271301385,N16
