EMITTER_COEFFICIENT_SOLUTION,PRESSURE_OUTPUT,OUTPUT_DEMAND,FITNESS,NODE
0.18425780882129827,27.207496995359534,1.1,21.882767652961082,N16
