EMITTER_COEFFICIENT_SOLUTION,PRESSURE_OUTPUT,OUTPUT_DEMAND,FITNESS,NODE
0.9656945268707313,27.006892980017646,1.1,4.060055133616796,N16
