EMITTER_COEFFICIENT_SOLUTION,PRESSURE_OUTPUT,OUTPUT_DEMAND,FITNESS,NODE
0.3631921766077393,27.162516873965792,1.1,11.028011362058821,N16
