EMITTER_COEFFICIENT_SOLUTION,PRESSURE_OUTPUT,OUTPUT_DEMAND,FITNESS,NODE
0.9868316149552175,27.001320756091395,1.1,3.970234391512859,N16
