EMITTER_COEFFICIENT_SOLUTION,PRESSURE_OUTPUT,OUTPUT_DEMAND,FITNESS,NODE
0.8903924270199024,27.026683692193778,1.1,4.414789580129838,N16
