EMITTER_COEFFICIENT_SOLUTION,PRESSURE_OUTPUT,OUTPUT_DEMAND,FITNESS,NODE
0.6027376942451323,27.10139829447261,1.1,6.5877559108576484,N16
