EMITTER_COEFFICIENT_SOLUTION,PRESSURE_OUTPUT,OUTPUT_DEMAND,FITNESS,NODE
0.1963913235247563,27.204465488294474,1.1,20.521422363986744,N16
