EMITTER_COEFFICIENT_SOLUTION,PRESSURE_OUTPUT,OUTPUT_DEMAND,FITNESS,NODE
0.3317012891294432,27.170475327537204,1.1,12.089014826828908,N16
