EMITTER_COEFFICIENT_SOLUTION,PRESSURE_OUTPUT,OUTPUT_DEMAND,FITNESS,NODE
0.02095347931878966,27.248029701481663,1.1,193.59762791114417,N16
