EMITTER_COEFFICIENT_SOLUTION,PRESSURE_OUTPUT,OUTPUT_DEMAND,FITNESS,NODE
0.4321355838007722,27.145030964823277,1.1,9.245212596589395,N16
