EMITTER_COEFFICIENT_SOLUTION,PRESSURE_OUTPUT,OUTPUT_DEMAND,FITNESS,NODE
0.0046105302505836665,27.252058435752453,1.1,879.8028527758172,N16
