EMITTER_COEFFICIENT_SOLUTION,PRESSURE_OUTPUT,OUTPUT_DEMAND,FITNESS,NODE
0.46848267890707374,27.135778119284936,1.1,8.516659050938795,N16
