EMITTER_COEFFICIENT_SOLUTION,PRESSURE_OUTPUT,OUTPUT_DEMAND,FITNESS,NODE
0.30636672188429104,27.176864893841213,1.1,13.100981284107249,N16
