EMITTER_COEFFICIENT_SOLUTION,PRESSURE_OUTPUT,OUTPUT_DEMAND,FITNESS,NODE
0.31006963209906846,27.175931720205625,1.1,12.942749821263538,N16
