EMITTER_COEFFICIENT_SOLUTION,PRESSURE_OUTPUT,OUTPUT_DEMAND,FITNESS,NODE
0.9976255702135852,26.99847232030055,1.1,3.9258372638069403,N16
