EMITTER_COEFFICIENT_SOLUTION,PRESSURE_OUTPUT,OUTPUT_DEMAND,FITNESS,NODE
0.1484525299034537,27.216427006746407,1.1,27.197528124975282,N16
