EMITTER_COEFFICIENT_SOLUTION,PRESSURE_OUTPUT,OUTPUT_DEMAND,FITNESS,NODE
0.26189327415432717,27.18805314720359,1.1,15.351101138610222,N16
