EMITTER_COEFFICIENT_SOLUTION,PRESSURE_OUTPUT,OUTPUT_DEMAND,FITNESS,NODE
0.6313520804512589,27.094029900120162,1.1,6.282782226244263,N16
