EMITTER_COEFFICIENT_SOLUTION,PRESSURE_OUTPUT,OUTPUT_DEMAND,FITNESS,NODE
0.5577905476089531,27.112943759558704,1.1,7.130058968759158,N16
