EMITTER_COEFFICIENT_SOLUTION,PRESSURE_OUTPUT,OUTPUT_DEMAND,FITNESS,NODE
0.48925871687003764,27.13047862767648,1.1,8.148868327928387,N16
