EMITTER_COEFFICIENT_SOLUTION,PRESSURE_OUTPUT,OUTPUT_DEMAND,FITNESS,NODE
0.21432342135957616,27.199980238618416,1.1,18.79175925598709,N16
