EMITTER_COEFFICIENT_SOLUTION,PRESSURE_OUTPUT,OUTPUT_DEMAND,FITNESS,NODE
0.20583539588981892,27.202104039518957,1.1,19.572913351581615,N16
