EMITTER_COEFFICIENT_SOLUTION,PRESSURE_OUTPUT,OUTPUT_DEMAND,FITNESS,NODE
0.38496110623759017,27.157004910866604,1.1,10.396075597246933,N16
