EMITTER_COEFFICIENT_SOLUTION,PRESSURE_OUTPUT,OUTPUT_DEMAND,FITNESS,NODE
0.5149376303158448,27.123918187295402,1.1,7.735335990779064,N16
