EMITTER_COEFFICIENT_SOLUTION,PRESSURE_OUTPUT,OUTPUT_DEMAND,FITNESS,NODE
0.44628882398464753,27.14143078724696,1.1,8.947403573745035,N16
