EMITTER_COEFFICIENT_SOLUTION,PRESSURE_OUTPUT,OUTPUT_DEMAND,FITNESS,NODE
0.09584420115194237,27.22950390947124,1.1,42.20986443557697,N16
