EMITTER_COEFFICIENT_SOLUTION,PRESSURE_OUTPUT,OUTPUT_DEMAND,FITNESS,NODE
0.10866002661243501,27.226323014294614,1.1,37.21340136359037,N16
