EMITTER_COEFFICIENT_SOLUTION,PRESSURE_OUTPUT,OUTPUT_DEMAND,FITNESS,NODE
0.22662624352918725,27.196899570695514,1.1,17.763414413214008,N16
