EMITTER_COEFFICIENT_SOLUTION,PRESSURE_OUTPUT,OUTPUT_DEMAND,FITNESS,NODE
0.4769150388076012,27.133628141148044,1.1,8.363517765293187,N16
