EMITTER_COEFFICIENT_SOLUTION,PRESSURE_OUTPUT,OUTPUT_DEMAND,FITNESS,NODE
0.47939199536849597,27.132996357663714,1.1,8.319557784403985,N16
