EMITTER_COEFFICIENT_SOLUTION,PRESSURE_OUTPUT,OUTPUT_DEMAND,FITNESS,NODE
0.019074064272147417,27.248493241916044,1.1,212.68395599689092,N16
