EMITTER_COEFFICIENT_SOLUTION,PRESSURE_OUTPUT,OUTPUT_DEMAND,FITNESS,NODE
0.7349624468749939,27.067230809885558,1.1,5.377377810555068,N16
