EMITTER_COEFFICIENT_SOLUTION,PRESSURE_OUTPUT,OUTPUT_DEMAND,FITNESS,NODE
0.4180625353323615,27.148607342859883,1.1,9.561352752114205,N16
