EMITTER_COEFFICIENT_SOLUTION,PRESSURE_OUTPUT,OUTPUT_DEMAND,FITNESS,NODE
0.4675855690122628,27.136006778837853,1.1,8.533276886194074,N16
