EMITTER_COEFFICIENT_SOLUTION,PRESSURE_OUTPUT,OUTPUT_DEMAND,FITNESS,NODE
0.9116647599111714,27.021102766201402,1.1,4.308630887182709,N16
