EMITTER_COEFFICIENT_SOLUTION,PRESSURE_OUTPUT,OUTPUT_DEMAND,FITNESS,NODE
0.6294387015292165,27.094523052683073,1.1,6.302309112719809,N16
