EMITTER_COEFFICIENT_SOLUTION,PRESSURE_OUTPUT,OUTPUT_DEMAND,FITNESS,NODE
0.5704390921592815,27.109698225947028,1.1,6.968795153063356,N16
