EMITTER_COEFFICIENT_SOLUTION,PRESSURE_OUTPUT,OUTPUT_DEMAND,FITNESS,NODE
0.06374067045716314,27.23745842000489,1.1,63.54599075180852,N16
