EMITTER_COEFFICIENT_SOLUTION,PRESSURE_OUTPUT,OUTPUT_DEMAND,FITNESS,NODE
0.43857536245013007,27.143393313500894,1.1,9.10732375655783,N16
