EMITTER_COEFFICIENT_SOLUTION,PRESSURE_OUTPUT,OUTPUT_DEMAND,FITNESS,NODE
0.14096760474892223,27.21829072959079,1.1,28.64974515815943,N16
