EMITTER_COEFFICIENT_SOLUTION,PRESSURE_OUTPUT,OUTPUT_DEMAND,FITNESS,NODE
0.5596627023219028,27.112463576519218,1.1,7.105730840838009,N16
