EMITTER_COEFFICIENT_SOLUTION,PRESSURE_OUTPUT,OUTPUT_DEMAND,FITNESS,NODE
0.222973222217957,27.197814590909992,1.1,18.056909309276108,N16
