EMITTER_COEFFICIENT_SOLUTION,PRESSURE_OUTPUT,OUTPUT_DEMAND,FITNESS,NODE
0.5149519325165627,27.123914529995147,1.1,7.735117160862487,N16
