EMITTER_COEFFICIENT_SOLUTION,PRESSURE_OUTPUT,OUTPUT_DEMAND,FITNESS,NODE
0.8061167724590869,27.048719931942124,1.1,4.890570499757348,N16
