EMITTER_COEFFICIENT_SOLUTION,PRESSURE_OUTPUT,OUTPUT_DEMAND,FITNESS,NODE
0.35350134174705405,27.164968035999912,1.1,11.334396450970996,N16
