EMITTER_COEFFICIENT_SOLUTION,PRESSURE_OUTPUT,OUTPUT_DEMAND,FITNESS,NODE
0.6751593811730491,27.08272166281329,1.1,5.8660181092395565,N16
