EMITTER_COEFFICIENT_SOLUTION,PRESSURE_OUTPUT,OUTPUT_DEMAND,FITNESS,NODE
0.5983712799226728,27.102521641317935,1.1,6.636870978255451,N16
