EMITTER_COEFFICIENT_SOLUTION,PRESSURE_OUTPUT,OUTPUT_DEMAND,FITNESS,NODE
0.5686396776838945,27.110160093337498,1.1,6.991297758136708,N16
