EMITTER_COEFFICIENT_SOLUTION,PRESSURE_OUTPUT,OUTPUT_DEMAND,FITNESS,NODE
0.42164027780209223,27.14769835850734,1.1,9.478969886963455,N16
