EMITTER_COEFFICIENT_SOLUTION,PRESSURE_OUTPUT,OUTPUT_DEMAND,FITNESS,NODE
0.8013577515296233,27.049960707457167,1.1,4.920428150460219,N16
