EMITTER_COEFFICIENT_SOLUTION,PRESSURE_OUTPUT,OUTPUT_DEMAND,FITNESS,NODE
0.9063812939534425,27.022489680114973,1.1,4.3345327551130435,N16
