EMITTER_COEFFICIENT_SOLUTION,PRESSURE_OUTPUT,OUTPUT_DEMAND,FITNESS,NODE
0.6682357873006323,27.084511103614965,1.1,5.928246270972895,N16
