EMITTER_COEFFICIENT_SOLUTION,PRESSURE_OUTPUT,OUTPUT_DEMAND,FITNESS,NODE
0.10733033823250959,27.22665318741103,1.1,37.676325274659625,N16
