EMITTER_COEFFICIENT_SOLUTION,PRESSURE_OUTPUT,OUTPUT_DEMAND,FITNESS,NODE
0.5194302112177902,27.122769108395076,1.1,7.667186119747592,N16
