EMITTER_COEFFICIENT_SOLUTION,PRESSURE_OUTPUT,OUTPUT_DEMAND,FITNESS,NODE
0.04036513840787359,27.243238049532522,1.1,100.43181165656075,N16
