EMITTER_COEFFICIENT_SOLUTION,PRESSURE_OUTPUT,OUTPUT_DEMAND,FITNESS,NODE
0.33137825802719445,27.170556871722788,1.1,12.100943802528516,N16
