EMITTER_COEFFICIENT_SOLUTION,PRESSURE_OUTPUT,OUTPUT_DEMAND,FITNESS,NODE
0.5607045399828671,27.112196332223675,1.1,7.092262874543015,N16
