EMITTER_COEFFICIENT_SOLUTION,PRESSURE_OUTPUT,OUTPUT_DEMAND,FITNESS,NODE
0.9724594032057997,27.005110393957914,1.1,4.030882037299872,N16
