EMITTER_COEFFICIENT_SOLUTION,PRESSURE_OUTPUT,OUTPUT_DEMAND,FITNESS,NODE
0.7626975817081579,27.060025687543103,1.1,5.1768042635584814,N16
