EMITTER_COEFFICIENT_SOLUTION,PRESSURE_OUTPUT,OUTPUT_DEMAND,FITNESS,NODE
0.5503598099951782,27.114849038848966,1.1,7.228253005458364,N16
