EMITTER_COEFFICIENT_SOLUTION,PRESSURE_OUTPUT,OUTPUT_DEMAND,FITNESS,NODE
0.44267500335303633,27.14235037920873,1.1,9.021633214624405,N16
