EMITTER_COEFFICIENT_SOLUTION,PRESSURE_OUTPUT,OUTPUT_DEMAND,FITNESS,NODE
0.2378455681880196,27.19408778214244,1.1,16.918392071316852,N16
