EMITTER_COEFFICIENT_SOLUTION,PRESSURE_OUTPUT,OUTPUT_DEMAND,FITNESS,NODE
0.8003628870689141,27.050220040558152,1.1,4.926714785788517,N16
