EMITTER_COEFFICIENT_SOLUTION,PRESSURE_OUTPUT,OUTPUT_DEMAND,FITNESS,NODE
0.6690972367396488,27.084288502458143,1.1,5.9204334628515625,N16
