EMITTER_COEFFICIENT_SOLUTION,PRESSURE_OUTPUT,OUTPUT_DEMAND,FITNESS,NODE
0.9867195991409503,27.001350305976473,1.1,3.9707002339451845,N16
