EMITTER_COEFFICIENT_SOLUTION,PRESSURE_OUTPUT,OUTPUT_DEMAND,FITNESS,NODE
0.26860056849103675,27.186368097881342,1.1,14.964021372277681,N16
