EMITTER_COEFFICIENT_SOLUTION,PRESSURE_OUTPUT,OUTPUT_DEMAND,FITNESS,NODE
0.23890409685808933,27.193822373941465,1.1,16.842763347860313,N16
