EMITTER_COEFFICIENT_SOLUTION,PRESSURE_OUTPUT,OUTPUT_DEMAND,FITNESS,NODE
0.053161217382736714,27.240075488836034,1.1,76.22203826760736,N16
