EMITTER_COEFFICIENT_SOLUTION,PRESSURE_OUTPUT,OUTPUT_DEMAND,FITNESS,NODE
0.7309903887174993,27.068261604337494,1.1,5.407350599265834,N16
