EMITTER_COEFFICIENT_SOLUTION,PRESSURE_OUTPUT,OUTPUT_DEMAND,FITNESS,NODE
0.3908126991443971,27.155521813901167,1.1,10.238218766133832,N16
