EMITTER_COEFFICIENT_SOLUTION,PRESSURE_OUTPUT,OUTPUT_DEMAND,FITNESS,NODE
0.03364419925846995,27.24489788650604,1.1,120.52305772267131,N16
