EMITTER_COEFFICIENT_SOLUTION,PRESSURE_OUTPUT,OUTPUT_DEMAND,FITNESS,NODE
0.3297969456364054,27.17095602217814,1.1,12.159676220948338,N16
