EMITTER_COEFFICIENT_SOLUTION,PRESSURE_OUTPUT,OUTPUT_DEMAND,FITNESS,NODE
0.14386076279110915,27.217570466446375,1.1,28.070500402330804,N16
