EMITTER_COEFFICIENT_SOLUTION,PRESSURE_OUTPUT,OUTPUT_DEMAND,FITNESS,NODE
0.02025438340571284,27.24820213494442,1.1,200.28363840197966,N16
