EMITTER_COEFFICIENT_SOLUTION,PRESSURE_OUTPUT,OUTPUT_DEMAND,FITNESS,NODE
0.6647135893764702,27.085421116655574,1.1,5.960401333308976,N16
