EMITTER_COEFFICIENT_SOLUTION,PRESSURE_OUTPUT,OUTPUT_DEMAND,FITNESS,NODE
0.596508491053627,27.103000463256194,1.1,6.6580293928793415,N16
