EMITTER_COEFFICIENT_SOLUTION,PRESSURE_OUTPUT,OUTPUT_DEMAND,FITNESS,NODE
0.4843031562436424,27.131743373322706,1.1,8.233727143217603,N16
