EMITTER_COEFFICIENT_SOLUTION,PRESSURE_OUTPUT,OUTPUT_DEMAND,FITNESS,NODE
0.1550883359761689,27.214773890036362,1.1,26.027321823393777,N16
