EMITTER_COEFFICIENT_SOLUTION,PRESSURE_OUTPUT,OUTPUT_DEMAND,FITNESS,NODE
0.2967487660554958,27.179287557001665,1.1,13.530427091372571,N16
