EMITTER_COEFFICIENT_SOLUTION,PRESSURE_OUTPUT,OUTPUT_DEMAND,FITNESS,NODE
0.16039716799375947,27.213450500186156,1.1,25.160679976877503,N16
