EMITTER_COEFFICIENT_SOLUTION,PRESSURE_OUTPUT,OUTPUT_DEMAND,FITNESS,NODE
0.8494927742350645,27.037392959697875,1.1,4.633875325034247,N16
