EMITTER_COEFFICIENT_SOLUTION,PRESSURE_OUTPUT,OUTPUT_DEMAND,FITNESS,NODE
0.9723262378966178,27.00514549119181,1.1,4.0314523781948965,N16
