EMITTER_COEFFICIENT_SOLUTION,PRESSURE_OUTPUT,OUTPUT_DEMAND,FITNESS,NODE
0.24247830136284387,27.1929260502124,1.1,16.592276903811914,N16
