EMITTER_COEFFICIENT_SOLUTION,PRESSURE_OUTPUT,OUTPUT_DEMAND,FITNESS,NODE
0.11191422552548724,27.22551482836174,1.1,36.12687310111238,N16
