EMITTER_COEFFICIENT_SOLUTION,PRESSURE_OUTPUT,OUTPUT_DEMAND,FITNESS,NODE
0.12906787123950192,27.221251568874216,1.1,31.30528792439373,N16
