EMITTER_COEFFICIENT_SOLUTION,PRESSURE_OUTPUT,OUTPUT_DEMAND,FITNESS,NODE
0.3396889306276646,27.16845836992259,1.1,11.801264240810369,N16
