EMITTER_COEFFICIENT_SOLUTION,PRESSURE_OUTPUT,OUTPUT_DEMAND,FITNESS,NODE
0.10548793401307943,27.22711061734431,1.1,38.33703645529661,N16
