EMITTER_COEFFICIENT_SOLUTION,PRESSURE_OUTPUT,OUTPUT_DEMAND,FITNESS,NODE
0.1488346568758303,27.216331830253047,1.1,27.127307317079744,N16
