EMITTER_COEFFICIENT_SOLUTION,PRESSURE_OUTPUT,OUTPUT_DEMAND,FITNESS,NODE
0.03002836830677491,27.245790514121786,1.1,135.05228047553624,N16
