EMITTER_COEFFICIENT_SOLUTION,PRESSURE_OUTPUT,OUTPUT_DEMAND,FITNESS,NODE
0.2528112959333061,27.19033346560115,1.1,15.907965819030405,N16
