EMITTER_COEFFICIENT_SOLUTION,PRESSURE_OUTPUT,OUTPUT_DEMAND,FITNESS,NODE
0.07741629576005948,27.23407229906625,1.1,52.29372033893758,N16
