EMITTER_COEFFICIENT_SOLUTION,PRESSURE_OUTPUT,OUTPUT_DEMAND,FITNESS,NODE
0.07993809810015295,27.23344750770736,1.1,50.63920265537865,N16
