EMITTER_COEFFICIENT_SOLUTION,PRESSURE_OUTPUT,OUTPUT_DEMAND,FITNESS,NODE
0.15550339942912583,27.214670242192746,1.1,25.95729745069224,N16
