EMITTER_COEFFICIENT_SOLUTION,PRESSURE_OUTPUT,OUTPUT_DEMAND,FITNESS,NODE
0.7233536232038089,27.070242671020615,1.1,5.4659031140796035,N16
