EMITTER_COEFFICIENT_SOLUTION,PRESSURE_OUTPUT,OUTPUT_DEMAND,FITNESS,NODE
0.6071066902330522,27.100274398665704,1.1,6.539338963992857,N16
