EMITTER_COEFFICIENT_SOLUTION,PRESSURE_OUTPUT,OUTPUT_DEMAND,FITNESS,NODE
0.3688377594897403,27.161088214407442,1.1,10.856957030945482,N16
