EMITTER_COEFFICIENT_SOLUTION,PRESSURE_OUTPUT,OUTPUT_DEMAND,FITNESS,NODE
0.8248179162177921,27.043840344244998,1.1,4.776582294440877,N16
