EMITTER_COEFFICIENT_SOLUTION,PRESSURE_OUTPUT,OUTPUT_DEMAND,FITNESS,NODE
0.024760762738989084,27.24709046318644,1.1,163.81114249983008,N16
