EMITTER_COEFFICIENT_SOLUTION,PRESSURE_OUTPUT,OUTPUT_DEMAND,FITNESS,NODE
0.4021382407980053,27.152649586815294,1.1,9.945749199212173,N16
