EMITTER_COEFFICIENT_SOLUTION,PRESSURE_OUTPUT,OUTPUT_DEMAND,FITNESS,NODE
0.7168632763619852,27.07192555539101,1.1,5.5166479056194255,N16
