EMITTER_COEFFICIENT_SOLUTION,PRESSURE_OUTPUT,OUTPUT_DEMAND,FITNESS,NODE
0.6091892629877427,27.099738218658743,1.1,6.516490435917647,N16
