EMITTER_COEFFICIENT_SOLUTION,PRESSURE_OUTPUT,OUTPUT_DEMAND,FITNESS,NODE
0.8076034014204034,27.048332257937417,1.1,4.8813157834929335,N16
