EMITTER_COEFFICIENT_SOLUTION,PRESSURE_OUTPUT,OUTPUT_DEMAND,FITNESS,NODE
0.3723767137631633,27.160192360875563,1.1,10.752376798135916,N16
