EMITTER_COEFFICIENT_SOLUTION,PRESSURE_OUTPUT,OUTPUT_DEMAND,FITNESS,NODE
0.6284385293445954,27.09478081082068,1.1,6.3125636922743125,N16
