EMITTER_COEFFICIENT_SOLUTION,PRESSURE_OUTPUT,OUTPUT_DEMAND,FITNESS,NODE
0.9896432124843351,27.000578985404807,1.1,3.9585763702849284,N16
