EMITTER_COEFFICIENT_SOLUTION,PRESSURE_OUTPUT,OUTPUT_DEMAND,FITNESS,NODE
0.7696126440554656,27.058227219860456,1.1,5.129051180557761,N16
