EMITTER_COEFFICIENT_SOLUTION,PRESSURE_OUTPUT,OUTPUT_DEMAND,FITNESS,NODE
0.1820308756801574,27.20805308854581,1.1,22.152336287359287,N16
