EMITTER_COEFFICIENT_SOLUTION,PRESSURE_OUTPUT,OUTPUT_DEMAND,FITNESS,NODE
0.5546587682985361,27.113746882124055,1.1,7.171123051363995,N16
