EMITTER_COEFFICIENT_SOLUTION,PRESSURE_OUTPUT,OUTPUT_DEMAND,FITNESS,NODE
0.10168626482528853,27.228054289403325,1.1,39.77603764203966,N16
