EMITTER_COEFFICIENT_SOLUTION,PRESSURE_OUTPUT,OUTPUT_DEMAND,FITNESS,NODE
0.36035799241311595,27.163233869952123,1.1,11.11590526836032,N16
