EMITTER_COEFFICIENT_SOLUTION,PRESSURE_OUTPUT,OUTPUT_DEMAND,FITNESS,NODE
0.11006571573739066,27.22597393338856,1.1,36.73618045714092,N16
