EMITTER_COEFFICIENT_SOLUTION,PRESSURE_OUTPUT,OUTPUT_DEMAND,FITNESS,NODE
0.37821025079553217,27.15871516234511,1.1,10.584262769611833,N16
