EMITTER_COEFFICIENT_SOLUTION,PRESSURE_OUTPUT,OUTPUT_DEMAND,FITNESS,NODE
0.9768991128040615,27.003940088685006,1.1,4.011956185627238,N16
