EMITTER_COEFFICIENT_SOLUTION,PRESSURE_OUTPUT,OUTPUT_DEMAND,FITNESS,NODE
0.44162157766086196,27.14261839564685,1.1,9.043499909057427,N16
