EMITTER_COEFFICIENT_SOLUTION,PRESSURE_OUTPUT,OUTPUT_DEMAND,FITNESS,NODE
0.6479425843782363,27.089751424350666,1.1,6.118317379414045,N16
