EMITTER_COEFFICIENT_SOLUTION,PRESSURE_OUTPUT,OUTPUT_DEMAND,FITNESS,NODE
0.5944227509835969,27.103536770084432,1.1,6.6818887244977105,N16
