EMITTER_COEFFICIENT_SOLUTION,PRESSURE_OUTPUT,OUTPUT_DEMAND,FITNESS,NODE
0.31196840793193725,27.17545311130202,1.1,12.863069341402662,N16
