EMITTER_COEFFICIENT_SOLUTION,PRESSURE_OUTPUT,OUTPUT_DEMAND,FITNESS,NODE
0.015872200153591032,27.249282796716187,1.1,255.60690943587727,N16
