EMITTER_COEFFICIENT_SOLUTION,PRESSURE_OUTPUT,OUTPUT_DEMAND,FITNESS,NODE
0.17803137063333974,27.209051584016898,1.1,22.653407169465606,N16
