EMITTER_COEFFICIENT_SOLUTION,PRESSURE_OUTPUT,OUTPUT_DEMAND,FITNESS,NODE
0.11575402469447027,27.224560951667677,1.1,34.92339265501038,N16
