EMITTER_COEFFICIENT_SOLUTION,PRESSURE_OUTPUT,OUTPUT_DEMAND,FITNESS,NODE
0.5216369235296076,27.12220459930998,1.1,7.6341440463302765,N16
