EMITTER_COEFFICIENT_SOLUTION,PRESSURE_OUTPUT,OUTPUT_DEMAND,FITNESS,NODE
0.13309055254559388,27.220250959586465,1.1,30.3544540227398,N16
