EMITTER_COEFFICIENT_SOLUTION,PRESSURE_OUTPUT,OUTPUT_DEMAND,FITNESS,NODE
0.18639981502860703,27.206962022655446,1.1,21.62955727421075,N16
