EMITTER_COEFFICIENT_SOLUTION,PRESSURE_OUTPUT,OUTPUT_DEMAND,FITNESS,NODE
0.9260985284387506,27.017311501756893,1.1,4.239379941409182,N16
