EMITTER_COEFFICIENT_SOLUTION,PRESSURE_OUTPUT,OUTPUT_DEMAND,FITNESS,NODE
0.5544053890670801,27.113811851895633,1.1,7.174465679596716,N16
