EMITTER_COEFFICIENT_SOLUTION,PRESSURE_OUTPUT,OUTPUT_DEMAND,FITNESS,NODE
0.7190865112191474,27.071349173579804,1.1,5.499162244114072,N16
