EMITTER_COEFFICIENT_SOLUTION,PRESSURE_OUTPUT,OUTPUT_DEMAND,FITNESS,NODE
0.042778228587532774,27.24264189074352,1.1,94.75831778471809,N16
