EMITTER_COEFFICIENT_SOLUTION,PRESSURE_OUTPUT,OUTPUT_DEMAND,FITNESS,NODE
0.6892357554163618,27.079080991808617,1.1,5.743361491094123,N16
