EMITTER_COEFFICIENT_SOLUTION,PRESSURE_OUTPUT,OUTPUT_DEMAND,FITNESS,NODE
0.07654403679836186,27.234288378366664,1.1,52.89137117456077,N16
