EMITTER_COEFFICIENT_SOLUTION,PRESSURE_OUTPUT,OUTPUT_DEMAND,FITNESS,NODE
0.5681652499141927,27.110281858335064,1.1,6.997254488376925,N16
