EMITTER_COEFFICIENT_SOLUTION,PRESSURE_OUTPUT,OUTPUT_DEMAND,FITNESS,NODE
0.05781238096932351,27.23892517913322,1.1,70.07769917259245,N16
