EMITTER_COEFFICIENT_SOLUTION,PRESSURE_OUTPUT,OUTPUT_DEMAND,FITNESS,NODE
0.12798346720469034,27.221521253695897,1.1,31.571835067567655,N16
