EMITTER_COEFFICIENT_SOLUTION,PRESSURE_OUTPUT,OUTPUT_DEMAND,FITNESS,NODE
0.7142895105602601,27.072592707459307,1.1,5.537026616805908,N16
