EMITTER_COEFFICIENT_SOLUTION,PRESSURE_OUTPUT,OUTPUT_DEMAND,FITNESS,NODE
0.32285895218888694,27.172706754972516,1.1,12.424166142828238,N16
