EMITTER_COEFFICIENT_SOLUTION,PRESSURE_OUTPUT,OUTPUT_DEMAND,FITNESS,NODE
0.04839252391089921,27.241254439015712,1.1,83.74778008493158,N16
