EMITTER_COEFFICIENT_SOLUTION,PRESSURE_OUTPUT,OUTPUT_DEMAND,FITNESS,NODE
0.16037042910185884,27.213457165904906,1.1,25.164900483407166,N16
