EMITTER_COEFFICIENT_SOLUTION,PRESSURE_OUTPUT,OUTPUT_DEMAND,FITNESS,NODE
0.04444655824918353,27.24222966174468,1.1,91.19600779449217,N16
