EMITTER_COEFFICIENT_SOLUTION,PRESSURE_OUTPUT,OUTPUT_DEMAND,FITNESS,NODE
0.021951542462304685,27.24778351094345,1.1,184.79017623219465,N16
