EMITTER_COEFFICIENT_SOLUTION,PRESSURE_OUTPUT,OUTPUT_DEMAND,FITNESS,NODE
0.9351475720029734,27.014932769268974,1.1,4.1970553628233285,N16
