EMITTER_COEFFICIENT_SOLUTION,PRESSURE_OUTPUT,OUTPUT_DEMAND,FITNESS,NODE
0.18493913294371556,27.207326841776975,1.1,21.801590926643478,N16
