EMITTER_COEFFICIENT_SOLUTION,PRESSURE_OUTPUT,OUTPUT_DEMAND,FITNESS,NODE
0.9633841869040701,27.007501593731227,1.1,4.070112402659467,N16
