EMITTER_COEFFICIENT_SOLUTION,PRESSURE_OUTPUT,OUTPUT_DEMAND,FITNESS,NODE
0.3581195882524414,27.163800042159565,1.1,11.186306474110763,N16
