EMITTER_COEFFICIENT_SOLUTION,PRESSURE_OUTPUT,OUTPUT_DEMAND,FITNESS,NODE
0.12158672581996754,27.223111471845883,1.1,33.24072226495681,N16
