EMITTER_COEFFICIENT_SOLUTION,PRESSURE_OUTPUT,OUTPUT_DEMAND,FITNESS,NODE
0.5582371110224635,27.112829227510517,1.1,7.1242411691019765,N16
