EMITTER_COEFFICIENT_SOLUTION,PRESSURE_OUTPUT,OUTPUT_DEMAND,FITNESS,NODE
0.04377685833656475,27.242395144829963,1.1,92.59337109271227,N16
