EMITTER_COEFFICIENT_SOLUTION,PRESSURE_OUTPUT,OUTPUT_DEMAND,FITNESS,NODE
0.8752022648148137,27.030664417442445,1.1,4.493763264917451,N16
