EMITTER_COEFFICIENT_SOLUTION,PRESSURE_OUTPUT,OUTPUT_DEMAND,FITNESS,NODE
0.002630632058971072,27.25254598045585,1.1,1540.6574004232314,N16
