EMITTER_COEFFICIENT_SOLUTION,PRESSURE_OUTPUT,OUTPUT_DEMAND,FITNESS,NODE
0.40935108262875497,27.15081916584154,1.1,9.767925023454637,N16
