EMITTER_COEFFICIENT_SOLUTION,PRESSURE_OUTPUT,OUTPUT_DEMAND,FITNESS,NODE
0.14363965717388083,27.217625517086184,1.1,28.113944853392585,N16
