EMITTER_COEFFICIENT_SOLUTION,PRESSURE_OUTPUT,OUTPUT_DEMAND,FITNESS,NODE
0.35688122620297735,27.164113229191962,1.1,11.225634430566723,N16
