EMITTER_COEFFICIENT_SOLUTION,PRESSURE_OUTPUT,OUTPUT_DEMAND,FITNESS,NODE
0.322386600434894,27.172825916418375,1.1,12.442587164195823,N16
