EMITTER_COEFFICIENT_SOLUTION,PRESSURE_OUTPUT,OUTPUT_DEMAND,FITNESS,NODE
0.8444175008529639,27.038719910768087,1.1,4.662544968184333,N16
