EMITTER_COEFFICIENT_SOLUTION,PRESSURE_OUTPUT,OUTPUT_DEMAND,FITNESS,NODE
0.5487986027817062,27.115249217050746,1.1,7.249222027453864,N16
