EMITTER_COEFFICIENT_SOLUTION,PRESSURE_OUTPUT,OUTPUT_DEMAND,FITNESS,NODE
0.05982493077707984,27.238427314997033,1.1,67.71517278348809,N16
