EMITTER_COEFFICIENT_SOLUTION,PRESSURE_OUTPUT,OUTPUT_DEMAND,FITNESS,NODE
0.1817317893473126,27.208127767148625,1.1,22.189043744977077,N16
