EMITTER_COEFFICIENT_SOLUTION,PRESSURE_OUTPUT,OUTPUT_DEMAND,FITNESS,NODE
0.19080231203965747,27.20586221811918,1.1,21.126982586858112,N16
