EMITTER_COEFFICIENT_SOLUTION,PRESSURE_OUTPUT,OUTPUT_DEMAND,FITNESS,NODE
0.8380857389079525,27.040374764475274,1.1,4.6988001102189445,N16
