EMITTER_COEFFICIENT_SOLUTION,PRESSURE_OUTPUT,OUTPUT_DEMAND,FITNESS,NODE
0.2505930241112514,27.190890430388137,1.1,16.05017319107448,N16
