EMITTER_COEFFICIENT_SOLUTION,PRESSURE_OUTPUT,OUTPUT_DEMAND,FITNESS,NODE
0.22664550139940598,27.196894746272072,1.1,17.761892250435075,N16
