EMITTER_COEFFICIENT_SOLUTION,PRESSURE_OUTPUT,OUTPUT_DEMAND,FITNESS,NODE
0.6192589754275838,27.097145695134984,1.1,6.408228826466133,N16
