EMITTER_COEFFICIENT_SOLUTION,PRESSURE_OUTPUT,OUTPUT_DEMAND,FITNESS,NODE
0.5878920286278935,27.105215690406325,1.1,6.757699016512389,N16
