EMITTER_COEFFICIENT_SOLUTION,PRESSURE_OUTPUT,OUTPUT_DEMAND,FITNESS,NODE
0.006993926502983583,27.251471241318974,1.1,580.1094258384175,N16
