EMITTER_COEFFICIENT_SOLUTION,PRESSURE_OUTPUT,OUTPUT_DEMAND,FITNESS,NODE
0.11998403090021459,27.223509819875247,1.1,33.686781613568634,N16
