EMITTER_COEFFICIENT_SOLUTION,PRESSURE_OUTPUT,OUTPUT_DEMAND,FITNESS,NODE
0.6998063099246422,27.076344806705855,1.1,5.654501563614242,N16
