EMITTER_COEFFICIENT_SOLUTION,PRESSURE_OUTPUT,OUTPUT_DEMAND,FITNESS,NODE
0.17708003816378193,27.209289044952577,1.1,22.77592568973763,N16
