EMITTER_COEFFICIENT_SOLUTION,PRESSURE_OUTPUT,OUTPUT_DEMAND,FITNESS,NODE
0.35894421017302114,27.16359147640506,1.1,11.160268669462413,N16
