EMITTER_COEFFICIENT_SOLUTION,PRESSURE_OUTPUT,OUTPUT_DEMAND,FITNESS,NODE
0.005265041495475353,27.251897195460224,1.1,770.499980510214,N16
