EMITTER_COEFFICIENT_SOLUTION,PRESSURE_OUTPUT,OUTPUT_DEMAND,FITNESS,NODE
0.30621545757810964,27.176903008786518,1.1,13.107526438107413,N16
