EMITTER_COEFFICIENT_SOLUTION,PRESSURE_OUTPUT,OUTPUT_DEMAND,FITNESS,NODE
0.36285184121397607,27.16260298016165,1.1,11.038493295695659,N16
