EMITTER_COEFFICIENT_SOLUTION,PRESSURE_OUTPUT,OUTPUT_DEMAND,FITNESS,NODE
0.5439908227652959,27.116481307480882,1.1,7.314553402766439,N16
