EMITTER_COEFFICIENT_SOLUTION,PRESSURE_OUTPUT,OUTPUT_DEMAND,FITNESS,NODE
0.8813746872102834,27.029047344994744,1.1,4.461343835811624,N16
