EMITTER_COEFFICIENT_SOLUTION,PRESSURE_OUTPUT,OUTPUT_DEMAND,FITNESS,NODE
0.16231264291681002,27.21297295818932,1.1,24.86195657353781,N16
