EMITTER_COEFFICIENT_SOLUTION,PRESSURE_OUTPUT,OUTPUT_DEMAND,FITNESS,NODE
0.014970856610365901,27.249505025657093,1.1,271.00062652586007,N16
