EMITTER_COEFFICIENT_SOLUTION,PRESSURE_OUTPUT,OUTPUT_DEMAND,FITNESS,NODE
0.7209011827249024,27.070878650320637,1.1,5.4849699734834685,N16
