EMITTER_COEFFICIENT_SOLUTION,PRESSURE_OUTPUT,OUTPUT_DEMAND,FITNESS,NODE
0.7493880940963001,27.063484913470425,1.1,5.271199510310642,N16
