EMITTER_COEFFICIENT_SOLUTION,PRESSURE_OUTPUT,OUTPUT_DEMAND,FITNESS,NODE
0.24048141607884455,27.19342684952882,1.1,16.731304016992212,N16
