EMITTER_COEFFICIENT_SOLUTION,PRESSURE_OUTPUT,OUTPUT_DEMAND,FITNESS,NODE
0.9762099990660106,27.004121760270763,1.1,4.014882466607591,N16
