EMITTER_COEFFICIENT_SOLUTION,PRESSURE_OUTPUT,OUTPUT_DEMAND,FITNESS,NODE
0.5335762858054608,27.119148847438687,1.1,7.460114131205272,N16
