EMITTER_COEFFICIENT_SOLUTION,PRESSURE_OUTPUT,OUTPUT_DEMAND,FITNESS,NODE
0.4903845219531886,27.130191241868516,1.1,8.129829331759577,N16
