EMITTER_COEFFICIENT_SOLUTION,PRESSURE_OUTPUT,OUTPUT_DEMAND,FITNESS,NODE
0.2125233601686295,27.200430745706527,1.1,18.952205228131017,N16
