EMITTER_COEFFICIENT_SOLUTION,PRESSURE_OUTPUT,OUTPUT_DEMAND,FITNESS,NODE
0.08192778821283897,27.232954465452245,1.1,49.40567791952938,N16
