EMITTER_COEFFICIENT_SOLUTION,PRESSURE_OUTPUT,OUTPUT_DEMAND,FITNESS,NODE
0.551337368113684,27.114598443348157,1.1,7.2151836549669515,N16
