EMITTER_COEFFICIENT_SOLUTION,PRESSURE_OUTPUT,OUTPUT_DEMAND,FITNESS,NODE
0.10220478709909375,27.22792559486031,1.1,39.57346270944461,N16
