EMITTER_COEFFICIENT_SOLUTION,PRESSURE_OUTPUT,OUTPUT_DEMAND,FITNESS,NODE
0.18785364243198854,27.206598876250425,1.1,21.46098774037283,N16
