EMITTER_COEFFICIENT_SOLUTION,PRESSURE_OUTPUT,OUTPUT_DEMAND,FITNESS,NODE
0.48806453165673114,27.130783444422256,1.1,8.16915979810428,N16
