EMITTER_COEFFICIENT_SOLUTION,PRESSURE_OUTPUT,OUTPUT_DEMAND,FITNESS,NODE
0.6094816464854451,27.099662967235332,1.1,6.513296476979195,N16
