EMITTER_COEFFICIENT_SOLUTION,PRESSURE_OUTPUT,OUTPUT_DEMAND,FITNESS,NODE
0.2372944619403431,27.194225954574357,1.1,16.958034110933276,N16
