EMITTER_COEFFICIENT_SOLUTION,PRESSURE_OUTPUT,OUTPUT_DEMAND,FITNESS,NODE
0.8936983420708866,27.025816830964338,1.1,4.397958549120749,N16
