EMITTER_COEFFICIENT_SOLUTION,PRESSURE_OUTPUT,OUTPUT_DEMAND,FITNESS,NODE
0.004956482381458738,27.25197321070349,1.1,818.4355401301423,N16
