EMITTER_COEFFICIENT_SOLUTION,PRESSURE_OUTPUT,OUTPUT_DEMAND,FITNESS,NODE
0.5180288604859156,27.123127395216045,1.1,7.688306294937539,N16
