EMITTER_COEFFICIENT_SOLUTION,PRESSURE_OUTPUT,OUTPUT_DEMAND,FITNESS,NODE
0.5278071234051632,27.120625716555324,1.1,7.543222430432911,N16
