EMITTER_COEFFICIENT_SOLUTION,PRESSURE_OUTPUT,OUTPUT_DEMAND,FITNESS,NODE
0.5923427018044503,27.104071537907522,1.1,6.705850465612252,N16
