EMITTER_COEFFICIENT_SOLUTION,PRESSURE_OUTPUT,OUTPUT_DEMAND,FITNESS,NODE
0.33220343679273157,27.170348564400904,1.1,12.070517465731774,N16
