EMITTER_COEFFICIENT_SOLUTION,PRESSURE_OUTPUT,OUTPUT_DEMAND,FITNESS,NODE
0.7910912654194967,27.052635858290465,1.1,4.986059085100642,N16
