EMITTER_COEFFICIENT_SOLUTION,PRESSURE_OUTPUT,OUTPUT_DEMAND,FITNESS,NODE
0.4638114398119395,27.136968589760215,1.1,8.603892463846696,N16
