EMITTER_COEFFICIENT_SOLUTION,PRESSURE_OUTPUT,OUTPUT_DEMAND,FITNESS,NODE
0.6725527694645702,27.083395453228675,1.1,5.8892953534727726,N16
