EMITTER_COEFFICIENT_SOLUTION,PRESSURE_OUTPUT,OUTPUT_DEMAND,FITNESS,NODE
0.0721168934217633,27.235384865233534,1.1,56.14763614389616,N16
