EMITTER_COEFFICIENT_SOLUTION,PRESSURE_OUTPUT,OUTPUT_DEMAND,FITNESS,NODE
0.6487310213113093,27.089547967550253,1.1,6.110710685615006,N16
