EMITTER_COEFFICIENT_SOLUTION,PRESSURE_OUTPUT,OUTPUT_DEMAND,FITNESS,NODE
0.24670047943401785,27.19186692788324,1.1,16.30573218011715,N16
