EMITTER_COEFFICIENT_SOLUTION,PRESSURE_OUTPUT,OUTPUT_DEMAND,FITNESS,NODE
0.40328054644811273,27.15235999915926,1.1,9.917186055155778,N16
