EMITTER_COEFFICIENT_SOLUTION,PRESSURE_OUTPUT,OUTPUT_DEMAND,FITNESS,NODE
0.5067556114284469,27.126009635158375,1.1,7.862536514795693,N16
