EMITTER_COEFFICIENT_SOLUTION,PRESSURE_OUTPUT,OUTPUT_DEMAND,FITNESS,NODE
0.6886256917335727,27.079238847783735,1.1,5.7485732851899725,N16
