EMITTER_COEFFICIENT_SOLUTION,PRESSURE_OUTPUT,OUTPUT_DEMAND,FITNESS,NODE
0.2983835755086899,27.178875884357808,1.1,13.455478639740917,N16
