EMITTER_COEFFICIENT_SOLUTION,PRESSURE_OUTPUT,OUTPUT_DEMAND,FITNESS,NODE
0.05666170822079053,27.239209797773697,1.1,71.50387393162694,N16
