EMITTER_COEFFICIENT_SOLUTION,PRESSURE_OUTPUT,OUTPUT_DEMAND,FITNESS,NODE
0.27643237834282475,27.184399498336006,1.1,14.535822699061017,N16
