EMITTER_COEFFICIENT_SOLUTION,PRESSURE_OUTPUT,OUTPUT_DEMAND,FITNESS,NODE
0.16118201285224876,27.21325484085243,1.1,25.037422700834952,N16
