EMITTER_COEFFICIENT_SOLUTION,PRESSURE_OUTPUT,OUTPUT_DEMAND,FITNESS
0.9401721511311175,23.617702581713214,1.2,1.0303216952147745
