EMITTER_COEFFICIENT_SOLUTION,PRESSURE_OUTPUT,OUTPUT_DEMAND,FITNESS
0.7381895377520998,23.844279253165315,1.2,1.3440968952516628
