EMITTER_COEFFICIENT_SOLUTION,PRESSURE_OUTPUT,OUTPUT_DEMAND,FITNESS
0.23044561256326246,24.3712666525975,1.2,4.608155165604102
