EMITTER_COEFFICIENT_SOLUTION,PRESSURE_OUTPUT,OUTPUT_DEMAND,FITNESS
0.28637136276824726,24.316420378614826,1.2,3.6784605327496154
