EMITTER_COEFFICIENT_SOLUTION,PRESSURE_OUTPUT,OUTPUT_DEMAND,FITNESS
0.0598117683995828,24.533369878996698,1.2,18.21382311198521
