EMITTER_COEFFICIENT_SOLUTION,PRESSURE_OUTPUT,OUTPUT_DEMAND,FITNESS
0.8844268192330328,23.681130556991185,1.2,1.1023624233758968
