EMITTER_COEFFICIENT_SOLUTION,PRESSURE_OUTPUT,OUTPUT_DEMAND,FITNESS
0.45919488638204176,24.141784385361365,1.2,2.2396975928787115
