EMITTER_COEFFICIENT_SOLUTION,PRESSURE_OUTPUT,OUTPUT_DEMAND,FITNESS
0.8659879804834182,23.701962642089857,1.2,1.128272649449769
