EMITTER_COEFFICIENT_SOLUTION,PRESSURE_OUTPUT,OUTPUT_DEMAND,FITNESS
0.21756926837078094,24.383776286319698,1.2,4.890048532977841
