EMITTER_COEFFICIENT_SOLUTION,PRESSURE_OUTPUT,OUTPUT_DEMAND,FITNESS
0.25377363147192866,24.348489982854375,1.2,4.170433065577115
