EMITTER_COEFFICIENT_SOLUTION,PRESSURE_OUTPUT,OUTPUT_DEMAND,FITNESS
0.9573640789780128,23.5980071597337,1.2,1.0098296061843013
