EMITTER_COEFFICIENT_SOLUTION,PRESSURE_OUTPUT,OUTPUT_DEMAND,FITNESS
0.6750967685232293,23.913173778107463,1.2,1.4812632286538643
