EMITTER_COEFFICIENT_SOLUTION,PRESSURE_OUTPUT,OUTPUT_DEMAND,FITNESS
0.0074661392663307735,24.581474240392247,1.2,147.08058687649336
