EMITTER_COEFFICIENT_SOLUTION,PRESSURE_OUTPUT,OUTPUT_DEMAND,FITNESS
0.44682128952052647,24.154540693600897,1.2,2.305568308546877
