EMITTER_COEFFICIENT_SOLUTION,PRESSURE_OUTPUT,OUTPUT_DEMAND,FITNESS
0.33542942260396014,24.26763020127357,1.2,3.118732974987224
