EMITTER_COEFFICIENT_SOLUTION,PRESSURE_OUTPUT,OUTPUT_DEMAND,FITNESS
0.40989934844694964,24.192375652109956,1.2,2.5259058029874324
