EMITTER_COEFFICIENT_SOLUTION,PRESSURE_OUTPUT,OUTPUT_DEMAND,FITNESS
0.5696527510610091,24.02623136042305,1.2,1.7792268630678023
