EMITTER_COEFFICIENT_SOLUTION,PRESSURE_OUTPUT,OUTPUT_DEMAND,FITNESS
0.7175978773870691,23.866865340344976,1.2,1.3861783444740623
