EMITTER_COEFFICIENT_SOLUTION,PRESSURE_OUTPUT,OUTPUT_DEMAND,FITNESS
0.5012283516822854,24.098166104798455,1.2,2.040370237447762
