EMITTER_COEFFICIENT_SOLUTION,PRESSURE_OUTPUT,OUTPUT_DEMAND,FITNESS
0.8505390515340508,23.719359529105418,1.2,1.1508622710543666
