EMITTER_COEFFICIENT_SOLUTION,PRESSURE_OUTPUT,OUTPUT_DEMAND,FITNESS
0.6179211531973331,23.974805435098705,1.2,1.6300774082331053
