EMITTER_COEFFICIENT_SOLUTION,PRESSURE_OUTPUT,OUTPUT_DEMAND,FITNESS
0.562635896844761,24.03366060576762,1.2,1.8030602779805556
