EMITTER_COEFFICIENT_SOLUTION,PRESSURE_OUTPUT,OUTPUT_DEMAND,FITNESS
0.2489115486820207,24.35324912960555,1.2,4.254882713875755
