EMITTER_COEFFICIENT_SOLUTION,PRESSURE_OUTPUT,OUTPUT_DEMAND,FITNESS
0.42548162007022683,24.176450033611786,1.2,2.428226478163468
