EMITTER_COEFFICIENT_SOLUTION,PRESSURE_OUTPUT,OUTPUT_DEMAND,FITNESS
0.7756151512811006,23.802981197318715,1.2,1.2734116138071825
