EMITTER_COEFFICIENT_SOLUTION,PRESSURE_OUTPUT,OUTPUT_DEMAND,FITNESS
0.027198477997150472,24.563432252960773,1.2,40.25605873654008
