EMITTER_COEFFICIENT_SOLUTION,PRESSURE_OUTPUT,OUTPUT_DEMAND,FITNESS
0.34117043418673887,24.26187951614358,1.2,3.063784456215957
