EMITTER_COEFFICIENT_SOLUTION,PRESSURE_OUTPUT,OUTPUT_DEMAND,FITNESS
0.07642869869797175,24.5179374998971,1.2,14.217524134131978
