EMITTER_COEFFICIENT_SOLUTION,PRESSURE_OUTPUT,OUTPUT_DEMAND,FITNESS
0.13364650996608762,24.464209039805063,1.2,8.060343315369108
