EMITTER_COEFFICIENT_SOLUTION,PRESSURE_OUTPUT,OUTPUT_DEMAND,FITNESS
0.15640182869086827,24.442589842159027,1.2,6.86420041408292
