EMITTER_COEFFICIENT_SOLUTION,PRESSURE_OUTPUT,OUTPUT_DEMAND,FITNESS
0.2894503563870562,24.3133767534937,1.2,3.6377330019510388
