EMITTER_COEFFICIENT_SOLUTION,PRESSURE_OUTPUT,OUTPUT_DEMAND,FITNESS
0.8605843042265579,23.70805361768288,1.2,1.136080111407086
