EMITTER_COEFFICIENT_SOLUTION,PRESSURE_OUTPUT,OUTPUT_DEMAND,FITNESS
0.045791735120681465,24.546330047355184,1.2,23.84177443656995
