EMITTER_COEFFICIENT_SOLUTION,PRESSURE_OUTPUT,OUTPUT_DEMAND,FITNESS
0.3417316310290791,24.261316915070022,1.2,3.0585125335665286
