EMITTER_COEFFICIENT_SOLUTION,PRESSURE_OUTPUT,OUTPUT_DEMAND,FITNESS
0.9698172910227628,23.583701408763027,1.2,0.9954489810233821
