EMITTER_COEFFICIENT_SOLUTION,PRESSURE_OUTPUT,OUTPUT_DEMAND,FITNESS
0.07897281038004678,24.51556790997373,1.2,13.754150890422252
