EMITTER_COEFFICIENT_SOLUTION,PRESSURE_OUTPUT,OUTPUT_DEMAND,FITNESS
0.7420585871031854,23.840024632841473,1.2,1.3364542187971569
