EMITTER_COEFFICIENT_SOLUTION,PRESSURE_OUTPUT,OUTPUT_DEMAND,FITNESS
0.8735704040209572,23.693405039643828,1.2,1.1174830059654965
