EMITTER_COEFFICIENT_SOLUTION,PRESSURE_OUTPUT,OUTPUT_DEMAND,FITNESS
0.7476814698654589,23.83383531334035,1.2,1.3254901064030074
