EMITTER_COEFFICIENT_SOLUTION,PRESSURE_OUTPUT,OUTPUT_DEMAND,FITNESS
0.5831302540166664,24.011928443915025,1.2,1.7350725066823884
