EMITTER_COEFFICIENT_SOLUTION,PRESSURE_OUTPUT,OUTPUT_DEMAND,FITNESS
0.006431448819420038,24.58241724441218,1.2,170.76532500102533
