EMITTER_COEFFICIENT_SOLUTION,PRESSURE_OUTPUT,OUTPUT_DEMAND,FITNESS
0.8237757108879297,23.74937312183215,1.2,1.1920370318853408
