EMITTER_COEFFICIENT_SOLUTION,PRESSURE_OUTPUT,OUTPUT_DEMAND,FITNESS
0.8232755554167671,23.749932510045628,1.2,1.1928324262237653
