EMITTER_COEFFICIENT_SOLUTION,PRESSURE_OUTPUT,OUTPUT_DEMAND,FITNESS
0.41696722373211437,24.18515966015965,1.2,2.4806904663796234
