EMITTER_COEFFICIENT_SOLUTION,PRESSURE_OUTPUT,OUTPUT_DEMAND,FITNESS
0.5628214699302118,24.033464279529866,1.2,1.8024222420623641
