EMITTER_COEFFICIENT_SOLUTION,PRESSURE_OUTPUT,OUTPUT_DEMAND,FITNESS
0.6859351372555907,23.901404283339033,1.2,1.4558817933766464
