EMITTER_COEFFICIENT_SOLUTION,PRESSURE_OUTPUT,OUTPUT_DEMAND,FITNESS
0.15740908820741628,24.441629589593557,1.2,6.819252226420008
