EMITTER_COEFFICIENT_SOLUTION,PRESSURE_OUTPUT,OUTPUT_DEMAND,FITNESS
0.10351097149401978,24.49262020394108,1.2,10.45445185846677
