EMITTER_COEFFICIENT_SOLUTION,PRESSURE_OUTPUT,OUTPUT_DEMAND,FITNESS
0.46384164353423574,24.13698401141608,1.2,2.215873877559835
