EMITTER_COEFFICIENT_SOLUTION,PRESSURE_OUTPUT,OUTPUT_DEMAND,FITNESS
0.7674386440489832,23.812030843572007,1.2,1.2882573949431577
