EMITTER_COEFFICIENT_SOLUTION,PRESSURE_OUTPUT,OUTPUT_DEMAND,FITNESS
0.46944713806271954,24.131186032760496,1.2,2.1877663536454
