EMITTER_COEFFICIENT_SOLUTION,PRESSURE_OUTPUT,OUTPUT_DEMAND,FITNESS
0.25789830389938595,24.344447702993545,1.2,4.101293228135847
