EMITTER_COEFFICIENT_SOLUTION,PRESSURE_OUTPUT,OUTPUT_DEMAND,FITNESS
0.8849162825334397,23.680576555916673,1.2,1.1016896105501361
