EMITTER_COEFFICIENT_SOLUTION,PRESSURE_OUTPUT,OUTPUT_DEMAND,FITNESS
0.14265295620399832,24.45566927480701,1.2,7.541252950119892
