EMITTER_COEFFICIENT_SOLUTION,PRESSURE_OUTPUT,OUTPUT_DEMAND,FITNESS
0.5927553516838847,24.001687130475386,1.2,1.704779560312734
