EMITTER_COEFFICIENT_SOLUTION,PRESSURE_OUTPUT,OUTPUT_DEMAND,FITNESS
0.21027617697833845,24.390841906595945,1.2,5.065052300034685
