EMITTER_COEFFICIENT_SOLUTION,PRESSURE_OUTPUT,OUTPUT_DEMAND,FITNESS
0.30183793604037434,24.301106273882002,1.2,3.4822947559105146
