EMITTER_COEFFICIENT_SOLUTION,PRESSURE_OUTPUT,OUTPUT_DEMAND,FITNESS
0.39034917020856985,24.21226939853758,1.2,2.6595473374032585
