EMITTER_COEFFICIENT_SOLUTION,PRESSURE_OUTPUT,OUTPUT_DEMAND,FITNESS
0.7217511930425163,23.86231758163906,1.2,1.377494612056305
