EMITTER_COEFFICIENT_SOLUTION,PRESSURE_OUTPUT,OUTPUT_DEMAND,FITNESS
0.13125264083735477,24.466475109395596,1.2,8.210307027084282
