EMITTER_COEFFICIENT_SOLUTION,PRESSURE_OUTPUT,OUTPUT_DEMAND,FITNESS
0.010749370866743102,24.578479919304538,1.2,102.1104713028843
