EMITTER_COEFFICIENT_SOLUTION,PRESSURE_OUTPUT,OUTPUT_DEMAND,FITNESS
0.6918977080783161,23.894917817257607,1.2,1.4422617543021778
