EMITTER_COEFFICIENT_SOLUTION,PRESSURE_OUTPUT,OUTPUT_DEMAND,FITNESS
0.8425740953802058,23.728308306985465,1.2,1.1628381208922225
