EMITTER_COEFFICIENT_SOLUTION,PRESSURE_OUTPUT,OUTPUT_DEMAND,FITNESS
0.673724435945119,23.914662055363582,1.2,1.4845359332092212
