EMITTER_COEFFICIENT_SOLUTION,PRESSURE_OUTPUT,OUTPUT_DEMAND,FITNESS
0.32005120231161766,24.28299212752369,1.2,3.2756694669849162
