EMITTER_COEFFICIENT_SOLUTION,PRESSURE_OUTPUT,OUTPUT_DEMAND,FITNESS
0.7314842252729149,23.851644683667242,1.2,1.3575363041133193
