EMITTER_COEFFICIENT_SOLUTION,PRESSURE_OUTPUT,OUTPUT_DEMAND,FITNESS
0.18375695616019516,24.416412939617857,1.2,5.818679657265755
