EMITTER_COEFFICIENT_SOLUTION,PRESSURE_OUTPUT,OUTPUT_DEMAND,FITNESS
0.16195521226335885,24.437292171167027,1.2,6.623347192589427
