EMITTER_COEFFICIENT_SOLUTION,PRESSURE_OUTPUT,OUTPUT_DEMAND,FITNESS
0.8295724121757605,23.74288587796854,1.2,1.182889704493635
