EMITTER_COEFFICIENT_SOLUTION,PRESSURE_OUTPUT,OUTPUT_DEMAND,FITNESS
0.9665573032279483,23.587449516069228,1.2,0.9991769598183668
