EMITTER_COEFFICIENT_SOLUTION,PRESSURE_OUTPUT,OUTPUT_DEMAND,FITNESS
0.02449783237406422,24.565908132448406,1.2,44.712517337445284
