EMITTER_COEFFICIENT_SOLUTION,PRESSURE_OUTPUT,OUTPUT_DEMAND,FITNESS
0.8722021835654373,23.694950155607387,1.2,1.1194158350537537
