EMITTER_COEFFICIENT_SOLUTION,PRESSURE_OUTPUT,OUTPUT_DEMAND,FITNESS
0.9405119100779348,23.617313955469577,1.2,1.0299093091766376
