EMITTER_COEFFICIENT_SOLUTION,PRESSURE_OUTPUT,OUTPUT_DEMAND,FITNESS
0.6399229163844345,23.951180130974777,1.2,1.569629297399927
