EMITTER_COEFFICIENT_SOLUTION,PRESSURE_OUTPUT,OUTPUT_DEMAND,FITNESS
0.028392138694225078,24.562337276450673,1.2,38.55650944189048
