EMITTER_COEFFICIENT_SOLUTION,PRESSURE_OUTPUT,OUTPUT_DEMAND,FITNESS
0.8418357276403293,23.729137169286304,1.2,1.1639599835630423
