EMITTER_COEFFICIENT_SOLUTION,PRESSURE_OUTPUT,OUTPUT_DEMAND,FITNESS
0.4300072974760586,24.171813127650736,1.2,2.4011903763755633
