EMITTER_COEFFICIENT_SOLUTION,PRESSURE_OUTPUT,OUTPUT_DEMAND,FITNESS
0.23656130196449487,24.365309565277705,1.2,4.485035633005495
