EMITTER_COEFFICIENT_SOLUTION,PRESSURE_OUTPUT,OUTPUT_DEMAND,FITNESS
0.057581712676618824,24.535435056379406,1.2,18.9257094239695
