EMITTER_COEFFICIENT_SOLUTION,PRESSURE_OUTPUT,OUTPUT_DEMAND,FITNESS
0.5040373866755851,24.09523553823447,1.2,2.028242481609015
