EMITTER_COEFFICIENT_SOLUTION,PRESSURE_OUTPUT,OUTPUT_DEMAND,FITNESS
0.6087646311447358,23.98460376845601,1.2,1.6565356651937941
