EMITTER_COEFFICIENT_SOLUTION,PRESSURE_OUTPUT,OUTPUT_DEMAND,FITNESS
0.8967302780274192,23.667189070698143,1.2,1.0856771179235005
