EMITTER_COEFFICIENT_SOLUTION,PRESSURE_OUTPUT,OUTPUT_DEMAND,FITNESS
0.7626432422731136,23.817331295893407,1.2,1.2971145430113387
