EMITTER_COEFFICIENT_SOLUTION,PRESSURE_OUTPUT,OUTPUT_DEMAND,FITNESS
0.6521296331927482,23.93802361386754,1.2,1.5378709479024244
