EMITTER_COEFFICIENT_SOLUTION,PRESSURE_OUTPUT,OUTPUT_DEMAND,FITNESS
0.3054683997892683,24.29750249581305,1.2,3.439135607433514
