EMITTER_COEFFICIENT_SOLUTION,PRESSURE_OUTPUT,OUTPUT_DEMAND,FITNESS
0.4641263800169244,24.136689686504173,1.2,2.2144296555833507
