EMITTER_COEFFICIENT_SOLUTION,PRESSURE_OUTPUT,OUTPUT_DEMAND,FITNESS
0.3729891725754845,24.22985267960664,1.2,2.7900185610822983
