EMITTER_COEFFICIENT_SOLUTION,PRESSURE_OUTPUT,OUTPUT_DEMAND,FITNESS
0.9525257631440548,23.603556375879535,1.2,1.0155203412497231
