EMITTER_COEFFICIENT_SOLUTION,PRESSURE_OUTPUT,OUTPUT_DEMAND,FITNESS
0.21794178469073844,24.3834150045367,1.2,4.881424591163034
