EMITTER_COEFFICIENT_SOLUTION,PRESSURE_OUTPUT,OUTPUT_DEMAND,FITNESS
0.9324622422673062,23.626514786059552,1.2,1.0397621169113191
