EMITTER_COEFFICIENT_SOLUTION,PRESSURE_OUTPUT,OUTPUT_DEMAND,FITNESS
0.5630429342642566,24.03322997139631,1.2,1.801661360488408
