EMITTER_COEFFICIENT_SOLUTION,PRESSURE_OUTPUT,OUTPUT_DEMAND,FITNESS
0.08927737369361999,24.505951704129565,1.2,12.147490445039026
