EMITTER_COEFFICIENT_SOLUTION,PRESSURE_OUTPUT,OUTPUT_DEMAND,FITNESS
0.399974191057903,24.202487392018416,1.2,2.5921117123810515
