EMITTER_COEFFICIENT_SOLUTION,PRESSURE_OUTPUT,OUTPUT_DEMAND,FITNESS
0.2165337816933629,24.384780348207578,1.2,4.9141767050159135
