EMITTER_COEFFICIENT_SOLUTION,PRESSURE_OUTPUT,OUTPUT_DEMAND,FITNESS
0.9146769439562231,23.646794388650044,1.2,1.0621587566437853
