EMITTER_COEFFICIENT_SOLUTION,PRESSURE_OUTPUT,OUTPUT_DEMAND,FITNESS
0.7349231436488096,23.847868498498112,1.2,1.3506126470769266
