EMITTER_COEFFICIENT_SOLUTION,PRESSURE_OUTPUT,OUTPUT_DEMAND,FITNESS
0.42575490582869147,24.1761701779669,1.2,2.426577490424372
