EMITTER_COEFFICIENT_SOLUTION,PRESSURE_OUTPUT,OUTPUT_DEMAND,FITNESS
0.31920262481659145,24.28383801251927,1.2,3.28477104083455
