EMITTER_COEFFICIENT_SOLUTION,PRESSURE_OUTPUT,OUTPUT_DEMAND,FITNESS
0.9850745020259207,23.566130001342675,1.2,0.9783364677772964
