EMITTER_COEFFICIENT_SOLUTION,PRESSURE_OUTPUT,OUTPUT_DEMAND,FITNESS
0.5721412974411696,24.023593701534118,1.2,1.77091596586101
