EMITTER_COEFFICIENT_SOLUTION,PRESSURE_OUTPUT,OUTPUT_DEMAND,FITNESS
0.9142826260495883,23.647243238957248,1.2,1.0626653826670023
