EMITTER_COEFFICIENT_SOLUTION,PRESSURE_OUTPUT,OUTPUT_DEMAND,FITNESS
0.2314558309899365,24.370283323216086,1.2,4.58736826611904
