EMITTER_COEFFICIENT_SOLUTION,PRESSURE_OUTPUT,OUTPUT_DEMAND,FITNESS
0.5041188169249778,24.09515055592414,1.2,2.0278929443851377
