EMITTER_COEFFICIENT_SOLUTION,PRESSURE_OUTPUT,OUTPUT_DEMAND,FITNESS
0.5124314707092864,24.086466703741145,1.2,1.99279989257544
