EMITTER_COEFFICIENT_SOLUTION,PRESSURE_OUTPUT,OUTPUT_DEMAND,FITNESS
0.3264134516500524,24.27664408482119,1.2,3.2089424303874523
