EMITTER_COEFFICIENT_SOLUTION,PRESSURE_OUTPUT,OUTPUT_DEMAND,FITNESS
0.8305098139337389,23.741836107206428,1.2,1.1814226575187634
