EMITTER_COEFFICIENT_SOLUTION,PRESSURE_OUTPUT,OUTPUT_DEMAND,FITNESS
0.40378563664598077,24.198607257601196,1.2,2.5663005241521666
