EMITTER_COEFFICIENT_SOLUTION,PRESSURE_OUTPUT,OUTPUT_DEMAND,FITNESS
0.3390114566160548,24.264043134664416,1.2,3.0842293834535304
