EMITTER_COEFFICIENT_SOLUTION,PRESSURE_OUTPUT,OUTPUT_DEMAND,FITNESS
0.9103562473721115,23.651710793994233,1.2,1.067734469232016
