EMITTER_COEFFICIENT_SOLUTION,PRESSURE_OUTPUT,OUTPUT_DEMAND,FITNESS
0.9944167429883798,23.55534663980421,1.2,0.9681230064379283
