EMITTER_COEFFICIENT_SOLUTION,PRESSURE_OUTPUT,OUTPUT_DEMAND,FITNESS
0.8541388195233787,23.7153108063908,1.2,1.1455246733872058
