EMITTER_COEFFICIENT_SOLUTION,PRESSURE_OUTPUT,OUTPUT_DEMAND,FITNESS
0.42300797604919793,24.178982286436792,1.2,2.4432497358060505
