EMITTER_COEFFICIENT_SOLUTION,PRESSURE_OUTPUT,OUTPUT_DEMAND,FITNESS
0.18428727791439126,24.41590344611366,1.2,5.801480706560862
