EMITTER_COEFFICIENT_SOLUTION,PRESSURE_OUTPUT,OUTPUT_DEMAND,FITNESS
0.818390887800334,23.755392742228057,1.2,1.2006524461001584
