EMITTER_COEFFICIENT_SOLUTION,PRESSURE_OUTPUT,OUTPUT_DEMAND,FITNESS
0.6435430877352181,23.94728185477968,1.2,1.5600833834896985
