EMITTER_COEFFICIENT_SOLUTION,PRESSURE_OUTPUT,OUTPUT_DEMAND,FITNESS
0.9210673309268139,23.63951558347507,1.2,1.0540099457766876
