EMITTER_COEFFICIENT_SOLUTION,PRESSURE_OUTPUT,OUTPUT_DEMAND,FITNESS
0.6296124914763407,23.9622656509862,1.2,1.5974247386266995
