EMITTER_COEFFICIENT_SOLUTION,PRESSURE_OUTPUT,OUTPUT_DEMAND,FITNESS
0.9960498998944457,23.5534596807213,1.2,0.966357656057443
