EMITTER_COEFFICIENT_SOLUTION,PRESSURE_OUTPUT,OUTPUT_DEMAND,FITNESS
0.2513808161734422,24.35083292602523,1.2,4.211584830184617
