EMITTER_COEFFICIENT_SOLUTION,PRESSURE_OUTPUT,OUTPUT_DEMAND,FITNESS
0.09017415818453067,24.505113422809895,1.2,12.025039297661053
