EMITTER_COEFFICIENT_SOLUTION,PRESSURE_OUTPUT,OUTPUT_DEMAND,FITNESS
0.6602269180279116,23.929276488515093,1.2,1.5174581764506843
