EMITTER_COEFFICIENT_SOLUTION,PRESSURE_OUTPUT,OUTPUT_DEMAND,FITNESS
0.033069932354612086,24.55804231392193,1.2,33.07871512577296
