EMITTER_COEFFICIENT_SOLUTION,PRESSURE_OUTPUT,OUTPUT_DEMAND,FITNESS
0.6402102044437655,23.95087088612529,1.2,1.5688677693363944
