EMITTER_COEFFICIENT_SOLUTION,PRESSURE_OUTPUT,OUTPUT_DEMAND,FITNESS
0.28140195395658385,24.321327433114295,1.2,3.746078776732723
