EMITTER_COEFFICIENT_SOLUTION,PRESSURE_OUTPUT,OUTPUT_DEMAND,FITNESS
0.13114887487552862,24.466573299961436,1.2,8.216931309157452
