EMITTER_COEFFICIENT_SOLUTION,PRESSURE_OUTPUT,OUTPUT_DEMAND,FITNESS
0.2543423789526945,24.347932865341217,1.2,4.160765853575751
