EMITTER_COEFFICIENT_SOLUTION,PRESSURE_OUTPUT,OUTPUT_DEMAND,FITNESS
0.7123090323109124,23.87265072619462,1.2,1.397384778717603
