EMITTER_COEFFICIENT_SOLUTION,PRESSURE_OUTPUT,OUTPUT_DEMAND,FITNESS
0.9067234294018892,23.65584137088446,1.2,1.0724644226977917
