EMITTER_COEFFICIENT_SOLUTION,PRESSURE_OUTPUT,OUTPUT_DEMAND,FITNESS
0.3372415312232887,24.26581596289684,1.2,3.101186076363876
