EMITTER_COEFFICIENT_SOLUTION,PRESSURE_OUTPUT,OUTPUT_DEMAND,FITNESS
0.5128426747177343,24.086036696213736,1.2,1.9910936866553026
