EMITTER_COEFFICIENT_SOLUTION,PRESSURE_OUTPUT,OUTPUT_DEMAND,FITNESS
0.3536514037364399,24.249348060683438,1.2,2.9505037634490705
