EMITTER_COEFFICIENT_SOLUTION,PRESSURE_OUTPUT,OUTPUT_DEMAND,FITNESS
0.1832295201986952,24.41691958490573,1.2,5.8358838816407665
