EMITTER_COEFFICIENT_SOLUTION,PRESSURE_OUTPUT,OUTPUT_DEMAND,FITNESS
0.23567028881525054,24.366178094111216,1.2,4.5025748856202155
