EMITTER_COEFFICIENT_SOLUTION,PRESSURE_OUTPUT,OUTPUT_DEMAND,FITNESS
0.6168311495408106,23.97597288692522,1.2,1.6331854202668392
