EMITTER_COEFFICIENT_SOLUTION,PRESSURE_OUTPUT,OUTPUT_DEMAND,FITNESS
0.3839987206066261,24.218710475832754,1.2,2.7059003575124554
