EMITTER_COEFFICIENT_SOLUTION,PRESSURE_OUTPUT,OUTPUT_DEMAND,FITNESS
0.5977264082321955,23.99638911959227,1.2,1.689519916674931
