EMITTER_COEFFICIENT_SOLUTION,PRESSURE_OUTPUT,OUTPUT_DEMAND,FITNESS
0.3919951937491696,24.210598203081513,1.2,2.6477789570254244
