EMITTER_COEFFICIENT_SOLUTION,PRESSURE_OUTPUT,OUTPUT_DEMAND,FITNESS
0.8075504425440877,23.767491566473662,1.2,1.2183507981669037
