EMITTER_COEFFICIENT_SOLUTION,PRESSURE_OUTPUT,OUTPUT_DEMAND,FITNESS
0.4303474623092335,24.171464393644488,1.2,2.3991813577122483
