EMITTER_COEFFICIENT_SOLUTION,PRESSURE_OUTPUT,OUTPUT_DEMAND,FITNESS
0.8885597745551402,23.676451019479227,1.2,1.0967050197410035
