EMITTER_COEFFICIENT_SOLUTION,PRESSURE_OUTPUT,OUTPUT_DEMAND,FITNESS
0.319097629974621,24.28394266115601,1.2,3.2859005586742893
