EMITTER_COEFFICIENT_SOLUTION,PRESSURE_OUTPUT,OUTPUT_DEMAND,FITNESS
0.7106181616501573,23.87449898425645,1.2,1.4010031884359893
