EMITTER_COEFFICIENT_SOLUTION,PRESSURE_OUTPUT,OUTPUT_DEMAND,FITNESS
0.8160981396981529,23.757953818301814,1.2,1.2043557947075905
