EMITTER_COEFFICIENT_SOLUTION,PRESSURE_OUTPUT,OUTPUT_DEMAND,FITNESS
0.3007840172533326,24.30215179855736,1.2,3.495019510649524
