EMITTER_COEFFICIENT_SOLUTION,PRESSURE_OUTPUT,OUTPUT_DEMAND,FITNESS
0.04950654813570121,24.542901461161218,1.2,22.040134932735228
