EMITTER_COEFFICIENT_SOLUTION,PRESSURE_OUTPUT,OUTPUT_DEMAND,FITNESS
0.10199601461372676,24.494041827906447,1.2,10.612173152149309
