EMITTER_COEFFICIENT_SOLUTION,PRESSURE_OUTPUT,OUTPUT_DEMAND,FITNESS
0.23582151294671705,24.366030701014058,1.2,4.499588740492845
