EMITTER_COEFFICIENT_SOLUTION,PRESSURE_OUTPUT,OUTPUT_DEMAND,FITNESS
0.4818220951054154,24.11835868589111,1.2,2.1280464790679114
