EMITTER_COEFFICIENT_SOLUTION,PRESSURE_OUTPUT,OUTPUT_DEMAND,FITNESS
0.08654977440692957,24.50849998423275,1.2,12.5355303984805
