EMITTER_COEFFICIENT_SOLUTION,PRESSURE_OUTPUT,OUTPUT_DEMAND,FITNESS
0.25940762199221445,24.342967404175482,1.2,4.076543960996813
