EMITTER_COEFFICIENT_SOLUTION,PRESSURE_OUTPUT,OUTPUT_DEMAND,FITNESS
0.9752304619825588,23.57747277527297,1.2,0.9893149445713186
