EMITTER_COEFFICIENT_SOLUTION,PRESSURE_OUTPUT,OUTPUT_DEMAND,FITNESS
0.2418191412842844,24.360180084117687,1.2,4.384173744900526
