EMITTER_COEFFICIENT_SOLUTION,PRESSURE_OUTPUT,OUTPUT_DEMAND,FITNESS
0.36830406256106063,24.234584808843454,1.2,2.827347259047726
