EMITTER_COEFFICIENT_SOLUTION,PRESSURE_OUTPUT,OUTPUT_DEMAND,FITNESS
0.8637202138913197,23.704519626511885,1.2,1.131537106379091
