EMITTER_COEFFICIENT_SOLUTION,PRESSURE_OUTPUT,OUTPUT_DEMAND,FITNESS
0.9491610523106645,23.607412542242233,1.2,1.0195127689335477
