EMITTER_COEFFICIENT_SOLUTION,PRESSURE_OUTPUT,OUTPUT_DEMAND,FITNESS
0.054411548069774995,24.538368424958744,1.2,20.038148930413513
