EMITTER_COEFFICIENT_SOLUTION,PRESSURE_OUTPUT,OUTPUT_DEMAND,FITNESS
0.5965964251077208,23.99759394309395,1.2,1.6929660732150427
