EMITTER_COEFFICIENT_SOLUTION,PRESSURE_OUTPUT,OUTPUT_DEMAND,FITNESS
0.02092287648294644,24.86804177402899,12.6,18.648207275419708
