EMITTER_COEFFICIENT_SOLUTION,PRESSURE_OUTPUT,OUTPUT_DEMAND,FITNESS
1.198631803727851,24.803185207881093,12.6,89.01462844458715
