EMITTER_COEFFICIENT_SOLUTION,PRESSURE_OUTPUT,OUTPUT_DEMAND,FITNESS
0.8992095301582951,24.76902624766381,12.6,22.029795005744564
