EMITTER_COEFFICIENT_SOLUTION,PRESSURE_OUTPUT,OUTPUT_DEMAND,FITNESS
1.0012233964839625,24.814349252018133,12.6,14272.577400428578
