EMITTER_COEFFICIENT_SOLUTION,PRESSURE_OUTPUT,OUTPUT_DEMAND,FITNESS
1.272444248614021,24.799000833120424,12.6,64.8572222537447
