EMITTER_COEFFICIENT_SOLUTION,PRESSURE_OUTPUT,OUTPUT_DEMAND,FITNESS
0.12573636215204387,24.85639017254116,12.6,23.824921463130405
