EMITTER_COEFFICIENT_SOLUTION,PRESSURE_OUTPUT,OUTPUT_DEMAND,FITNESS
0.25753869912119054,24.856052336970123,12.6,24.01824203428714
