EMITTER_COEFFICIENT_SOLUTION,PRESSURE_OUTPUT,OUTPUT_DEMAND,FITNESS
1.0159686433931274,24.81351671952237,12.6,1107.9142543817031
