EMITTER_COEFFICIENT_SOLUTION,PRESSURE_OUTPUT,OUTPUT_DEMAND,FITNESS
0.23240653997422167,24.85745178954196,12.6,23.237184705837134
