EMITTER_COEFFICIENT_SOLUTION,PRESSURE_OUTPUT,OUTPUT_DEMAND,FITNESS
0.18111442062559524,24.860305911473127,12.6,21.791907105786066
