EMITTER_COEFFICIENT_SOLUTION,PRESSURE_OUTPUT,OUTPUT_DEMAND,FITNESS
0.5413651274210187,24.840202876674496,12.6,38.781395138239404
