EMITTER_COEFFICIENT_SOLUTION,PRESSURE_OUTPUT,OUTPUT_DEMAND,FITNESS
0.736732832499901,24.82924535169198,12.6,67.43981812519479
