EMITTER_COEFFICIENT_SOLUTION,PRESSURE_OUTPUT,OUTPUT_DEMAND,FITNESS
0.16759995501249014,24.851723771992866,12.6,26.805012306799373
