EMITTER_COEFFICIENT_SOLUTION,PRESSURE_OUTPUT,OUTPUT_DEMAND,FITNESS
0.27397322058399465,24.855136850490155,12.6,24.558237797310788
