EMITTER_COEFFICIENT_SOLUTION,PRESSURE_OUTPUT,OUTPUT_DEMAND,FITNESS
0.43695851959653187,24.82152797753418,12.6,140.6338999843678
