EMITTER_COEFFICIENT_SOLUTION,PRESSURE_OUTPUT,OUTPUT_DEMAND,FITNESS
0.15703440677996072,24.861644896944178,12.6,21.174067980964143
