EMITTER_COEFFICIENT_SOLUTION,PRESSURE_OUTPUT,OUTPUT_DEMAND,FITNESS
0.25607177891292754,24.84183847457016,12.6,36.46818983900625
