EMITTER_COEFFICIENT_SOLUTION,PRESSURE_OUTPUT,OUTPUT_DEMAND,FITNESS
0.005802210367487404,24.86971892436342,12.6,18.082656864726484
