EMITTER_COEFFICIENT_SOLUTION,PRESSURE_OUTPUT,OUTPUT_DEMAND,FITNESS
1.58148691373984,24.78142226847111,12.6,30.305741310458778
