EMITTER_COEFFICIENT_SOLUTION,PRESSURE_OUTPUT,OUTPUT_DEMAND,FITNESS
0.2750031249681356,24.8397190464376,12.6,39.522989155907865
