EMITTER_COEFFICIENT_SOLUTION,PRESSURE_OUTPUT,OUTPUT_DEMAND,FITNESS
0.9238700807208512,24.766201419685167,12.6,20.739187462202764
