EMITTER_COEFFICIENT_SOLUTION,PRESSURE_OUTPUT,OUTPUT_DEMAND,FITNESS
1.2857000750351073,24.798248791332043,12.6,61.84091072007393
