EMITTER_COEFFICIENT_SOLUTION,PRESSURE_OUTPUT,OUTPUT_DEMAND,FITNESS
1.7832777920383034,24.76989296960957,12.6,22.45861318077592
