EMITTER_COEFFICIENT_SOLUTION,PRESSURE_OUTPUT,OUTPUT_DEMAND,FITNESS
0.2389783011425861,24.857085911983212,12.6,23.43644048882613
