EMITTER_COEFFICIENT_SOLUTION,PRESSURE_OUTPUT,OUTPUT_DEMAND,FITNESS
0.36727141877002223,24.829368396319317,12.6,66.88480087156736
