EMITTER_COEFFICIENT_SOLUTION,PRESSURE_OUTPUT,OUTPUT_DEMAND,FITNESS
1.2004057153819454,24.803084710189495,12.6,88.22538491260993
