EMITTER_COEFFICIENT_SOLUTION,PRESSURE_OUTPUT,OUTPUT_DEMAND,FITNESS
0.6284030720755048,24.799887802152277,12.6,68.8159526695805
