EMITTER_COEFFICIENT_SOLUTION,PRESSURE_OUTPUT,OUTPUT_DEMAND,FITNESS
1.0920572688518522,24.809217191470736,12.6,192.22913796721699
