EMITTER_COEFFICIENT_SOLUTION,PRESSURE_OUTPUT,OUTPUT_DEMAND,FITNESS
0.7789559830980293,24.826872097025607,12.6,80.29045504081496
