EMITTER_COEFFICIENT_SOLUTION,PRESSURE_OUTPUT,OUTPUT_DEMAND,FITNESS
1.0372608811821369,24.81231415008086,12.6,475.02183939092356
