EMITTER_COEFFICIENT_SOLUTION,PRESSURE_OUTPUT,OUTPUT_DEMAND,FITNESS
0.8058801325038327,24.82535781570725,12.6,91.40350694374747
