EMITTER_COEFFICIENT_SOLUTION,PRESSURE_OUTPUT,OUTPUT_DEMAND,FITNESS
0.44922732995978676,24.820145590623554,12.6,174.5726495230351
