EMITTER_COEFFICIENT_SOLUTION,PRESSURE_OUTPUT,OUTPUT_DEMAND,FITNESS
1.8958542448508366,24.763443407368058,12.6,19.6171096905684
