EMITTER_COEFFICIENT_SOLUTION,PRESSURE_OUTPUT,OUTPUT_DEMAND,FITNESS
0.8721298858409294,24.821628637395953,12.6,138.6708492429985
