EMITTER_COEFFICIENT_SOLUTION,PRESSURE_OUTPUT,OUTPUT_DEMAND,FITNESS
0.5679314471644074,24.806739230437486,12.6,130.20687510732725
