EMITTER_COEFFICIENT_SOLUTION,PRESSURE_OUTPUT,OUTPUT_DEMAND,FITNESS
0.08649568944799879,24.86075766542416,12.6,21.57946632031257
