EMITTER_COEFFICIENT_SOLUTION,PRESSURE_OUTPUT,OUTPUT_DEMAND,FITNESS
0.01213831526912923,24.869689323365442,12.6,18.09234105603982
