EMITTER_COEFFICIENT_SOLUTION,PRESSURE_OUTPUT,OUTPUT_DEMAND,FITNESS
0.8990099908516423,24.76904909477546,12.6,22.04088856375683
