EMITTER_COEFFICIENT_SOLUTION,PRESSURE_OUTPUT,OUTPUT_DEMAND,FITNESS
0.14013082316172454,24.854786479807586,12.6,24.771382827419515
