EMITTER_COEFFICIENT_SOLUTION,PRESSURE_OUTPUT,OUTPUT_DEMAND,FITNESS
0.23424819800221575,24.85734926117756,12.6,23.29267882696749
