EMITTER_COEFFICIENT_SOLUTION,PRESSURE_OUTPUT,OUTPUT_DEMAND,FITNESS
0.18283565457540207,24.85002371274772,12.6,28.084841599406474
