EMITTER_COEFFICIENT_SOLUTION,PRESSURE_OUTPUT,OUTPUT_DEMAND,FITNESS
0.41784226215206477,24.847110784555063,12.6,30.58714960214315
