EMITTER_COEFFICIENT_SOLUTION,PRESSURE_OUTPUT,OUTPUT_DEMAND,FITNESS
1.0103380270248117,24.81383465605333,12.6,1710.3946306503321
