EMITTER_COEFFICIENT_SOLUTION,PRESSURE_OUTPUT,OUTPUT_DEMAND,FITNESS
0.7888330631078078,24.82631667076231,12.6,84.03817329881738
