EMITTER_COEFFICIENT_SOLUTION,PRESSURE_OUTPUT,OUTPUT_DEMAND,FITNESS
1.4821744982126757,24.78708161838803,12.6,36.57952464768413
