EMITTER_COEFFICIENT_SOLUTION,PRESSURE_OUTPUT,OUTPUT_DEMAND,FITNESS
0.12361423673287064,24.856626527388677,12.6,23.69151134827591
