EMITTER_COEFFICIENT_SOLUTION,PRESSURE_OUTPUT,OUTPUT_DEMAND,FITNESS
0.7820123221869066,24.826700237872735,12.6,81.41385631563891
