EMITTER_COEFFICIENT_SOLUTION,PRESSURE_OUTPUT,OUTPUT_DEMAND,FITNESS
0.4703045260511307,24.844178782942407,12.6,33.60049479389474
