EMITTER_COEFFICIENT_SOLUTION,PRESSURE_OUTPUT,OUTPUT_DEMAND,FITNESS
1.1655603378793535,24.738389454179973,12.6,13.152726707213438
