EMITTER_COEFFICIENT_SOLUTION,PRESSURE_OUTPUT,OUTPUT_DEMAND,FITNESS
0.14259719839074758,24.854511614540336,12.6,24.941202305126083
