EMITTER_COEFFICIENT_SOLUTION,PRESSURE_OUTPUT,OUTPUT_DEMAND,FITNESS
1.4103299001416123,24.79116957908218,12.6,43.011238546934344
