EMITTER_COEFFICIENT_SOLUTION,PRESSURE_OUTPUT,OUTPUT_DEMAND,FITNESS
0.2765559361750475,24.83954513907976,12.6,39.796524142159015
