EMITTER_COEFFICIENT_SOLUTION,PRESSURE_OUTPUT,OUTPUT_DEMAND,FITNESS
0.26174782506256866,24.855817893660273,12.6,24.15425260559975
