EMITTER_COEFFICIENT_SOLUTION,PRESSURE_OUTPUT,OUTPUT_DEMAND,FITNESS
0.9916436227376464,24.814890018832656,12.6,2115.495992216795
