EMITTER_COEFFICIENT_SOLUTION,PRESSURE_OUTPUT,OUTPUT_DEMAND,FITNESS
0.39894944354888817,24.825806777490357,12.6,87.80046714164367
