EMITTER_COEFFICIENT_SOLUTION,PRESSURE_OUTPUT,OUTPUT_DEMAND,FITNESS
1.1136754185775661,24.74437931236941,12.6,14.277554851028219
