EMITTER_COEFFICIENT_SOLUTION,PRESSURE_OUTPUT,OUTPUT_DEMAND,FITNESS
0.10358005160964512,24.85885695186058,12.6,22.50243483589833
