EMITTER_COEFFICIENT_SOLUTION,PRESSURE_OUTPUT,OUTPUT_DEMAND,FITNESS
1.5065949574523942,24.785690921193165,12.6,34.808766418220166
