EMITTER_COEFFICIENT_SOLUTION,PRESSURE_OUTPUT,OUTPUT_DEMAND,FITNESS
1.815264957689878,24.768061682273334,12.6,21.57142006491617
