EMITTER_COEFFICIENT_SOLUTION,PRESSURE_OUTPUT,OUTPUT_DEMAND,FITNESS
0.06293067471875247,24.863377409012635,12.6,20.424797985875397
