EMITTER_COEFFICIENT_SOLUTION,PRESSURE_OUTPUT,OUTPUT_DEMAND,FITNESS
1.6993386171642595,24.774693729798138,12.6,25.17269307589857
