EMITTER_COEFFICIENT_SOLUTION,PRESSURE_OUTPUT,OUTPUT_DEMAND,FITNESS
1.0381778669151738,24.8122623491591,12.6,463.6138921022206
