EMITTER_COEFFICIENT_SOLUTION,PRESSURE_OUTPUT,OUTPUT_DEMAND,FITNESS
1.0604041429099298,24.811006518061482,12.6,293.0146720403006
