EMITTER_COEFFICIENT_SOLUTION,PRESSURE_OUTPUT,OUTPUT_DEMAND,FITNESS
0.9929482046332418,24.81481638218405,12.6,2505.8528206421897
