EMITTER_COEFFICIENT_SOLUTION,PRESSURE_OUTPUT,OUTPUT_DEMAND,FITNESS
0.12880842969259032,24.856047983702183,12.6,24.020753592470502
