EMITTER_COEFFICIENT_SOLUTION,PRESSURE_OUTPUT,OUTPUT_DEMAND,FITNESS
0.9520733264130721,24.81712273363005,12.6,369.6287606505662
