EMITTER_COEFFICIENT_SOLUTION,PRESSURE_OUTPUT,OUTPUT_DEMAND,FITNESS
0.09195788401264438,24.860150101898057,12.6,21.86615116839241
