EMITTER_COEFFICIENT_SOLUTION,PRESSURE_OUTPUT,OUTPUT_DEMAND,FITNESS
0.6486078326134246,24.83419279827484,12.6,50.56766802256654
