EMITTER_COEFFICIENT_SOLUTION,PRESSURE_OUTPUT,OUTPUT_DEMAND,FITNESS
0.2230182448892325,24.845535420419658,12.6,32.135633999893194
