EMITTER_COEFFICIENT_SOLUTION,PRESSURE_OUTPUT,OUTPUT_DEMAND,FITNESS
1.4796785814318762,24.701902597662468,12.6,8.887568094702763
