EMITTER_COEFFICIENT_SOLUTION,PRESSURE_OUTPUT,OUTPUT_DEMAND,FITNESS
0.30015683400926474,24.83690074211261,12.6,44.47720800746513
