EMITTER_COEFFICIENT_SOLUTION,PRESSURE_OUTPUT,OUTPUT_DEMAND,FITNESS
0.40430962305126217,24.84786663751536,12.6,29.89597301511103
