EMITTER_COEFFICIENT_SOLUTION,PRESSURE_OUTPUT,OUTPUT_DEMAND,FITNESS
0.27164687802726306,24.840094896282487,12.6,38.94448022167418
