EMITTER_COEFFICIENT_SOLUTION,PRESSURE_OUTPUT,OUTPUT_DEMAND,FITNESS
0.24978278755170036,24.842542224636517,12.6,35.5556716239348
