EMITTER_COEFFICIENT_SOLUTION,PRESSURE_OUTPUT,OUTPUT_DEMAND,FITNESS
1.6991628493517605,24.77470377521942,12.6,25.17906011255426
