EMITTER_COEFFICIENT_SOLUTION,PRESSURE_OUTPUT,OUTPUT_DEMAND,FITNESS
0.29842667514226384,24.837094677402412,12.6,44.0968418686611
