EMITTER_COEFFICIENT_SOLUTION,PRESSURE_OUTPUT,OUTPUT_DEMAND,FITNESS
0.07375847287505233,24.862173957187252,12.6,20.939496256916758
