EMITTER_COEFFICIENT_SOLUTION,PRESSURE_OUTPUT,OUTPUT_DEMAND,FITNESS
0.1898472605551197,24.84924101052634,12.6,28.716080429426988
