EMITTER_COEFFICIENT_SOLUTION,PRESSURE_OUTPUT,OUTPUT_DEMAND,FITNESS
0.43799740257626596,24.82141094510701,12.6,142.98728868432295
