EMITTER_COEFFICIENT_SOLUTION,PRESSURE_OUTPUT,OUTPUT_DEMAND,FITNESS
1.0560626376829352,24.75101807670064,12.6,15.772562239837644
