EMITTER_COEFFICIENT_SOLUTION,PRESSURE_OUTPUT,OUTPUT_DEMAND,FITNESS
0.24581297100977195,24.842986371470666,12.6,35.00290783894703
