EMITTER_COEFFICIENT_SOLUTION,PRESSURE_OUTPUT,OUTPUT_DEMAND,FITNESS
0.1884130926671772,24.859899946007204,12.6,21.986415686475276
