EMITTER_COEFFICIENT_SOLUTION,PRESSURE_OUTPUT,OUTPUT_DEMAND,FITNESS
0.6706909376570307,24.832953766643676,12.6,53.947761812543625
