EMITTER_COEFFICIENT_SOLUTION,PRESSURE_OUTPUT,OUTPUT_DEMAND,FITNESS
0.19766041858873695,24.85938551413612,12.6,22.237938174400018
