EMITTER_COEFFICIENT_SOLUTION,PRESSURE_OUTPUT,OUTPUT_DEMAND,FITNESS
0.8340170544717538,24.823774539983923,12.6,106.86930756475977
