EMITTER_COEFFICIENT_SOLUTION,PRESSURE_OUTPUT,OUTPUT_DEMAND,FITNESS
0.026651126679004045,24.86740616267967,12.6,18.871896089795378
