EMITTER_COEFFICIENT_SOLUTION,PRESSURE_OUTPUT,OUTPUT_DEMAND,FITNESS
0.7882429810582657,24.781707483983112,12.6,30.56997803683841
