EMITTER_COEFFICIENT_SOLUTION,PRESSURE_OUTPUT,OUTPUT_DEMAND,FITNESS
1.1919151855622256,24.80356569686905,12.6,92.13516216548621
