EMITTER_COEFFICIENT_SOLUTION,PRESSURE_OUTPUT,OUTPUT_DEMAND,FITNESS
1.237596575586053,24.730055805898758,12.6,11.853465953327003
