EMITTER_COEFFICIENT_SOLUTION,PRESSURE_OUTPUT,OUTPUT_DEMAND,FITNESS
0.20662721492712366,24.847367054655066,12.6,30.34925478676956
