EMITTER_COEFFICIENT_SOLUTION,PRESSURE_OUTPUT,OUTPUT_DEMAND,FITNESS
0.8050712927127683,24.825403317580808,12.6,91.02493144885447
