EMITTER_COEFFICIENT_SOLUTION,PRESSURE_OUTPUT,OUTPUT_DEMAND,FITNESS
1.0955167968255317,24.746473147952706,12.6,14.717533337696707
