EMITTER_COEFFICIENT_SOLUTION,PRESSURE_OUTPUT,OUTPUT_DEMAND,FITNESS
0.27914166958767106,24.839255527596535,12.6,40.26054831504153
