EMITTER_COEFFICIENT_SOLUTION,PRESSURE_OUTPUT,OUTPUT_DEMAND,FITNESS
1.3735651274779155,24.7932595033041,12.6,47.25939653595838
