EMITTER_COEFFICIENT_SOLUTION,PRESSURE_OUTPUT,OUTPUT_DEMAND,FITNESS
0.264482597151643,24.84089703563619,12.6,37.764750936276315
