EMITTER_COEFFICIENT_SOLUTION,PRESSURE_OUTPUT,OUTPUT_DEMAND,FITNESS
0.472358111168958,24.817537676668607,12.6,320.4758198858256
