EMITTER_COEFFICIENT_SOLUTION,PRESSURE_OUTPUT,OUTPUT_DEMAND,FITNESS
0.047178608085503115,24.86512730390028,12.6,19.719981215601397
