EMITTER_COEFFICIENT_SOLUTION,PRESSURE_OUTPUT,OUTPUT_DEMAND,FITNESS
0.7034347694569834,24.831115673780303,12.6,59.886130120872615
