EMITTER_COEFFICIENT_SOLUTION,PRESSURE_OUTPUT,OUTPUT_DEMAND,FITNESS
1.5070004954686618,24.785667821584163,12.6,34.780800258619614
