EMITTER_COEFFICIENT_SOLUTION,PRESSURE_OUTPUT,OUTPUT_DEMAND,FITNESS
0.4310262480348409,24.822196177137734,12.6,128.5535298678222
