EMITTER_COEFFICIENT_SOLUTION,PRESSURE_OUTPUT,OUTPUT_DEMAND,FITNESS
0.6282670996157896,24.799903224278367,12.6,68.88906382695399
