EMITTER_COEFFICIENT_SOLUTION,PRESSURE_OUTPUT,OUTPUT_DEMAND,FITNESS
0.8433299549261003,24.775418260310524,12.6,25.640331289286195
