EMITTER_COEFFICIENT_SOLUTION,PRESSURE_OUTPUT,OUTPUT_DEMAND,FITNESS
0.7674691530491162,24.82751792129696,12.6,76.33235347057699
