EMITTER_COEFFICIENT_SOLUTION,PRESSURE_OUTPUT,OUTPUT_DEMAND,FITNESS
1.290238910830129,24.723953007477114,12.6,11.053838842043433
