EMITTER_COEFFICIENT_SOLUTION,PRESSURE_OUTPUT,OUTPUT_DEMAND,FITNESS
0.5032728477014652,24.842334816005817,12.6,35.819826841342945
