EMITTER_COEFFICIENT_SOLUTION,PRESSURE_OUTPUT,OUTPUT_DEMAND,FITNESS
1.5491811185654285,24.783264301920347,12.6,32.09756166567002
