EMITTER_COEFFICIENT_SOLUTION,PRESSURE_OUTPUT,OUTPUT_DEMAND,FITNESS
1.4964561443459037,24.78626837882736,12.6,35.52279549163317
