EMITTER_COEFFICIENT_SOLUTION,PRESSURE_OUTPUT,OUTPUT_DEMAND,FITNESS
1.6896426889481921,24.77524782237716,12.6,25.52876839950273
