EMITTER_COEFFICIENT_SOLUTION,PRESSURE_OUTPUT,OUTPUT_DEMAND,FITNESS
0.9905600802360627,24.758550156313994,12.6,17.898962461567415
