EMITTER_COEFFICIENT_SOLUTION,PRESSURE_OUTPUT,OUTPUT_DEMAND,FITNESS
0.1733951521488658,24.851077233262075,12.6,27.27774874871853
