EMITTER_COEFFICIENT_SOLUTION,PRESSURE_OUTPUT,OUTPUT_DEMAND,FITNESS
0.1476454605816142,24.862166813877295,12.6,20.9426287990413
