EMITTER_COEFFICIENT_SOLUTION,PRESSURE_OUTPUT,OUTPUT_DEMAND,FITNESS
0.06213656774616705,24.86346565073447,12.6,20.388052205032903
