EMITTER_COEFFICIENT_SOLUTION,PRESSURE_OUTPUT,OUTPUT_DEMAND,FITNESS
0.9194592932091896,24.818961759553076,12.6,220.0489646155296
