EMITTER_COEFFICIENT_SOLUTION,PRESSURE_OUTPUT,OUTPUT_DEMAND,FITNESS
0.40478750599766977,24.84783994900056,12.6,29.919845435006334
