EMITTER_COEFFICIENT_SOLUTION,PRESSURE_OUTPUT,OUTPUT_DEMAND,FITNESS
1.8555680102272036,24.765752864675576,12.6,20.54803593805855
