EMITTER_COEFFICIENT_SOLUTION,PRESSURE_OUTPUT,OUTPUT_DEMAND,FITNESS
1.363203142231988,24.793848295050687,12.6,48.612073298645875
