EMITTER_COEFFICIENT_SOLUTION,PRESSURE_OUTPUT,OUTPUT_DEMAND,FITNESS
1.0913419091172127,24.80925764133925,12.6,193.73555656028643
