EMITTER_COEFFICIENT_SOLUTION,PRESSURE_OUTPUT,OUTPUT_DEMAND,FITNESS
1.3334793956230895,24.795536670809945,12.6,52.95868064051013
