EMITTER_COEFFICIENT_SOLUTION,PRESSURE_OUTPUT,OUTPUT_DEMAND,FITNESS
0.5766999446748495,24.838223942970792,12.6,42.005111435995005
