EMITTER_COEFFICIENT_SOLUTION,PRESSURE_OUTPUT,OUTPUT_DEMAND,FITNESS
1.6807427285939087,24.775756345774354,12.6,25.86454125416086
