EMITTER_COEFFICIENT_SOLUTION,PRESSURE_OUTPUT,OUTPUT_DEMAND,FITNESS
1.590132011202819,24.78092916048405,12.6,29.859520543077384
