EMITTER_COEFFICIENT_SOLUTION,PRESSURE_OUTPUT,OUTPUT_DEMAND,FITNESS
1.0801327496855266,24.809891393681625,12.6,220.85182357785195
