EMITTER_COEFFICIENT_SOLUTION,PRESSURE_OUTPUT,OUTPUT_DEMAND,FITNESS
1.7490716049471153,24.771850177393823,12.6,23.491196256624228
