EMITTER_COEFFICIENT_SOLUTION,PRESSURE_OUTPUT,OUTPUT_DEMAND,FITNESS
1.275923580070006,24.7988034575122,12.6,64.03746371580199
