EMITTER_COEFFICIENT_SOLUTION,PRESSURE_OUTPUT,OUTPUT_DEMAND,FITNESS
1.1338483947831153,24.806853227342984,12.6,132.16867870631768
