EMITTER_COEFFICIENT_SOLUTION,PRESSURE_OUTPUT,OUTPUT_DEMAND,FITNESS
0.3860004378058245,24.82726317544784,12.6,77.84609811004111
