EMITTER_COEFFICIENT_SOLUTION,PRESSURE_OUTPUT,OUTPUT_DEMAND,FITNESS
1.0990624322150295,24.808821058742375,12.6,178.62700371472002
