EMITTER_COEFFICIENT_SOLUTION,PRESSURE_OUTPUT,OUTPUT_DEMAND,FITNESS
1.707967959917396,24.774200510921503,12.6,24.863990536422417
