EMITTER_COEFFICIENT_SOLUTION,PRESSURE_OUTPUT,OUTPUT_DEMAND,FITNESS
0.6331427505974286,24.79935017697329,12.6,66.36078998873585
