EMITTER_COEFFICIENT_SOLUTION,PRESSURE_OUTPUT,OUTPUT_DEMAND,FITNESS
0.46925573103040674,24.817887584651004,12.6,288.16216543975725
