EMITTER_COEFFICIENT_SOLUTION,PRESSURE_OUTPUT,OUTPUT_DEMAND,FITNESS
1.7719937562672778,24.770538746961485,12.6,22.789129942914546
