EMITTER_COEFFICIENT_SOLUTION,PRESSURE_OUTPUT,OUTPUT_DEMAND,FITNESS
1.3913567633224315,24.712200328751585,12.6,9.7829182477211
