EMITTER_COEFFICIENT_SOLUTION,PRESSURE_OUTPUT,OUTPUT_DEMAND,FITNESS
1.5203087591345377,24.784909686627962,12.6,33.887243116717855
