EMITTER_COEFFICIENT_SOLUTION,PRESSURE_OUTPUT,OUTPUT_DEMAND,FITNESS
1.2609603137945542,24.79965220799638,12.6,67.7180643230327
