EMITTER_COEFFICIENT_SOLUTION,PRESSURE_OUTPUT,OUTPUT_DEMAND,FITNESS
0.37968053704050464,24.827973701397482,12.6,73.76597844744516
