EMITTER_COEFFICIENT_SOLUTION,PRESSURE_OUTPUT,OUTPUT_DEMAND,FITNESS
0.9019536090958902,24.81994841915388,12.6,180.79577494704392
