EMITTER_COEFFICIENT_SOLUTION,PRESSURE_OUTPUT,OUTPUT_DEMAND,FITNESS
1.0973936544260616,24.808915430400923,12.6,181.68980815098558
