EMITTER_COEFFICIENT_SOLUTION,PRESSURE_OUTPUT,OUTPUT_DEMAND,FITNESS
0.8622640863933619,24.82218426182275,12.6,128.75074456767786
