EMITTER_COEFFICIENT_SOLUTION,PRESSURE_OUTPUT,OUTPUT_DEMAND,FITNESS
1.7711674937012318,24.770586028430472,12.6,22.81371179815219
