EMITTER_COEFFICIENT_SOLUTION,PRESSURE_OUTPUT,OUTPUT_DEMAND,FITNESS
0.9792866462903347,24.815587418692786,12.6,854.6261701127236
