EMITTER_COEFFICIENT_SOLUTION,PRESSURE_OUTPUT,OUTPUT_DEMAND,FITNESS
1.2470731119271248,24.800439720900748,12.6,71.53282772819865
