EMITTER_COEFFICIENT_SOLUTION,PRESSURE_OUTPUT,OUTPUT_DEMAND,FITNESS
0.45515350842411306,24.819477641007893,12.6,197.6157829775027
