EMITTER_COEFFICIENT_SOLUTION,PRESSURE_OUTPUT,OUTPUT_DEMAND,FITNESS
0.22138741245246563,24.845717708879697,12.6,31.948481227064175
