EMITTER_COEFFICIENT_SOLUTION,PRESSURE_OUTPUT,OUTPUT_DEMAND,FITNESS
1.595467420134068,24.78062479684992,12.6,29.590596697025084
