EMITTER_COEFFICIENT_SOLUTION,PRESSURE_OUTPUT,OUTPUT_DEMAND,FITNESS
0.6793015086456532,24.794109650291034,12.6,49.237638485315486
