EMITTER_COEFFICIENT_SOLUTION,PRESSURE_OUTPUT,OUTPUT_DEMAND,FITNESS
1.688458182433241,24.775315506904327,12.6,25.5729559770926
