EMITTER_COEFFICIENT_SOLUTION,PRESSURE_OUTPUT,OUTPUT_DEMAND,FITNESS
0.7139298284823467,24.79017261016643,12.6,41.24271512931917
