EMITTER_COEFFICIENT_SOLUTION,PRESSURE_OUTPUT,OUTPUT_DEMAND,FITNESS
0.287309934933084,24.838340473249055,12.6,41.800503517198564
