EMITTER_COEFFICIENT_SOLUTION,PRESSURE_OUTPUT,OUTPUT_DEMAND,FITNESS
1.578028948632467,24.781619486646576,12.6,30.487963079398856
