EMITTER_COEFFICIENT_SOLUTION,PRESSURE_OUTPUT,OUTPUT_DEMAND,FITNESS
0.514084438731496,24.84172986605786,12.6,36.61320580790163
