EMITTER_COEFFICIENT_SOLUTION,PRESSURE_OUTPUT,OUTPUT_DEMAND,FITNESS
1.1985296866315691,24.803190993040616,12.6,89.06049137592089
