EMITTER_COEFFICIENT_SOLUTION,PRESSURE_OUTPUT,OUTPUT_DEMAND,FITNESS
0.4608272910218666,24.81883800629545,12.6,226.20903852904405
