EMITTER_COEFFICIENT_SOLUTION,PRESSURE_OUTPUT,OUTPUT_DEMAND,FITNESS
1.4209031806660943,24.790568282180708,12.6,41.92690299247671
