EMITTER_COEFFICIENT_SOLUTION,PRESSURE_OUTPUT,OUTPUT_DEMAND,FITNESS
0.2593290081043962,24.855952621112678,12.6,24.075903814262308
