EMITTER_COEFFICIENT_SOLUTION,PRESSURE_OUTPUT,OUTPUT_DEMAND,FITNESS
1.8704445995984746,24.764900232700583,12.6,20.194234713596842
