EMITTER_COEFFICIENT_SOLUTION,PRESSURE_OUTPUT,OUTPUT_DEMAND,FITNESS
1.4114117170263025,24.791108061850785,12.6,42.89773404621358
