EMITTER_COEFFICIENT_SOLUTION,PRESSURE_OUTPUT,OUTPUT_DEMAND,FITNESS
0.6648537324940421,24.79575086178368,12.6,53.56629769173707
