EMITTER_COEFFICIENT_SOLUTION,PRESSURE_OUTPUT,OUTPUT_DEMAND,FITNESS
1.0150765330792895,24.813567095260943,12.6,1173.4042934482968
