EMITTER_COEFFICIENT_SOLUTION,PRESSURE_OUTPUT,OUTPUT_DEMAND,FITNESS
0.5561254055291319,24.80807513937564,12.6,157.62485639591713
