EMITTER_COEFFICIENT_SOLUTION,PRESSURE_OUTPUT,OUTPUT_DEMAND,FITNESS
1.0840200292028639,24.747798150239745,12.6,15.01024459512253
