EMITTER_COEFFICIENT_SOLUTION,PRESSURE_OUTPUT,OUTPUT_DEMAND,FITNESS
1.4302947963611392,24.70766411945032,12.6,9.36722546650938
