EMITTER_COEFFICIENT_SOLUTION,PRESSURE_OUTPUT,OUTPUT_DEMAND,FITNESS
1.2047932102357328,24.733853232809643,12.6,12.412170914094588
