EMITTER_COEFFICIENT_SOLUTION,PRESSURE_OUTPUT,OUTPUT_DEMAND,FITNESS
1.0436721658410533,24.752444139060806,12.6,16.135492339949487
