EMITTER_COEFFICIENT_SOLUTION,PRESSURE_OUTPUT,OUTPUT_DEMAND,FITNESS
1.844217974531863,24.76640322992443,12.6,20.826353674338016
