EMITTER_COEFFICIENT_SOLUTION,PRESSURE_OUTPUT,OUTPUT_DEMAND,FITNESS
0.984643604405329,24.815285102986074,12.6,1152.3571250097343
