EMITTER_COEFFICIENT_SOLUTION,PRESSURE_OUTPUT,OUTPUT_DEMAND,FITNESS
1.3684287670289161,24.79355137648895,12.6,47.92039856145817
