EMITTER_COEFFICIENT_SOLUTION,PRESSURE_OUTPUT,OUTPUT_DEMAND,FITNESS
1.7857635552501343,24.769750694213634,12.6,22.387079564499867
