EMITTER_COEFFICIENT_SOLUTION,PRESSURE_OUTPUT,OUTPUT_DEMAND,FITNESS
1.6856626876413634,24.77547524026687,12.6,25.677846236381352
