EMITTER_COEFFICIENT_SOLUTION,PRESSURE_OUTPUT,OUTPUT_DEMAND,FITNESS
1.8627987625288838,24.765338470998472,12.6,20.374547154570074
