EMITTER_COEFFICIENT_SOLUTION,PRESSURE_OUTPUT,OUTPUT_DEMAND,FITNESS
0.32006281069493236,24.852567946646893,12.6,26.211886796882858
