EMITTER_COEFFICIENT_SOLUTION,PRESSURE_OUTPUT,OUTPUT_DEMAND,FITNESS
1.1582194760775943,24.8054738378758,12.6,111.78831763060639
