EMITTER_COEFFICIENT_SOLUTION,PRESSURE_OUTPUT,OUTPUT_DEMAND,FITNESS
0.2548307129054468,24.85620315896167,12.6,23.931550492866577
