EMITTER_COEFFICIENT_SOLUTION,PRESSURE_OUTPUT,OUTPUT_DEMAND,FITNESS
0.3159313181727599,24.852798313329366,12.6,26.05456036209955
