EMITTER_COEFFICIENT_SOLUTION,PRESSURE_OUTPUT,OUTPUT_DEMAND,FITNESS
0.11295222943051175,24.857813744031546,12.6,23.04337144059996
