EMITTER_COEFFICIENT_SOLUTION,PRESSURE_OUTPUT,OUTPUT_DEMAND,FITNESS
1.6843410642995855,24.77555075455453,12.6,25.727733450435053
