EMITTER_COEFFICIENT_SOLUTION,PRESSURE_OUTPUT,OUTPUT_DEMAND,FITNESS
0.6261732171401244,24.835451044279232,12.6,47.54268991352169
