EMITTER_COEFFICIENT_SOLUTION,PRESSURE_OUTPUT,OUTPUT_DEMAND,FITNESS
0.2634700629361185,24.855721961812407,12.6,24.2103519151532
