EMITTER_COEFFICIENT_SOLUTION,PRESSURE_OUTPUT,OUTPUT_DEMAND,FITNESS
1.9527850449809396,24.760177050296605,12.6,18.435807921570056
