EMITTER_COEFFICIENT_SOLUTION,PRESSURE_OUTPUT,OUTPUT_DEMAND,FITNESS
0.9287422547118643,24.76564303533077,12.6,20.501768012901646
