EMITTER_COEFFICIENT_SOLUTION,PRESSURE_OUTPUT,OUTPUT_DEMAND,FITNESS
1.719932838067643,24.77351652400712,12.6,24.44820855305889
