EMITTER_COEFFICIENT_SOLUTION,PRESSURE_OUTPUT,OUTPUT_DEMAND,FITNESS
0.5218284195155074,24.841296487317102,12.6,37.20352851932441
