EMITTER_COEFFICIENT_SOLUTION,PRESSURE_OUTPUT,OUTPUT_DEMAND,FITNESS
1.1876438913152894,24.803807637405555,12.6,94.23579397651683
