EMITTER_COEFFICIENT_SOLUTION,PRESSURE_OUTPUT,OUTPUT_DEMAND,FITNESS
1.173322065225074,24.737492496638573,12.6,12.999367482963487
