EMITTER_COEFFICIENT_SOLUTION,PRESSURE_OUTPUT,OUTPUT_DEMAND,FITNESS
0.9859037029875722,24.75908494629732,12.6,18.071950530471106
