EMITTER_COEFFICIENT_SOLUTION,PRESSURE_OUTPUT,OUTPUT_DEMAND,FITNESS
0.65318881007634,24.79707534238686,12.6,57.65691279680623
