EMITTER_COEFFICIENT_SOLUTION,PRESSURE_OUTPUT,OUTPUT_DEMAND,FITNESS
0.02095682938757515,24.868038006986055,12.6,18.64951737785845
