EMITTER_COEFFICIENT_SOLUTION,PRESSURE_OUTPUT,OUTPUT_DEMAND,FITNESS
0.057048656220127336,24.867198281307104,12.6,18.94622431915947
