EMITTER_COEFFICIENT_SOLUTION,PRESSURE_OUTPUT,OUTPUT_DEMAND,FITNESS
1.211289698023419,24.802468029103807,12.6,83.67299448087428
