EMITTER_COEFFICIENT_SOLUTION,PRESSURE_OUTPUT,OUTPUT_DEMAND,FITNESS
0.2141194469092922,24.85846967520223,12.6,22.700260060573736
