EMITTER_COEFFICIENT_SOLUTION,PRESSURE_OUTPUT,OUTPUT_DEMAND,FITNESS
1.576122897910608,24.781728189382598,12.6,30.589339975821144
