EMITTER_COEFFICIENT_SOLUTION,PRESSURE_OUTPUT,OUTPUT_DEMAND,FITNESS
0.467040863720393,24.818137368978462,12.6,268.8134083708219
