EMITTER_COEFFICIENT_SOLUTION,PRESSURE_OUTPUT,OUTPUT_DEMAND,FITNESS
0.9981481046503553,24.814522858666933,12.6,9474.881343556714
