EMITTER_COEFFICIENT_SOLUTION,PRESSURE_OUTPUT,OUTPUT_DEMAND,FITNESS
1.8613720995173848,24.765420236998537,12.6,20.40854667543205
