EMITTER_COEFFICIENT_SOLUTION,PRESSURE_OUTPUT,OUTPUT_DEMAND,FITNESS
1.423833663533701,24.790401607409088,12.6,41.63594447642302
