EMITTER_COEFFICIENT_SOLUTION,PRESSURE_OUTPUT,OUTPUT_DEMAND,FITNESS
1.1880789497255564,24.803782995065163,12.6,94.01746750548496
