EMITTER_COEFFICIENT_SOLUTION,PRESSURE_OUTPUT,OUTPUT_DEMAND,FITNESS
0.659695620912335,24.833570750278007,12.6,52.209959262739
