EMITTER_COEFFICIENT_SOLUTION,PRESSURE_OUTPUT,OUTPUT_DEMAND,FITNESS
0.055436828825896844,24.867287720579036,12.6,18.91417356152265
