EMITTER_COEFFICIENT_SOLUTION,PRESSURE_OUTPUT,OUTPUT_DEMAND,FITNESS
0.699289167775609,24.83134844963932,12.6,59.06279211834508
