EMITTER_COEFFICIENT_SOLUTION,PRESSURE_OUTPUT,OUTPUT_DEMAND,FITNESS
1.635671748453742,24.778330391880658,12.6,27.709332211623547
