EMITTER_COEFFICIENT_SOLUTION,PRESSURE_OUTPUT,OUTPUT_DEMAND,FITNESS
0.15336655633361163,24.853311130492315,12.6,25.711029493370596
