EMITTER_COEFFICIENT_SOLUTION,PRESSURE_OUTPUT,OUTPUT_DEMAND,FITNESS
0.915324455976967,24.76718058000405,12.6,21.16906749154985
