EMITTER_COEFFICIENT_SOLUTION,PRESSURE_OUTPUT,OUTPUT_DEMAND,FITNESS
0.6437545415475404,24.798146147367078,12.6,61.45084556179156
