EMITTER_COEFFICIENT_SOLUTION,PRESSURE_OUTPUT,OUTPUT_DEMAND,FITNESS
1.6918910652691939,24.775119342863363,12.6,25.44530972376728
