EMITTER_COEFFICIENT_SOLUTION,PRESSURE_OUTPUT,OUTPUT_DEMAND,FITNESS
1.2512331796959693,24.72847595497589,12.6,11.635570018088593
