EMITTER_COEFFICIENT_SOLUTION,PRESSURE_OUTPUT,OUTPUT_DEMAND,FITNESS
0.8256978205404513,24.824242750077858,12.6,101.77667853491221
