EMITTER_COEFFICIENT_SOLUTION,PRESSURE_OUTPUT,OUTPUT_DEMAND,FITNESS
0.36244703022032476,24.82991045381611,12.6,64.5447062301215
