EMITTER_COEFFICIENT_SOLUTION,PRESSURE_OUTPUT,OUTPUT_DEMAND,FITNESS
1.9950045275086503,24.75775268045978,12.6,17.647068377339302
