EMITTER_COEFFICIENT_SOLUTION,PRESSURE_OUTPUT,OUTPUT_DEMAND,FITNESS
1.1030514893264152,24.74560449385455,12.6,14.531752932157616
