EMITTER_COEFFICIENT_SOLUTION,PRESSURE_OUTPUT,OUTPUT_DEMAND,FITNESS
0.9952272825059941,24.758014037383013,12.6,17.728837026863207
