EMITTER_COEFFICIENT_SOLUTION,PRESSURE_OUTPUT,OUTPUT_DEMAND,FITNESS
0.9025679981106383,24.81991379605728,12.6,181.93463291187425
