EMITTER_COEFFICIENT_SOLUTION,PRESSURE_OUTPUT,OUTPUT_DEMAND,FITNESS
0.9181465261798402,24.76685725824659,12.6,21.025162446982108
