EMITTER_COEFFICIENT_SOLUTION,PRESSURE_OUTPUT,OUTPUT_DEMAND,FITNESS
0.2198129890688446,24.845893681822396,12.6,31.76986885586279
