EMITTER_COEFFICIENT_SOLUTION,PRESSURE_OUTPUT,OUTPUT_DEMAND,FITNESS
0.9968440837228334,24.814596470492496,12.6,5581.788585772495
