EMITTER_COEFFICIENT_SOLUTION,PRESSURE_OUTPUT,OUTPUT_DEMAND,FITNESS
1.4125778636583703,24.79104174792188,12.6,42.77604828225083
