EMITTER_COEFFICIENT_SOLUTION,PRESSURE_OUTPUT,OUTPUT_DEMAND,FITNESS
1.7350454764665553,24.772652388785737,12.6,23.94238829543255
