EMITTER_COEFFICIENT_SOLUTION,PRESSURE_OUTPUT,OUTPUT_DEMAND,FITNESS
0.3486732165867883,24.850972187100965,12.6,27.356135643230896
