EMITTER_COEFFICIENT_SOLUTION,PRESSURE_OUTPUT,OUTPUT_DEMAND,FITNESS
0.4682982580778292,24.844290960631803,12.6,33.474322511553076
