EMITTER_COEFFICIENT_SOLUTION,PRESSURE_OUTPUT,OUTPUT_DEMAND,FITNESS
1.504196124747672,24.785827556321145,12.6,34.975111555184604
