EMITTER_COEFFICIENT_SOLUTION,PRESSURE_OUTPUT,OUTPUT_DEMAND,FITNESS
0.45212777602495546,24.81981869417853,12.6,185.13794996596687
