EMITTER_COEFFICIENT_SOLUTION,PRESSURE_OUTPUT,OUTPUT_DEMAND,FITNESS
0.030312367259436535,24.86868151409879,12.6,18.42835687791022
