EMITTER_COEFFICIENT_SOLUTION,PRESSURE_OUTPUT,OUTPUT_DEMAND,FITNESS
0.43003065280611885,24.846429852955154,12.6,31.237762111735236
