EMITTER_COEFFICIENT_SOLUTION,PRESSURE_OUTPUT,OUTPUT_DEMAND,FITNESS
0.883868746880064,24.770782297114998,12.6,22.916322317207076
