EMITTER_COEFFICIENT_SOLUTION,PRESSURE_OUTPUT,OUTPUT_DEMAND,FITNESS
1.4804266126636063,24.787181134246985,12.6,36.71316949918848
