EMITTER_COEFFICIENT_SOLUTION,PRESSURE_OUTPUT,OUTPUT_DEMAND,FITNESS
0.7110965766517985,24.830685416749674,12.6,61.46999228326836
