EMITTER_COEFFICIENT_SOLUTION,PRESSURE_OUTPUT,OUTPUT_DEMAND,FITNESS
0.5395963925408188,24.809944532398234,12.6,223.47447136037948
