EMITTER_COEFFICIENT_SOLUTION,PRESSURE_OUTPUT,OUTPUT_DEMAND,FITNESS
1.952218923102621,24.760209546792183,12.6,18.446859419379454
