EMITTER_COEFFICIENT_SOLUTION,PRESSURE_OUTPUT,OUTPUT_DEMAND,FITNESS
1.0581421112464091,24.75077868381294,12.6,15.71323160365958
