EMITTER_COEFFICIENT_SOLUTION,PRESSURE_OUTPUT,OUTPUT_DEMAND,FITNESS
0.10450735461691796,24.864563626899788,12.6,19.941646573655905
