EMITTER_COEFFICIENT_SOLUTION,PRESSURE_OUTPUT,OUTPUT_DEMAND,FITNESS
0.10024501982578604,24.864800344008763,12.6,19.84795373395006
