EMITTER_COEFFICIENT_SOLUTION,PRESSURE_OUTPUT,OUTPUT_DEMAND,FITNESS
0.18210889497265537,24.85010482905227,12.6,28.02100586533112
