EMITTER_COEFFICIENT_SOLUTION,PRESSURE_OUTPUT,OUTPUT_DEMAND,FITNESS
0.9915009301783397,24.814898072957888,12.6,2080.0550375919042
