EMITTER_COEFFICIENT_SOLUTION,PRESSURE_OUTPUT,OUTPUT_DEMAND,FITNESS
0.42463268736515614,24.822916175939355,12.6,117.66284653031748
