EMITTER_COEFFICIENT_SOLUTION,PRESSURE_OUTPUT,OUTPUT_DEMAND,FITNESS
0.7960105560275084,24.825912990625667,12.6,86.98924348021731
