EMITTER_COEFFICIENT_SOLUTION,PRESSURE_OUTPUT,OUTPUT_DEMAND,FITNESS
0.019166967155601844,24.869299602624736,12.6,18.22081530608805
