EMITTER_COEFFICIENT_SOLUTION,PRESSURE_OUTPUT,OUTPUT_DEMAND,FITNESS
1.2994004703552715,24.797471342906725,12.6,59.0041043879128
