EMITTER_COEFFICIENT_SOLUTION,PRESSURE_OUTPUT,OUTPUT_DEMAND,FITNESS
1.3839362966705107,24.79267008225603,12.6,45.97863038155892
