EMITTER_COEFFICIENT_SOLUTION,PRESSURE_OUTPUT,OUTPUT_DEMAND,FITNESS
1.436828504610386,24.78966240676867,12.6,40.392763594000314
