EMITTER_COEFFICIENT_SOLUTION,PRESSURE_OUTPUT,OUTPUT_DEMAND,FITNESS
0.4307702135759719,24.846388530854647,12.6,31.278136241075433
