EMITTER_COEFFICIENT_SOLUTION,PRESSURE_OUTPUT,OUTPUT_DEMAND,FITNESS
0.6238833607462404,24.83557944212447,12.6,47.254232173733975
