EMITTER_COEFFICIENT_SOLUTION,PRESSURE_OUTPUT,OUTPUT_DEMAND,FITNESS
0.9270604368183645,24.765835793725294,12.6,20.583110156608644
