EMITTER_COEFFICIENT_SOLUTION,PRESSURE_OUTPUT,OUTPUT_DEMAND,FITNESS
0.3805814060876095,24.82787242591173,12.6,74.32120880953161
