EMITTER_COEFFICIENT_SOLUTION,PRESSURE_OUTPUT,OUTPUT_DEMAND,FITNESS
1.0852949870930275,24.747651236900325,12.6,14.977216759457189
