EMITTER_COEFFICIENT_SOLUTION,PRESSURE_OUTPUT,OUTPUT_DEMAND,FITNESS
1.9857278212743892,24.758285527315884,12.6,17.81458218764262
