EMITTER_COEFFICIENT_SOLUTION,PRESSURE_OUTPUT,OUTPUT_DEMAND,FITNESS
0.3701060675794844,24.82904985744019,12.6,68.34083024554118
