EMITTER_COEFFICIENT_SOLUTION,PRESSURE_OUTPUT,OUTPUT_DEMAND,FITNESS
1.775993918196442,24.770309834950908,12.6,22.67086272739838
