EMITTER_COEFFICIENT_SOLUTION,PRESSURE_OUTPUT,OUTPUT_DEMAND,FITNESS
1.6163887842887095,24.77943104415317,12.6,28.581005417188827
