EMITTER_COEFFICIENT_SOLUTION,PRESSURE_OUTPUT,OUTPUT_DEMAND,FITNESS
1.9389804841542775,24.760969368871194,12.6,18.709092250479863
