EMITTER_COEFFICIENT_SOLUTION,PRESSURE_OUTPUT,OUTPUT_DEMAND,FITNESS
0.6675253507843324,24.83313141080926,12.6,53.43566088223567
