EMITTER_COEFFICIENT_SOLUTION,PRESSURE_OUTPUT,OUTPUT_DEMAND,FITNESS
0.9791656803576159,24.815594244975465,12.6,849.6692677297563
