EMITTER_COEFFICIENT_SOLUTION,PRESSURE_OUTPUT,OUTPUT_DEMAND,FITNESS
0.3593193316032094,24.830261824517883,12.6,63.1133510486372
