EMITTER_COEFFICIENT_SOLUTION,PRESSURE_OUTPUT,OUTPUT_DEMAND,FITNESS
1.0893384953950696,24.74718526147901,12.6,14.873414974888332
