EMITTER_COEFFICIENT_SOLUTION,PRESSURE_OUTPUT,OUTPUT_DEMAND,FITNESS
0.719105868052723,24.78958371288116,12.6,40.264775418239125
