EMITTER_COEFFICIENT_SOLUTION,PRESSURE_OUTPUT,OUTPUT_DEMAND,FITNESS
1.0488519932224107,24.81165930080128,12.6,362.31678655362873
