EMITTER_COEFFICIENT_SOLUTION,PRESSURE_OUTPUT,OUTPUT_DEMAND,FITNESS
0.2417602578643826,24.843439726441964,12.6,34.45613235468963
