EMITTER_COEFFICIENT_SOLUTION,PRESSURE_OUTPUT,OUTPUT_DEMAND,FITNESS
0.0427850581824013,24.86561520020966,12.6,19.532057314274727
