EMITTER_COEFFICIENT_SOLUTION,PRESSURE_OUTPUT,OUTPUT_DEMAND,FITNESS
0.6312126757964212,24.83516845071498,12.6,48.19013684456367
