EMITTER_COEFFICIENT_SOLUTION,PRESSURE_OUTPUT,OUTPUT_DEMAND,FITNESS
1.731757932057477,24.772840388647545,12.6,24.0506442300849
