EMITTER_COEFFICIENT_SOLUTION,PRESSURE_OUTPUT,OUTPUT_DEMAND,FITNESS
0.599502339516466,24.83694621453106,12.6,44.38743503203921
