EMITTER_COEFFICIENT_SOLUTION,PRESSURE_OUTPUT,OUTPUT_DEMAND,FITNESS
0.7672626806582756,24.82752952857377,12.6,76.26478205334669
