EMITTER_COEFFICIENT_SOLUTION,PRESSURE_OUTPUT,OUTPUT_DEMAND,FITNESS
1.8104840424972122,24.768335457282376,12.6,21.699571565902154
