EMITTER_COEFFICIENT_SOLUTION,PRESSURE_OUTPUT,OUTPUT_DEMAND,FITNESS
0.47203304056451467,24.81757434221327,12.6,316.75382920173655
