EMITTER_COEFFICIENT_SOLUTION,PRESSURE_OUTPUT,OUTPUT_DEMAND,FITNESS
1.835449898388361,24.766905559899612,12.6,21.046536259011667
