EMITTER_COEFFICIENT_SOLUTION,PRESSURE_OUTPUT,OUTPUT_DEMAND,FITNESS
0.29466838956039776,24.83751590547815,12.6,43.29268764857976
