EMITTER_COEFFICIENT_SOLUTION,PRESSURE_OUTPUT,OUTPUT_DEMAND,FITNESS
1.8427776519243608,24.766485752352388,12.6,20.86220832656702
