EMITTER_COEFFICIENT_SOLUTION,PRESSURE_OUTPUT,OUTPUT_DEMAND,FITNESS
0.392774151535474,24.826501396453416,12.6,82.7535070573552
