EMITTER_COEFFICIENT_SOLUTION,PRESSURE_OUTPUT,OUTPUT_DEMAND,FITNESS
1.9467903669717546,24.760521140428445,12.6,18.55350354778183
