EMITTER_COEFFICIENT_SOLUTION,PRESSURE_OUTPUT,OUTPUT_DEMAND,FITNESS
0.8445313755170428,24.775280961096897,12.6,25.550383786598395
