EMITTER_COEFFICIENT_SOLUTION,PRESSURE_OUTPUT,OUTPUT_DEMAND,FITNESS
1.401206640087906,24.711053388818236,12.6,9.674367781815365
