EMITTER_COEFFICIENT_SOLUTION,PRESSURE_OUTPUT,OUTPUT_DEMAND,FITNESS
0.34051522713667104,24.832373469971643,12.6,55.691214640705404
