EMITTER_COEFFICIENT_SOLUTION,PRESSURE_OUTPUT,OUTPUT_DEMAND,FITNESS
1.8423330909899727,24.766511222793078,12.6,20.87329976434512
