EMITTER_COEFFICIENT_SOLUTION,PRESSURE_OUTPUT,OUTPUT_DEMAND,FITNESS
1.5588441641027921,24.78271343674573,12.6,31.539891319421795
