EMITTER_COEFFICIENT_SOLUTION,PRESSURE_OUTPUT,OUTPUT_DEMAND,FITNESS
0.5966713218885265,24.83710487893994,12.6,44.07701357783722
