EMITTER_COEFFICIENT_SOLUTION,PRESSURE_OUTPUT,OUTPUT_DEMAND,FITNESS
1.1693544580420152,24.80484340553818,12.6,104.42870755637114
