EMITTER_COEFFICIENT_SOLUTION,PRESSURE_OUTPUT,OUTPUT_DEMAND,FITNESS
0.9885006143213475,24.81506741774343,12.6,1538.2218236074375
