EMITTER_COEFFICIENT_SOLUTION,PRESSURE_OUTPUT,OUTPUT_DEMAND,FITNESS
0.7848827982274131,24.826538821246345,12.6,82.49800801517387
