EMITTER_COEFFICIENT_SOLUTION,PRESSURE_OUTPUT,OUTPUT_DEMAND,FITNESS
1.9553864104822805,24.760027722804473,12.6,18.3851939796366
