EMITTER_COEFFICIENT_SOLUTION,PRESSURE_OUTPUT,OUTPUT_DEMAND,FITNESS
0.6426386223462044,24.83452763160055,12.6,49.72572495359795
