EMITTER_COEFFICIENT_SOLUTION,PRESSURE_OUTPUT,OUTPUT_DEMAND,FITNESS
0.9151312689229445,24.81920572552962,12.6,208.83762915394928
