EMITTER_COEFFICIENT_SOLUTION,PRESSURE_OUTPUT,OUTPUT_DEMAND,FITNESS
1.1505413685009218,24.805908478842092,12.6,117.49724836622525
