EMITTER_COEFFICIENT_SOLUTION,PRESSURE_OUTPUT,OUTPUT_DEMAND,FITNESS
0.2439133676365457,24.856811126914188,12.6,23.588349077523436
