EMITTER_COEFFICIENT_SOLUTION,PRESSURE_OUTPUT,OUTPUT_DEMAND,FITNESS
0.7608420673653585,24.784831325229817,12.6,33.79749549815436
