EMITTER_COEFFICIENT_SOLUTION,PRESSURE_OUTPUT,OUTPUT_DEMAND,FITNESS
1.1949280443152073,24.803395027354718,12.6,90.70879686913753
