EMITTER_COEFFICIENT_SOLUTION,PRESSURE_OUTPUT,OUTPUT_DEMAND,FITNESS
1.589250614083729,24.780979437923577,12.6,29.904414852047886
