EMITTER_COEFFICIENT_SOLUTION,PRESSURE_OUTPUT,OUTPUT_DEMAND,FITNESS
0.26296552534073414,24.85575006580894,12.6,24.193890207261944
