EMITTER_COEFFICIENT_SOLUTION,PRESSURE_OUTPUT,OUTPUT_DEMAND,FITNESS
1.0386093401074237,24.812237974758183,12.6,458.4334515833476
