EMITTER_COEFFICIENT_SOLUTION,PRESSURE_OUTPUT,OUTPUT_DEMAND,FITNESS
1.864254965249233,24.76525500992348,12.6,20.33995942765541
