EMITTER_COEFFICIENT_SOLUTION,PRESSURE_OUTPUT,OUTPUT_DEMAND,FITNESS
0.5008998014264693,24.81431672290372,12.6,9747.201988647017
