EMITTER_COEFFICIENT_SOLUTION,PRESSURE_OUTPUT,OUTPUT_DEMAND,FITNESS
0.8747707615200624,24.821479891224364,12.6,141.59142121419558
