EMITTER_COEFFICIENT_SOLUTION,PRESSURE_OUTPUT,OUTPUT_DEMAND,FITNESS
0.8821811263563101,24.770975421063795,12.6,23.01819372212277
