EMITTER_COEFFICIENT_SOLUTION,PRESSURE_OUTPUT,OUTPUT_DEMAND,FITNESS
1.1346223001026559,24.80680943391569,12.6,131.4080730863278
