EMITTER_COEFFICIENT_SOLUTION,PRESSURE_OUTPUT,OUTPUT_DEMAND,FITNESS
1.018177261644242,24.75537653870228,12.6,16.936872521558488
