EMITTER_COEFFICIENT_SOLUTION,PRESSURE_OUTPUT,OUTPUT_DEMAND,FITNESS
0.6071180314496304,24.80230106907858,12.6,82.52018377787203
