EMITTER_COEFFICIENT_SOLUTION,PRESSURE_OUTPUT,OUTPUT_DEMAND,FITNESS
1.506754033461042,24.785681860179068,12.6,34.79779110014501
