EMITTER_COEFFICIENT_SOLUTION,PRESSURE_OUTPUT,OUTPUT_DEMAND,FITNESS
1.7168324076929682,24.773693777525274,12.6,24.554616745391915
