EMITTER_COEFFICIENT_SOLUTION,PRESSURE_OUTPUT,OUTPUT_DEMAND,FITNESS
0.655023617829629,24.79686704729005,12.6,56.97269059597758
