EMITTER_COEFFICIENT_SOLUTION,PRESSURE_OUTPUT,OUTPUT_DEMAND,FITNESS
0.4081608024118387,24.82477036352976,12.6,96.58992102658077
