EMITTER_COEFFICIENT_SOLUTION,PRESSURE_OUTPUT,OUTPUT_DEMAND,FITNESS
1.9023866529434992,24.763068778233098,12.6,19.47399257652726
