EMITTER_COEFFICIENT_SOLUTION,PRESSURE_OUTPUT,OUTPUT_DEMAND,FITNESS
0.45505421500628773,24.845031379708942,12.6,32.664726386702974
