EMITTER_COEFFICIENT_SOLUTION,PRESSURE_OUTPUT,OUTPUT_DEMAND,FITNESS
0.3125306197148634,24.85298791874238,12.6,25.926481323026344
