EMITTER_COEFFICIENT_SOLUTION,PRESSURE_OUTPUT,OUTPUT_DEMAND,FITNESS
0.5909863460937617,24.837423468800587,12.6,43.46663382383139
