EMITTER_COEFFICIENT_SOLUTION,PRESSURE_OUTPUT,OUTPUT_DEMAND,FITNESS
0.9160409411952886,24.819154449873942,12.6,211.0981283636385
