EMITTER_COEFFICIENT_SOLUTION,PRESSURE_OUTPUT,OUTPUT_DEMAND,FITNESS
1.8421728270866706,24.7665204048211,12.6,20.877301091658488
