EMITTER_COEFFICIENT_SOLUTION,PRESSURE_OUTPUT,OUTPUT_DEMAND,FITNESS
0.13949703677361824,24.854857108117834,12.6,24.72811947616683
