EMITTER_COEFFICIENT_SOLUTION,PRESSURE_OUTPUT,OUTPUT_DEMAND,FITNESS
1.1374838150886362,24.741632056924473,12.6,13.738668093076598
