EMITTER_COEFFICIENT_SOLUTION,PRESSURE_OUTPUT,OUTPUT_DEMAND,FITNESS
1.5188771925155822,24.78499124748334,12.6,33.98116271906441
