EMITTER_COEFFICIENT_SOLUTION,PRESSURE_OUTPUT,OUTPUT_DEMAND,FITNESS
0.21660671702523804,24.84625201476654,12.6,31.412265635365234
