EMITTER_COEFFICIENT_SOLUTION,PRESSURE_OUTPUT,OUTPUT_DEMAND,FITNESS
0.15601083894286272,24.86170179989916,12.6,21.14858674591312
