EMITTER_COEFFICIENT_SOLUTION,PRESSURE_OUTPUT,OUTPUT_DEMAND,FITNESS
1.1026563285540998,24.808617809490798,12.6,172.36900814848485
