EMITTER_COEFFICIENT_SOLUTION,PRESSURE_OUTPUT,OUTPUT_DEMAND,FITNESS
1.4844111502408137,24.78695427016953,12.6,36.409914982724814
