EMITTER_COEFFICIENT_SOLUTION,PRESSURE_OUTPUT,OUTPUT_DEMAND,FITNESS
0.3454241342148079,24.85115344851659,12.6,27.22115649345216
