EMITTER_COEFFICIENT_SOLUTION,PRESSURE_OUTPUT,OUTPUT_DEMAND,FITNESS
1.7034604115466074,24.774458153649597,12.6,25.024296841456927
