EMITTER_COEFFICIENT_SOLUTION,PRESSURE_OUTPUT,OUTPUT_DEMAND,FITNESS
0.3160175506340156,24.852793505297704,12.6,26.05782465579071
