EMITTER_COEFFICIENT_SOLUTION,PRESSURE_OUTPUT,OUTPUT_DEMAND,FITNESS
0.30357684177563116,24.836517354037063,12.6,45.248791816546884
