EMITTER_COEFFICIENT_SOLUTION,PRESSURE_OUTPUT,OUTPUT_DEMAND,FITNESS
1.3116147590993354,24.72147184548185,12.6,10.758765027215347
