EMITTER_COEFFICIENT_SOLUTION,PRESSURE_OUTPUT,OUTPUT_DEMAND,FITNESS
0.5659171132596283,24.83882797262313,12.6,40.96571566247948
