EMITTER_COEFFICIENT_SOLUTION,PRESSURE_OUTPUT,OUTPUT_DEMAND,FITNESS
1.4250654260037652,24.708273671341615,12.6,9.421017687504992
