EMITTER_COEFFICIENT_SOLUTION,PRESSURE_OUTPUT,OUTPUT_DEMAND,FITNESS
0.37221200429131795,24.849658670478625,12.6,28.375754210078423
