EMITTER_COEFFICIENT_SOLUTION,PRESSURE_OUTPUT,OUTPUT_DEMAND,FITNESS
0.31711986383512114,24.852732043353484,12.6,26.099624890187588
