EMITTER_COEFFICIENT_SOLUTION,PRESSURE_OUTPUT,OUTPUT_DEMAND,FITNESS
1.8238995252418129,24.76756717391239,12.6,21.343741094388697
