EMITTER_COEFFICIENT_SOLUTION,PRESSURE_OUTPUT,OUTPUT_DEMAND,FITNESS
0.7768947907896959,24.826987993333724,12.6,79.55021110638556
