EMITTER_COEFFICIENT_SOLUTION,PRESSURE_OUTPUT,OUTPUT_DEMAND,FITNESS
0.2992933567028683,24.836997531698074,12.6,44.2865574544064
