EMITTER_COEFFICIENT_SOLUTION,PRESSURE_OUTPUT,OUTPUT_DEMAND,FITNESS
1.4372256149709353,24.789639814825158,12.6,40.35593674222135
