EMITTER_COEFFICIENT_SOLUTION,PRESSURE_OUTPUT,OUTPUT_DEMAND,FITNESS
1.4775675140832507,24.78734391045218,12.6,36.93388753431653
