EMITTER_COEFFICIENT_SOLUTION,PRESSURE_OUTPUT,OUTPUT_DEMAND,FITNESS
1.227050471278411,24.80157482079153,12.6,77.85436086678595
