EMITTER_COEFFICIENT_SOLUTION,PRESSURE_OUTPUT,OUTPUT_DEMAND,FITNESS
1.7211148508820235,24.77344894509703,12.6,24.407882257904387
