EMITTER_COEFFICIENT_SOLUTION,PRESSURE_OUTPUT,OUTPUT_DEMAND,FITNESS
0.026874378485940098,24.867381387732017,12.6,18.880723776686285
