EMITTER_COEFFICIENT_SOLUTION,PRESSURE_OUTPUT,OUTPUT_DEMAND,FITNESS
1.072188721828008,24.81034046284592,12.6,245.16692618270264
