EMITTER_COEFFICIENT_SOLUTION,PRESSURE_OUTPUT,OUTPUT_DEMAND,FITNESS
1.0898912942869874,24.74712155174742,12.6,14.85933454769858
