EMITTER_COEFFICIENT_SOLUTION,PRESSURE_OUTPUT,OUTPUT_DEMAND,FITNESS
1.5119400687538775,24.78538644834765,12.6,34.44372070094889
