EMITTER_COEFFICIENT_SOLUTION,PRESSURE_OUTPUT,OUTPUT_DEMAND,FITNESS
0.6208522155639258,24.83574939763433,12.6,46.87775146132356
