EMITTER_COEFFICIENT_SOLUTION,PRESSURE_OUTPUT,OUTPUT_DEMAND,FITNESS
0.2484847334546808,24.842687459241546,12.6,35.373008453021185
