EMITTER_COEFFICIENT_SOLUTION,PRESSURE_OUTPUT,OUTPUT_DEMAND,FITNESS
0.3593663711805485,24.83025654031033,12.6,63.134406628710224
