EMITTER_COEFFICIENT_SOLUTION,PRESSURE_OUTPUT,OUTPUT_DEMAND,FITNESS
0.8246895885513735,24.777547761064916,12.6,27.121177547491147
