EMITTER_COEFFICIENT_SOLUTION,PRESSURE_OUTPUT,OUTPUT_DEMAND,FITNESS
1.1844316857570765,24.736208242170463,12.6,12.78591311058981
