EMITTER_COEFFICIENT_SOLUTION,PRESSURE_OUTPUT,OUTPUT_DEMAND,FITNESS
1.794781497574534,24.769234491038823,12.6,22.131323756188785
