EMITTER_COEFFICIENT_SOLUTION,PRESSURE_OUTPUT,OUTPUT_DEMAND,FITNESS
1.5804315210856323,24.781482461956706,12.6,30.36112632615583
