EMITTER_COEFFICIENT_SOLUTION,PRESSURE_OUTPUT,OUTPUT_DEMAND,FITNESS
1.7502264578128657,24.77178411797602,12.6,23.45479875400076
