EMITTER_COEFFICIENT_SOLUTION,PRESSURE_OUTPUT,OUTPUT_DEMAND,FITNESS
1.5091747449954185,24.78554397266037,12.6,34.631622305542464
