EMITTER_COEFFICIENT_SOLUTION,PRESSURE_OUTPUT,OUTPUT_DEMAND,FITNESS
1.9753720170271403,24.7588802566598,12.6,18.0053462160036
