EMITTER_COEFFICIENT_SOLUTION,PRESSURE_OUTPUT,OUTPUT_DEMAND,FITNESS
1.2896232063393123,24.798026186870317,12.6,61.00116486324102
