EMITTER_COEFFICIENT_SOLUTION,PRESSURE_OUTPUT,OUTPUT_DEMAND,FITNESS
0.37490352276375205,24.849508441606396,12.6,28.49723385869064
