EMITTER_COEFFICIENT_SOLUTION,PRESSURE_OUTPUT,OUTPUT_DEMAND,FITNESS
1.7032686780108364,24.774469112320304,12.6,25.03116121260956
