EMITTER_COEFFICIENT_SOLUTION,PRESSURE_OUTPUT,OUTPUT_DEMAND,FITNESS
0.709465082482658,24.830777040058464,12.6,61.12572704881373
