EMITTER_COEFFICIENT_SOLUTION,PRESSURE_OUTPUT,OUTPUT_DEMAND,FITNESS
0.8413025361576003,24.82336445234447,12.6,111.76761050513889
