EMITTER_COEFFICIENT_SOLUTION,PRESSURE_OUTPUT,OUTPUT_DEMAND,FITNESS
0.16577252035606727,24.851927620409796,12.6,26.659341417805123
