EMITTER_COEFFICIENT_SOLUTION,PRESSURE_OUTPUT,OUTPUT_DEMAND,FITNESS
0.30544657513823603,24.85338285044682,12.6,25.66370577735007
