EMITTER_COEFFICIENT_SOLUTION,PRESSURE_OUTPUT,OUTPUT_DEMAND,FITNESS
0.13882329419058892,24.862657141661053,12.6,20.729760018530943
