EMITTER_COEFFICIENT_SOLUTION,PRESSURE_OUTPUT,OUTPUT_DEMAND,FITNESS
0.046471987263907,24.867785124962566,12.6,18.737887648680463
