EMITTER_COEFFICIENT_SOLUTION,PRESSURE_OUTPUT,OUTPUT_DEMAND,FITNESS
1.3616944551125538,24.793934013159237,12.6,48.81548424732103
