EMITTER_COEFFICIENT_SOLUTION,PRESSURE_OUTPUT,OUTPUT_DEMAND,FITNESS
0.26844620801941554,24.84045328100595,12.6,38.40840994305532
