EMITTER_COEFFICIENT_SOLUTION,PRESSURE_OUTPUT,OUTPUT_DEMAND,FITNESS
1.7461582870195702,24.772016817937782,12.6,23.58351595145317
