EMITTER_COEFFICIENT_SOLUTION,PRESSURE_OUTPUT,OUTPUT_DEMAND,FITNESS
1.0699727697332442,24.810465717406835,12.6,252.9340961381886
