EMITTER_COEFFICIENT_SOLUTION,PRESSURE_OUTPUT,OUTPUT_DEMAND,FITNESS
0.793224650882309,24.781139227748184,12.6,30.047996837278845
