EMITTER_COEFFICIENT_SOLUTION,PRESSURE_OUTPUT,OUTPUT_DEMAND,FITNESS
0.9309857479127137,24.81831193361846,12.6,256.76464624439365
