EMITTER_COEFFICIENT_SOLUTION,PRESSURE_OUTPUT,OUTPUT_DEMAND,FITNESS
1.4096834367013766,24.79120633949715,12.6,43.07935178293879
