EMITTER_COEFFICIENT_SOLUTION,PRESSURE_OUTPUT,OUTPUT_DEMAND,FITNESS
0.2572830219524974,24.841702915626747,12.6,36.6493692681397
