EMITTER_COEFFICIENT_SOLUTION,PRESSURE_OUTPUT,OUTPUT_DEMAND,FITNESS
0.018149352130107044,24.869356029931296,12.6,18.202100788294032
