EMITTER_COEFFICIENT_SOLUTION,PRESSURE_OUTPUT,OUTPUT_DEMAND,FITNESS
0.06049184403131824,24.867007212032505,12.6,19.015059621014203
