EMITTER_COEFFICIENT_SOLUTION,PRESSURE_OUTPUT,OUTPUT_DEMAND,FITNESS
0.026768040791301795,24.868878085114915,12.6,18.36184145909226
