EMITTER_COEFFICIENT_SOLUTION,PRESSURE_OUTPUT,OUTPUT_DEMAND,FITNESS,NODE
0.9061837210108383,28.490961333078523,1.2,1.9632653670624391,N4
