EMITTER_COEFFICIENT_SOLUTION,PRESSURE_OUTPUT,OUTPUT_DEMAND,FITNESS,NODE
0.12248499896233922,28.944762626918077,1.2,18.000439306139437,N4
