EMITTER_COEFFICIENT_SOLUTION,PRESSURE_OUTPUT,OUTPUT_DEMAND,FITNESS,NODE
0.26847838450942973,28.87283705363349,1.2,7.8443817128365465,N4
