EMITTER_COEFFICIENT_SOLUTION,PRESSURE_OUTPUT,OUTPUT_DEMAND,FITNESS,NODE
0.34140007445480147,28.834652177671238,1.2,6.036290821994823,N4
