EMITTER_COEFFICIENT_SOLUTION,PRESSURE_OUTPUT,OUTPUT_DEMAND,FITNESS,NODE
0.9850754421195065,28.436550032822353,1.2,1.7737830801588246,N4
