EMITTER_COEFFICIENT_SOLUTION,PRESSURE_OUTPUT,OUTPUT_DEMAND,FITNESS,NODE
0.21221792099627568,28.901276570650005,1.2,10.09690443719003,N4
