EMITTER_COEFFICIENT_SOLUTION,PRESSURE_OUTPUT,OUTPUT_DEMAND,FITNESS,NODE
0.44884553030834784,28.775718217866533,1.2,4.452387330153652,N4
