EMITTER_COEFFICIENT_SOLUTION,PRESSURE_OUTPUT,OUTPUT_DEMAND,FITNESS,NODE
0.013116785970428091,28.994580412242115,1.2,174.32492381157502,N4
