EMITTER_COEFFICIENT_SOLUTION,PRESSURE_OUTPUT,OUTPUT_DEMAND,FITNESS,NODE
0.20543697101286917,28.904643607889042,1.2,10.452245813686966,N4
