EMITTER_COEFFICIENT_SOLUTION,PRESSURE_OUTPUT,OUTPUT_DEMAND,FITNESS,NODE
0.47653113172664896,28.76002536834178,1.2,4.1616127645588845,N4
