EMITTER_COEFFICIENT_SOLUTION,PRESSURE_OUTPUT,OUTPUT_DEMAND,FITNESS,NODE
0.6883935243779428,28.633235926985606,1.2,2.7241951324251303,N4
