EMITTER_COEFFICIENT_SOLUTION,PRESSURE_OUTPUT,OUTPUT_DEMAND,FITNESS,NODE
0.6685182302000245,28.645625823632002,1.2,2.8193554151802207,N4
