EMITTER_COEFFICIENT_SOLUTION,PRESSURE_OUTPUT,OUTPUT_DEMAND,FITNESS,NODE
0.24122901003414576,28.886723488546608,1.2,8.803333161337422,N4
