EMITTER_COEFFICIENT_SOLUTION,PRESSURE_OUTPUT,OUTPUT_DEMAND,FITNESS,NODE
0.33945639881506473,28.835689147285485,1.2,6.074312679499814,N4
