EMITTER_COEFFICIENT_SOLUTION,PRESSURE_OUTPUT,OUTPUT_DEMAND,FITNESS,NODE
0.46198042593594524,28.768298722696997,1.2,4.310008499666217,N4
