EMITTER_COEFFICIENT_SOLUTION,PRESSURE_OUTPUT,OUTPUT_DEMAND,FITNESS,NODE
0.6627101645938455,28.649227366698668,1.2,2.8482769041653326,N4
