EMITTER_COEFFICIENT_SOLUTION,PRESSURE_OUTPUT,OUTPUT_DEMAND,FITNESS,NODE
0.7218509915250281,28.612151694794093,1.2,2.5762231534987214,N4
