EMITTER_COEFFICIENT_SOLUTION,PRESSURE_OUTPUT,OUTPUT_DEMAND,FITNESS,NODE
0.11497789657053159,28.948294916230957,1.2,19.222669687690903,N4
