EMITTER_COEFFICIENT_SOLUTION,PRESSURE_OUTPUT,OUTPUT_DEMAND,FITNESS,NODE
0.33758136354843793,28.836688506678748,1.2,6.111411523000226,N4
