EMITTER_COEFFICIENT_SOLUTION,PRESSURE_OUTPUT,OUTPUT_DEMAND,FITNESS,NODE
0.18668957281720622,28.913884069700472,1.2,11.569687646197073,N4
