EMITTER_COEFFICIENT_SOLUTION,PRESSURE_OUTPUT,OUTPUT_DEMAND,FITNESS,NODE
0.07069043546181197,28.96879682267472,1.2,31.725884350221264,N4
