EMITTER_COEFFICIENT_SOLUTION,PRESSURE_OUTPUT,OUTPUT_DEMAND,FITNESS,NODE
0.8231518661721641,28.546593760070586,1.2,2.2039875724131988,N4
