EMITTER_COEFFICIENT_SOLUTION,PRESSURE_OUTPUT,OUTPUT_DEMAND,FITNESS,NODE
0.11922404672841636,28.946299013368943,1.2,18.51241173510871,N4
