EMITTER_COEFFICIENT_SOLUTION,PRESSURE_OUTPUT,OUTPUT_DEMAND,FITNESS,NODE
0.04383898396968644,28.980944902116583,1.2,51.62109730703133,N4
