EMITTER_COEFFICIENT_SOLUTION,PRESSURE_OUTPUT,OUTPUT_DEMAND,FITNESS,NODE
0.5433830464102581,28.721288477530294,1.2,3.5838652353768015,N4
