EMITTER_COEFFICIENT_SOLUTION,PRESSURE_OUTPUT,OUTPUT_DEMAND,FITNESS,NODE
0.20078069740932303,28.906948044239968,1.2,10.710217853023527,N4
