EMITTER_COEFFICIENT_SOLUTION,PRESSURE_OUTPUT,OUTPUT_DEMAND,FITNESS,NODE
0.5524216233778501,28.715960291411868,1.2,3.5167118605362084,N4
