EMITTER_COEFFICIENT_SOLUTION,PRESSURE_OUTPUT,OUTPUT_DEMAND,FITNESS,NODE
0.44874208662314474,28.775776465654843,1.2,4.453542319455184,N4
