EMITTER_COEFFICIENT_SOLUTION,PRESSURE_OUTPUT,OUTPUT_DEMAND,FITNESS,NODE
0.39025311352364656,28.808246953093644,1.2,5.206438582072333,N4
