EMITTER_COEFFICIENT_SOLUTION,PRESSURE_OUTPUT,OUTPUT_DEMAND,FITNESS,NODE
0.1942835706975662,28.910153171343893,1.2,11.090943428347474,N4
