EMITTER_COEFFICIENT_SOLUTION,PRESSURE_OUTPUT,OUTPUT_DEMAND,FITNESS,NODE
0.21300099448760623,28.90088689537731,1.2,10.057333716979302,N4
