EMITTER_COEFFICIENT_SOLUTION,PRESSURE_OUTPUT,OUTPUT_DEMAND,FITNESS,NODE
0.5001097953243374,28.746498538903893,1.2,3.9398264364008138,N4
