EMITTER_COEFFICIENT_SOLUTION,PRESSURE_OUTPUT,OUTPUT_DEMAND,FITNESS,NODE
0.02156063917103279,28.99086093616819,1.2,105.75418620995652,N4
