EMITTER_COEFFICIENT_SOLUTION,PRESSURE_OUTPUT,OUTPUT_DEMAND,FITNESS,NODE
0.6584434599372462,28.651867605862883,1.2,2.8698586204810974,N4
