EMITTER_COEFFICIENT_SOLUTION,PRESSURE_OUTPUT,OUTPUT_DEMAND,FITNESS,NODE
0.35842436648382625,28.825524983989673,1.2,5.721090783935894,N4
