EMITTER_COEFFICIENT_SOLUTION,PRESSURE_OUTPUT,OUTPUT_DEMAND,FITNESS,NODE
0.9612269274788642,28.453156179002434,1.2,1.8276168148196308,N4
