EMITTER_COEFFICIENT_SOLUTION,PRESSURE_OUTPUT,OUTPUT_DEMAND,FITNESS,NODE
0.07956207751575084,28.96473616054209,1.2,28.105151199523434,N4
