EMITTER_COEFFICIENT_SOLUTION,PRESSURE_OUTPUT,OUTPUT_DEMAND,FITNESS,NODE
0.18193755600129757,28.91621029611121,1.2,11.889683166195457,N4
