EMITTER_COEFFICIENT_SOLUTION,PRESSURE_OUTPUT,OUTPUT_DEMAND,FITNESS,NODE
0.9719133153684419,28.445731894499914,1.2,1.8031503239201194,N4
