EMITTER_COEFFICIENT_SOLUTION,PRESSURE_OUTPUT,OUTPUT_DEMAND,FITNESS,NODE
0.6570403747018748,28.652734814042468,1.2,2.8770188439099584,N4
