EMITTER_COEFFICIENT_SOLUTION,PRESSURE_OUTPUT,OUTPUT_DEMAND,FITNESS,NODE
0.019059587058819827,28.99196486917176,1.2,119.73241072754635,N4
