EMITTER_COEFFICIENT_SOLUTION,PRESSURE_OUTPUT,OUTPUT_DEMAND,FITNESS,NODE
0.05550379316767795,28.975693846072282,1.2,40.612467605892846,N4
