EMITTER_COEFFICIENT_SOLUTION,PRESSURE_OUTPUT,OUTPUT_DEMAND,FITNESS,NODE
0.11583817708457267,28.947890967103966,1.2,19.07455612865867,N4
