EMITTER_COEFFICIENT_SOLUTION,PRESSURE_OUTPUT,OUTPUT_DEMAND,FITNESS,NODE
0.13894688840369496,28.936959337931363,1.2,15.783453868538242,N4
