EMITTER_COEFFICIENT_SOLUTION,PRESSURE_OUTPUT,OUTPUT_DEMAND,FITNESS,NODE
0.007028402814728385,28.997249014864778,1.2,325.9652412282901,N4
