EMITTER_COEFFICIENT_SOLUTION,PRESSURE_OUTPUT,OUTPUT_DEMAND,FITNESS,NODE
0.6204662961719863,28.675161279130997,1.2,3.0754511424192086,N4
