EMITTER_COEFFICIENT_SOLUTION,PRESSURE_OUTPUT,OUTPUT_DEMAND,FITNESS,NODE
0.17960340921284546,28.917350540587805,1.2,12.05308864336569,N4
