EMITTER_COEFFICIENT_SOLUTION,PRESSURE_OUTPUT,OUTPUT_DEMAND,FITNESS,NODE
0.7402436781177019,28.600440075457612,1.2,2.5007705426339237,N4
