EMITTER_COEFFICIENT_SOLUTION,PRESSURE_OUTPUT,OUTPUT_DEMAND,FITNESS,NODE
0.27429694419477846,28.869844774628568,1.2,7.664476680708999,N4
