EMITTER_COEFFICIENT_SOLUTION,PRESSURE_OUTPUT,OUTPUT_DEMAND,FITNESS,NODE
0.0845581567871242,28.962439161386285,1.2,26.400782459407488,N4
