EMITTER_COEFFICIENT_SOLUTION,PRESSURE_OUTPUT,OUTPUT_DEMAND,FITNESS,NODE
0.32592775439003663,28.842877843026365,1.2,6.3516670214181055,N4
