EMITTER_COEFFICIENT_SOLUTION,PRESSURE_OUTPUT,OUTPUT_DEMAND,FITNESS,NODE
0.9181760618114589,28.482787093480077,1.2,1.9322561313066065,N4
