EMITTER_COEFFICIENT_SOLUTION,PRESSURE_OUTPUT,OUTPUT_DEMAND,FITNESS,NODE
0.9489511606596797,28.461650836570954,1.2,1.8564379754183242,N4
