EMITTER_COEFFICIENT_SOLUTION,PRESSURE_OUTPUT,OUTPUT_DEMAND,FITNESS,NODE
0.11315839232769809,28.94914856075617,1.2,19.543363118682503,N4
