EMITTER_COEFFICIENT_SOLUTION,PRESSURE_OUTPUT,OUTPUT_DEMAND,FITNESS,NODE
0.5433722271211792,28.721294842534704,1.2,3.5839469899313814,N4
