EMITTER_COEFFICIENT_SOLUTION,PRESSURE_OUTPUT,OUTPUT_DEMAND,FITNESS,NODE
0.45059354263027185,28.774733498916547,1.2,4.432951717507773,N4
