EMITTER_COEFFICIENT_SOLUTION,PRESSURE_OUTPUT,OUTPUT_DEMAND,FITNESS,NODE
0.5205450719927391,28.734655234759416,1.2,3.7641873369159096,N4
