EMITTER_COEFFICIENT_SOLUTION,PRESSURE_OUTPUT,OUTPUT_DEMAND,FITNESS,NODE
0.6493745702537461,28.657463897956006,1.2,2.9167025169838845,N4
