EMITTER_COEFFICIENT_SOLUTION,PRESSURE_OUTPUT,OUTPUT_DEMAND,FITNESS,NODE
0.21266860993351344,28.901052318892354,1.2,10.074094183871695,N4
