EMITTER_COEFFICIENT_SOLUTION,PRESSURE_OUTPUT,OUTPUT_DEMAND,FITNESS,NODE
0.04835677200206312,28.97891597070315,1.2,46.727103052239904,N4
