EMITTER_COEFFICIENT_SOLUTION,PRESSURE_OUTPUT,OUTPUT_DEMAND,FITNESS,NODE
0.9963950635451987,28.428620410268792,1.2,1.7491801092197443,N4
