EMITTER_COEFFICIENT_SOLUTION,PRESSURE_OUTPUT,OUTPUT_DEMAND,FITNESS,NODE
0.8364653058633494,28.537787668804256,1.2,2.1620258595472865,N4
