EMITTER_COEFFICIENT_SOLUTION,PRESSURE_OUTPUT,OUTPUT_DEMAND,FITNESS,NODE
0.48007028961748544,28.758004467011475,1.2,4.126904634995983,N4
