EMITTER_COEFFICIENT_SOLUTION,PRESSURE_OUTPUT,OUTPUT_DEMAND,FITNESS,NODE
0.04003843352390746,28.98264701099847,1.2,56.593686160430316,N4
