EMITTER_COEFFICIENT_SOLUTION,PRESSURE_OUTPUT,OUTPUT_DEMAND,FITNESS,NODE
0.13568015931072264,28.938514111829114,1.2,16.180518984088316,N4
