EMITTER_COEFFICIENT_SOLUTION,PRESSURE_OUTPUT,OUTPUT_DEMAND,FITNESS,NODE
0.038488044815760514,28.98334012808524,1.2,58.90426797305068,N4
