EMITTER_COEFFICIENT_SOLUTION,PRESSURE_OUTPUT,OUTPUT_DEMAND,FITNESS,NODE
0.020240585437055425,28.99144382524309,1.2,112.70143631431608,N4
