EMITTER_COEFFICIENT_SOLUTION,PRESSURE_OUTPUT,OUTPUT_DEMAND,FITNESS,NODE
0.6316512301035437,28.668339572282875,1.2,3.0122545654098274,N4
