EMITTER_COEFFICIENT_SOLUTION,PRESSURE_OUTPUT,OUTPUT_DEMAND,FITNESS,NODE
0.5238058762561916,28.732755174549943,1.2,3.7374563665976956,N4
