EMITTER_COEFFICIENT_SOLUTION,PRESSURE_OUTPUT,OUTPUT_DEMAND,FITNESS,NODE
0.8608853782712881,28.521521522411668,1.2,2.0885752036478014,N4
