EMITTER_COEFFICIENT_SOLUTION,PRESSURE_OUTPUT,OUTPUT_DEMAND,FITNESS,NODE
0.6578491250337442,28.652235009586846,1.2,2.8728877840076197,N4
