EMITTER_COEFFICIENT_SOLUTION,PRESSURE_OUTPUT,OUTPUT_DEMAND,FITNESS,NODE
0.9869314863773196,28.435251931264922,1.2,1.7697082374322424,N4
