EMITTER_COEFFICIENT_SOLUTION,PRESSURE_OUTPUT,OUTPUT_DEMAND,FITNESS,NODE
0.11093974862076228,28.950188156136704,1.2,19.94866391403433,N4
