EMITTER_COEFFICIENT_SOLUTION,PRESSURE_OUTPUT,OUTPUT_DEMAND,FITNESS,NODE
0.9933922580620064,28.430726912862312,1.2,1.7556490658279709,N4
