EMITTER_COEFFICIENT_SOLUTION,PRESSURE_OUTPUT,OUTPUT_DEMAND,FITNESS,NODE
0.5948360851494582,28.690670789579933,1.2,3.2294939394268787,N4
