EMITTER_COEFFICIENT_SOLUTION,PRESSURE_OUTPUT,OUTPUT_DEMAND,FITNESS,NODE
0.5572331367259757,28.713115162124787,1.2,3.4818739708390902,N4
