EMITTER_COEFFICIENT_SOLUTION,PRESSURE_OUTPUT,OUTPUT_DEMAND,FITNESS,NODE
0.6930858539618189,28.630296087709958,1.2,2.7025512216855727,N4
