EMITTER_COEFFICIENT_SOLUTION,PRESSURE_OUTPUT,OUTPUT_DEMAND,FITNESS,NODE
0.26426858247702645,28.87499606881738,1.2,7.9795240429878795,N4
