EMITTER_COEFFICIENT_SOLUTION,PRESSURE_OUTPUT,OUTPUT_DEMAND,FITNESS,NODE
0.9263974557693021,28.477163067489137,1.2,1.9114839233010645,N4
