EMITTER_COEFFICIENT_SOLUTION,PRESSURE_OUTPUT,OUTPUT_DEMAND,FITNESS,NODE
0.9109983123503732,28.487683797263394,1.2,1.9507131665864337,N4
