EMITTER_COEFFICIENT_SOLUTION,PRESSURE_OUTPUT,OUTPUT_DEMAND,FITNESS,NODE
0.18566101930180634,28.914388121334106,1.2,11.63755460566133,N4
