EMITTER_COEFFICIENT_SOLUTION,PRESSURE_OUTPUT,OUTPUT_DEMAND,FITNESS,NODE
0.8655364356732643,28.518406842427886,1.2,2.0750763271049526,N4
