EMITTER_COEFFICIENT_SOLUTION,PRESSURE_OUTPUT,OUTPUT_DEMAND,FITNESS,NODE
0.6140175034828991,28.679079678073705,1.2,3.1129649995780326,N4
