EMITTER_COEFFICIENT_SOLUTION,PRESSURE_OUTPUT,OUTPUT_DEMAND,FITNESS,NODE
0.9350113494631004,28.471253001782465,1.2,1.8901311203810207,N4
