EMITTER_COEFFICIENT_SOLUTION,PRESSURE_OUTPUT,OUTPUT_DEMAND,FITNESS,NODE
0.1965794708017098,28.909021951223174,1.2,10.953517331768923,N4
