EMITTER_COEFFICIENT_SOLUTION,PRESSURE_OUTPUT,OUTPUT_DEMAND,FITNESS,NODE
0.6019279378379792,28.686396415477788,1.2,3.1855208023908452,N4
