EMITTER_COEFFICIENT_SOLUTION,PRESSURE_OUTPUT,OUTPUT_DEMAND,FITNESS,NODE
0.27527499604248895,28.869340863278637,1.2,7.634988699158389,N4
