EMITTER_COEFFICIENT_SOLUTION,PRESSURE_OUTPUT,OUTPUT_DEMAND,FITNESS,NODE
0.9257716538960935,28.477591736444104,1.2,1.9130514658415554,N4
