EMITTER_COEFFICIENT_SOLUTION,PRESSURE_OUTPUT,OUTPUT_DEMAND,FITNESS,NODE
0.28031875850386845,28.866737955495587,1.2,7.486213886639597,N4
