EMITTER_COEFFICIENT_SOLUTION,PRESSURE_OUTPUT,OUTPUT_DEMAND,FITNESS,NODE
0.7107005086953887,28.619210114093576,1.2,2.6239369896201428,N4
