EMITTER_COEFFICIENT_SOLUTION,PRESSURE_OUTPUT,OUTPUT_DEMAND,FITNESS,NODE
0.21829728719732322,28.898246812555428,1.2,9.797196651039217,N4
