EMITTER_COEFFICIENT_SOLUTION,PRESSURE_OUTPUT,OUTPUT_DEMAND,FITNESS,NODE
0.7454528225611359,28.597107609618654,1.2,2.4801020359308628,N4
