EMITTER_COEFFICIENT_SOLUTION,PRESSURE_OUTPUT,OUTPUT_DEMAND,FITNESS,NODE
0.5094637330492937,28.741091217885227,1.2,3.8576435594731393,N4
