EMITTER_COEFFICIENT_SOLUTION,PRESSURE_OUTPUT,OUTPUT_DEMAND,FITNESS,NODE
0.7673555880668729,28.583020955497595,1.2,2.3963812469596637,N4
