EMITTER_COEFFICIENT_SOLUTION,PRESSURE_OUTPUT,OUTPUT_DEMAND,FITNESS,NODE
0.060775040529947755,28.973307657192855,1.2,37.024463212945925,N4
