EMITTER_COEFFICIENT_SOLUTION,PRESSURE_OUTPUT,OUTPUT_DEMAND,FITNESS,NODE
0.15052450641404547,28.93142410749337,1.2,14.515321976332608,N4
