EMITTER_COEFFICIENT_SOLUTION,PRESSURE_OUTPUT,OUTPUT_DEMAND,FITNESS,NODE
0.6231209511723573,28.673545132338567,1.2,3.0602405823063785,N4
