EMITTER_COEFFICIENT_SOLUTION,PRESSURE_OUTPUT,OUTPUT_DEMAND,FITNESS,NODE
0.27612148564320405,28.868904518501175,1.2,7.609637288073227,N4
