EMITTER_COEFFICIENT_SOLUTION,PRESSURE_OUTPUT,OUTPUT_DEMAND,FITNESS,NODE
0.22409228724704833,28.895348851810397,1.2,9.526715188892384,N4
