EMITTER_COEFFICIENT_SOLUTION,PRESSURE_OUTPUT,OUTPUT_DEMAND,FITNESS,NODE
0.5641773038379765,28.708998230540985,1.2,3.4326679224984584,N4
