EMITTER_COEFFICIENT_SOLUTION,PRESSURE_OUTPUT,OUTPUT_DEMAND,FITNESS,NODE
0.08941276440090484,28.960200155675963,1.2,24.927292728398132,N4
