EMITTER_COEFFICIENT_SOLUTION,PRESSURE_OUTPUT,OUTPUT_DEMAND,FITNESS,NODE
0.8502390527880566,28.528631060395696,1.2,2.1200554937179934,N4
