EMITTER_COEFFICIENT_SOLUTION,PRESSURE_OUTPUT,OUTPUT_DEMAND,FITNESS,NODE
0.11654495248760244,28.947558935174165,1.2,18.954510359058997,N4
