EMITTER_COEFFICIENT_SOLUTION,PRESSURE_OUTPUT,OUTPUT_DEMAND,FITNESS,NODE
0.1524230735214137,28.930512697606588,1.2,14.325800122176348,N4
