EMITTER_COEFFICIENT_SOLUTION,PRESSURE_OUTPUT,OUTPUT_DEMAND,FITNESS,NODE
0.9205809190457503,28.481143691651923,1.2,1.9261397261139048,N4
