EMITTER_COEFFICIENT_SOLUTION,PRESSURE_OUTPUT,OUTPUT_DEMAND,FITNESS,NODE
0.14460834367110698,28.93425746984755,1.2,15.137900954599102,N4
