EMITTER_COEFFICIENT_SOLUTION,PRESSURE_OUTPUT,OUTPUT_DEMAND,FITNESS,NODE
0.9344787087148699,28.471618971163053,1.2,1.8914394860348867,N4
