EMITTER_COEFFICIENT_SOLUTION,PRESSURE_OUTPUT,OUTPUT_DEMAND,FITNESS,NODE
0.05321294844283431,28.976728292608875,1.2,42.39347809307432,N4
