EMITTER_COEFFICIENT_SOLUTION,PRESSURE_OUTPUT,OUTPUT_DEMAND,FITNESS,NODE
0.9640485523297871,28.451198537932157,1.2,1.8211012464783438,N4
