EMITTER_COEFFICIENT_SOLUTION,PRESSURE_OUTPUT,OUTPUT_DEMAND,FITNESS,NODE
0.9036298894000485,28.492697569142244,1.2,1.9699804238352274,N4
