EMITTER_COEFFICIENT_SOLUTION,PRESSURE_OUTPUT,OUTPUT_DEMAND,FITNESS,NODE
0.11136235783710058,28.94999024416729,1.2,19.870214729334286,N4
