EMITTER_COEFFICIENT_SOLUTION,PRESSURE_OUTPUT,OUTPUT_DEMAND,FITNESS,NODE
0.9971017994681649,28.428124314661147,1.2,1.7476635556979463,N4
