EMITTER_COEFFICIENT_SOLUTION,PRESSURE_OUTPUT,OUTPUT_DEMAND,FITNESS,NODE
0.6417616170377133,28.662145404753275,1.2,2.9570801532233766,N4
