EMITTER_COEFFICIENT_SOLUTION,PRESSURE_OUTPUT,OUTPUT_DEMAND,FITNESS,NODE
0.32829139568419274,28.841625534163107,1.2,6.3015429800541805,N4
