EMITTER_COEFFICIENT_SOLUTION,PRESSURE_OUTPUT,OUTPUT_DEMAND,FITNESS,NODE
0.6830396399088816,28.636583380289345,1.2,2.7492660080566425,N4
