EMITTER_COEFFICIENT_SOLUTION,PRESSURE_OUTPUT,OUTPUT_DEMAND,FITNESS,NODE
0.3589352005784323,28.825249877250897,1.2,5.7121004483331355,N4
