EMITTER_COEFFICIENT_SOLUTION,PRESSURE_OUTPUT,OUTPUT_DEMAND,FITNESS,NODE
0.7032379778606257,28.623916375446512,1.2,2.6567449557322242,N4
