EMITTER_COEFFICIENT_SOLUTION,PRESSURE_OUTPUT,OUTPUT_DEMAND,FITNESS,NODE
0.03702340407929183,28.983994251429046,1.2,61.264842592670135,N4
