EMITTER_COEFFICIENT_SOLUTION,PRESSURE_OUTPUT,OUTPUT_DEMAND,FITNESS,NODE
0.5264999368901851,28.731183229179734,1.2,3.7156267723455056,N4
