EMITTER_COEFFICIENT_SOLUTION,PRESSURE_OUTPUT,OUTPUT_DEMAND,FITNESS,NODE
0.07253246364486476,28.96795561736377,1.2,30.901193832766502,N4
