EMITTER_COEFFICIENT_SOLUTION,PRESSURE_OUTPUT,OUTPUT_DEMAND,FITNESS,NODE
0.9843835013777011,28.437033759835636,1.2,1.7753063405622822,N4
