EMITTER_COEFFICIENT_SOLUTION,PRESSURE_OUTPUT,OUTPUT_DEMAND,FITNESS,NODE
0.9384652490346828,28.468878217762004,1.2,1.8816848895155749,N4
