EMITTER_COEFFICIENT_SOLUTION,PRESSURE_OUTPUT,OUTPUT_DEMAND,FITNESS,NODE
0.37775186725230914,28.815066294943186,1.2,5.398095168359784,N4
