EMITTER_COEFFICIENT_SOLUTION,PRESSURE_OUTPUT,OUTPUT_DEMAND,FITNESS,NODE
0.5111042809901591,28.740140452354638,1.2,3.8435465280422347,N4
