EMITTER_COEFFICIENT_SOLUTION,PRESSURE_OUTPUT,OUTPUT_DEMAND,FITNESS,NODE
0.42446835897582125,28.789364799926325,1.2,4.740414281182283,N4
