EMITTER_COEFFICIENT_SOLUTION,PRESSURE_OUTPUT,OUTPUT_DEMAND,FITNESS,NODE
0.4466765470936094,24.154689685788405,1.2,2.3063605703081818,N12
