EMITTER_COEFFICIENT_SOLUTION,PRESSURE_OUTPUT,OUTPUT_DEMAND,FITNESS,NODE
0.13236401342256843,24.46542326521484,1.2,8.140010194779778,N12
