EMITTER_COEFFICIENT_SOLUTION,PRESSURE_OUTPUT,OUTPUT_DEMAND,FITNESS,NODE
0.5480604228460796,24.049054594696635,1.2,1.8545352974326674,N12
