EMITTER_COEFFICIENT_SOLUTION,PRESSURE_OUTPUT,OUTPUT_DEMAND,FITNESS,NODE
0.5107590888790365,24.088215131753714,1.2,1.999767617202938,N12
