EMITTER_COEFFICIENT_SOLUTION,PRESSURE_OUTPUT,OUTPUT_DEMAND,FITNESS,NODE
0.8539119522167051,23.715566068656095,1.2,1.145859733341591,N12
