EMITTER_COEFFICIENT_SOLUTION,PRESSURE_OUTPUT,OUTPUT_DEMAND,FITNESS,NODE
0.7767411089607211,23.801733820493506,1.2,1.2713921039030047,N12
