EMITTER_COEFFICIENT_SOLUTION,PRESSURE_OUTPUT,OUTPUT_DEMAND,FITNESS,NODE
0.7044098041646937,23.881279563567368,1.2,1.414439819665634,N12
