EMITTER_COEFFICIENT_SOLUTION,PRESSURE_OUTPUT,OUTPUT_DEMAND,FITNESS,NODE
0.033482754194651076,24.55766297932952,1.2,32.66879038090806,N12
