EMITTER_COEFFICIENT_SOLUTION,PRESSURE_OUTPUT,OUTPUT_DEMAND,FITNESS,NODE
0.3194375705150111,24.283603831100383,1.2,3.282246230875879,N12
