EMITTER_COEFFICIENT_SOLUTION,PRESSURE_OUTPUT,OUTPUT_DEMAND,FITNESS,NODE
0.9023053878167746,23.66086092683721,1.2,1.0782690633460807,N12
