EMITTER_COEFFICIENT_SOLUTION,PRESSURE_OUTPUT,OUTPUT_DEMAND,FITNESS,NODE
0.5696816577789429,24.026200730209027,1.2,1.7791299038690773,N12
