EMITTER_COEFFICIENT_SOLUTION,PRESSURE_OUTPUT,OUTPUT_DEMAND,FITNESS,NODE
0.055829839363515044,24.53705642326114,1.2,19.524839239131616,N12
