EMITTER_COEFFICIENT_SOLUTION,PRESSURE_OUTPUT,OUTPUT_DEMAND,FITNESS,NODE
0.2790524410831323,24.32364519678714,1.2,3.7788890767639773,N12
