EMITTER_COEFFICIENT_SOLUTION,PRESSURE_OUTPUT,OUTPUT_DEMAND,FITNESS,NODE
0.4942384049177886,24.105450014654426,1.2,2.0711514266710997,N12
