EMITTER_COEFFICIENT_SOLUTION,PRESSURE_OUTPUT,OUTPUT_DEMAND,FITNESS,NODE
0.13115704578016008,24.466565568191214,1.2,8.216409308967252,N12
