EMITTER_COEFFICIENT_SOLUTION,PRESSURE_OUTPUT,OUTPUT_DEMAND,FITNESS,NODE
0.8126966062269859,23.761751289780342,1.2,1.2098892313105243,N12
