EMITTER_COEFFICIENT_SOLUTION,PRESSURE_OUTPUT,OUTPUT_DEMAND,FITNESS,NODE
0.6483978628202534,23.942049282781067,1.2,1.5474511549720575,N12
