EMITTER_COEFFICIENT_SOLUTION,PRESSURE_OUTPUT,OUTPUT_DEMAND,FITNESS,NODE
0.023627731463703006,24.56670537604525,1.2,46.36529008305777,N12
