EMITTER_COEFFICIENT_SOLUTION,PRESSURE_OUTPUT,OUTPUT_DEMAND,FITNESS,NODE
0.35688503253820747,24.246094784586788,1.2,2.922451724001688,N12
