EMITTER_COEFFICIENT_SOLUTION,PRESSURE_OUTPUT,OUTPUT_DEMAND,FITNESS,NODE
0.5312596034765545,24.06673505756955,1.2,1.9174051772262404,N12
