EMITTER_COEFFICIENT_SOLUTION,PRESSURE_OUTPUT,OUTPUT_DEMAND,FITNESS,NODE
0.09967069223930691,24.496222650875573,1.2,10.86359221029898,N12
