EMITTER_COEFFICIENT_SOLUTION,PRESSURE_OUTPUT,OUTPUT_DEMAND,FITNESS,NODE
0.049528796091036886,24.542880915674164,1.2,22.030159119170456,N12
