EMITTER_COEFFICIENT_SOLUTION,PRESSURE_OUTPUT,OUTPUT_DEMAND,FITNESS,NODE
0.8135114875652922,23.760841790995535,1.2,1.2085593413303206,N12
