EMITTER_COEFFICIENT_SOLUTION,PRESSURE_OUTPUT,OUTPUT_DEMAND,FITNESS,NODE
0.4454100162218849,24.155993178758553,1.2,2.3133151469816906,N12
