EMITTER_COEFFICIENT_SOLUTION,PRESSURE_OUTPUT,OUTPUT_DEMAND,FITNESS,NODE
0.7605002209350581,23.819698335792342,1.2,1.3011093675666843,N12
