EMITTER_COEFFICIENT_SOLUTION,PRESSURE_OUTPUT,OUTPUT_DEMAND,FITNESS,NODE
0.6435188551745719,23.947307959182094,1.2,1.5601469205423777,N12
