EMITTER_COEFFICIENT_SOLUTION,PRESSURE_OUTPUT,OUTPUT_DEMAND,FITNESS,NODE
0.9756589600758194,23.576979463043443,1.2,0.9888323536813836,N12
