EMITTER_COEFFICIENT_SOLUTION,PRESSURE_OUTPUT,OUTPUT_DEMAND,FITNESS,NODE
0.33963123654523775,24.263422146136506,1.2,3.0783335402967142,N12
