EMITTER_COEFFICIENT_SOLUTION,PRESSURE_OUTPUT,OUTPUT_DEMAND,FITNESS,NODE
0.15729687736584352,24.441736577506592,1.2,6.824231032273851,N12
