EMITTER_COEFFICIENT_SOLUTION,PRESSURE_OUTPUT,OUTPUT_DEMAND,FITNESS,NODE
0.42502242009745805,24.176920230427758,1.2,2.431002061052152,N12
