EMITTER_COEFFICIENT_SOLUTION,PRESSURE_OUTPUT,OUTPUT_DEMAND,FITNESS,NODE
0.8621368516348301,23.706304254500676,1.2,1.1338267252170218,N12
