EMITTER_COEFFICIENT_SOLUTION,PRESSURE_OUTPUT,OUTPUT_DEMAND,FITNESS,NODE
0.7980582939652833,23.77806405304416,1.2,1.2342491584315176,N12
