EMITTER_COEFFICIENT_SOLUTION,PRESSURE_OUTPUT,OUTPUT_DEMAND,FITNESS,NODE
0.31117774537976006,24.291828132506414,1.2,3.373305864301942,N12
