EMITTER_COEFFICIENT_SOLUTION,PRESSURE_OUTPUT,OUTPUT_DEMAND,FITNESS,NODE
0.8306138881850964,23.741719545281473,1.2,1.1812599875062793,N12
