EMITTER_COEFFICIENT_SOLUTION,PRESSURE_OUTPUT,OUTPUT_DEMAND,FITNESS,NODE
0.5092801804707998,24.089760715549577,1.2,2.0059676790047636,N12
