EMITTER_COEFFICIENT_SOLUTION,PRESSURE_OUTPUT,OUTPUT_DEMAND,FITNESS,NODE
0.2323809879122103,24.369382551472466,1.2,4.568490478996568,N12
