EMITTER_COEFFICIENT_SOLUTION,PRESSURE_OUTPUT,OUTPUT_DEMAND,FITNESS,NODE
0.01980370031110268,24.570206651436308,1.2,55.350810546705354,N12
