EMITTER_COEFFICIENT_SOLUTION,PRESSURE_OUTPUT,OUTPUT_DEMAND,FITNESS,NODE
0.5749984078839461,24.02056355222948,1.2,1.7614637053960065,N12
