EMITTER_COEFFICIENT_SOLUTION,PRESSURE_OUTPUT,OUTPUT_DEMAND,FITNESS,NODE
0.5548309024326171,24.041910313940793,1.2,1.8302852607901816,N12
