EMITTER_COEFFICIENT_SOLUTION,PRESSURE_OUTPUT,OUTPUT_DEMAND,FITNESS,NODE
0.5959520230279253,23.998280888002125,1.2,1.6949372418771356,N12
