EMITTER_COEFFICIENT_SOLUTION,PRESSURE_OUTPUT,OUTPUT_DEMAND,FITNESS,NODE
0.6125732945686482,23.98053056763874,1.2,1.6454332647922576,N12
