EMITTER_COEFFICIENT_SOLUTION,PRESSURE_OUTPUT,OUTPUT_DEMAND,FITNESS,NODE
0.456796012419735,24.144260451315112,1.2,2.2521874111229856,N12
