EMITTER_COEFFICIENT_SOLUTION,PRESSURE_OUTPUT,OUTPUT_DEMAND,FITNESS,NODE
0.32977072800299434,24.273290055858048,1.2,3.1747727140581845,N12
