EMITTER_COEFFICIENT_SOLUTION,PRESSURE_OUTPUT,OUTPUT_DEMAND,FITNESS,NODE
0.32709094185549303,24.27596748618465,1.2,3.2019903775133094,N12
