EMITTER_COEFFICIENT_SOLUTION,PRESSURE_OUTPUT,OUTPUT_DEMAND,FITNESS,NODE
0.6007333943240837,23.99318148868192,1.2,1.6804131590209104,N12
