EMITTER_COEFFICIENT_SOLUTION,PRESSURE_OUTPUT,OUTPUT_DEMAND,FITNESS,NODE
0.9385163589918976,23.61959617334812,1.2,1.0323357911629105,N12
