EMITTER_COEFFICIENT_SOLUTION,PRESSURE_OUTPUT,OUTPUT_DEMAND,FITNESS,NODE
0.7344608069239924,23.848376335639035,1.2,1.3515396563217494,N12
