EMITTER_COEFFICIENT_SOLUTION,PRESSURE_OUTPUT,OUTPUT_DEMAND,FITNESS,NODE
0.2171853905778366,24.384148547887627,1.2,4.898966499574553,N12
