EMITTER_COEFFICIENT_SOLUTION,PRESSURE_OUTPUT,OUTPUT_DEMAND,FITNESS,NODE
0.47961654378752927,24.120647698518386,1.2,2.1384632011891185,N12
