EMITTER_COEFFICIENT_SOLUTION,PRESSURE_OUTPUT,OUTPUT_DEMAND,FITNESS,NODE
0.7690410198892973,23.810258546027722,1.2,1.2853227775738933,N12
