EMITTER_COEFFICIENT_SOLUTION,PRESSURE_OUTPUT,OUTPUT_DEMAND,FITNESS,NODE
0.058296799900763197,24.534772991381463,1.2,18.69150394919399,N12
