EMITTER_COEFFICIENT_SOLUTION,PRESSURE_OUTPUT,OUTPUT_DEMAND,FITNESS,NODE
0.7445300479081797,23.837305090220216,1.2,1.331614407363749,N12
