EMITTER_COEFFICIENT_SOLUTION,PRESSURE_OUTPUT,OUTPUT_DEMAND,FITNESS,NODE
0.3060042043849358,24.296970337113013,1.2,3.432852916968106,N12
