EMITTER_COEFFICIENT_SOLUTION,PRESSURE_OUTPUT,OUTPUT_DEMAND,FITNESS,NODE
0.47235803711459745,24.128172340948005,1.2,2.17343633680721,N12
