EMITTER_COEFFICIENT_SOLUTION,PRESSURE_OUTPUT,OUTPUT_DEMAND,FITNESS,NODE
0.01634114564367306,24.573373368430516,1.2,67.11469856196355,N12
