EMITTER_COEFFICIENT_SOLUTION,PRESSURE_OUTPUT,OUTPUT_DEMAND,FITNESS,NODE
0.5280769603450972,24.070076526627936,1.2,1.9297691115747682,N12
