EMITTER_COEFFICIENT_SOLUTION,PRESSURE_OUTPUT,OUTPUT_DEMAND,FITNESS,NODE
0.6962142249483412,23.890217189966798,1.2,1.4325497332993775,N12
