EMITTER_COEFFICIENT_SOLUTION,PRESSURE_OUTPUT,OUTPUT_DEMAND,FITNESS,NODE
0.9995879283279276,23.549369912681808,1.2,0.962553472766671,N12
