EMITTER_COEFFICIENT_SOLUTION,PRESSURE_OUTPUT,OUTPUT_DEMAND,FITNESS,NODE
0.6143163491029342,23.97866529382545,1.2,1.6403985804040775,N12
