EMITTER_COEFFICIENT_SOLUTION,PRESSURE_OUTPUT,OUTPUT_DEMAND,FITNESS,NODE
0.1300397359058768,24.467622658835694,1.2,8.288398102930424,N12
