EMITTER_COEFFICIENT_SOLUTION,PRESSURE_OUTPUT,OUTPUT_DEMAND,FITNESS,NODE
0.5630674084599175,24.033204077094222,1.2,1.8015773119280978,N12
