EMITTER_COEFFICIENT_SOLUTION,PRESSURE_OUTPUT,OUTPUT_DEMAND,FITNESS,NODE
0.48564051536313035,24.114392916443766,1.2,2.110237464021446,N12
