EMITTER_COEFFICIENT_SOLUTION,PRESSURE_OUTPUT,OUTPUT_DEMAND,FITNESS,NODE
0.23666962560242644,24.365203960662207,1.2,4.482912344324805,N12
