EMITTER_COEFFICIENT_SOLUTION,PRESSURE_OUTPUT,OUTPUT_DEMAND,FITNESS,NODE
0.8112418522946231,23.76337459027349,1.2,1.2122701465905903,N12
