EMITTER_COEFFICIENT_SOLUTION,PRESSURE_OUTPUT,OUTPUT_DEMAND,FITNESS,NODE
0.7448462984527092,23.836956994374415,1.2,1.3309974508561702,N12
