EMITTER_COEFFICIENT_SOLUTION,PRESSURE_OUTPUT,OUTPUT_DEMAND,FITNESS,NODE
0.19827941732866872,24.402433290243128,1.2,5.38097450250324,N12
