EMITTER_COEFFICIENT_SOLUTION,PRESSURE_OUTPUT,OUTPUT_DEMAND,FITNESS,NODE
0.29579515736310635,24.307096967450445,1.2,3.5564879338715105,N12
