EMITTER_COEFFICIENT_SOLUTION,PRESSURE_OUTPUT,OUTPUT_DEMAND,FITNESS,NODE
0.6691014467180586,23.919672392829824,1.2,1.4956606963651478,N12
