EMITTER_COEFFICIENT_SOLUTION,PRESSURE_OUTPUT,OUTPUT_DEMAND,FITNESS,NODE
0.4795308878590717,24.12073657142256,1.2,2.1388696964445524,N12
