EMITTER_COEFFICIENT_SOLUTION,PRESSURE_OUTPUT,OUTPUT_DEMAND,FITNESS,NODE
0.7662918278951509,23.813298915677432,1.2,1.2903653399783444,N12
