EMITTER_COEFFICIENT_SOLUTION,PRESSURE_OUTPUT,OUTPUT_DEMAND,FITNESS,NODE
0.8416985138508477,23.729291186792164,1.2,1.1641686843317365,N12
