EMITTER_COEFFICIENT_SOLUTION,PRESSURE_OUTPUT,OUTPUT_DEMAND,FITNESS,NODE
0.6523088232624311,23.937829938126868,1.2,1.537413032052282,N12
