EMITTER_COEFFICIENT_SOLUTION,PRESSURE_OUTPUT,OUTPUT_DEMAND,FITNESS,NODE
0.08247634542674942,24.512301746101972,1.2,13.162832859838588,N12
