EMITTER_COEFFICIENT_SOLUTION,PRESSURE_OUTPUT,OUTPUT_DEMAND,FITNESS,NODE
0.7742615805165349,23.804480353645832,1.2,1.275847261189568,N12
