EMITTER_COEFFICIENT_SOLUTION,PRESSURE_OUTPUT,OUTPUT_DEMAND,FITNESS,NODE
0.3526330567106597,24.250372036167878,1.2,2.959444967381105,N12
