EMITTER_COEFFICIENT_SOLUTION,PRESSURE_OUTPUT,OUTPUT_DEMAND,FITNESS,NODE
0.6866231100829396,23.90065628393837,1.2,1.4542980646619017,N12
