EMITTER_COEFFICIENT_SOLUTION,PRESSURE_OUTPUT,OUTPUT_DEMAND,FITNESS,NODE
0.17060718238873107,24.42902180047503,1.2,6.279378317572982,N12
