EMITTER_COEFFICIENT_SOLUTION,PRESSURE_OUTPUT,OUTPUT_DEMAND,FITNESS,NODE
0.002611565369769142,24.58589598843368,1.2,420.6548655978006,N12
