EMITTER_COEFFICIENT_SOLUTION,PRESSURE_OUTPUT,OUTPUT_DEMAND,FITNESS,NODE
0.519327371448631,24.079249974507604,1.2,1.9645467686417237,N12
