EMITTER_COEFFICIENT_SOLUTION,PRESSURE_OUTPUT,OUTPUT_DEMAND,FITNESS,NODE
0.4166609927508321,24.185472571045683,1.2,2.4826175611508314,N12
