EMITTER_COEFFICIENT_SOLUTION,PRESSURE_OUTPUT,OUTPUT_DEMAND,FITNESS,NODE
0.17434781273255973,24.425439830194126,1.2,6.141246055013735,N12
