EMITTER_COEFFICIENT_SOLUTION,PRESSURE_OUTPUT,OUTPUT_DEMAND,FITNESS,NODE
0.9765145848699907,23.575994301886112,1.2,0.9878700109961234,N12
