EMITTER_COEFFICIENT_SOLUTION,PRESSURE_OUTPUT,OUTPUT_DEMAND,FITNESS,NODE
0.9269943976838381,23.632756682497764,1.2,1.0465543461432956,N12
