EMITTER_COEFFICIENT_SOLUTION,PRESSURE_OUTPUT,OUTPUT_DEMAND,FITNESS,NODE
0.28020548474397644,24.322507916417052,1.2,3.76271820690206,N12
