EMITTER_COEFFICIENT_SOLUTION,PRESSURE_OUTPUT,OUTPUT_DEMAND,FITNESS,NODE
0.3759809554301108,24.226828220034218,1.2,2.7666725526619445,N12
