EMITTER_COEFFICIENT_SOLUTION,PRESSURE_OUTPUT,OUTPUT_DEMAND,FITNESS,NODE
0.9922046599234196,23.557901605159838,1.2,0.9705236167339728,N12
