EMITTER_COEFFICIENT_SOLUTION,PRESSURE_OUTPUT,OUTPUT_DEMAND,FITNESS,NODE
0.15119445967995293,24.447549761212052,1.2,7.106135023098327,N12
