EMITTER_COEFFICIENT_SOLUTION,PRESSURE_OUTPUT,OUTPUT_DEMAND,FITNESS,NODE
0.977654669941323,23.574681375739914,1.2,0.9865904028820176,N12
