EMITTER_COEFFICIENT_SOLUTION,PRESSURE_OUTPUT,OUTPUT_DEMAND,FITNESS,NODE
0.1611099832063534,24.438099024766196,1.2,6.658933006830722,N12
