EMITTER_COEFFICIENT_SOLUTION,PRESSURE_OUTPUT,OUTPUT_DEMAND,FITNESS,NODE
0.35893014329151196,24.24403585520398,1.2,2.9049721529514234,N12
