EMITTER_COEFFICIENT_SOLUTION,PRESSURE_OUTPUT,OUTPUT_DEMAND,FITNESS,NODE
0.4076142060967537,24.194705971324957,1.2,2.540861739070447,N12
