EMITTER_COEFFICIENT_SOLUTION,PRESSURE_OUTPUT,OUTPUT_DEMAND,FITNESS,NODE
0.9490476684648211,23.60754244528204,1.2,1.0196478088540857,N12
