EMITTER_COEFFICIENT_SOLUTION,PRESSURE_OUTPUT,OUTPUT_DEMAND,FITNESS,NODE
0.7903548953434383,23.786629382001006,1.2,1.2474367479422745,N12
