EMITTER_COEFFICIENT_SOLUTION,PRESSURE_OUTPUT,OUTPUT_DEMAND,FITNESS,NODE
0.7359587957691189,23.84673074630245,1.2,1.3485403956149076,N12
