EMITTER_COEFFICIENT_SOLUTION,PRESSURE_OUTPUT,OUTPUT_DEMAND,FITNESS,NODE
0.1064394140732916,24.489870367486464,1.2,10.162305564436945,N12
