EMITTER_COEFFICIENT_SOLUTION,PRESSURE_OUTPUT,OUTPUT_DEMAND,FITNESS,NODE
0.6054206460352243,23.988177164876664,1.2,1.6663998501455828,N12
