EMITTER_COEFFICIENT_SOLUTION,PRESSURE_OUTPUT,OUTPUT_DEMAND,FITNESS,NODE
0.8891819709086296,23.675746216785633,1.2,1.0958579646541542,N12
