EMITTER_COEFFICIENT_SOLUTION,PRESSURE_OUTPUT,OUTPUT_DEMAND,FITNESS,NODE
0.7264789015794779,23.857136057584267,1.2,1.3677323927410203,N12
