EMITTER_COEFFICIENT_SOLUTION,PRESSURE_OUTPUT,OUTPUT_DEMAND,FITNESS,NODE
0.8663563525172133,23.701547183828442,1.2,1.1277440192227177,N12
