EMITTER_COEFFICIENT_SOLUTION,PRESSURE_OUTPUT,OUTPUT_DEMAND,FITNESS,NODE
0.4045310641185129,24.197847964172155,1.2,2.561309619939497,N12
