EMITTER_COEFFICIENT_SOLUTION,PRESSURE_OUTPUT,OUTPUT_DEMAND,FITNESS,NODE
0.5125801901510614,24.086311188461803,1.2,1.9921824936414056,N12
