EMITTER_COEFFICIENT_SOLUTION,PRESSURE_OUTPUT,OUTPUT_DEMAND,FITNESS,NODE
0.40002434958340194,24.2024363535579,1.2,2.5917688281262774,N12
