EMITTER_COEFFICIENT_SOLUTION,PRESSURE_OUTPUT,OUTPUT_DEMAND,FITNESS,NODE
0.6262320446396182,23.96589475025455,1.2,1.6067393487870705,N12
