EMITTER_COEFFICIENT_SOLUTION,PRESSURE_OUTPUT,OUTPUT_DEMAND,FITNESS,NODE
0.12648892757736363,24.470979803754144,1.2,8.525626679728187,N12
