EMITTER_COEFFICIENT_SOLUTION,PRESSURE_OUTPUT,OUTPUT_DEMAND,FITNESS,NODE
0.8835603840700084,23.682111107620674,1.2,1.1035552807426483,N12
