EMITTER_COEFFICIENT_SOLUTION,PRESSURE_OUTPUT,OUTPUT_DEMAND,FITNESS,NODE
0.13974360483379622,24.45843031479837,1.2,7.701613646533314,N12
