EMITTER_COEFFICIENT_SOLUTION,PRESSURE_OUTPUT,OUTPUT_DEMAND,FITNESS,NODE
0.32593235865851944,24.27712447213994,1.2,3.2138967655418913,N12
