EMITTER_COEFFICIENT_SOLUTION,PRESSURE_OUTPUT,OUTPUT_DEMAND,FITNESS,NODE
0.1241579830363011,24.473181724293912,1.2,8.688738211718327,N12
