EMITTER_COEFFICIENT_SOLUTION,PRESSURE_OUTPUT,OUTPUT_DEMAND,FITNESS,NODE
0.04053991873889151,24.55117080706902,1.2,26.95241463213183,N12
