EMITTER_COEFFICIENT_SOLUTION,PRESSURE_OUTPUT,OUTPUT_DEMAND,FITNESS,NODE
0.26326745392157447,24.33917903246811,1.2,4.014545473283814,N12
