EMITTER_COEFFICIENT_SOLUTION,PRESSURE_OUTPUT,OUTPUT_DEMAND,FITNESS,NODE
0.29370888506692605,24.309163030039073,1.2,3.5828141897999375,N12
