EMITTER_COEFFICIENT_SOLUTION,PRESSURE_OUTPUT,OUTPUT_DEMAND,FITNESS,NODE
0.12457797271287929,24.47278509302658,1.2,8.658897699841562,N12
