EMITTER_COEFFICIENT_SOLUTION,PRESSURE_OUTPUT,OUTPUT_DEMAND,FITNESS,NODE
0.6968609813939237,23.889512463588083,1.2,1.4311049532997986,N12
