EMITTER_COEFFICIENT_SOLUTION,PRESSURE_OUTPUT,OUTPUT_DEMAND,FITNESS,NODE
0.2996196513657815,24.303306551812838,1.2,3.5091821668731003,N12
