EMITTER_COEFFICIENT_SOLUTION,PRESSURE_OUTPUT,OUTPUT_DEMAND,FITNESS,NODE
0.2761057313340203,24.326550026551303,1.2,3.820830445143578,N12
