EMITTER_COEFFICIENT_SOLUTION,PRESSURE_OUTPUT,OUTPUT_DEMAND,FITNESS,NODE
0.38180025913117377,24.22093790834594,1.2,2.7223082823960483,N12
