EMITTER_COEFFICIENT_SOLUTION,PRESSURE_OUTPUT,OUTPUT_DEMAND,FITNESS,NODE
0.28000889685646413,24.322701841568357,1.2,3.765465813450896,N12
