EMITTER_COEFFICIENT_SOLUTION,PRESSURE_OUTPUT,OUTPUT_DEMAND,FITNESS,NODE
0.6935859321589505,23.893079760072414,1.2,1.4384484855085726,N12
