EMITTER_COEFFICIENT_SOLUTION,PRESSURE_OUTPUT,OUTPUT_DEMAND,FITNESS,NODE
0.9179544329318677,23.643062344729138,1.2,1.0579649590744713,N12
