EMITTER_COEFFICIENT_SOLUTION,PRESSURE_OUTPUT,OUTPUT_DEMAND,FITNESS,NODE
0.6299182181417956,23.961937302787568,1.2,1.5965873101652786,N12
