EMITTER_COEFFICIENT_SOLUTION,PRESSURE_OUTPUT,OUTPUT_DEMAND,FITNESS,NODE
0.42233349109913754,24.17967248380357,1.2,2.4473768073603375,N12
