EMITTER_COEFFICIENT_SOLUTION,PRESSURE_OUTPUT,OUTPUT_DEMAND,FITNESS,NODE
0.7804410142325939,23.797632918552488,1.2,1.2647976332651196,N12
