EMITTER_COEFFICIENT_SOLUTION,PRESSURE_OUTPUT,OUTPUT_DEMAND,FITNESS,NODE
0.3951901829355261,24.207352380780577,1.2,2.6252172623599175,N12
