EMITTER_COEFFICIENT_SOLUTION,PRESSURE_OUTPUT,OUTPUT_DEMAND,FITNESS,NODE
0.5151485398239781,24.083624618666374,1.2,1.9815768223889476,N12
