EMITTER_COEFFICIENT_SOLUTION,PRESSURE_OUTPUT,OUTPUT_DEMAND,FITNESS,NODE
0.35376623513767347,24.249232577800246,1.2,2.949498772823207,N12
