EMITTER_COEFFICIENT_SOLUTION,PRESSURE_OUTPUT,OUTPUT_DEMAND,FITNESS,NODE
0.8162852925260917,23.757744806174834,1.2,1.2040527045811151,N12
