EMITTER_COEFFICIENT_SOLUTION,PRESSURE_OUTPUT,OUTPUT_DEMAND,FITNESS,NODE
0.7805488188709963,23.797513383779922,1.2,1.2646064408350124,N12
