EMITTER_COEFFICIENT_SOLUTION,PRESSURE_OUTPUT,OUTPUT_DEMAND,FITNESS,NODE
0.48420250963735634,24.115886838032374,1.2,2.116911088262407,N12
