EMITTER_COEFFICIENT_SOLUTION,PRESSURE_OUTPUT,OUTPUT_DEMAND,FITNESS,NODE
0.38254199137020095,24.220186539936382,1.2,2.716751285970123,N12
