EMITTER_COEFFICIENT_SOLUTION,PRESSURE_OUTPUT,OUTPUT_DEMAND,FITNESS,NODE
0.8697886857712724,23.697674695694495,1.2,1.1228403784196703,N12
