EMITTER_COEFFICIENT_SOLUTION,PRESSURE_OUTPUT,OUTPUT_DEMAND,FITNESS,NODE
0.2547094317400045,24.347573272501556,1.2,4.154549892435288,N12
