EMITTER_COEFFICIENT_SOLUTION,PRESSURE_OUTPUT,OUTPUT_DEMAND,FITNESS,NODE
0.7387953703811385,23.84361327184953,1.2,1.3428948117986859,N12
