EMITTER_COEFFICIENT_SOLUTION,PRESSURE_OUTPUT,OUTPUT_DEMAND,FITNESS,NODE
0.8292532348471651,23.743243271584273,1.2,1.183389991166538,N12
