EMITTER_COEFFICIENT_SOLUTION,PRESSURE_OUTPUT,OUTPUT_DEMAND,FITNESS,NODE
0.8191159182417145,23.754582615819082,1.2,1.1994857300149147,N12
