EMITTER_COEFFICIENT_SOLUTION,PRESSURE_OUTPUT,OUTPUT_DEMAND,FITNESS,NODE
0.43255662140609685,24.169198872929073,1.2,2.3862113562800458,N12
