EMITTER_COEFFICIENT_SOLUTION,PRESSURE_OUTPUT,OUTPUT_DEMAND,FITNESS,NODE
0.5672146687924037,24.028814081437908,1.2,1.7874405933941782,N12
