EMITTER_COEFFICIENT_SOLUTION,PRESSURE_OUTPUT,OUTPUT_DEMAND,FITNESS,NODE
0.5022915817662225,24.097057103467645,1.2,2.0357637655363368,N12
