EMITTER_COEFFICIENT_SOLUTION,PRESSURE_OUTPUT,OUTPUT_DEMAND,FITNESS,NODE
0.43743495308728164,24.164191725297883,1.2,2.358037261703426,N12
