EMITTER_COEFFICIENT_SOLUTION,PRESSURE_OUTPUT,OUTPUT_DEMAND,FITNESS,NODE
0.9988925981946085,23.55017388257077,1.2,0.9632989351421208,N12
