EMITTER_COEFFICIENT_SOLUTION,PRESSURE_OUTPUT,OUTPUT_DEMAND,FITNESS,NODE
0.8873640589375138,23.67780524933828,1.2,1.0983362585203948,N12
