EMITTER_COEFFICIENT_SOLUTION,PRESSURE_OUTPUT,OUTPUT_DEMAND,FITNESS,NODE
0.7162518781398808,23.868338318938918,1.2,1.3890144494962002,N12
