EMITTER_COEFFICIENT_SOLUTION,PRESSURE_OUTPUT,OUTPUT_DEMAND,FITNESS,NODE
0.018514217590051008,24.571386360915756,1.2,59.2175936262353,N12
