EMITTER_COEFFICIENT_SOLUTION,PRESSURE_OUTPUT,OUTPUT_DEMAND,FITNESS,NODE
0.9855742086477843,23.565553673195204,1.2,0.9777851506170762,N12
