EMITTER_COEFFICIENT_SOLUTION,PRESSURE_OUTPUT,OUTPUT_DEMAND,FITNESS,NODE
0.37444974640751716,24.22837629506157,1.2,2.7785732281659916,N12
