EMITTER_COEFFICIENT_SOLUTION,PRESSURE_OUTPUT,OUTPUT_DEMAND,FITNESS,NODE
0.8290703496553467,23.74344804413221,1.2,1.1836768265811823,N12
