EMITTER_COEFFICIENT_SOLUTION,PRESSURE_OUTPUT,OUTPUT_DEMAND,FITNESS,NODE
0.0646776911946717,24.528858858211475,1.2,16.83094340881533,N12
