EMITTER_COEFFICIENT_SOLUTION,PRESSURE_OUTPUT,OUTPUT_DEMAND,FITNESS,NODE
0.9562143198362634,23.599326303756413,1.2,1.0111766053487086,N12
