EMITTER_COEFFICIENT_SOLUTION,PRESSURE_OUTPUT,OUTPUT_DEMAND,FITNESS,NODE
0.5572488733326593,24.039356149810505,1.2,1.8217687669622105,N12
