EMITTER_COEFFICIENT_SOLUTION,PRESSURE_OUTPUT,OUTPUT_DEMAND,FITNESS,NODE
0.23621627132122047,24.36564591442005,1.2,4.491811701144881,N12
