EMITTER_COEFFICIENT_SOLUTION,PRESSURE_OUTPUT,OUTPUT_DEMAND,FITNESS,NODE
0.8497019596604898,23.720300674067825,1.2,1.152110154084975,N12
