EMITTER_COEFFICIENT_SOLUTION,PRESSURE_OUTPUT,OUTPUT_DEMAND,FITNESS,NODE
0.9492847475905625,23.607270822354987,1.2,1.0193654856721468,N12
