EMITTER_COEFFICIENT_SOLUTION,PRESSURE_OUTPUT,OUTPUT_DEMAND,FITNESS,NODE
0.3241147011125536,24.278938919428153,1.2,3.232748363933315,N12
