EMITTER_COEFFICIENT_SOLUTION,PRESSURE_OUTPUT,OUTPUT_DEMAND,FITNESS,NODE
0.6246844539421961,23.967555271860416,1.2,1.6110376381318552,N12
