EMITTER_COEFFICIENT_SOLUTION,PRESSURE_OUTPUT,OUTPUT_DEMAND,FITNESS,NODE
0.04113892976959599,24.550618851808274,1.2,26.557333738500546,N12
