EMITTER_COEFFICIENT_SOLUTION,PRESSURE_OUTPUT,OUTPUT_DEMAND,FITNESS,NODE
0.13458511852421218,24.463320108930205,1.2,8.003001107887009,N12
