EMITTER_COEFFICIENT_SOLUTION,PRESSURE_OUTPUT,OUTPUT_DEMAND,FITNESS,NODE
0.7758193938786556,23.802754951177803,1.2,1.2730448439055246,N12
