EMITTER_COEFFICIENT_SOLUTION,PRESSURE_OUTPUT,OUTPUT_DEMAND,FITNESS,NODE
0.4826553525765557,24.117493582398776,1.2,2.124135986263409,N12
