EMITTER_COEFFICIENT_SOLUTION,PRESSURE_OUTPUT,OUTPUT_DEMAND,FITNESS,NODE
0.8177610973509506,23.756096355603606,1.2,1.2016676090326863,N12
