EMITTER_COEFFICIENT_SOLUTION,PRESSURE_OUTPUT,OUTPUT_DEMAND,FITNESS,NODE
0.3329677856395705,24.270093365439028,1.2,3.1428763984396286,N12
