EMITTER_COEFFICIENT_SOLUTION,PRESSURE_OUTPUT,OUTPUT_DEMAND,FITNESS,NODE
0.8789949031427197,23.687275197971886,1.2,1.1098803324610116,N12
