EMITTER_COEFFICIENT_SOLUTION,PRESSURE_OUTPUT,OUTPUT_DEMAND,FITNESS,NODE
0.12046767778475198,24.476664690828002,1.2,8.959887565517683,N12
