EMITTER_COEFFICIENT_SOLUTION,PRESSURE_OUTPUT,OUTPUT_DEMAND,FITNESS,NODE
0.8222274153771861,23.751104599824167,1.2,1.1945024681207865,N12
