EMITTER_COEFFICIENT_SOLUTION,PRESSURE_OUTPUT,OUTPUT_DEMAND,FITNESS,NODE
0.008662957756187528,24.580383093406375,1.2,126.74045060172719,N12
