EMITTER_COEFFICIENT_SOLUTION,PRESSURE_OUTPUT,OUTPUT_DEMAND,FITNESS,NODE
0.33177225961594137,24.271289065176415,1.2,3.1547316797168707,N12
