EMITTER_COEFFICIENT_SOLUTION,PRESSURE_OUTPUT,OUTPUT_DEMAND,FITNESS,NODE
0.9842679184778581,23.567060150365066,1.2,0.9792275635960572,N12
