EMITTER_COEFFICIENT_SOLUTION,PRESSURE_OUTPUT,OUTPUT_DEMAND,FITNESS,NODE
0.02742585944686826,24.563223701151752,1.2,39.92090383141536,N12
