EMITTER_COEFFICIENT_SOLUTION,PRESSURE_OUTPUT,OUTPUT_DEMAND,FITNESS,NODE
0.39531470549069736,24.207225824322727,1.2,2.6243453545888733,N12
