EMITTER_COEFFICIENT_SOLUTION,PRESSURE_OUTPUT,OUTPUT_DEMAND,FITNESS,NODE
0.6384908723928838,23.95272133234029,1.2,1.5734356188182204,N12
