EMITTER_COEFFICIENT_SOLUTION,PRESSURE_OUTPUT,OUTPUT_DEMAND,FITNESS,NODE
0.29675034909793285,24.30615064691836,1.2,3.544558447521939,N12
