EMITTER_COEFFICIENT_SOLUTION,PRESSURE_OUTPUT,OUTPUT_DEMAND,FITNESS,NODE
0.23102690676470716,24.370700864132928,1.2,4.596171837781674,N12
