EMITTER_COEFFICIENT_SOLUTION,PRESSURE_OUTPUT,OUTPUT_DEMAND,FITNESS,NODE
0.897436619431458,23.666387694926886,1.2,1.0847333615669423,N12
