EMITTER_COEFFICIENT_SOLUTION,PRESSURE_OUTPUT,OUTPUT_DEMAND,FITNESS,NODE
0.9535834968291786,23.602343651647775,1.2,1.0142712194590113,N12
