EMITTER_COEFFICIENT_SOLUTION,PRESSURE_OUTPUT,OUTPUT_DEMAND,FITNESS,NODE
0.4852451949238601,24.114803659756667,1.2,2.112068132714345,N12
