EMITTER_COEFFICIENT_SOLUTION,PRESSURE_OUTPUT,OUTPUT_DEMAND,FITNESS,NODE
0.32559957592373556,24.277456731481582,1.2,3.217332384996058,N12
