EMITTER_COEFFICIENT_SOLUTION,PRESSURE_OUTPUT,OUTPUT_DEMAND,FITNESS,NODE
0.3609714551610881,24.241979675055568,1.2,2.887723359507863,N12
