EMITTER_COEFFICIENT_SOLUTION,PRESSURE_OUTPUT,OUTPUT_DEMAND,FITNESS,NODE
0.12754492367392667,24.469981765968992,1.2,8.453695054434935,N12
