EMITTER_COEFFICIENT_SOLUTION,PRESSURE_OUTPUT,OUTPUT_DEMAND,FITNESS,NODE
0.24707090962905098,24.35504915698996,1.2,4.287721970842331,N12
