EMITTER_COEFFICIENT_SOLUTION,PRESSURE_OUTPUT,OUTPUT_DEMAND,FITNESS,NODE
0.7994399667664425,23.77652637942748,1.2,1.2319111483041436,N12
