EMITTER_COEFFICIENT_SOLUTION,PRESSURE_OUTPUT,OUTPUT_DEMAND,FITNESS,NODE
0.6848694751153614,23.902562708745712,1.2,1.4583413304494393,N12
