EMITTER_COEFFICIENT_SOLUTION,PRESSURE_OUTPUT,OUTPUT_DEMAND,FITNESS,NODE
0.7280642484748762,23.855397384233157,1.2,1.3644875868672797,N12
