EMITTER_COEFFICIENT_SOLUTION,PRESSURE_OUTPUT,OUTPUT_DEMAND,FITNESS,NODE
0.5587198174059884,24.037801660835317,1.2,1.8166242334375196,N12
