EMITTER_COEFFICIENT_SOLUTION,PRESSURE_OUTPUT,OUTPUT_DEMAND,FITNESS,NODE
0.02278315918756979,24.567479022717112,1.2,48.09030631583874,N12
