EMITTER_COEFFICIENT_SOLUTION,PRESSURE_OUTPUT,OUTPUT_DEMAND,FITNESS,NODE
0.25930012331996455,24.343072856015443,1.2,4.078297135541416,N12
