EMITTER_COEFFICIENT_SOLUTION,PRESSURE_OUTPUT,OUTPUT_DEMAND,FITNESS,NODE
0.1401990162170278,24.457998272800737,1.2,7.676072126436044,N12
