EMITTER_COEFFICIENT_SOLUTION,PRESSURE_OUTPUT,OUTPUT_DEMAND,FITNESS,NODE
0.5138259422718461,24.085008297318428,1.2,1.9870249777154703,N12
