EMITTER_COEFFICIENT_SOLUTION,PRESSURE_OUTPUT,OUTPUT_DEMAND,FITNESS,NODE
0.9206121141475301,23.640034376327364,1.2,1.0545866072597867,N12
