EMITTER_COEFFICIENT_SOLUTION,PRESSURE_OUTPUT,OUTPUT_DEMAND,FITNESS,NODE
0.32060689163268763,24.282438099597382,1.2,3.269735510559657,N12
