EMITTER_COEFFICIENT_SOLUTION,PRESSURE_OUTPUT,OUTPUT_DEMAND,FITNESS,NODE
0.10590264018488704,24.490374581800335,1.2,10.214645201415731,N12
