EMITTER_COEFFICIENT_SOLUTION,PRESSURE_OUTPUT,OUTPUT_DEMAND,FITNESS,NODE
0.05607846699276586,24.536826369885887,1.2,19.437530610553335,N12
