EMITTER_COEFFICIENT_SOLUTION,PRESSURE_OUTPUT,OUTPUT_DEMAND,FITNESS,NODE
0.11362093696565456,24.483116768027795,1.2,9.509638697105943,N12
