EMITTER_COEFFICIENT_SOLUTION,PRESSURE_OUTPUT,OUTPUT_DEMAND,FITNESS,NODE
0.19634676235244275,24.404297003141536,1.2,5.435484759227223,N12
