EMITTER_COEFFICIENT_SOLUTION,PRESSURE_OUTPUT,OUTPUT_DEMAND,FITNESS,NODE
0.4147343491581714,24.187440696113857,1.2,2.494807444437432,N12
