EMITTER_COEFFICIENT_SOLUTION,PRESSURE_OUTPUT,OUTPUT_DEMAND,FITNESS,NODE
0.31267558604769885,24.29033805701817,1.2,3.3564348105706663,N12
