EMITTER_COEFFICIENT_SOLUTION,PRESSURE_OUTPUT,OUTPUT_DEMAND,FITNESS,NODE
0.4527041825050728,24.148480626969675,1.2,2.2737990215174975,N12
