EMITTER_COEFFICIENT_SOLUTION,PRESSURE_OUTPUT,OUTPUT_DEMAND,FITNESS,NODE
0.7236590810057533,23.860227171830278,1.2,1.3735394663623632,N12
