EMITTER_COEFFICIENT_SOLUTION,PRESSURE_OUTPUT,OUTPUT_DEMAND,FITNESS,NODE
0.5960498581639503,23.998176600281276,1.2,1.6946376957828606,N12
