EMITTER_COEFFICIENT_SOLUTION,PRESSURE_OUTPUT,OUTPUT_DEMAND,FITNESS,NODE
0.1508546192974538,24.447873194337888,1.2,7.122505100096323,N12
