EMITTER_COEFFICIENT_SOLUTION,PRESSURE_OUTPUT,OUTPUT_DEMAND,FITNESS,NODE
0.8942523276579286,23.669999562140973,1.2,1.0889999685533622,N12
