EMITTER_COEFFICIENT_SOLUTION,PRESSURE_OUTPUT,OUTPUT_DEMAND,FITNESS,NODE
0.010615318112170424,24.57860223624768,1.2,103.40194512687968,N12
