EMITTER_COEFFICIENT_SOLUTION,PRESSURE_OUTPUT,OUTPUT_DEMAND,FITNESS,NODE
0.4537799060515654,24.147371568072643,1.2,2.268079430895386,N12
