EMITTER_COEFFICIENT_SOLUTION,PRESSURE_OUTPUT,OUTPUT_DEMAND,FITNESS,NODE
0.7133287519781467,23.871535771836257,1.2,1.3952110117092538,N12
