EMITTER_COEFFICIENT_SOLUTION,PRESSURE_OUTPUT,OUTPUT_DEMAND,FITNESS,NODE
0.9758158584096168,23.57679882278722,1.2,0.9886557570935578,N12
