EMITTER_COEFFICIENT_SOLUTION,PRESSURE_OUTPUT,OUTPUT_DEMAND,FITNESS,NODE
0.1606194319541996,24.438567214226545,1.2,6.679758102918643,N12
