EMITTER_COEFFICIENT_SOLUTION,PRESSURE_OUTPUT,OUTPUT_DEMAND,FITNESS,NODE
0.041177845557848425,24.550583005894808,1.2,26.53207594809218,N12
