EMITTER_COEFFICIENT_SOLUTION,PRESSURE_OUTPUT,OUTPUT_DEMAND,FITNESS,NODE
0.36038434156331933,24.242571175026825,1.2,2.8926642854838707,N12
