EMITTER_COEFFICIENT_SOLUTION,PRESSURE_OUTPUT,OUTPUT_DEMAND,FITNESS,NODE
0.02289697581791561,24.567374776023065,1.2,47.85041993734485,N12
