EMITTER_COEFFICIENT_SOLUTION,PRESSURE_OUTPUT,OUTPUT_DEMAND,FITNESS,NODE
0.02827759526562179,24.562442367719456,1.2,38.7133741951303,N12
