EMITTER_COEFFICIENT_SOLUTION,PRESSURE_OUTPUT,OUTPUT_DEMAND,FITNESS,NODE
0.9704324570038698,23.582993882415543,1.2,0.9947483733958641,N12
