EMITTER_COEFFICIENT_SOLUTION,PRESSURE_OUTPUT,OUTPUT_DEMAND,FITNESS,NODE
0.4448812507008686,24.156537256470113,1.2,2.3162304083363088,N12
