EMITTER_COEFFICIENT_SOLUTION,PRESSURE_OUTPUT,OUTPUT_DEMAND,FITNESS,NODE
0.18794708567364893,24.412385294821778,1.2,5.685438146085681,N12
