EMITTER_COEFFICIENT_SOLUTION,PRESSURE_OUTPUT,OUTPUT_DEMAND,FITNESS,NODE
0.5898343384601168,24.004797501755846,1.2,1.7138673373855935,N12
