EMITTER_COEFFICIENT_SOLUTION,PRESSURE_OUTPUT,OUTPUT_DEMAND,FITNESS,NODE
0.15928511181398042,24.43984037642129,1.2,6.737052799077727,N12
