EMITTER_COEFFICIENT_SOLUTION,PRESSURE_OUTPUT,OUTPUT_DEMAND,FITNESS,NODE
0.13846195986359267,24.45964588605591,1.2,7.774396459210293,N12
