EMITTER_COEFFICIENT_SOLUTION,PRESSURE_OUTPUT,OUTPUT_DEMAND,FITNESS,NODE
0.7177341480226518,23.86671619092812,1.2,1.3858918145404089,N12
