EMITTER_COEFFICIENT_SOLUTION,PRESSURE_OUTPUT,OUTPUT_DEMAND,FITNESS,NODE
0.40192303443324473,24.200503888960842,1.2,2.5788526407959678,N12
