EMITTER_COEFFICIENT_SOLUTION,PRESSURE_OUTPUT,OUTPUT_DEMAND,FITNESS,NODE
0.5048002166643448,24.094439368850537,1.2,2.0249725062583135,N12
