EMITTER_COEFFICIENT_SOLUTION,PRESSURE_OUTPUT,OUTPUT_DEMAND,FITNESS,NODE
0.5462663889326159,24.050945811356296,1.2,1.8610626546850608,N12
