EMITTER_COEFFICIENT_SOLUTION,PRESSURE_OUTPUT,OUTPUT_DEMAND,FITNESS,NODE
0.7514358067966146,23.829698763623032,1.2,1.3182621334911953,N12
