EMITTER_COEFFICIENT_SOLUTION,PRESSURE_OUTPUT,OUTPUT_DEMAND,FITNESS,NODE
0.13128463969233173,24.466444829255764,1.2,8.208266376179024,N12
