EMITTER_COEFFICIENT_SOLUTION,PRESSURE_OUTPUT,OUTPUT_DEMAND,FITNESS,NODE
0.7081767291500561,23.877166503834207,1.2,1.4062586631404794,N12
