EMITTER_COEFFICIENT_SOLUTION,PRESSURE_OUTPUT,OUTPUT_DEMAND,FITNESS,NODE
0.5175885581666341,24.081070786212425,1.2,1.9715993169193906,N12
