EMITTER_COEFFICIENT_SOLUTION,PRESSURE_OUTPUT,OUTPUT_DEMAND,FITNESS,NODE
0.2514257635033855,24.350788929553456,1.2,4.210804589682498,N12
