EMITTER_COEFFICIENT_SOLUTION,PRESSURE_OUTPUT,OUTPUT_DEMAND,FITNESS,NODE
0.8092261573386774,23.765623042461748,1.2,1.2155835007856328,N12
