EMITTER_COEFFICIENT_SOLUTION,PRESSURE_OUTPUT,OUTPUT_DEMAND,FITNESS,NODE
0.7241123617127465,23.859730404269712,1.2,1.3726028984325025,N12
