EMITTER_COEFFICIENT_SOLUTION,PRESSURE_OUTPUT,OUTPUT_DEMAND,FITNESS,NODE
0.9720089013910272,23.581180388409784,1.2,0.9929571083502173,N12
