EMITTER_COEFFICIENT_SOLUTION,PRESSURE_OUTPUT,OUTPUT_DEMAND,FITNESS,NODE
0.12234245736735061,24.474895715710105,1.2,8.820090731250067,N12
