EMITTER_COEFFICIENT_SOLUTION,PRESSURE_OUTPUT,OUTPUT_DEMAND,FITNESS,NODE
0.3309153571968535,24.272145863528007,1.2,3.1632819324112695,N12
