EMITTER_COEFFICIENT_SOLUTION,PRESSURE_OUTPUT,OUTPUT_DEMAND,FITNESS,NODE
0.7106147285009263,23.87450273629514,1.2,1.4010105530135093,N12
