EMITTER_COEFFICIENT_SOLUTION,PRESSURE_OUTPUT,OUTPUT_DEMAND,FITNESS,NODE
0.5925591480431728,24.00189611732472,1.2,1.7053871496931214,N12
