EMITTER_COEFFICIENT_SOLUTION,PRESSURE_OUTPUT,OUTPUT_DEMAND,FITNESS,NODE
0.8635990649347286,23.704656194447118,1.2,1.1317119917415326,N12
