EMITTER_COEFFICIENT_SOLUTION,PRESSURE_OUTPUT,OUTPUT_DEMAND,FITNESS,NODE
0.08252142139271024,24.512259701744668,1.2,13.155552276632037,N12
