EMITTER_COEFFICIENT_SOLUTION,PRESSURE_OUTPUT,OUTPUT_DEMAND,FITNESS,NODE
0.9199917265374263,23.640741336384284,1.2,1.0553734415707068,N12
