EMITTER_COEFFICIENT_SOLUTION,PRESSURE_OUTPUT,OUTPUT_DEMAND,FITNESS,NODE
0.15092367272529017,24.447807477324968,1.2,7.1191728305803785,N12
