EMITTER_COEFFICIENT_SOLUTION,PRESSURE_OUTPUT,OUTPUT_DEMAND,FITNESS,NODE
0.6548516393846942,23.935084688751296,1.2,1.5309515253470285,N12
