EMITTER_COEFFICIENT_SOLUTION,PRESSURE_OUTPUT,OUTPUT_DEMAND,FITNESS,NODE
0.6354009312091854,23.956045154025833,1.2,1.5817076642945338,N12
