EMITTER_COEFFICIENT_SOLUTION,PRESSURE_OUTPUT,OUTPUT_DEMAND,FITNESS,NODE
0.1419056935453683,24.456378666020708,1.2,7.581813366342985,N12
