EMITTER_COEFFICIENT_SOLUTION,PRESSURE_OUTPUT,OUTPUT_DEMAND,FITNESS,NODE
0.09563681568222382,24.50000228575003,1.2,11.328755581703351,N12
