EMITTER_COEFFICIENT_SOLUTION,PRESSURE_OUTPUT,OUTPUT_DEMAND,FITNESS,NODE
0.6777007691388578,23.910348564858072,1.2,1.4750901467634139,N12
