EMITTER_COEFFICIENT_SOLUTION,PRESSURE_OUTPUT,OUTPUT_DEMAND,FITNESS,NODE
0.8256046835974581,23.747327073806517,1.2,1.1891367689072472,N12
