EMITTER_COEFFICIENT_SOLUTION,PRESSURE_OUTPUT,OUTPUT_DEMAND,FITNESS,NODE
0.8332698701502687,23.738744065919498,1.2,1.1771226196027738,N12
