EMITTER_COEFFICIENT_SOLUTION,PRESSURE_OUTPUT,OUTPUT_DEMAND,FITNESS,NODE
0.6274663993262111,23.96456991510551,1.2,1.6033264043639226,N12
