EMITTER_COEFFICIENT_SOLUTION,PRESSURE_OUTPUT,OUTPUT_DEMAND,FITNESS,NODE
0.5395786495703276,24.057988922885734,1.2,1.8857808512457575,N12
