EMITTER_COEFFICIENT_SOLUTION,PRESSURE_OUTPUT,OUTPUT_DEMAND,FITNESS,NODE
0.29387805444420145,24.308995542031006,1.2,3.580665509727229,N12
