EMITTER_COEFFICIENT_SOLUTION,PRESSURE_OUTPUT,OUTPUT_DEMAND,FITNESS,NODE
0.8143784147537098,23.759874040891496,1.2,1.207147481640269,N12
