EMITTER_COEFFICIENT_SOLUTION,PRESSURE_OUTPUT,OUTPUT_DEMAND,FITNESS,NODE
0.9039099239087128,23.659038420827535,1.2,1.0761542568195654,N12
