EMITTER_COEFFICIENT_SOLUTION,PRESSURE_OUTPUT,OUTPUT_DEMAND,FITNESS,NODE
0.024649482345829865,24.56576915875671,1.2,44.4363956361099,N12
