EMITTER_COEFFICIENT_SOLUTION,PRESSURE_OUTPUT,OUTPUT_DEMAND,FITNESS,NODE
0.32828350744641943,24.274776199742536,1.2,3.189822837456458,N12
