EMITTER_COEFFICIENT_SOLUTION,PRESSURE_OUTPUT,OUTPUT_DEMAND,FITNESS,NODE
0.880542951433896,23.685524683165106,1.2,1.1077281695431194,N12
