EMITTER_COEFFICIENT_SOLUTION,PRESSURE_OUTPUT,OUTPUT_DEMAND,FITNESS,NODE
0.6938717824006689,23.89276847464552,1.2,1.4378046825083473,N12
