EMITTER_COEFFICIENT_SOLUTION,PRESSURE_OUTPUT,OUTPUT_DEMAND,FITNESS,NODE
0.592375999565582,24.002091190105478,1.2,1.7059546775062135,N12
