EMITTER_COEFFICIENT_SOLUTION,PRESSURE_OUTPUT,OUTPUT_DEMAND,FITNESS,NODE
0.6125634605581376,23.98054108913724,1.2,1.6454617517231636,N12
