EMITTER_COEFFICIENT_SOLUTION,PRESSURE_OUTPUT,OUTPUT_DEMAND,FITNESS,NODE
0.6161048922467408,23.976750590249548,1.2,1.6352624222276693,N12
