EMITTER_COEFFICIENT_SOLUTION,PRESSURE_OUTPUT,OUTPUT_DEMAND,FITNESS,NODE
0.8647698222947795,23.703336296968143,1.2,1.1300240253543552,N12
