EMITTER_COEFFICIENT_SOLUTION,PRESSURE_OUTPUT,OUTPUT_DEMAND,FITNESS,NODE
0.7925728226372285,23.784164655447977,1.2,1.2436131468054306,N12
