EMITTER_COEFFICIENT_SOLUTION,PRESSURE_OUTPUT,OUTPUT_DEMAND,FITNESS,NODE
0.907922385388583,23.654478451497898,1.2,1.0708991081552786,N12
