EMITTER_COEFFICIENT_SOLUTION,PRESSURE_OUTPUT,OUTPUT_DEMAND,FITNESS,NODE
0.0646288788130599,24.528904143464008,1.2,16.843781630070417,N12
