EMITTER_COEFFICIENT_SOLUTION,PRESSURE_OUTPUT,OUTPUT_DEMAND,FITNESS,NODE
0.4347374172702465,24.166961232444446,1.2,2.373537890740522,N12
