EMITTER_COEFFICIENT_SOLUTION,PRESSURE_OUTPUT,OUTPUT_DEMAND,FITNESS,NODE
0.4865307425225075,24.113467816447653,1.2,2.106125925701203,N12
