EMITTER_COEFFICIENT_SOLUTION,PRESSURE_OUTPUT,OUTPUT_DEMAND,FITNESS,NODE
0.8349590252958181,23.73685090467775,1.2,1.1745052547029609,N12
