EMITTER_COEFFICIENT_SOLUTION,PRESSURE_OUTPUT,OUTPUT_DEMAND,FITNESS,NODE
0.18347123450078306,24.416687407970436,1.2,5.827987205883094,N12
