EMITTER_COEFFICIENT_SOLUTION,PRESSURE_OUTPUT,OUTPUT_DEMAND,FITNESS,NODE
0.21559443364454123,24.385690939557957,1.2,4.936265539628251,N12
