EMITTER_COEFFICIENT_SOLUTION,PRESSURE_OUTPUT,OUTPUT_DEMAND,FITNESS,NODE
0.9948868988555235,23.554803476044846,1.2,0.9676141871642612,N12
