EMITTER_COEFFICIENT_SOLUTION,PRESSURE_OUTPUT,OUTPUT_DEMAND,FITNESS
0.5495054780434524,24.822683763850634,23.0,32.55199426872383
