EMITTER_COEFFICIENT_SOLUTION,PRESSURE_OUTPUT,OUTPUT_DEMAND,FITNESS
0.21389318616044273,24.40334152722778,23.0,2.2219145084179037
