EMITTER_COEFFICIENT_SOLUTION,PRESSURE_OUTPUT,OUTPUT_DEMAND,FITNESS
0.36448346664953213,24.93709905060749,23.0,11.947830604662082
