EMITTER_COEFFICIENT_SOLUTION,PRESSURE_OUTPUT,OUTPUT_DEMAND,FITNESS
0.19368783688157676,25.04174334351844,23.0,5.309504401731114
