EMITTER_COEFFICIENT_SOLUTION,PRESSURE_OUTPUT,OUTPUT_DEMAND,FITNESS
0.1392609918306288,25.0748888031273,23.0,4.514938584018533
