EMITTER_COEFFICIENT_SOLUTION,PRESSURE_OUTPUT,OUTPUT_DEMAND,FITNESS
0.09640215857757595,25.100919954235575,23.0,4.040108478591257
