EMITTER_COEFFICIENT_SOLUTION,PRESSURE_OUTPUT,OUTPUT_DEMAND,FITNESS
0.3324337942793153,24.956807631621267,23.0,9.67063895306244
