EMITTER_COEFFICIENT_SOLUTION,PRESSURE_OUTPUT,OUTPUT_DEMAND,FITNESS
0.7739027754121465,24.682498234360395,23.0,5.8511828796777845
