EMITTER_COEFFICIENT_SOLUTION,PRESSURE_OUTPUT,OUTPUT_DEMAND,FITNESS
0.1849350309129788,25.047080652559636,23.0,5.163187586642172
