EMITTER_COEFFICIENT_SOLUTION,PRESSURE_OUTPUT,OUTPUT_DEMAND,FITNESS
0.013504509529049358,24.5311631239146,23.0,3.1032700883476596
