EMITTER_COEFFICIENT_SOLUTION,PRESSURE_OUTPUT,OUTPUT_DEMAND,FITNESS
0.9220408045872311,24.589129270527796,23.0,3.7839432378737676
