EMITTER_COEFFICIENT_SOLUTION,PRESSURE_OUTPUT,OUTPUT_DEMAND,FITNESS
0.2948260881100012,24.979891805663666,23.0,7.90576594143812
