EMITTER_COEFFICIENT_SOLUTION,PRESSURE_OUTPUT,OUTPUT_DEMAND,FITNESS
0.18791258262319854,25.04526507991695,23.0,5.21204604708278
