EMITTER_COEFFICIENT_SOLUTION,PRESSURE_OUTPUT,OUTPUT_DEMAND,FITNESS
0.0967149026699311,25.100730225991345,23.0,4.04320768901776
