EMITTER_COEFFICIENT_SOLUTION,PRESSURE_OUTPUT,OUTPUT_DEMAND,FITNESS
0.5609968784211626,24.81554223940076,23.0,26.41197877123403
