EMITTER_COEFFICIENT_SOLUTION,PRESSURE_OUTPUT,OUTPUT_DEMAND,FITNESS
0.07715786187518725,25.112588302523037,23.0,3.858226316128733
