EMITTER_COEFFICIENT_SOLUTION,PRESSURE_OUTPUT,OUTPUT_DEMAND,FITNESS
0.49982716579735154,24.853509960850555,23.0,9249.585924045386
