EMITTER_COEFFICIENT_SOLUTION,PRESSURE_OUTPUT,OUTPUT_DEMAND,FITNESS
0.8125835310356523,24.658180518946278,23.0,5.122338633119187
