EMITTER_COEFFICIENT_SOLUTION,PRESSURE_OUTPUT,OUTPUT_DEMAND,FITNESS
0.08942533980931344,24.482867196408698,23.0,2.6987883545873346
