EMITTER_COEFFICIENT_SOLUTION,PRESSURE_OUTPUT,OUTPUT_DEMAND,FITNESS
0.38370746312994886,24.294164740303575,23.0,1.7881439019759844
