EMITTER_COEFFICIENT_SOLUTION,PRESSURE_OUTPUT,OUTPUT_DEMAND,FITNESS
0.07972866105046295,25.111030277632373,23.0,3.8815591937954137
