EMITTER_COEFFICIENT_SOLUTION,PRESSURE_OUTPUT,OUTPUT_DEMAND,FITNESS
0.05529837638124124,25.125827164821192,23.0,3.670730794449132
