EMITTER_COEFFICIENT_SOLUTION,PRESSURE_OUTPUT,OUTPUT_DEMAND,FITNESS
0.8465231717605092,24.636807056823518,23.0,4.616873569627724
