EMITTER_COEFFICIENT_SOLUTION,PRESSURE_OUTPUT,OUTPUT_DEMAND,FITNESS
0.2523881985576488,24.378660370341343,23.0,2.106400713784638
