EMITTER_COEFFICIENT_SOLUTION,PRESSURE_OUTPUT,OUTPUT_DEMAND,FITNESS
0.26051507549369035,25.000912625167615,23.0,6.7791656890574385
