EMITTER_COEFFICIENT_SOLUTION,PRESSURE_OUTPUT,OUTPUT_DEMAND,FITNESS
0.025417434013778162,25.143897931273088,23.0,3.442387203290581
