EMITTER_COEFFICIENT_SOLUTION,PRESSURE_OUTPUT,OUTPUT_DEMAND,FITNESS
0.1441907926883682,25.071890654462404,23.0,4.576893506565439
