EMITTER_COEFFICIENT_SOLUTION,PRESSURE_OUTPUT,OUTPUT_DEMAND,FITNESS
0.06016184083591247,25.122883078469737,23.0,3.7108335816045384
