EMITTER_COEFFICIENT_SOLUTION,PRESSURE_OUTPUT,OUTPUT_DEMAND,FITNESS
0.022158260089799264,25.145867111959674,23.0,3.4192094682582477
