EMITTER_COEFFICIENT_SOLUTION,PRESSURE_OUTPUT,OUTPUT_DEMAND,FITNESS
0.8834489199630174,24.613514972486456,23.0,4.168596806602791
