EMITTER_COEFFICIENT_SOLUTION,PRESSURE_OUTPUT,OUTPUT_DEMAND,FITNESS
0.46603982652531606,24.240956997609377,23.0,1.632794747039587
