EMITTER_COEFFICIENT_SOLUTION,PRESSURE_OUTPUT,OUTPUT_DEMAND,FITNESS
0.19816233692924257,25.0390140461598,23.0,5.387576944782795
