EMITTER_COEFFICIENT_SOLUTION,PRESSURE_OUTPUT,OUTPUT_DEMAND,FITNESS
0.33461744665811277,24.955465868975477,23.0,9.797771922856949
