EMITTER_COEFFICIENT_SOLUTION,PRESSURE_OUTPUT,OUTPUT_DEMAND,FITNESS
0.282265005270134,24.987591772221762,23.0,7.452124331055327
