EMITTER_COEFFICIENT_SOLUTION,PRESSURE_OUTPUT,OUTPUT_DEMAND,FITNESS
0.5431885279320313,24.82660779528382,23.0,37.31892955355077
