EMITTER_COEFFICIENT_SOLUTION,PRESSURE_OUTPUT,OUTPUT_DEMAND,FITNESS
0.9550846280042508,24.568214888864507,23.0,3.5064471057093605
