EMITTER_COEFFICIENT_SOLUTION,PRESSURE_OUTPUT,OUTPUT_DEMAND,FITNESS
0.6897231959816356,24.735266063540685,23.0,8.464692353929896
