EMITTER_COEFFICIENT_SOLUTION,PRESSURE_OUTPUT,OUTPUT_DEMAND,FITNESS
0.47468684537584993,24.235358627722253,23.0,1.6180045850171196
