EMITTER_COEFFICIENT_SOLUTION,PRESSURE_OUTPUT,OUTPUT_DEMAND,FITNESS
0.7688192772620789,24.685690814498965,23.0,5.96256581676786
