EMITTER_COEFFICIENT_SOLUTION,PRESSURE_OUTPUT,OUTPUT_DEMAND,FITNESS
0.9874846016103603,24.547677810314212,23.0,3.2709023015755454
