EMITTER_COEFFICIENT_SOLUTION,PRESSURE_OUTPUT,OUTPUT_DEMAND,FITNESS
0.18204246683831415,25.048843532066495,23.0,5.116615753077032
