EMITTER_COEFFICIENT_SOLUTION,PRESSURE_OUTPUT,OUTPUT_DEMAND,FITNESS
0.11944650442709592,25.08693116243128,23.0,4.2821176519915385
