EMITTER_COEFFICIENT_SOLUTION,PRESSURE_OUTPUT,OUTPUT_DEMAND,FITNESS
0.3690647322932433,24.934279158377414,23.0,12.364407200627236
