EMITTER_COEFFICIENT_SOLUTION,PRESSURE_OUTPUT,OUTPUT_DEMAND,FITNESS
0.24660978539312595,24.382367805569583,23.0,2.122979793747165
