EMITTER_COEFFICIENT_SOLUTION,PRESSURE_OUTPUT,OUTPUT_DEMAND,FITNESS
0.10309837878397643,25.096856930699925,23.0,4.107533876518865
