EMITTER_COEFFICIENT_SOLUTION,PRESSURE_OUTPUT,OUTPUT_DEMAND,FITNESS
0.07880015515626082,25.111593021455043,23.0,3.873099092589852
