EMITTER_COEFFICIENT_SOLUTION,PRESSURE_OUTPUT,OUTPUT_DEMAND,FITNESS
0.6985257157929748,24.729758205345295,23.0,8.087628316825844
