EMITTER_COEFFICIENT_SOLUTION,PRESSURE_OUTPUT,OUTPUT_DEMAND,FITNESS
0.8310609997729462,24.64654854887649,23.0,4.834297234381819
