EMITTER_COEFFICIENT_SOLUTION,PRESSURE_OUTPUT,OUTPUT_DEMAND,FITNESS
0.12272059551389669,25.084942221356666,23.0,4.31890121399989
