EMITTER_COEFFICIENT_SOLUTION,PRESSURE_OUTPUT,OUTPUT_DEMAND,FITNESS
0.31358223110810446,24.33934286829054,23.0,1.9452945071892407
