EMITTER_COEFFICIENT_SOLUTION,PRESSURE_OUTPUT,OUTPUT_DEMAND,FITNESS
0.6387196845764475,24.767133243749516,23.0,11.591433835603054
