EMITTER_COEFFICIENT_SOLUTION,PRESSURE_OUTPUT,OUTPUT_DEMAND,FITNESS
0.1381314876231433,25.07557561767552,23.0,4.5009813760772746
