EMITTER_COEFFICIENT_SOLUTION,PRESSURE_OUTPUT,OUTPUT_DEMAND,FITNESS
0.3796705129869995,24.296769077287504,23.0,1.7965101225973714
