EMITTER_COEFFICIENT_SOLUTION,PRESSURE_OUTPUT,OUTPUT_DEMAND,FITNESS
0.33943528618393903,24.952504965353068,23.0,10.090499933077943
