EMITTER_COEFFICIENT_SOLUTION,PRESSURE_OUTPUT,OUTPUT_DEMAND,FITNESS
0.40682687188210964,24.911009979769787,23.0,17.35866044586356
