EMITTER_COEFFICIENT_SOLUTION,PRESSURE_OUTPUT,OUTPUT_DEMAND,FITNESS
0.06908251806765453,25.117480890116575,23.0,3.786745027613338
