EMITTER_COEFFICIENT_SOLUTION,PRESSURE_OUTPUT,OUTPUT_DEMAND,FITNESS
0.4387955073757731,24.89127529641483,23.0,26.403721849667896
