EMITTER_COEFFICIENT_SOLUTION,PRESSURE_OUTPUT,OUTPUT_DEMAND,FITNESS
0.009991808546418679,25.153215093932598,23.0,3.335409669993456
