EMITTER_COEFFICIENT_SOLUTION,PRESSURE_OUTPUT,OUTPUT_DEMAND,FITNESS
0.34860749485313247,24.946865927394835,23.0,10.699297585067898
