EMITTER_COEFFICIENT_SOLUTION,PRESSURE_OUTPUT,OUTPUT_DEMAND,FITNESS
0.2355775347001754,24.38944359875071,23.0,2.1553570630837497
