EMITTER_COEFFICIENT_SOLUTION,PRESSURE_OUTPUT,OUTPUT_DEMAND,FITNESS
0.3710420022543276,24.93306188774523,23.0,12.553345466280552
