EMITTER_COEFFICIENT_SOLUTION,PRESSURE_OUTPUT,OUTPUT_DEMAND,FITNESS
0.19674998729735016,24.414320050932638,23.0,2.277469601247919
