EMITTER_COEFFICIENT_SOLUTION,PRESSURE_OUTPUT,OUTPUT_DEMAND,FITNESS
0.36669730398751466,24.935736458178493,23.0,12.14556061723312
