EMITTER_COEFFICIENT_SOLUTION,PRESSURE_OUTPUT,OUTPUT_DEMAND,FITNESS
0.18947041907877737,25.044315223541698,23.0,5.2379776778517115
