EMITTER_COEFFICIENT_SOLUTION,PRESSURE_OUTPUT,OUTPUT_DEMAND,FITNESS
0.43380430885537125,24.894358567757305,23.0,24.416017775637226
