EMITTER_COEFFICIENT_SOLUTION,PRESSURE_OUTPUT,OUTPUT_DEMAND,FITNESS
0.49731875909957857,24.855064425421723,23.0,601.4757138256062
