EMITTER_COEFFICIENT_SOLUTION,PRESSURE_OUTPUT,OUTPUT_DEMAND,FITNESS
0.462366154977758,24.243334871819155,23.0,1.6391589135044515
