EMITTER_COEFFICIENT_SOLUTION,PRESSURE_OUTPUT,OUTPUT_DEMAND,FITNESS
0.34055634841634796,24.951816195041246,23.0,10.161120091494112
