EMITTER_COEFFICIENT_SOLUTION,PRESSURE_OUTPUT,OUTPUT_DEMAND,FITNESS
0.20542602658863662,25.034582027787224,23.0,5.519367519326723
