EMITTER_COEFFICIENT_SOLUTION,PRESSURE_OUTPUT,OUTPUT_DEMAND,FITNESS
0.09455697298329058,25.10203928121398,23.0,4.021920539810103
