EMITTER_COEFFICIENT_SOLUTION,PRESSURE_OUTPUT,OUTPUT_DEMAND,FITNESS
0.4163234078235002,24.905151023481167,23.0,19.323979345045654
