EMITTER_COEFFICIENT_SOLUTION,PRESSURE_OUTPUT,OUTPUT_DEMAND,FITNESS
0.8721425344112111,24.620650904230523,23.0,4.296401086158281
