EMITTER_COEFFICIENT_SOLUTION,PRESSURE_OUTPUT,OUTPUT_DEMAND,FITNESS
0.29294050061511356,24.35261665900678,23.0,1.9968561939544456
