EMITTER_COEFFICIENT_SOLUTION,PRESSURE_OUTPUT,OUTPUT_DEMAND,FITNESS
0.5858011544532563,24.800113285863823,23.0,18.765048851784837
