EMITTER_COEFFICIENT_SOLUTION,PRESSURE_OUTPUT,OUTPUT_DEMAND,FITNESS
0.920082494459615,24.590367739784085,23.0,3.801759413003371
