EMITTER_COEFFICIENT_SOLUTION,PRESSURE_OUTPUT,OUTPUT_DEMAND,FITNESS
0.3775907755214204,24.92902935950434,23.0,13.222701353290205
