EMITTER_COEFFICIENT_SOLUTION,PRESSURE_OUTPUT,OUTPUT_DEMAND,FITNESS
0.24566804471510395,25.009996720888594,23.0,6.385905112554704
