EMITTER_COEFFICIENT_SOLUTION,PRESSURE_OUTPUT,OUTPUT_DEMAND,FITNESS
0.3634718208784632,24.9377216550908,23.0,11.859609661702397
