EMITTER_COEFFICIENT_SOLUTION,PRESSURE_OUTPUT,OUTPUT_DEMAND,FITNESS
0.8464986461814702,24.636822514007317,23.0,4.617203071076725
