EMITTER_COEFFICIENT_SOLUTION,PRESSURE_OUTPUT,OUTPUT_DEMAND,FITNESS
0.026618987220417556,25.14317186617569,23.0,3.451012654656907
