EMITTER_COEFFICIENT_SOLUTION,PRESSURE_OUTPUT,OUTPUT_DEMAND,FITNESS
0.12423745497598138,25.084020639763697,23.0,4.336160084487232
