EMITTER_COEFFICIENT_SOLUTION,PRESSURE_OUTPUT,OUTPUT_DEMAND,FITNESS
0.11080480361820699,24.46923779719085,23.0,2.603041049949184
