EMITTER_COEFFICIENT_SOLUTION,PRESSURE_OUTPUT,OUTPUT_DEMAND,FITNESS
0.8964477090602653,24.605306034839085,23.0,4.030668338633394
