EMITTER_COEFFICIENT_SOLUTION,PRESSURE_OUTPUT,OUTPUT_DEMAND,FITNESS
0.5863961943427981,24.799742921287137,23.0,18.635533582243283
