EMITTER_COEFFICIENT_SOLUTION,PRESSURE_OUTPUT,OUTPUT_DEMAND,FITNESS
0.6191838318566406,24.779318426098158,23.0,13.497932192884935
