EMITTER_COEFFICIENT_SOLUTION,PRESSURE_OUTPUT,OUTPUT_DEMAND,FITNESS
0.23562227515423773,25.016139091036862,23.0,6.144874896129632
