EMITTER_COEFFICIENT_SOLUTION,PRESSURE_OUTPUT,OUTPUT_DEMAND,FITNESS
0.19679515592605112,25.039848051610875,23.0,5.363477400513868
