EMITTER_COEFFICIENT_SOLUTION,PRESSURE_OUTPUT,OUTPUT_DEMAND,FITNESS
0.675155290687225,24.744376258511828,23.0,9.171990370384508
