EMITTER_COEFFICIENT_SOLUTION,PRESSURE_OUTPUT,OUTPUT_DEMAND,FITNESS
0.33487620982258803,24.955306859693724,23.0,9.813060049013314
