EMITTER_COEFFICIENT_SOLUTION,PRESSURE_OUTPUT,OUTPUT_DEMAND,FITNESS
0.7854722911408712,24.675229389476417,23.0,5.612476719907175
