EMITTER_COEFFICIENT_SOLUTION,PRESSURE_OUTPUT,OUTPUT_DEMAND,FITNESS
0.5987930704395862,24.79202438234672,23.0,16.292093633281457
