EMITTER_COEFFICIENT_SOLUTION,PRESSURE_OUTPUT,OUTPUT_DEMAND,FITNESS
0.48354315269721837,24.86359768187265,23.0,98.07927462868545
