EMITTER_COEFFICIENT_SOLUTION,PRESSURE_OUTPUT,OUTPUT_DEMAND,FITNESS
0.44807161045173716,24.885542967621387,23.0,31.11279285708673
