EMITTER_COEFFICIENT_SOLUTION,PRESSURE_OUTPUT,OUTPUT_DEMAND,FITNESS
0.6867527519458482,24.737124183344985,23.0,8.599956009530903
