EMITTER_COEFFICIENT_SOLUTION,PRESSURE_OUTPUT,OUTPUT_DEMAND,FITNESS
0.4587110063798323,24.24570041061441,23.0,1.6455394829789098
