EMITTER_COEFFICIENT_SOLUTION,PRESSURE_OUTPUT,OUTPUT_DEMAND,FITNESS
0.9500145908429071,24.5714260900083,23.0,3.5463790033192164
