EMITTER_COEFFICIENT_SOLUTION,PRESSURE_OUTPUT,OUTPUT_DEMAND,FITNESS
0.2745551421846395,24.36442968090632,23.0,2.0450978139449423
