EMITTER_COEFFICIENT_SOLUTION,PRESSURE_OUTPUT,OUTPUT_DEMAND,FITNESS
0.31009382852165945,24.34158687055059,23.0,1.9538234256576683
