EMITTER_COEFFICIENT_SOLUTION,PRESSURE_OUTPUT,OUTPUT_DEMAND,FITNESS
0.5906966467675826,24.797065910647287,23.0,17.750028643489227
