EMITTER_COEFFICIENT_SOLUTION,PRESSURE_OUTPUT,OUTPUT_DEMAND,FITNESS
0.12776985422911713,25.08187420066482,23.0,4.376897195265896
