EMITTER_COEFFICIENT_SOLUTION,PRESSURE_OUTPUT,OUTPUT_DEMAND,FITNESS
0.27159264576888276,24.99412991446622,23.0,7.1059030683773114
