EMITTER_COEFFICIENT_SOLUTION,PRESSURE_OUTPUT,OUTPUT_DEMAND,FITNESS
0.14799067453954728,25.069579133929757,23.0,4.62583289104288
