EMITTER_COEFFICIENT_SOLUTION,PRESSURE_OUTPUT,OUTPUT_DEMAND,FITNESS
0.6968064311450534,24.730834169257978,23.0,8.15862463748454
