EMITTER_COEFFICIENT_SOLUTION,PRESSURE_OUTPUT,OUTPUT_DEMAND,FITNESS
0.2278620172802045,25.02088148937956,23.0,5.9708749743091705
