EMITTER_COEFFICIENT_SOLUTION,PRESSURE_OUTPUT,OUTPUT_DEMAND,FITNESS
0.2167216618108282,25.027686418618973,23.0,5.737742566026563
