EMITTER_COEFFICIENT_SOLUTION,PRESSURE_OUTPUT,OUTPUT_DEMAND,FITNESS
0.3794314399990598,24.927895689229487,23.0,13.423928504562337
