EMITTER_COEFFICIENT_SOLUTION,PRESSURE_OUTPUT,OUTPUT_DEMAND,FITNESS
0.022135528718370878,24.525680818506952,23.0,3.051357122639694
