EMITTER_COEFFICIENT_SOLUTION,PRESSURE_OUTPUT,OUTPUT_DEMAND,FITNESS
0.5857766020883733,24.800128567506246,23.0,18.770431475103965
