EMITTER_COEFFICIENT_SOLUTION,PRESSURE_OUTPUT,OUTPUT_DEMAND,FITNESS
0.07810257210532301,24.49008028722773,23.0,2.7523676090315474
