EMITTER_COEFFICIENT_SOLUTION,PRESSURE_OUTPUT,OUTPUT_DEMAND,FITNESS
0.18667841754070313,25.046017527832763,23.0,5.1916853309319215
