EMITTER_COEFFICIENT_SOLUTION,PRESSURE_OUTPUT,OUTPUT_DEMAND,FITNESS
0.7105124257954322,24.722254198274076,23.0,7.624877404027579
