EMITTER_COEFFICIENT_SOLUTION,PRESSURE_OUTPUT,OUTPUT_DEMAND,FITNESS
0.22940940431659385,25.019935967164862,23.0,6.004775504449169
