EMITTER_COEFFICIENT_SOLUTION,PRESSURE_OUTPUT,OUTPUT_DEMAND,FITNESS
0.0368033076278228,25.137015795030106,23.0,3.5259196881140733
