EMITTER_COEFFICIENT_SOLUTION,PRESSURE_OUTPUT,OUTPUT_DEMAND,FITNESS
0.3086026883215599,24.971440835193484,23.0,8.471777189490611
