EMITTER_COEFFICIENT_SOLUTION,PRESSURE_OUTPUT,OUTPUT_DEMAND,FITNESS
0.30443667910556094,24.973997036419295,23.0,8.292204791097538
