EMITTER_COEFFICIENT_SOLUTION,PRESSURE_OUTPUT,OUTPUT_DEMAND,FITNESS
0.2870170204200738,24.98467938141939,23.0,7.617449636753209
