EMITTER_COEFFICIENT_SOLUTION,PRESSURE_OUTPUT,OUTPUT_DEMAND,FITNESS
0.2918862503772298,24.981694391086553,23.0,7.794685296459586
