EMITTER_COEFFICIENT_SOLUTION,PRESSURE_OUTPUT,OUTPUT_DEMAND,FITNESS
0.7464580827780559,24.69972513326001,23.0,6.507082014087378
