EMITTER_COEFFICIENT_SOLUTION,PRESSURE_OUTPUT,OUTPUT_DEMAND,FITNESS
0.6242179961722091,24.77617956061534,23.0,12.94929399967037
