EMITTER_COEFFICIENT_SOLUTION,PRESSURE_OUTPUT,OUTPUT_DEMAND,FITNESS
0.057003060570343655,25.124795329469,23.0,3.684686876887962
