EMITTER_COEFFICIENT_SOLUTION,PRESSURE_OUTPUT,OUTPUT_DEMAND,FITNESS
0.43528135892059383,24.893446214537082,23.0,24.97230157570427
