EMITTER_COEFFICIENT_SOLUTION,PRESSURE_OUTPUT,OUTPUT_DEMAND,FITNESS
0.1605957175347501,24.437446919804916,23.0,2.40409506958552
