EMITTER_COEFFICIENT_SOLUTION,PRESSURE_OUTPUT,OUTPUT_DEMAND,FITNESS
0.49147797894773015,24.22448198631937,23.0,1.5900226420534151
