EMITTER_COEFFICIENT_SOLUTION,PRESSURE_OUTPUT,OUTPUT_DEMAND,FITNESS
0.7560385775159787,24.693714055247163,23.0,6.262141013337088
