EMITTER_COEFFICIENT_SOLUTION,PRESSURE_OUTPUT,OUTPUT_DEMAND,FITNESS
0.1699350826536704,25.05622064968491,23.0,4.93050935718565
