EMITTER_COEFFICIENT_SOLUTION,PRESSURE_OUTPUT,OUTPUT_DEMAND,FITNESS
0.308845784360828,24.97129165772262,23.0,8.482497355184126
