EMITTER_COEFFICIENT_SOLUTION,PRESSURE_OUTPUT,OUTPUT_DEMAND,FITNESS
0.28955600838720397,24.35479195526784,23.0,2.005567887110468
