EMITTER_COEFFICIENT_SOLUTION,PRESSURE_OUTPUT,OUTPUT_DEMAND,FITNESS
0.22469832475956064,24.396417790630174,23.0,2.1882505693242233
