EMITTER_COEFFICIENT_SOLUTION,PRESSURE_OUTPUT,OUTPUT_DEMAND,FITNESS
0.4763359180425534,24.868059808568912,23.0,68.22231432986385
