EMITTER_COEFFICIENT_SOLUTION,PRESSURE_OUTPUT,OUTPUT_DEMAND,FITNESS
0.17810663416853567,25.05124219660672,23.0,5.054580658349115
