EMITTER_COEFFICIENT_SOLUTION,PRESSURE_OUTPUT,OUTPUT_DEMAND,FITNESS
0.3581371779302249,24.310653322428898,23.0,1.842467124517103
