EMITTER_COEFFICIENT_SOLUTION,PRESSURE_OUTPUT,OUTPUT_DEMAND,FITNESS
0.9631709660676172,24.56309208860265,23.0,3.444572835805126
