EMITTER_COEFFICIENT_SOLUTION,PRESSURE_OUTPUT,OUTPUT_DEMAND,FITNESS
0.46730596494216303,24.87364810829307,23.0,49.39183734292242
