EMITTER_COEFFICIENT_SOLUTION,PRESSURE_OUTPUT,OUTPUT_DEMAND,FITNESS
0.46254891429148437,24.87659103671083,23.0,43.1235438323127
