EMITTER_COEFFICIENT_SOLUTION,PRESSURE_OUTPUT,OUTPUT_DEMAND,FITNESS
0.9283370731894968,24.58514665070854,23.0,3.7277657802259947
