EMITTER_COEFFICIENT_SOLUTION,PRESSURE_OUTPUT,OUTPUT_DEMAND,FITNESS
0.7354890773288033,24.7066042544083,23.0,6.812007964025092
