EMITTER_COEFFICIENT_SOLUTION,PRESSURE_OUTPUT,OUTPUT_DEMAND,FITNESS
0.22989533747734947,25.01963902419348,23.0,6.015501600263332
