EMITTER_COEFFICIENT_SOLUTION,PRESSURE_OUTPUT,OUTPUT_DEMAND,FITNESS
0.17912299596950676,25.05062283145672,23.0,5.070454380562744
