EMITTER_COEFFICIENT_SOLUTION,PRESSURE_OUTPUT,OUTPUT_DEMAND,FITNESS
0.39845459602715083,24.2846473616064,23.0,1.7582217066424926
