EMITTER_COEFFICIENT_SOLUTION,PRESSURE_OUTPUT,OUTPUT_DEMAND,FITNESS
0.352092939655292,24.94472237997731,23.0,10.950439920606232
