EMITTER_COEFFICIENT_SOLUTION,PRESSURE_OUTPUT,OUTPUT_DEMAND,FITNESS
0.6746302378554486,24.744704485975294,23.0,9.19968601717421
