EMITTER_COEFFICIENT_SOLUTION,PRESSURE_OUTPUT,OUTPUT_DEMAND,FITNESS
0.9946213958710771,24.543150045154313,23.0,3.2231675845428724
