EMITTER_COEFFICIENT_SOLUTION,PRESSURE_OUTPUT,OUTPUT_DEMAND,FITNESS
0.45609231707363207,24.880584241425133,23.0,36.78851897929696
