EMITTER_COEFFICIENT_SOLUTION,PRESSURE_OUTPUT,OUTPUT_DEMAND,FITNESS
0.8950479906854824,24.606190214685785,23.0,4.045084354721894
