EMITTER_COEFFICIENT_SOLUTION,PRESSURE_OUTPUT,OUTPUT_DEMAND,FITNESS
0.505441942069936,24.85002975941561,23.0,296.37634098919676
