EMITTER_COEFFICIENT_SOLUTION,PRESSURE_OUTPUT,OUTPUT_DEMAND,FITNESS
0.07657799672175025,25.11293969721513,23.0,3.85300256840958
