EMITTER_COEFFICIENT_SOLUTION,PRESSURE_OUTPUT,OUTPUT_DEMAND,FITNESS
0.8820654659733761,24.614388355858363,23.0,4.1838292214723465
