EMITTER_COEFFICIENT_SOLUTION,PRESSURE_OUTPUT,OUTPUT_DEMAND,FITNESS
0.12754534055538602,25.082010637330452,23.0,4.374285006729194
