EMITTER_COEFFICIENT_SOLUTION,PRESSURE_OUTPUT,OUTPUT_DEMAND,FITNESS
0.39836924287676023,24.28470246249927,23.0,1.7583920589370077
