EMITTER_COEFFICIENT_SOLUTION,PRESSURE_OUTPUT,OUTPUT_DEMAND,FITNESS
0.24037685429777256,25.0132323706171,23.0,6.256627226248641
