EMITTER_COEFFICIENT_SOLUTION,PRESSURE_OUTPUT,OUTPUT_DEMAND,FITNESS
0.0517560074900586,25.127971025466017,23.0,3.6420694007784826
