EMITTER_COEFFICIENT_SOLUTION,PRESSURE_OUTPUT,OUTPUT_DEMAND,FITNESS
0.0015691929790794257,25.158298587501903,23.0,3.279798929023568
