EMITTER_COEFFICIENT_SOLUTION,PRESSURE_OUTPUT,OUTPUT_DEMAND,FITNESS
0.5357319488430533,24.831238159388146,23.0,45.114772741665064
