EMITTER_COEFFICIENT_SOLUTION,PRESSURE_OUTPUT,OUTPUT_DEMAND,FITNESS
0.6664211486635764,24.749835172719376,23.0,9.65542909793144
