EMITTER_COEFFICIENT_SOLUTION,PRESSURE_OUTPUT,OUTPUT_DEMAND,FITNESS
0.5359697426907687,24.831090521548973,23.0,44.81626737958791
