EMITTER_COEFFICIENT_SOLUTION,PRESSURE_OUTPUT,OUTPUT_DEMAND,FITNESS
0.7690604706031627,26.49775514786014,10.1,23.472386071394517
