EMITTER_COEFFICIENT_SOLUTION,PRESSURE_OUTPUT,OUTPUT_DEMAND,FITNESS
0.33172221950676184,26.566700004445728,10.1,37.95987868592009
