EMITTER_COEFFICIENT_SOLUTION,PRESSURE_OUTPUT,OUTPUT_DEMAND,FITNESS
0.25176069698156933,26.579135284331045,10.1,25.787230264348505
