EMITTER_COEFFICIENT_SOLUTION,PRESSURE_OUTPUT,OUTPUT_DEMAND,FITNESS
0.6142437700859034,26.522340536036417,10.1,55.500472184315235
