EMITTER_COEFFICIENT_SOLUTION,PRESSURE_OUTPUT,OUTPUT_DEMAND,FITNESS
0.803650655145033,26.492235503326256,10.1,20.78012865588273
