EMITTER_COEFFICIENT_SOLUTION,PRESSURE_OUTPUT,OUTPUT_DEMAND,FITNESS
0.10170036499809487,26.6023282767896,10.1,16.13635190821022
