EMITTER_COEFFICIENT_SOLUTION,PRESSURE_OUTPUT,OUTPUT_DEMAND,FITNESS
0.8236740423541379,26.489035893632582,10.1,19.484628790374884
