EMITTER_COEFFICIENT_SOLUTION,PRESSURE_OUTPUT,OUTPUT_DEMAND,FITNESS
0.22578009470349125,26.583164238451268,10.1,23.36020817610782
