EMITTER_COEFFICIENT_SOLUTION,PRESSURE_OUTPUT,OUTPUT_DEMAND,FITNESS
0.34471973573603054,26.56467367348764,10.1,41.12303263879513
