EMITTER_COEFFICIENT_SOLUTION,PRESSURE_OUTPUT,OUTPUT_DEMAND,FITNESS
0.2694337909457306,26.57639141109029,10.1,27.750789881233686
