EMITTER_COEFFICIENT_SOLUTION,PRESSURE_OUTPUT,OUTPUT_DEMAND,FITNESS
0.58212602879252,26.527416458206723,10.1,77.26815319731465
