EMITTER_COEFFICIENT_SOLUTION,PRESSURE_OUTPUT,OUTPUT_DEMAND,FITNESS
0.24703902764890107,26.57986791720994,10.1,25.30907669178305
