EMITTER_COEFFICIENT_SOLUTION,PRESSURE_OUTPUT,OUTPUT_DEMAND,FITNESS
0.5233804453803035,26.536678821211815,10.1,271.77018093339495
