EMITTER_COEFFICIENT_SOLUTION,PRESSURE_OUTPUT,OUTPUT_DEMAND,FITNESS
0.707219722197762,26.507599049584194,10.1,30.525635095304118
