EMITTER_COEFFICIENT_SOLUTION,PRESSURE_OUTPUT,OUTPUT_DEMAND,FITNESS
0.33309442909262166,26.56648614113442,10.1,38.27056777952869
