EMITTER_COEFFICIENT_SOLUTION,PRESSURE_OUTPUT,OUTPUT_DEMAND,FITNESS
0.6591557317615044,26.515228471030696,10.1,39.79318727544171
