EMITTER_COEFFICIENT_SOLUTION,PRESSURE_OUTPUT,OUTPUT_DEMAND,FITNESS
0.7910535026216282,26.49424678532604,10.1,21.68650979920249
