EMITTER_COEFFICIENT_SOLUTION,PRESSURE_OUTPUT,OUTPUT_DEMAND,FITNESS
0.06326739162792783,26.60823808540738,10.1,14.731514181152159
