EMITTER_COEFFICIENT_SOLUTION,PRESSURE_OUTPUT,OUTPUT_DEMAND,FITNESS
0.33595561791962836,26.5660401653993,10.1,38.93510215911163
