EMITTER_COEFFICIENT_SOLUTION,PRESSURE_OUTPUT,OUTPUT_DEMAND,FITNESS
0.7211486435500976,26.50538453360619,10.1,28.592777445993953
