EMITTER_COEFFICIENT_SOLUTION,PRESSURE_OUTPUT,OUTPUT_DEMAND,FITNESS
0.6944727050958828,26.50962427557242,10.1,32.537122623308875
