EMITTER_COEFFICIENT_SOLUTION,PRESSURE_OUTPUT,OUTPUT_DEMAND,FITNESS
0.032687538408956884,26.612931523787992,10.1,13.778826108722571
