EMITTER_COEFFICIENT_SOLUTION,PRESSURE_OUTPUT,OUTPUT_DEMAND,FITNESS
0.3756303435906715,26.559849107203384,10.1,51.301239414128624
