EMITTER_COEFFICIENT_SOLUTION,PRESSURE_OUTPUT,OUTPUT_DEMAND,FITNESS
0.713085222610467,26.506666704137047,10.1,29.680903610881053
