EMITTER_COEFFICIENT_SOLUTION,PRESSURE_OUTPUT,OUTPUT_DEMAND,FITNESS
0.8840577318585271,26.47936734971489,10.1,16.39584796193145
