EMITTER_COEFFICIENT_SOLUTION,PRESSURE_OUTPUT,OUTPUT_DEMAND,FITNESS
0.8652330867426902,26.482384680403037,10.1,17.249194873389452
