EMITTER_COEFFICIENT_SOLUTION,PRESSURE_OUTPUT,OUTPUT_DEMAND,FITNESS
0.9415721617086066,26.470130966935912,10.1,14.23944953595068
