EMITTER_COEFFICIENT_SOLUTION,PRESSURE_OUTPUT,OUTPUT_DEMAND,FITNESS
0.9571242052657146,26.46762876656382,10.1,13.74955354898123
