EMITTER_COEFFICIENT_SOLUTION,PRESSURE_OUTPUT,OUTPUT_DEMAND,FITNESS
0.8502482465696929,26.484784499639993,10.1,17.994057998772607
