EMITTER_COEFFICIENT_SOLUTION,PRESSURE_OUTPUT,OUTPUT_DEMAND,FITNESS
0.410985916272921,26.55432101166255,10.1,71.60958562267155
