EMITTER_COEFFICIENT_SOLUTION,PRESSURE_OUTPUT,OUTPUT_DEMAND,FITNESS
0.31250827006040827,26.569692921341044,10.1,34.08720530751041
