EMITTER_COEFFICIENT_SOLUTION,PRESSURE_OUTPUT,OUTPUT_DEMAND,FITNESS
0.6587199810470652,26.515297553697636,10.1,39.90288107374026
