EMITTER_COEFFICIENT_SOLUTION,PRESSURE_OUTPUT,OUTPUT_DEMAND,FITNESS
0.9080414125804596,26.475518959165605,10.1,15.422711476003563
