EMITTER_COEFFICIENT_SOLUTION,PRESSURE_OUTPUT,OUTPUT_DEMAND,FITNESS
0.40272820062036396,26.555613088484286,10.1,65.54502642877938
