EMITTER_COEFFICIENT_SOLUTION,PRESSURE_OUTPUT,OUTPUT_DEMAND,FITNESS
0.16160794977922321,26.59309165060114,10.1,18.962648381158836
