EMITTER_COEFFICIENT_SOLUTION,PRESSURE_OUTPUT,OUTPUT_DEMAND,FITNESS
0.9506185618004533,26.468675679804157,10.1,13.950363304343377
