EMITTER_COEFFICIENT_SOLUTION,PRESSURE_OUTPUT,OUTPUT_DEMAND,FITNESS
0.5283482799882865,26.535896642477176,10.1,224.1268881584809
