EMITTER_COEFFICIENT_SOLUTION,PRESSURE_OUTPUT,OUTPUT_DEMAND,FITNESS
0.0506313580647178,26.61017840986773,10.1,14.322131557111328
