EMITTER_COEFFICIENT_SOLUTION,PRESSURE_OUTPUT,OUTPUT_DEMAND,FITNESS
0.4956464221027833,26.541041781531334,10.1,1459.0429789383813
