EMITTER_COEFFICIENT_SOLUTION,PRESSURE_OUTPUT,OUTPUT_DEMAND,FITNESS
0.8087214764931361,26.4914255250875,10.1,20.436158435903813
