EMITTER_COEFFICIENT_SOLUTION,PRESSURE_OUTPUT,OUTPUT_DEMAND,FITNESS
0.33360576501921424,26.566406443782554,10.1,38.387652534587616
