EMITTER_COEFFICIENT_SOLUTION,PRESSURE_OUTPUT,OUTPUT_DEMAND,FITNESS
0.8190928109728923,26.48976823133105,10.1,19.766686122153466
