EMITTER_COEFFICIENT_SOLUTION,PRESSURE_OUTPUT,OUTPUT_DEMAND,FITNESS
0.37547669476761547,26.559873108747006,10.1,51.238149422897685
