EMITTER_COEFFICIENT_SOLUTION,PRESSURE_OUTPUT,OUTPUT_DEMAND,FITNESS
0.5737825109776739,26.52873369583145,10.1,86.02368886004652
