EMITTER_COEFFICIENT_SOLUTION,PRESSURE_OUTPUT,OUTPUT_DEMAND,FITNESS
0.2457260183513592,26.580071615954836,10.1,25.179266815856565
