EMITTER_COEFFICIENT_SOLUTION,PRESSURE_OUTPUT,OUTPUT_DEMAND,FITNESS
0.9773837488274957,26.464366345693207,10.1,13.159270388202945
