EMITTER_COEFFICIENT_SOLUTION,PRESSURE_OUTPUT,OUTPUT_DEMAND,FITNESS
0.26138998353458187,26.577640591340042,10.1,26.821019431700307
