EMITTER_COEFFICIENT_SOLUTION,PRESSURE_OUTPUT,OUTPUT_DEMAND,FITNESS
0.10328841073283057,26.602083817687003,10.1,16.200256706161273
