EMITTER_COEFFICIENT_SOLUTION,PRESSURE_OUTPUT,OUTPUT_DEMAND,FITNESS
0.6610343165851549,26.514930627865873,10.1,39.327077683967715
