EMITTER_COEFFICIENT_SOLUTION,PRESSURE_OUTPUT,OUTPUT_DEMAND,FITNESS
0.9973777810582777,26.461143451838687,10.1,12.623879881224411
