EMITTER_COEFFICIENT_SOLUTION,PRESSURE_OUTPUT,OUTPUT_DEMAND,FITNESS
0.25349689013318255,26.578865843093446,10.1,25.967657266557303
