EMITTER_COEFFICIENT_SOLUTION,PRESSURE_OUTPUT,OUTPUT_DEMAND,FITNESS
0.5344250164040738,26.534939593310376,10.1,184.54244942340665
