EMITTER_COEFFICIENT_SOLUTION,PRESSURE_OUTPUT,OUTPUT_DEMAND,FITNESS
0.4831007180345118,26.543013324772367,10.1,376.3750848507917
