EMITTER_COEFFICIENT_SOLUTION,PRESSURE_OUTPUT,OUTPUT_DEMAND,FITNESS
0.6296836459814348,26.519897400883025,10.1,48.87346688505654
