EMITTER_COEFFICIENT_SOLUTION,PRESSURE_OUTPUT,OUTPUT_DEMAND,FITNESS
0.6385508742879845,26.51849341137732,10.1,45.7352154362191
