EMITTER_COEFFICIENT_SOLUTION,PRESSURE_OUTPUT,OUTPUT_DEMAND,FITNESS
0.2279456502597884,26.582828628626018,10.1,23.54479739541608
