EMITTER_COEFFICIENT_SOLUTION,PRESSURE_OUTPUT,OUTPUT_DEMAND,FITNESS
0.4908415297998776,26.541797017835137,10.1,694.1469862877296
