EMITTER_COEFFICIENT_SOLUTION,PRESSURE_OUTPUT,OUTPUT_DEMAND,FITNESS
0.8486223420059135,26.48504477892685,10.1,18.078729376784256
