EMITTER_COEFFICIENT_SOLUTION,PRESSURE_OUTPUT,OUTPUT_DEMAND,FITNESS
0.7648445382207819,26.49842723213319,10.1,23.848607914132035
