EMITTER_COEFFICIENT_SOLUTION,PRESSURE_OUTPUT,OUTPUT_DEMAND,FITNESS
0.45847212842007756,26.546879914100387,10.1,153.29163106820164
