EMITTER_COEFFICIENT_SOLUTION,PRESSURE_OUTPUT,OUTPUT_DEMAND,FITNESS
0.4440133920146744,26.549147550925056,10.1,113.75075859303027
