EMITTER_COEFFICIENT_SOLUTION,PRESSURE_OUTPUT,OUTPUT_DEMAND,FITNESS
0.7104448858336281,26.50708643116384,10.1,30.05532921825578
