EMITTER_COEFFICIENT_SOLUTION,PRESSURE_OUTPUT,OUTPUT_DEMAND,FITNESS
0.4665025321633234,26.545619721572514,10.1,189.99411890753774
