EMITTER_COEFFICIENT_SOLUTION,PRESSURE_OUTPUT,OUTPUT_DEMAND,FITNESS
0.28245859981896915,26.574367555110648,10.1,29.40211877952868
