EMITTER_COEFFICIENT_SOLUTION,PRESSURE_OUTPUT,OUTPUT_DEMAND,FITNESS
0.8570352235411118,26.48369779114656,10.1,17.648945304231706
