EMITTER_COEFFICIENT_SOLUTION,PRESSURE_OUTPUT,OUTPUT_DEMAND,FITNESS
0.9312903726304024,26.471784040380783,10.1,14.58270984150428
