EMITTER_COEFFICIENT_SOLUTION,PRESSURE_OUTPUT,OUTPUT_DEMAND,FITNESS
0.2461860312222186,26.580000251722502,10.1,25.224592862733328
