EMITTER_COEFFICIENT_SOLUTION,PRESSURE_OUTPUT,OUTPUT_DEMAND,FITNESS
0.982883640914671,26.46348012238586,10.1,13.007575366252611
