EMITTER_COEFFICIENT_SOLUTION,PRESSURE_OUTPUT,OUTPUT_DEMAND,FITNESS
0.2529656014350552,26.578948296884683,10.1,25.91217588299615
