EMITTER_COEFFICIENT_SOLUTION,PRESSURE_OUTPUT,OUTPUT_DEMAND,FITNESS
0.018683607180302264,26.615078214733224,10.1,13.38297274714946
