EMITTER_COEFFICIENT_SOLUTION,PRESSURE_OUTPUT,OUTPUT_DEMAND,FITNESS
0.4088418187565823,26.55465655064289,10.1,69.92933698600281
