EMITTER_COEFFICIENT_SOLUTION,PRESSURE_OUTPUT,OUTPUT_DEMAND,FITNESS
0.43697336928025665,26.55025104979063,10.1,101.06472670880187
