EMITTER_COEFFICIENT_SOLUTION,PRESSURE_OUTPUT,OUTPUT_DEMAND,FITNESS
0.674179662278083,26.512845673702685,10.1,36.3468149798145
