EMITTER_COEFFICIENT_SOLUTION,PRESSURE_OUTPUT,OUTPUT_DEMAND,FITNESS
0.55331545123823,26.531962530151745,10.1,119.10617093453797
