EMITTER_COEFFICIENT_SOLUTION,PRESSURE_OUTPUT,OUTPUT_DEMAND,FITNESS
0.8786346878723964,26.48023688182687,10.1,16.632979633895346
