EMITTER_COEFFICIENT_SOLUTION,PRESSURE_OUTPUT,OUTPUT_DEMAND,FITNESS
0.6599221233930489,26.515106965746817,10.1,39.60170974105541
