EMITTER_COEFFICIENT_SOLUTION,PRESSURE_OUTPUT,OUTPUT_DEMAND,FITNESS
0.01880506841501528,26.615059602789643,10.1,13.386307050458472
