EMITTER_COEFFICIENT_SOLUTION,PRESSURE_OUTPUT,OUTPUT_DEMAND,FITNESS
0.2926612690008461,26.57278123206227,10.1,30.840561381083713
