EMITTER_COEFFICIENT_SOLUTION,PRESSURE_OUTPUT,OUTPUT_DEMAND,FITNESS
0.9897862306679828,26.46236753252917,10.1,12.822013944247653
