EMITTER_COEFFICIENT_SOLUTION,PRESSURE_OUTPUT,OUTPUT_DEMAND,FITNESS
0.9400041451038003,26.47038306267384,10.1,14.290749102863034
