EMITTER_COEFFICIENT_SOLUTION,PRESSURE_OUTPUT,OUTPUT_DEMAND,FITNESS
0.8072163159154694,26.49166597083478,10.1,20.537073247385873
