EMITTER_COEFFICIENT_SOLUTION,PRESSURE_OUTPUT,OUTPUT_DEMAND,FITNESS
0.724040072519097,26.50492463662141,10.1,28.221670044537742
