EMITTER_COEFFICIENT_SOLUTION,PRESSURE_OUTPUT,OUTPUT_DEMAND,FITNESS
0.1833194987261535,26.589736727130365,10.1,20.250979965824047
