EMITTER_COEFFICIENT_SOLUTION,PRESSURE_OUTPUT,OUTPUT_DEMAND,FITNESS
0.2330069091959185,26.582044101021232,10.1,23.987890763261976
