EMITTER_COEFFICIENT_SOLUTION,PRESSURE_OUTPUT,OUTPUT_DEMAND,FITNESS
0.1836121762718712,26.58969147496338,10.1,20.26955500076288
