EMITTER_COEFFICIENT_SOLUTION,PRESSURE_OUTPUT,OUTPUT_DEMAND,FITNESS
0.7611428344915643,26.49901722163768,10.1,24.18895689943494
