EMITTER_COEFFICIENT_SOLUTION,PRESSURE_OUTPUT,OUTPUT_DEMAND,FITNESS
0.887061578699309,26.478885610199292,10.1,16.26735976767872
