EMITTER_COEFFICIENT_SOLUTION,PRESSURE_OUTPUT,OUTPUT_DEMAND,FITNESS
0.2488617000652843,26.5795851261366,10.1,25.491524143094846
