EMITTER_COEFFICIENT_SOLUTION,PRESSURE_OUTPUT,OUTPUT_DEMAND,FITNESS
0.3448840623710874,26.564648045777645,10.1,41.16641747971005
