EMITTER_COEFFICIENT_SOLUTION,PRESSURE_OUTPUT,OUTPUT_DEMAND,FITNESS
0.4293178955490796,26.551450613138257,10.1,90.1370882445656
