EMITTER_COEFFICIENT_SOLUTION,PRESSURE_OUTPUT,OUTPUT_DEMAND,FITNESS
0.7252015593865537,26.50473987689984,10.1,28.07527914075099
