EMITTER_COEFFICIENT_SOLUTION,PRESSURE_OUTPUT,OUTPUT_DEMAND,FITNESS
0.7133814910181688,26.50661960363164,10.1,29.639468062495247
