EMITTER_COEFFICIENT_SOLUTION,PRESSURE_OUTPUT,OUTPUT_DEMAND,FITNESS
0.8341968069504946,26.487353123251303,10.1,18.86604592921911
