EMITTER_COEFFICIENT_SOLUTION,PRESSURE_OUTPUT,OUTPUT_DEMAND,FITNESS
0.46248471714601536,26.546250294276938,10.1,169.66713046228583
