EMITTER_COEFFICIENT_SOLUTION,PRESSURE_OUTPUT,OUTPUT_DEMAND,FITNESS
0.2651907724566914,26.57705040675014,10.1,27.25240739078612
