EMITTER_COEFFICIENT_SOLUTION,PRESSURE_OUTPUT,OUTPUT_DEMAND,FITNESS
0.9920711155334115,26.461999160544984,10.1,12.761736806479796
