EMITTER_COEFFICIENT_SOLUTION,PRESSURE_OUTPUT,OUTPUT_DEMAND,FITNESS
0.3998049852576858,26.556070346244546,10.1,63.63774146247236
