EMITTER_COEFFICIENT_SOLUTION,PRESSURE_OUTPUT,OUTPUT_DEMAND,FITNESS
0.8345275775133917,26.487300212861932,10.1,18.84723243641952
