EMITTER_COEFFICIENT_SOLUTION,PRESSURE_OUTPUT,OUTPUT_DEMAND,FITNESS
0.875289375863024,26.480773151666675,10.1,16.782677175808047
