EMITTER_COEFFICIENT_SOLUTION,PRESSURE_OUTPUT,OUTPUT_DEMAND,FITNESS
0.839717804489945,26.486469863203,10.1,18.55682201271102
