EMITTER_COEFFICIENT_SOLUTION,PRESSURE_OUTPUT,OUTPUT_DEMAND,FITNESS
0.6194026200828886,26.52152443987852,10.1,53.09557592312212
