EMITTER_COEFFICIENT_SOLUTION,PRESSURE_OUTPUT,OUTPUT_DEMAND,FITNESS
0.4769340312536814,26.543981938164897,10.1,275.82117869936303
