EMITTER_COEFFICIENT_SOLUTION,PRESSURE_OUTPUT,OUTPUT_DEMAND,FITNESS
0.45285183930894835,26.54776157708846,10.1,135.04067369349906
