EMITTER_COEFFICIENT_SOLUTION,PRESSURE_OUTPUT,OUTPUT_DEMAND,FITNESS
0.6008814553975276,26.524453355172824,10.1,62.87313006550369
