EMITTER_COEFFICIENT_SOLUTION,PRESSURE_OUTPUT,OUTPUT_DEMAND,FITNESS
0.6293850295175689,26.519944671045103,10.1,48.98663859512883
