EMITTER_COEFFICIENT_SOLUTION,PRESSURE_OUTPUT,OUTPUT_DEMAND,FITNESS
0.1454491185637582,26.59558599717093,10.1,18.106234066755484
