EMITTER_COEFFICIENT_SOLUTION,PRESSURE_OUTPUT,OUTPUT_DEMAND,FITNESS
0.7483660892670347,26.501052766629556,10.1,25.441645252203273
