EMITTER_COEFFICIENT_SOLUTION,PRESSURE_OUTPUT,OUTPUT_DEMAND,FITNESS
0.06866406946975423,26.607408990549892,10.1,14.913667065763278
