EMITTER_COEFFICIENT_SOLUTION,PRESSURE_OUTPUT,OUTPUT_DEMAND,FITNESS
0.5872477253477062,26.526607585231986,10.1,72.7229594381071
