EMITTER_COEFFICIENT_SOLUTION,PRESSURE_OUTPUT,OUTPUT_DEMAND,FITNESS
0.3738206468442893,26.560131788259305,10.1,50.5679092313784
