EMITTER_COEFFICIENT_SOLUTION,PRESSURE_OUTPUT,OUTPUT_DEMAND,FITNESS
0.1953190236114447,26.587880841369838,10.1,21.041804747226443
