EMITTER_COEFFICIENT_SOLUTION,PRESSURE_OUTPUT,OUTPUT_DEMAND,FITNESS
0.638605697476046,26.518484728970762,10.1,45.717061568945226
