EMITTER_COEFFICIENT_SOLUTION,PRESSURE_OUTPUT,OUTPUT_DEMAND,FITNESS
0.4455014901962123,26.548914244461386,10.1,116.85186538559249
