EMITTER_COEFFICIENT_SOLUTION,PRESSURE_OUTPUT,OUTPUT_DEMAND,FITNESS
0.6309955418028993,26.519689722770316,10.1,48.382388095764455
