EMITTER_COEFFICIENT_SOLUTION,PRESSURE_OUTPUT,OUTPUT_DEMAND,FITNESS
0.5985175318351998,26.52482698149805,10.1,64.38561621653443
