EMITTER_COEFFICIENT_SOLUTION,PRESSURE_OUTPUT,OUTPUT_DEMAND,FITNESS
0.7767433080454518,26.49653001519475,10.1,22.81626363980623
