EMITTER_COEFFICIENT_SOLUTION,PRESSURE_OUTPUT,OUTPUT_DEMAND,FITNESS
0.6241998077768024,26.520765361247236,10.1,51.03853331524097
