EMITTER_COEFFICIENT_SOLUTION,PRESSURE_OUTPUT,OUTPUT_DEMAND,FITNESS
0.16577271917870606,26.592448405141504,10.1,19.196804037464087
