EMITTER_COEFFICIENT_SOLUTION,PRESSURE_OUTPUT,OUTPUT_DEMAND,FITNESS
0.6568038713924946,26.51560130984995,10.1,40.39246790219361
