EMITTER_COEFFICIENT_SOLUTION,PRESSURE_OUTPUT,OUTPUT_DEMAND,FITNESS
0.7466969858568444,26.501318584341355,10.1,25.614874548482614
