EMITTER_COEFFICIENT_SOLUTION,PRESSURE_OUTPUT,OUTPUT_DEMAND,FITNESS
0.7865149383997331,26.494971105042723,10.1,22.032597099288996
