EMITTER_COEFFICIENT_SOLUTION,PRESSURE_OUTPUT,OUTPUT_DEMAND,FITNESS
0.25242847014568515,26.57903165503452,10.1,25.85632644954154
