EMITTER_COEFFICIENT_SOLUTION,PRESSURE_OUTPUT,OUTPUT_DEMAND,FITNESS
0.1795538780018302,26.590318882574714,10.1,20.01501854411979
