EMITTER_COEFFICIENT_SOLUTION,PRESSURE_OUTPUT,OUTPUT_DEMAND,FITNESS
0.13644670417792915,26.5969747013256,10.1,17.66213379840639
