EMITTER_COEFFICIENT_SOLUTION,PRESSURE_OUTPUT,OUTPUT_DEMAND,FITNESS
0.23387858413503138,26.581908964278057,10.1,24.065903890709706
