EMITTER_COEFFICIENT_SOLUTION,PRESSURE_OUTPUT,OUTPUT_DEMAND,FITNESS
0.15476648906582424,26.594147994326285,10.1,18.59026538779204
