EMITTER_COEFFICIENT_SOLUTION,PRESSURE_OUTPUT,OUTPUT_DEMAND,FITNESS
0.7995280222404028,26.49289387106895,10.1,21.06836423905757
