EMITTER_COEFFICIENT_SOLUTION,PRESSURE_OUTPUT,OUTPUT_DEMAND,FITNESS
0.27014323044845867,26.57628121135398,10.1,27.835915722593445
