EMITTER_COEFFICIENT_SOLUTION,PRESSURE_OUTPUT,OUTPUT_DEMAND,FITNESS
0.8748702589185168,26.480840331796685,10.1,16.801620371617247
