EMITTER_COEFFICIENT_SOLUTION,PRESSURE_OUTPUT,OUTPUT_DEMAND,FITNESS
0.27948139179209996,26.574830291962392,10.1,29.00745941834974
