EMITTER_COEFFICIENT_SOLUTION,PRESSURE_OUTPUT,OUTPUT_DEMAND,FITNESS
0.6649639730886524,26.514307501313453,10.1,38.38639053484543
