EMITTER_COEFFICIENT_SOLUTION,PRESSURE_OUTPUT,OUTPUT_DEMAND,FITNESS
0.41505882475844913,26.553683520313093,10.1,75.03496881941624
