EMITTER_COEFFICIENT_SOLUTION,PRESSURE_OUTPUT,OUTPUT_DEMAND,FITNESS
0.9102557789436578,26.47516341117135,10.1,15.338602034991188
