EMITTER_COEFFICIENT_SOLUTION,PRESSURE_OUTPUT,OUTPUT_DEMAND,FITNESS
0.8205146729978245,26.489540956201715,10.1,19.678281910099667
