EMITTER_COEFFICIENT_SOLUTION,PRESSURE_OUTPUT,OUTPUT_DEMAND,FITNESS
0.336199165762483,26.56600220027442,10.1,38.99274029260119
