EMITTER_COEFFICIENT_SOLUTION,PRESSURE_OUTPUT,OUTPUT_DEMAND,FITNESS
0.8904459102366398,26.47834276363423,10.1,16.12496535263206
