EMITTER_COEFFICIENT_SOLUTION,PRESSURE_OUTPUT,OUTPUT_DEMAND,FITNESS
0.18526312985309623,26.58943620035025,10.1,20.374981323904628
