EMITTER_COEFFICIENT_SOLUTION,PRESSURE_OUTPUT,OUTPUT_DEMAND,FITNESS
0.8955894297194688,26.477517566708393,10.1,15.913219725147624
