EMITTER_COEFFICIENT_SOLUTION,PRESSURE_OUTPUT,OUTPUT_DEMAND,FITNESS
0.0969691063289132,26.60305646755525,10.1,15.948946327136566
