EMITTER_COEFFICIENT_SOLUTION,PRESSURE_OUTPUT,OUTPUT_DEMAND,FITNESS
0.2318494939120419,26.58222352663146,10.1,23.88508834134175
