EMITTER_COEFFICIENT_SOLUTION,PRESSURE_OUTPUT,OUTPUT_DEMAND,FITNESS
0.9682604700836707,26.46583588700465,10.1,13.41876366733464
