EMITTER_COEFFICIENT_SOLUTION,PRESSURE_OUTPUT,OUTPUT_DEMAND,FITNESS
0.9980700429096582,26.46103180681167,10.1,12.606112908759764
