EMITTER_COEFFICIENT_SOLUTION,PRESSURE_OUTPUT,OUTPUT_DEMAND,FITNESS
0.7263997003508129,26.50454927506182,10.1,27.925842378400276
