EMITTER_COEFFICIENT_SOLUTION,PRESSURE_OUTPUT,OUTPUT_DEMAND,FITNESS
0.992967548295198,26.461854625106447,10.1,12.738240825421277
