EMITTER_COEFFICIENT_SOLUTION,PRESSURE_OUTPUT,OUTPUT_DEMAND,FITNESS
0.2328681294703101,26.582065615613807,10.1,23.975517245842987
