EMITTER_COEFFICIENT_SOLUTION,PRESSURE_OUTPUT,OUTPUT_DEMAND,FITNESS
0.6529448370960151,26.516212982210874,10.1,41.41572439093257
