EMITTER_COEFFICIENT_SOLUTION,PRESSURE_OUTPUT,OUTPUT_DEMAND,FITNESS
0.9693577141491085,26.465659182649624,10.1,13.38702097927133
