EMITTER_COEFFICIENT_SOLUTION,PRESSURE_OUTPUT,OUTPUT_DEMAND,FITNESS
0.06422989462377993,26.608090233414266,10.1,14.76367069212975
