EMITTER_COEFFICIENT_SOLUTION,PRESSURE_OUTPUT,OUTPUT_DEMAND,FITNESS
0.33942139305683106,26.565499861487098,10.1,39.77177250645345
