EMITTER_COEFFICIENT_SOLUTION,PRESSURE_OUTPUT,OUTPUT_DEMAND,FITNESS
0.20522566622865568,26.58634774225834,10.1,21.743223125391427
