EMITTER_COEFFICIENT_SOLUTION,PRESSURE_OUTPUT,OUTPUT_DEMAND,FITNESS
0.5163377678642455,26.537787333958995,10.1,388.9436085411819
