EMITTER_COEFFICIENT_SOLUTION,PRESSURE_OUTPUT,OUTPUT_DEMAND,FITNESS
0.12154470574543375,26.59927197930481,10.1,16.973439364027385
