EMITTER_COEFFICIENT_SOLUTION,PRESSURE_OUTPUT,OUTPUT_DEMAND,FITNESS
0.34867871106139425,26.564056244995385,10.1,42.19437014585429
