EMITTER_COEFFICIENT_SOLUTION,PRESSURE_OUTPUT,OUTPUT_DEMAND,FITNESS
0.10351923194144552,26.602048283987642,10.1,16.209587837280317
