EMITTER_COEFFICIENT_SOLUTION,PRESSURE_OUTPUT,OUTPUT_DEMAND,FITNESS
0.5938657244182391,26.525562082368992,10.1,67.58437967248412
