EMITTER_COEFFICIENT_SOLUTION,PRESSURE_OUTPUT,OUTPUT_DEMAND,FITNESS
0.4333925098355872,26.550812238554506,10.1,95.64035133340347
