EMITTER_COEFFICIENT_SOLUTION,PRESSURE_OUTPUT,OUTPUT_DEMAND,FITNESS
0.22193380463803403,26.583760226000592,10.1,23.03944397742423
