EMITTER_COEFFICIENT_SOLUTION,PRESSURE_OUTPUT,OUTPUT_DEMAND,FITNESS
0.6689722385419818,26.51367178006585,10.1,37.47196062781149
