EMITTER_COEFFICIENT_SOLUTION,PRESSURE_OUTPUT,OUTPUT_DEMAND,FITNESS
0.39992133789749496,26.55605214737831,10.1,63.71152799666734
