EMITTER_COEFFICIENT_SOLUTION,PRESSURE_OUTPUT,OUTPUT_DEMAND,FITNESS
0.06733467483479838,26.60761324894782,10.1,14.868374403019654
