EMITTER_COEFFICIENT_SOLUTION,PRESSURE_OUTPUT,OUTPUT_DEMAND,FITNESS
0.2210156234894155,26.58390248111538,10.1,22.96417936758936
