EMITTER_COEFFICIENT_SOLUTION,PRESSURE_OUTPUT,OUTPUT_DEMAND,FITNESS
0.6805931765458884,26.511827929415972,10.1,35.0502446274423
