EMITTER_COEFFICIENT_SOLUTION,PRESSURE_OUTPUT,OUTPUT_DEMAND,FITNESS
0.2663122042146505,26.57687624844278,10.1,27.382370505202303
