EMITTER_COEFFICIENT_SOLUTION,PRESSURE_OUTPUT,OUTPUT_DEMAND,FITNESS
0.4686729464445024,26.54527903239199,10.1,203.14337433333688
