EMITTER_COEFFICIENT_SOLUTION,PRESSURE_OUTPUT,OUTPUT_DEMAND,FITNESS
0.5706870144401498,26.52922225416804,10.1,89.79766848431991
