EMITTER_COEFFICIENT_SOLUTION,PRESSURE_OUTPUT,OUTPUT_DEMAND,FITNESS
0.745692843860956,26.50147849087754,10.1,25.720224223315356
