EMITTER_COEFFICIENT_SOLUTION,PRESSURE_OUTPUT,OUTPUT_DEMAND,FITNESS
0.45190833207997816,26.547909560946188,10.1,132.3949149176808
