EMITTER_COEFFICIENT_SOLUTION,PRESSURE_OUTPUT,OUTPUT_DEMAND,FITNESS
0.6442664550648645,26.51758809676906,10.1,43.916848906727395
