EMITTER_COEFFICIENT_SOLUTION,PRESSURE_OUTPUT,OUTPUT_DEMAND,FITNESS
0.0994142520618646,26.60268015718861,10.1,16.04524594359046
