EMITTER_COEFFICIENT_SOLUTION,PRESSURE_OUTPUT,OUTPUT_DEMAND,FITNESS
0.08702063581506503,26.604587030134454,10.1,15.568896175605904
