EMITTER_COEFFICIENT_SOLUTION,PRESSURE_OUTPUT,OUTPUT_DEMAND,FITNESS
0.963803233455297,26.466553597966303,10.1,13.54925373588178
