EMITTER_COEFFICIENT_SOLUTION,PRESSURE_OUTPUT,OUTPUT_DEMAND,FITNESS
0.7848616848572433,26.4952349100514,10.1,22.1614060495168
