EMITTER_COEFFICIENT_SOLUTION,PRESSURE_OUTPUT,OUTPUT_DEMAND,FITNESS
0.199120017877233,26.587292716587605,10.1,21.305464274331726
