EMITTER_COEFFICIENT_SOLUTION,PRESSURE_OUTPUT,OUTPUT_DEMAND,FITNESS
0.18572898964812856,26.5893641638159,10.1,20.404930518695632
