EMITTER_COEFFICIENT_SOLUTION,PRESSURE_OUTPUT,OUTPUT_DEMAND,FITNESS
0.6769292695893323,26.51240938653101,10.1,35.77943721915124
