EMITTER_COEFFICIENT_SOLUTION,PRESSURE_OUTPUT,OUTPUT_DEMAND,FITNESS
0.3797877420501008,26.55919960424518,10.1,53.06953251715774
