EMITTER_COEFFICIENT_SOLUTION,PRESSURE_OUTPUT,OUTPUT_DEMAND,FITNESS
0.4123848003951709,26.554102073855013,10.1,72.75016604884723
