EMITTER_COEFFICIENT_SOLUTION,PRESSURE_OUTPUT,OUTPUT_DEMAND,FITNESS
0.29184662395858885,26.572907925791547,10.1,30.720526890201644
