EMITTER_COEFFICIENT_SOLUTION,PRESSURE_OUTPUT,OUTPUT_DEMAND,FITNESS
0.635343326661645,26.519001351403013,10.1,46.82294745919943
