EMITTER_COEFFICIENT_SOLUTION,PRESSURE_OUTPUT,OUTPUT_DEMAND,FITNESS
0.3566577284816844,26.56281135029893,10.1,44.53361154684227
