EMITTER_COEFFICIENT_SOLUTION,PRESSURE_OUTPUT,OUTPUT_DEMAND,FITNESS
0.9548009744537064,26.468002668851874,10.1,13.820605135303337
