EMITTER_COEFFICIENT_SOLUTION,PRESSURE_OUTPUT,OUTPUT_DEMAND,FITNESS
0.5791257365930147,26.52789019665714,10.1,80.20401267279495
