EMITTER_COEFFICIENT_SOLUTION,PRESSURE_OUTPUT,OUTPUT_DEMAND,FITNESS
0.884238924680795,26.479338293123313,10.1,16.388040577181396
