EMITTER_COEFFICIENT_SOLUTION,PRESSURE_OUTPUT,OUTPUT_DEMAND,FITNESS
0.20654198184869943,26.586143974674684,10.1,21.839986584524823
