EMITTER_COEFFICIENT_SOLUTION,PRESSURE_OUTPUT,OUTPUT_DEMAND,FITNESS
0.3815419796645261,26.55892549995808,10.1,53.85290850236103
