EMITTER_COEFFICIENT_SOLUTION,PRESSURE_OUTPUT,OUTPUT_DEMAND,FITNESS
0.1352146686614144,26.59716470124016,10.1,17.603061376165513
