EMITTER_COEFFICIENT_SOLUTION,PRESSURE_OUTPUT,OUTPUT_DEMAND,FITNESS
0.6511737990614511,26.516493658163093,10.1,41.90281943636524
