EMITTER_COEFFICIENT_SOLUTION,PRESSURE_OUTPUT,OUTPUT_DEMAND,FITNESS
0.6014245528610882,26.524367510278893,10.1,62.535604323117155
