EMITTER_COEFFICIENT_SOLUTION,PRESSURE_OUTPUT,OUTPUT_DEMAND,FITNESS
0.04718019489085612,26.610708119520396,10.1,14.214293803230923
