EMITTER_COEFFICIENT_SOLUTION,PRESSURE_OUTPUT,OUTPUT_DEMAND,FITNESS
0.6026208350315765,26.524178411005543,10.1,61.80473628708855
