EMITTER_COEFFICIENT_SOLUTION,PRESSURE_OUTPUT,OUTPUT_DEMAND,FITNESS
0.3472932755220396,26.564272348401055,10.1,41.81310375298249
