EMITTER_COEFFICIENT_SOLUTION,PRESSURE_OUTPUT,OUTPUT_DEMAND,FITNESS
0.5870979783185045,26.526631237926907,10.1,72.84826530021779
