EMITTER_COEFFICIENT_SOLUTION,PRESSURE_OUTPUT,OUTPUT_DEMAND,FITNESS
0.9015365720954983,26.47656317542947,10.1,15.675154289274994
