EMITTER_COEFFICIENT_SOLUTION,PRESSURE_OUTPUT,OUTPUT_DEMAND,FITNESS
0.4905381910748182,26.54184469045716,10.1,671.9121975870318
