EMITTER_COEFFICIENT_SOLUTION,PRESSURE_OUTPUT,OUTPUT_DEMAND,FITNESS,NODE
0.5359286811418708,24.472560631275865,1.5,1.699346844574398,N14
