EMITTER_COEFFICIENT_SOLUTION,PRESSURE_OUTPUT,OUTPUT_DEMAND,FITNESS,NODE
0.6203354920392582,24.366731144163285,1.5,1.4403185152834468,N14
