EMITTER_COEFFICIENT_SOLUTION,PRESSURE_OUTPUT,OUTPUT_DEMAND,FITNESS,NODE
0.9109742972684428,23.978006086906916,1.5,0.9233474519272349,N14
