EMITTER_COEFFICIENT_SOLUTION,PRESSURE_OUTPUT,OUTPUT_DEMAND,FITNESS,NODE
0.43027572900371946,24.600254624112623,1.5,2.170292460228614,N14
