EMITTER_COEFFICIENT_SOLUTION,PRESSURE_OUTPUT,OUTPUT_DEMAND,FITNESS,NODE
0.33463723562647363,24.71109886554067,1.5,2.8577703250593434,N14
