EMITTER_COEFFICIENT_SOLUTION,PRESSURE_OUTPUT,OUTPUT_DEMAND,FITNESS,NODE
0.5823306168651473,24.414792813537336,1.5,1.5474385770818335,N14
