EMITTER_COEFFICIENT_SOLUTION,PRESSURE_OUTPUT,OUTPUT_DEMAND,FITNESS,NODE
0.5088707900378496,24.505776120642956,1.5,1.8010038533997228,N14
