EMITTER_COEFFICIENT_SOLUTION,PRESSURE_OUTPUT,OUTPUT_DEMAND,FITNESS,NODE
0.07594936421429643,24.98699967863379,1.5,13.509435313664573,N14
