EMITTER_COEFFICIENT_SOLUTION,PRESSURE_OUTPUT,OUTPUT_DEMAND,FITNESS,NODE
0.19329878964871672,24.866294083751527,1.5,5.135370053223139,N14
