EMITTER_COEFFICIENT_SOLUTION,PRESSURE_OUTPUT,OUTPUT_DEMAND,FITNESS,NODE
0.18912178986900086,24.87071963817854,1.5,5.2547950427726455,N14
