EMITTER_COEFFICIENT_SOLUTION,PRESSURE_OUTPUT,OUTPUT_DEMAND,FITNESS,NODE
0.5090271241422285,24.505585213439574,1.5,1.8003848367872843,N14
