EMITTER_COEFFICIENT_SOLUTION,PRESSURE_OUTPUT,OUTPUT_DEMAND,FITNESS,NODE
0.9542169656812937,23.917130152908083,1.5,0.8742085076995287,N14
