EMITTER_COEFFICIENT_SOLUTION,PRESSURE_OUTPUT,OUTPUT_DEMAND,FITNESS,NODE
0.6218662208587912,24.364781408422648,1.5,1.4362850813668617,N14
