EMITTER_COEFFICIENT_SOLUTION,PRESSURE_OUTPUT,OUTPUT_DEMAND,FITNESS,NODE
0.9350594497490626,23.944192409228265,1.5,0.8953917343397927,N14
