EMITTER_COEFFICIENT_SOLUTION,PRESSURE_OUTPUT,OUTPUT_DEMAND,FITNESS,NODE
0.5183181158268061,24.49421852738346,1.5,1.7642798911169402,N14
