EMITTER_COEFFICIENT_SOLUTION,PRESSURE_OUTPUT,OUTPUT_DEMAND,FITNESS,NODE
0.7910793889083322,24.142773618411365,1.5,1.0890299410116395,N14
