EMITTER_COEFFICIENT_SOLUTION,PRESSURE_OUTPUT,OUTPUT_DEMAND,FITNESS,NODE
0.971193176713273,23.893026989304524,1.5,0.8561680279249736,N14
