EMITTER_COEFFICIENT_SOLUTION,PRESSURE_OUTPUT,OUTPUT_DEMAND,FITNESS,NODE
0.9091597519061357,23.98054405315162,1.5,0.9255163297222804,N14
