EMITTER_COEFFICIENT_SOLUTION,PRESSURE_OUTPUT,OUTPUT_DEMAND,FITNESS,NODE
0.8428902352521742,24.072308005708923,1.5,1.0114148155841292,N14
