EMITTER_COEFFICIENT_SOLUTION,PRESSURE_OUTPUT,OUTPUT_DEMAND,FITNESS,NODE
0.3631486841039414,24.678536412668215,1.5,2.6144774786601075,N14
