EMITTER_COEFFICIENT_SOLUTION,PRESSURE_OUTPUT,OUTPUT_DEMAND,FITNESS,NODE
0.5246125656286366,24.48649441230892,1.5,1.7405604026585408,N14
