EMITTER_COEFFICIENT_SOLUTION,PRESSURE_OUTPUT,OUTPUT_DEMAND,FITNESS,NODE
0.08591122492112346,24.977048670460718,1.5,11.908540436859637,N14
