EMITTER_COEFFICIENT_SOLUTION,PRESSURE_OUTPUT,OUTPUT_DEMAND,FITNESS,NODE
0.28242139243047093,24.769652489281093,1.5,3.432067882243172,N14
