EMITTER_COEFFICIENT_SOLUTION,PRESSURE_OUTPUT,OUTPUT_DEMAND,FITNESS,NODE
0.577997474632631,24.420230058980195,1.5,1.5605688968965437,N14
