EMITTER_COEFFICIENT_SOLUTION,PRESSURE_OUTPUT,OUTPUT_DEMAND,FITNESS,NODE
0.0544766655176544,25.008259312326665,1.5,18.952781038459996,N14
