EMITTER_COEFFICIENT_SOLUTION,PRESSURE_OUTPUT,OUTPUT_DEMAND,FITNESS,NODE
0.6546689494209018,24.322742491506983,1.5,1.3545005172973363,N14
