EMITTER_COEFFICIENT_SOLUTION,PRESSURE_OUTPUT,OUTPUT_DEMAND,FITNESS,NODE
0.11975768765280204,24.942825610161147,1.5,8.460494034357428,N14
