EMITTER_COEFFICIENT_SOLUTION,PRESSURE_OUTPUT,OUTPUT_DEMAND,FITNESS,NODE
0.5173842371755072,24.49536290867717,1.5,1.7678491943817896,N14
