EMITTER_COEFFICIENT_SOLUTION,PRESSURE_OUTPUT,OUTPUT_DEMAND,FITNESS,NODE
0.4091370360399803,24.625148627114005,1.5,2.2942442044698597,N14
