EMITTER_COEFFICIENT_SOLUTION,PRESSURE_OUTPUT,OUTPUT_DEMAND,FITNESS,NODE
0.13137923208618807,24.930928368503675,1.5,7.686770314796373,N14
