EMITTER_COEFFICIENT_SOLUTION,PRESSURE_OUTPUT,OUTPUT_DEMAND,FITNESS,NODE
0.17025637102440416,24.890590450037017,1.5,5.86745762133269,N14
