EMITTER_COEFFICIENT_SOLUTION,PRESSURE_OUTPUT,OUTPUT_DEMAND,FITNESS,NODE
0.8727278137431719,24.031215959744245,1.5,0.9710566299098602,N14
