EMITTER_COEFFICIENT_SOLUTION,PRESSURE_OUTPUT,OUTPUT_DEMAND,FITNESS,NODE
0.07086571514826334,24.992056338179882,1.5,14.499965902469889,N14
