EMITTER_COEFFICIENT_SOLUTION,PRESSURE_OUTPUT,OUTPUT_DEMAND,FITNESS,NODE
0.12217304912803229,24.94035908312936,1.5,8.287549150081507,N14
