EMITTER_COEFFICIENT_SOLUTION,PRESSURE_OUTPUT,OUTPUT_DEMAND,FITNESS,NODE
0.5258923250250832,24.484921670077636,1.5,1.735808708160962,N14
