EMITTER_COEFFICIENT_SOLUTION,PRESSURE_OUTPUT,OUTPUT_DEMAND,FITNESS,NODE
0.5496354381700602,24.455601909660718,1.5,1.651745600930683,N14
