EMITTER_COEFFICIENT_SOLUTION,PRESSURE_OUTPUT,OUTPUT_DEMAND,FITNESS,NODE
0.20050314445657247,24.85863896647609,1.5,4.941125229892772,N14
