EMITTER_COEFFICIENT_SOLUTION,PRESSURE_OUTPUT,OUTPUT_DEMAND,FITNESS,NODE
0.04336089696078982,25.019162480933815,1.5,23.889418748898102,N14
