EMITTER_COEFFICIENT_SOLUTION,PRESSURE_OUTPUT,OUTPUT_DEMAND,FITNESS,NODE
0.14366157317981354,24.918273680656366,1.5,7.005335553649959,N14
