EMITTER_COEFFICIENT_SOLUTION,PRESSURE_OUTPUT,OUTPUT_DEMAND,FITNESS,NODE
0.2829958326507461,24.76901600923279,1.5,3.4245870679143775,N14
