EMITTER_COEFFICIENT_SOLUTION,PRESSURE_OUTPUT,OUTPUT_DEMAND,FITNESS,NODE
0.8116063251980489,24.114991800911948,1.5,1.057048688680633,N14
