EMITTER_COEFFICIENT_SOLUTION,PRESSURE_OUTPUT,OUTPUT_DEMAND,FITNESS,NODE
0.8383539707812476,24.07852280417816,1.5,1.0178125196858745,N14
