EMITTER_COEFFICIENT_SOLUTION,PRESSURE_OUTPUT,OUTPUT_DEMAND,FITNESS,NODE
0.6948958308636147,24.270525062102195,1.5,1.2650270099687955,N14
