EMITTER_COEFFICIENT_SOLUTION,PRESSURE_OUTPUT,OUTPUT_DEMAND,FITNESS,NODE
0.5345750098650347,24.474230638930518,1.5,1.7041831839302946,N14
