EMITTER_COEFFICIENT_SOLUTION,PRESSURE_OUTPUT,OUTPUT_DEMAND,FITNESS,NODE
0.8724945737966537,24.031538608026814,1.5,0.9713609667753264,N14
