EMITTER_COEFFICIENT_SOLUTION,PRESSURE_OUTPUT,OUTPUT_DEMAND,FITNESS,NODE
0.6207992352932042,24.366140573770082,1.5,1.4390944079490735,N14
