EMITTER_COEFFICIENT_SOLUTION,PRESSURE_OUTPUT,OUTPUT_DEMAND,FITNESS,NODE
0.10345606591491696,24.95938811041363,1.5,9.839236015872542,N14
