EMITTER_COEFFICIENT_SOLUTION,PRESSURE_OUTPUT,OUTPUT_DEMAND,FITNESS,NODE
0.9496406846094744,23.923608033181893,1.5,0.8791873615951327,N14
