EMITTER_COEFFICIENT_SOLUTION,PRESSURE_OUTPUT,OUTPUT_DEMAND,FITNESS,NODE
0.5859178205992502,24.410284959047118,1.5,1.5367189971126667,N14
