EMITTER_COEFFICIENT_SOLUTION,PRESSURE_OUTPUT,OUTPUT_DEMAND,FITNESS,NODE
0.6614790495379833,24.313953644122027,1.5,1.3385655657560411,N14
