EMITTER_COEFFICIENT_SOLUTION,PRESSURE_OUTPUT,OUTPUT_DEMAND,FITNESS,NODE
0.3784624318637947,24.660876703892576,1.5,2.499092119161379,N14
