EMITTER_COEFFICIENT_SOLUTION,PRESSURE_OUTPUT,OUTPUT_DEMAND,FITNESS,NODE
0.8353914172094866,24.082576922588586,1.5,1.0220297542506636,N14
