EMITTER_COEFFICIENT_SOLUTION,PRESSURE_OUTPUT,OUTPUT_DEMAND,FITNESS,NODE
0.45187386391052253,24.574591732710495,1.5,2.0557930520953174,N14
