EMITTER_COEFFICIENT_SOLUTION,PRESSURE_OUTPUT,OUTPUT_DEMAND,FITNESS,NODE
0.6672022845263293,24.306551276216595,1.5,1.3254324457557491,N14
