EMITTER_COEFFICIENT_SOLUTION,PRESSURE_OUTPUT,OUTPUT_DEMAND,FITNESS,NODE
0.8440573517277999,24.07070763294862,1.5,1.0097803440008426,N14
