EMITTER_COEFFICIENT_SOLUTION,PRESSURE_OUTPUT,OUTPUT_DEMAND,FITNESS,NODE
0.6057609814094657,24.38524121040472,1.5,1.4797697557491185,N14
