EMITTER_COEFFICIENT_SOLUTION,PRESSURE_OUTPUT,OUTPUT_DEMAND,FITNESS,NODE
0.2000122649868904,24.859161444928997,1.5,4.953914411215336,N14
