EMITTER_COEFFICIENT_SOLUTION,PRESSURE_OUTPUT,OUTPUT_DEMAND,FITNESS,NODE
0.2249595708428963,24.832444884788764,1.5,4.3748908200523715,N14
