EMITTER_COEFFICIENT_SOLUTION,PRESSURE_OUTPUT,OUTPUT_DEMAND,FITNESS,NODE
0.04077993118345369,25.02168405838835,1.5,25.420739156203698,N14
