EMITTER_COEFFICIENT_SOLUTION,PRESSURE_OUTPUT,OUTPUT_DEMAND,FITNESS,NODE
0.9022611501342087,23.99018075424615,1.5,0.9338452245201208,N14
