EMITTER_COEFFICIENT_SOLUTION,PRESSURE_OUTPUT,OUTPUT_DEMAND,FITNESS,NODE
0.2848062113522044,24.76700898367182,1.5,3.4012097581084255,N14
