EMITTER_COEFFICIENT_SOLUTION,PRESSURE_OUTPUT,OUTPUT_DEMAND,FITNESS,NODE
0.1462331462848151,24.915613711082198,1.5,6.877186207329422,N14
