EMITTER_COEFFICIENT_SOLUTION,PRESSURE_OUTPUT,OUTPUT_DEMAND,FITNESS,NODE
0.6013342349984839,24.39084393296169,1.5,1.4921407054708822,N14
