EMITTER_COEFFICIENT_SOLUTION,PRESSURE_OUTPUT,OUTPUT_DEMAND,FITNESS,NODE
0.8471129931284483,24.066514980709858,1.5,1.0055233024084775,N14
