EMITTER_COEFFICIENT_SOLUTION,PRESSURE_OUTPUT,OUTPUT_DEMAND,FITNESS,NODE
0.02983284510538653,25.03233693982136,1.5,34.86133130942595,N14
