EMITTER_COEFFICIENT_SOLUTION,PRESSURE_OUTPUT,OUTPUT_DEMAND,FITNESS,NODE
0.16702994827077255,24.893969477160887,1.5,5.986140632071653,N14
