EMITTER_COEFFICIENT_SOLUTION,PRESSURE_OUTPUT,OUTPUT_DEMAND,FITNESS,NODE
0.24017446031611744,24.815988140368713,1.5,4.081068345766798,N14
