EMITTER_COEFFICIENT_SOLUTION,PRESSURE_OUTPUT,OUTPUT_DEMAND,FITNESS,NODE
0.0930320357970208,24.969901589986208,1.5,10.97448756784742,N14
