EMITTER_COEFFICIENT_SOLUTION,PRESSURE_OUTPUT,OUTPUT_DEMAND,FITNESS,NODE
0.9136380260295708,23.974277963239572,1.5,0.9201798675499324,N14
