EMITTER_COEFFICIENT_SOLUTION,PRESSURE_OUTPUT,OUTPUT_DEMAND,FITNESS,NODE
0.5552887553590037,24.448581489903525,1.5,1.6328116033810955,N14
