EMITTER_COEFFICIENT_SOLUTION,PRESSURE_OUTPUT,OUTPUT_DEMAND,FITNESS,NODE
0.23015283146135646,24.82684156248721,1.5,4.270211190459513,N14
