EMITTER_COEFFICIENT_SOLUTION,PRESSURE_OUTPUT,OUTPUT_DEMAND,FITNESS,NODE
0.34003939174101727,24.70496094924771,1.5,2.8085069918873056,N14
