EMITTER_COEFFICIENT_SOLUTION,PRESSURE_OUTPUT,OUTPUT_DEMAND,FITNESS,NODE
0.7738775141662942,24.165916446904347,1.5,1.1171866567932551,N14
