EMITTER_COEFFICIENT_SOLUTION,PRESSURE_OUTPUT,OUTPUT_DEMAND,FITNESS,NODE
0.02315586602334896,25.038801044565464,1.5,45.00252975179196,N14
