EMITTER_COEFFICIENT_SOLUTION,PRESSURE_OUTPUT,OUTPUT_DEMAND,FITNESS,NODE
0.6108348428846008,24.37880834558918,1.5,1.4658164165132932,N14
