EMITTER_COEFFICIENT_SOLUTION,PRESSURE_OUTPUT,OUTPUT_DEMAND,FITNESS,NODE
0.036505697847231455,25.025851421802027,1.5,28.432842190325765,N14
