EMITTER_COEFFICIENT_SOLUTION,PRESSURE_OUTPUT,OUTPUT_DEMAND,FITNESS,NODE
0.15119547780698162,24.91047057140028,1.5,6.642247718352909,N14
