EMITTER_COEFFICIENT_SOLUTION,PRESSURE_OUTPUT,OUTPUT_DEMAND,FITNESS,NODE
0.9100910519292701,23.979241630629726,1.5,0.9244020431935814,N14
