EMITTER_COEFFICIENT_SOLUTION,PRESSURE_OUTPUT,OUTPUT_DEMAND,FITNESS,NODE
0.9162682741935774,23.970593873761512,1.5,0.9170709740505064,N14
