EMITTER_COEFFICIENT_SOLUTION,PRESSURE_OUTPUT,OUTPUT_DEMAND,FITNESS,NODE
0.08520566639310967,24.977755288909773,1.5,12.009598740777522,N14
