EMITTER_COEFFICIENT_SOLUTION,PRESSURE_OUTPUT,OUTPUT_DEMAND,FITNESS,NODE
0.11906924869054547,24.94352804230597,1.5,8.511074695672704,N14
