EMITTER_COEFFICIENT_SOLUTION,PRESSURE_OUTPUT,OUTPUT_DEMAND,FITNESS,NODE
0.7215549519907204,24.235521959593996,1.5,1.2113869530405672,N14
