EMITTER_COEFFICIENT_SOLUTION,PRESSURE_OUTPUT,OUTPUT_DEMAND,FITNESS,NODE
0.5019367686784043,24.514231803679774,1.5,1.8288549695038594,N14
