EMITTER_COEFFICIENT_SOLUTION,PRESSURE_OUTPUT,OUTPUT_DEMAND,FITNESS,NODE
0.44340253362582016,24.584684691707125,1.5,2.09935259247263,N14
