EMITTER_COEFFICIENT_SOLUTION,PRESSURE_OUTPUT,OUTPUT_DEMAND,FITNESS,NODE
0.6290339046849461,24.355637431361714,1.5,1.417666361744621,N14
