EMITTER_COEFFICIENT_SOLUTION,PRESSURE_OUTPUT,OUTPUT_DEMAND,FITNESS,NODE
0.14733857461002986,24.914469171436174,1.5,6.823477170121791,N14
