EMITTER_COEFFICIENT_SOLUTION,PRESSURE_OUTPUT,OUTPUT_DEMAND,FITNESS,NODE
0.5096806136154718,24.50478707878643,1.5,1.7978014867907743,N14
