EMITTER_COEFFICIENT_SOLUTION,PRESSURE_OUTPUT,OUTPUT_DEMAND,FITNESS,NODE
0.9760237440321112,23.886147586703384,1.5,0.8511547904219361,N14
