EMITTER_COEFFICIENT_SOLUTION,PRESSURE_OUTPUT,OUTPUT_DEMAND,FITNESS,NODE
0.9275552260983996,23.95475287581954,1.5,0.9039391611272746,N14
