EMITTER_COEFFICIENT_SOLUTION,PRESSURE_OUTPUT,OUTPUT_DEMAND,FITNESS,NODE
0.9284967452326413,23.953429148732724,1.5,0.9028588284652878,N14
