EMITTER_COEFFICIENT_SOLUTION,PRESSURE_OUTPUT,OUTPUT_DEMAND,FITNESS,NODE
0.06905916101917653,24.993849803192003,1.5,14.887107844314055,N14
