EMITTER_COEFFICIENT_SOLUTION,PRESSURE_OUTPUT,OUTPUT_DEMAND,FITNESS,NODE
0.9333848760060929,23.946550950540338,1.5,0.8972866407742014,N14
