EMITTER_COEFFICIENT_SOLUTION,PRESSURE_OUTPUT,OUTPUT_DEMAND,FITNESS,NODE
0.9704339113335286,23.894107450579845,1.5,0.8569607649645888,N14
