EMITTER_COEFFICIENT_SOLUTION,PRESSURE_OUTPUT,OUTPUT_DEMAND,FITNESS,NODE
0.16641329631085966,24.894614652007547,1.5,6.009349384585013,N14
