EMITTER_COEFFICIENT_SOLUTION,PRESSURE_OUTPUT,OUTPUT_DEMAND,FITNESS,NODE
0.5510811246355857,24.45380805604466,1.5,1.6468659538760313,N14
