EMITTER_COEFFICIENT_SOLUTION,PRESSURE_OUTPUT,OUTPUT_DEMAND,FITNESS,NODE
0.8669702734479897,24.039173974676885,1.5,0.978619088158714,N14
