EMITTER_COEFFICIENT_SOLUTION,PRESSURE_OUTPUT,OUTPUT_DEMAND,FITNESS,NODE
0.39552917217595407,24.64105641271286,1.5,2.381147380567163,N14
