EMITTER_COEFFICIENT_SOLUTION,PRESSURE_OUTPUT,OUTPUT_DEMAND,FITNESS,NODE
0.17969855149547753,24.88066904095988,1.5,5.544682536666983,N14
