EMITTER_COEFFICIENT_SOLUTION,PRESSURE_OUTPUT,OUTPUT_DEMAND,FITNESS,NODE
0.5480509694492183,24.457566836425983,1.5,1.6571238945338211,N14
