EMITTER_COEFFICIENT_SOLUTION,PRESSURE_OUTPUT,OUTPUT_DEMAND,FITNESS,NODE
0.9842483986090041,23.874413355746476,1.5,0.8427378226279315,N14
