EMITTER_COEFFICIENT_SOLUTION,PRESSURE_OUTPUT,OUTPUT_DEMAND,FITNESS,NODE
0.27281923856217427,24.78026617975274,1.5,3.5618137370735092,N14
