EMITTER_COEFFICIENT_SOLUTION,PRESSURE_OUTPUT,OUTPUT_DEMAND,FITNESS,NODE
0.10461088388267215,24.958219662757667,1.5,9.727403633461636,N14
