EMITTER_COEFFICIENT_SOLUTION,PRESSURE_OUTPUT,OUTPUT_DEMAND,FITNESS,NODE
0.9841396276352107,23.874568714573485,1.5,0.8428481740081885,N14
