EMITTER_COEFFICIENT_SOLUTION,PRESSURE_OUTPUT,OUTPUT_DEMAND,FITNESS,NODE
0.32370944800605306,24.723469319332448,1.5,2.962500389239943,N14
