EMITTER_COEFFICIENT_SOLUTION,PRESSURE_OUTPUT,OUTPUT_DEMAND,FITNESS,NODE
0.09646986588097406,24.96644094793262,1.5,10.572940267438279,N14
