EMITTER_COEFFICIENT_SOLUTION,PRESSURE_OUTPUT,OUTPUT_DEMAND,FITNESS,NODE
0.17230686987823118,24.888440028992537,1.5,5.794347417605882,N14
