EMITTER_COEFFICIENT_SOLUTION,PRESSURE_OUTPUT,OUTPUT_DEMAND,FITNESS,NODE
0.5384580837924248,24.469437809970948,1.5,1.6903764284235536,N14
