EMITTER_COEFFICIENT_SOLUTION,PRESSURE_OUTPUT,OUTPUT_DEMAND,FITNESS,NODE
0.4985265207658168,24.518381955875125,1.5,1.842842190503668,N14
