EMITTER_COEFFICIENT_SOLUTION,PRESSURE_OUTPUT,OUTPUT_DEMAND,FITNESS,NODE
0.2870870028360716,24.764478017985777,1.5,3.3721808612160067,N14
