EMITTER_COEFFICIENT_SOLUTION,PRESSURE_OUTPUT,OUTPUT_DEMAND,FITNESS,NODE
0.5325976310760884,24.476668544323775,1.5,1.7112929857287256,N14
