EMITTER_COEFFICIENT_SOLUTION,PRESSURE_OUTPUT,OUTPUT_DEMAND,FITNESS,NODE
0.3107659704809066,24.738042209983213,1.5,3.096168789577726,N14
