EMITTER_COEFFICIENT_SOLUTION,PRESSURE_OUTPUT,OUTPUT_DEMAND,FITNESS,NODE
0.5512805998513491,24.453560463510204,1.5,1.6461947151569927,N14
