EMITTER_COEFFICIENT_SOLUTION,PRESSURE_OUTPUT,OUTPUT_DEMAND,FITNESS,NODE
0.12818718965434328,24.934203552751462,1.5,7.885287061406499,N14
