EMITTER_COEFFICIENT_SOLUTION,PRESSURE_OUTPUT,OUTPUT_DEMAND,FITNESS,NODE
0.7319984588367471,24.221724263641107,1.5,1.191472269865789,N14
