EMITTER_COEFFICIENT_SOLUTION,PRESSURE_OUTPUT,OUTPUT_DEMAND,FITNESS,NODE
0.5859437863049991,24.41025230745633,1.5,1.5366418940774915,N14
