EMITTER_COEFFICIENT_SOLUTION,PRESSURE_OUTPUT,OUTPUT_DEMAND,FITNESS,NODE
0.4334714993825487,24.596471882917413,1.5,2.152620191764828,N14
