EMITTER_COEFFICIENT_SOLUTION,PRESSURE_OUTPUT,OUTPUT_DEMAND,FITNESS,NODE
0.9263858814809139,23.95639641603114,1.5,0.9052841058379939,N14
