EMITTER_COEFFICIENT_SOLUTION,PRESSURE_OUTPUT,OUTPUT_DEMAND,FITNESS,NODE
0.9623438542791333,23.905605709468382,1.5,0.8654889090314095,N14
