EMITTER_COEFFICIENT_SOLUTION,PRESSURE_OUTPUT,OUTPUT_DEMAND,FITNESS,NODE
0.7786055735864948,24.15956813996939,1.5,1.1093190953162104,N14
