EMITTER_COEFFICIENT_SOLUTION,PRESSURE_OUTPUT,OUTPUT_DEMAND,FITNESS,NODE
0.8446011259569178,24.069961804613722,1.5,1.0090204277185522,N14
