EMITTER_COEFFICIENT_SOLUTION,PRESSURE_OUTPUT,OUTPUT_DEMAND,FITNESS,NODE
0.31627220506721676,24.731853354956066,1.5,3.0379562622232217,N14
