EMITTER_COEFFICIENT_SOLUTION,PRESSURE_OUTPUT,OUTPUT_DEMAND,FITNESS,NODE
0.5586735888034647,24.444370924752842,1.5,1.6216625764603647,N14
