EMITTER_COEFFICIENT_SOLUTION,PRESSURE_OUTPUT,OUTPUT_DEMAND,FITNESS,NODE
0.6775633115058385,24.293112951933765,1.5,1.3022375235735901,N14
