EMITTER_COEFFICIENT_SOLUTION,PRESSURE_OUTPUT,OUTPUT_DEMAND,FITNESS,NODE
0.12334994002008781,24.939156094368897,1.5,8.205739336352085,N14
