EMITTER_COEFFICIENT_SOLUTION,PRESSURE_OUTPUT,OUTPUT_DEMAND,FITNESS,NODE
0.1347435751620042,24.927470326113415,1.5,7.4877374362358236,N14
