EMITTER_COEFFICIENT_SOLUTION,PRESSURE_OUTPUT,OUTPUT_DEMAND,FITNESS,NODE
0.19534473697653076,24.86412296321282,1.5,5.078744553262101,N14
