EMITTER_COEFFICIENT_SOLUTION,PRESSURE_OUTPUT,OUTPUT_DEMAND,FITNESS,NODE
0.3106985799438641,24.738117858233817,1.5,3.0968941433575226,N14
