EMITTER_COEFFICIENT_SOLUTION,PRESSURE_OUTPUT,OUTPUT_DEMAND,FITNESS,NODE
0.9339754921199329,23.945719230237916,1.5,0.8966175027386097,N14
