EMITTER_COEFFICIENT_SOLUTION,PRESSURE_OUTPUT,OUTPUT_DEMAND,FITNESS,NODE
0.7411235985508723,24.209629209156166,1.5,1.1745459793469608,N14
