EMITTER_COEFFICIENT_SOLUTION,PRESSURE_OUTPUT,OUTPUT_DEMAND,FITNESS,NODE
0.0053135811054437765,25.05594924731931,1.5,197.13094524448093,N14
