EMITTER_COEFFICIENT_SOLUTION,PRESSURE_OUTPUT,OUTPUT_DEMAND,FITNESS,NODE
0.0560484969117917,25.00671189848854,1.5,18.412774937738988,N14
