EMITTER_COEFFICIENT_SOLUTION,PRESSURE_OUTPUT,OUTPUT_DEMAND,FITNESS,NODE
0.6839812124557453,24.28476473887423,1.5,1.2882326870343574,N14
