EMITTER_COEFFICIENT_SOLUTION,PRESSURE_OUTPUT,OUTPUT_DEMAND,FITNESS,NODE
0.08329203766566373,24.979670390245346,1.5,12.2923170997911,N14
