EMITTER_COEFFICIENT_SOLUTION,PRESSURE_OUTPUT,OUTPUT_DEMAND,FITNESS,NODE
0.9856984722706382,23.87234175470199,1.5,0.8412691210703466,N14
