EMITTER_COEFFICIENT_SOLUTION,PRESSURE_OUTPUT,OUTPUT_DEMAND,FITNESS,NODE
0.20871079779407864,24.84988381776614,1.5,4.736234375387587,N14
