EMITTER_COEFFICIENT_SOLUTION,PRESSURE_OUTPUT,OUTPUT_DEMAND,FITNESS,NODE
0.2186517710171686,24.839231440396926,1.5,4.508757822900907,N14
