EMITTER_COEFFICIENT_SOLUTION,PRESSURE_OUTPUT,OUTPUT_DEMAND,FITNESS,NODE
0.6309076036236413,24.353243236210805,1.5,1.4128708380327555,N14
