EMITTER_COEFFICIENT_SOLUTION,PRESSURE_OUTPUT,OUTPUT_DEMAND,FITNESS,NODE
0.25823800095224414,24.796291176226426,1.5,3.777421606110815,N14
