EMITTER_COEFFICIENT_SOLUTION,PRESSURE_OUTPUT,OUTPUT_DEMAND,FITNESS,NODE
0.8217360756702919,24.101215928737428,1.5,1.0418771162281193,N14
