EMITTER_COEFFICIENT_SOLUTION,PRESSURE_OUTPUT,OUTPUT_DEMAND,FITNESS,NODE
0.39344070167182077,24.643489678522982,1.5,2.3950240650003622,N14
