EMITTER_COEFFICIENT_SOLUTION,PRESSURE_OUTPUT,OUTPUT_DEMAND,FITNESS,NODE
0.9673305610221369,23.89852125512708,1.5,0.8602144895584228,N14
