EMITTER_COEFFICIENT_SOLUTION,PRESSURE_OUTPUT,OUTPUT_DEMAND,FITNESS,NODE
0.8460714752380055,24.067944488020796,1.5,1.0069707250610915,N14
