EMITTER_COEFFICIENT_SOLUTION,PRESSURE_OUTPUT,OUTPUT_DEMAND,FITNESS,NODE
0.24793608305013548,24.807545760007205,1.5,3.9451426713711824,N14
