EMITTER_COEFFICIENT_SOLUTION,PRESSURE_OUTPUT,OUTPUT_DEMAND,FITNESS,NODE
0.6500932237553002,24.32863596023536,1.5,1.3654001055145282,N14
