EMITTER_COEFFICIENT_SOLUTION,PRESSURE_OUTPUT,OUTPUT_DEMAND,FITNESS,NODE
0.9422365240791191,23.934071154667382,1.5,0.8873501346808705,N14
