EMITTER_COEFFICIENT_SOLUTION,PRESSURE_OUTPUT,OUTPUT_DEMAND,FITNESS,NODE
0.7630474759135842,24.180421475597388,1.5,1.135588671940165,N14
