EMITTER_COEFFICIENT_SOLUTION,PRESSURE_OUTPUT,OUTPUT_DEMAND,FITNESS,NODE
0.19095271165736405,24.868780923541795,1.5,5.201801440585047,N14
