EMITTER_COEFFICIENT_SOLUTION,PRESSURE_OUTPUT,OUTPUT_DEMAND,FITNESS,NODE
0.5959533822068576,24.397642025418108,1.5,1.5074316557457708,N14
