EMITTER_COEFFICIENT_SOLUTION,PRESSURE_OUTPUT,OUTPUT_DEMAND,FITNESS,NODE
0.9354568484057392,23.94363253045951,1.5,0.8949430896840611,N14
