EMITTER_COEFFICIENT_SOLUTION,PRESSURE_OUTPUT,OUTPUT_DEMAND,FITNESS,NODE
0.26703201222531814,24.78663977317087,1.5,3.6445506963786904,N14
