EMITTER_COEFFICIENT_SOLUTION,PRESSURE_OUTPUT,OUTPUT_DEMAND,FITNESS,NODE
0.31308375149225165,24.735438993254203,1.5,3.0714132041011206,N14
