EMITTER_COEFFICIENT_SOLUTION,PRESSURE_OUTPUT,OUTPUT_DEMAND,FITNESS,NODE
0.8837183848205313,24.015986913391632,1.5,0.956905654149919,N14
