EMITTER_COEFFICIENT_SOLUTION,PRESSURE_OUTPUT,OUTPUT_DEMAND,FITNESS,NODE
0.3428547014909703,24.701756294266755,1.5,2.7834550725526404,N14
