EMITTER_COEFFICIENT_SOLUTION,PRESSURE_OUTPUT,OUTPUT_DEMAND,FITNESS,NODE
0.10558094984670119,24.95723757500841,1.5,9.635355502719133,N14
