EMITTER_COEFFICIENT_SOLUTION,PRESSURE_OUTPUT,OUTPUT_DEMAND,FITNESS,NODE
0.7114012857910111,24.24889068345823,1.5,1.2313279367055996,N14
