EMITTER_COEFFICIENT_SOLUTION,PRESSURE_OUTPUT,OUTPUT_DEMAND,FITNESS,NODE
0.17627019196647142,24.88427692025889,1.5,5.657865564908349,N14
