EMITTER_COEFFICIENT_SOLUTION,PRESSURE_OUTPUT,OUTPUT_DEMAND,FITNESS,NODE
0.8516421386556782,24.060293357750055,1.5,0.9992718707108651,N14
