EMITTER_COEFFICIENT_SOLUTION,PRESSURE_OUTPUT,OUTPUT_DEMAND,FITNESS,NODE
0.8683676805422887,24.03724375272457,1.5,0.9767740088952355,N14
