EMITTER_COEFFICIENT_SOLUTION,PRESSURE_OUTPUT,OUTPUT_DEMAND,FITNESS,NODE
0.5703521824395722,24.429802036299325,1.5,1.5842337530934367,N14
