EMITTER_COEFFICIENT_SOLUTION,PRESSURE_OUTPUT,OUTPUT_DEMAND,FITNESS,NODE
0.9798366359768241,23.880710992714786,1.5,0.8472343127517107,N14
