EMITTER_COEFFICIENT_SOLUTION,PRESSURE_OUTPUT,OUTPUT_DEMAND,FITNESS,NODE
0.18299411464046667,24.87719491781193,1.5,5.439894341830056,N14
