EMITTER_COEFFICIENT_SOLUTION,PRESSURE_OUTPUT,OUTPUT_DEMAND,FITNESS,NODE
0.1864830756749737,24.873510523060418,1.5,5.333006397646815,N14
