EMITTER_COEFFICIENT_SOLUTION,PRESSURE_OUTPUT,OUTPUT_DEMAND,FITNESS,NODE
0.13110150361911865,24.931213553664037,1.5,7.703657910246289,N14
