EMITTER_COEFFICIENT_SOLUTION,PRESSURE_OUTPUT,OUTPUT_DEMAND,FITNESS,NODE
0.7298067120438924,24.22462391540573,1.5,1.1956029041424092,N14
