EMITTER_COEFFICIENT_SOLUTION,PRESSURE_OUTPUT,OUTPUT_DEMAND,FITNESS,NODE
0.5340988993862626,24.474817803960676,1.5,1.7058901603513246,N14
