EMITTER_COEFFICIENT_SOLUTION,PRESSURE_OUTPUT,OUTPUT_DEMAND,FITNESS,NODE
0.41025049877535513,24.623842888812955,1.5,2.28739190450288,N14
