EMITTER_COEFFICIENT_SOLUTION,PRESSURE_OUTPUT,OUTPUT_DEMAND,FITNESS,NODE
0.6078016499874609,24.38265538757676,1.5,1.4741291150613278,N14
