EMITTER_COEFFICIENT_SOLUTION,PRESSURE_OUTPUT,OUTPUT_DEMAND,FITNESS,NODE
0.23973625482034688,24.816463829805414,1.5,4.089006420218779,N14
