EMITTER_COEFFICIENT_SOLUTION,PRESSURE_OUTPUT,OUTPUT_DEMAND,FITNESS,NODE
0.5251262136567877,24.485863265504594,1.5,1.7386504097533153,N14
