EMITTER_COEFFICIENT_SOLUTION,PRESSURE_OUTPUT,OUTPUT_DEMAND,FITNESS,NODE
0.5546066397260531,24.449429355414903,1.5,1.6350752090956313,N14
