EMITTER_COEFFICIENT_SOLUTION,PRESSURE_OUTPUT,OUTPUT_DEMAND,FITNESS,NODE
0.07215185772973365,24.990778395864282,1.5,14.236168001048663,N14
