EMITTER_COEFFICIENT_SOLUTION,PRESSURE_OUTPUT,OUTPUT_DEMAND,FITNESS,NODE
0.5895632223118775,24.40569784003168,1.5,1.5259623164127132,N14
