EMITTER_COEFFICIENT_SOLUTION,PRESSURE_OUTPUT,OUTPUT_DEMAND,FITNESS,NODE
0.5218057427910238,24.489941085669567,1.5,1.7510652940619056,N14
