EMITTER_COEFFICIENT_SOLUTION,PRESSURE_OUTPUT,OUTPUT_DEMAND,FITNESS,NODE
0.6008582480428079,24.39144582801807,1.5,1.4934820197649448,N14
