EMITTER_COEFFICIENT_SOLUTION,PRESSURE_OUTPUT,OUTPUT_DEMAND,FITNESS,NODE
0.4553332200865373,24.570460056182938,1.5,2.0384784770427404,N14
