EMITTER_COEFFICIENT_SOLUTION,PRESSURE_OUTPUT,OUTPUT_DEMAND,FITNESS,NODE
0.07567470801809184,24.987273247541548,1.5,13.559548169246735,N14
