EMITTER_COEFFICIENT_SOLUTION,PRESSURE_OUTPUT,OUTPUT_DEMAND,FITNESS,NODE
0.06607425490683327,24.996809058818943,1.5,15.573180538906776,N14
