EMITTER_COEFFICIENT_SOLUTION,PRESSURE_OUTPUT,OUTPUT_DEMAND,FITNESS,NODE
0.9061772773621034,23.984712668573803,1.5,0.9291009140697659,N14
