EMITTER_COEFFICIENT_SOLUTION,PRESSURE_OUTPUT,OUTPUT_DEMAND,FITNESS,NODE
0.19710951819931688,24.862248401827937,1.5,5.030848767967031,N14
