EMITTER_COEFFICIENT_SOLUTION,PRESSURE_OUTPUT,OUTPUT_DEMAND,FITNESS,NODE
0.38957917118106555,24.647982975748178,1.5,2.4210786358645415,N14
