EMITTER_COEFFICIENT_SOLUTION,PRESSURE_OUTPUT,OUTPUT_DEMAND,FITNESS,NODE
0.9081605191084597,23.98194108749525,1.5,0.9267145513404607,N14
