EMITTER_COEFFICIENT_SOLUTION,PRESSURE_OUTPUT,OUTPUT_DEMAND,FITNESS,NODE
0.8531246573976071,24.058254984381666,1.5,0.9972406021294631,N14
