EMITTER_COEFFICIENT_SOLUTION,PRESSURE_OUTPUT,OUTPUT_DEMAND,FITNESS,NODE
0.1615540731274484,24.899691400733694,1.5,6.198451474604705,N14
