EMITTER_COEFFICIENT_SOLUTION,PRESSURE_OUTPUT,OUTPUT_DEMAND,FITNESS,NODE
0.06407725983109092,24.99878609164386,1.5,16.067889802758597,N14
