EMITTER_COEFFICIENT_SOLUTION,PRESSURE_OUTPUT,OUTPUT_DEMAND,FITNESS,NODE
0.6610196852432771,24.31454714044114,1.5,1.3396298128733624,N14
