EMITTER_COEFFICIENT_SOLUTION,PRESSURE_OUTPUT,OUTPUT_DEMAND,FITNESS,NODE
0.20865618250275764,24.849942195514682,1.5,4.737544262314103,N14
