EMITTER_COEFFICIENT_SOLUTION,PRESSURE_OUTPUT,OUTPUT_DEMAND,FITNESS,NODE
0.8325027885341164,24.086526330707745,1.5,1.0261718070722012,N14
