EMITTER_COEFFICIENT_SOLUTION,PRESSURE_OUTPUT,OUTPUT_DEMAND,FITNESS,NODE
0.3555888409610767,24.687210649409124,1.5,2.6751460364772877,N14
