EMITTER_COEFFICIENT_SOLUTION,PRESSURE_OUTPUT,OUTPUT_DEMAND,FITNESS,NODE
0.6218146256913196,24.364847144249865,1.5,1.4364207015846517,N14
