EMITTER_COEFFICIENT_SOLUTION,PRESSURE_OUTPUT,OUTPUT_DEMAND,FITNESS,NODE
0.5324357903065201,24.476867995237317,1.5,1.7118772818839783,N14
