EMITTER_COEFFICIENT_SOLUTION,PRESSURE_OUTPUT,OUTPUT_DEMAND,FITNESS,NODE
0.9839446568511369,23.87484718193478,1.5,0.8430460417254348,N14
