EMITTER_COEFFICIENT_SOLUTION,PRESSURE_OUTPUT,OUTPUT_DEMAND,FITNESS,NODE
0.9271078164246588,23.955381785339025,1.5,0.9044533391816552,N14
