EMITTER_COEFFICIENT_SOLUTION,PRESSURE_OUTPUT,OUTPUT_DEMAND,FITNESS,NODE
0.17588481296729008,24.884682081035653,1.5,5.670865145444563,N14
