EMITTER_COEFFICIENT_SOLUTION,PRESSURE_OUTPUT,OUTPUT_DEMAND,FITNESS,NODE
0.04075658733434351,25.021706847824746,1.5,25.435474545151557,N14
