EMITTER_COEFFICIENT_SOLUTION,PRESSURE_OUTPUT,OUTPUT_DEMAND,FITNESS,NODE
0.5824445643758632,24.41464971366281,1.5,1.5470959908279576,N14
