EMITTER_COEFFICIENT_SOLUTION,PRESSURE_OUTPUT,OUTPUT_DEMAND,FITNESS,NODE
0.5045273560709268,24.511075414953122,1.5,1.8183583555041316,N14
