EMITTER_COEFFICIENT_SOLUTION,PRESSURE_OUTPUT,OUTPUT_DEMAND,FITNESS,NODE
0.5023551138085455,24.513722307428615,1.5,1.8271524384526612,N14
