EMITTER_COEFFICIENT_SOLUTION,PRESSURE_OUTPUT,OUTPUT_DEMAND,FITNESS,NODE
0.2942553406456153,24.756505786748253,1.5,3.2838972070890384,N14
