EMITTER_COEFFICIENT_SOLUTION,PRESSURE_OUTPUT,OUTPUT_DEMAND,FITNESS,NODE
0.4051688626979356,24.629797015891718,1.5,2.318975003869709,N14
