EMITTER_COEFFICIENT_SOLUTION,PRESSURE_OUTPUT,OUTPUT_DEMAND,FITNESS,NODE
0.03223904471256411,25.030001217334547,1.5,32.23643463465582,N14
