EMITTER_COEFFICIENT_SOLUTION,PRESSURE_OUTPUT,OUTPUT_DEMAND,FITNESS,NODE
0.06685749782189643,24.996033032010224,1.5,15.38722278797478,N14
