EMITTER_COEFFICIENT_SOLUTION,PRESSURE_OUTPUT,OUTPUT_DEMAND,FITNESS,NODE
0.6361565503052583,24.346527645642137,1.5,1.3995911504004122,N14
