EMITTER_COEFFICIENT_SOLUTION,PRESSURE_OUTPUT,OUTPUT_DEMAND,FITNESS,NODE
0.48608204554265544,24.533478934541474,1.5,1.8955797774971344,N14
