EMITTER_COEFFICIENT_SOLUTION,PRESSURE_OUTPUT,OUTPUT_DEMAND,FITNESS,NODE
0.3790285085655406,24.660221641799364,1.5,2.495007640668944,N14
