EMITTER_COEFFICIENT_SOLUTION,PRESSURE_OUTPUT,OUTPUT_DEMAND,FITNESS,NODE
0.21439489146013424,24.84379941958129,1.5,4.6035725984832965,N14
