EMITTER_COEFFICIENT_SOLUTION,PRESSURE_OUTPUT,OUTPUT_DEMAND,FITNESS,NODE
0.6045063534375278,24.386830052204658,1.5,1.4832570711769288,N14
