EMITTER_COEFFICIENT_SOLUTION,PRESSURE_OUTPUT,OUTPUT_DEMAND,FITNESS,NODE
0.21635547169129465,24.841696758837596,1.5,4.559438368626233,N14
