EMITTER_COEFFICIENT_SOLUTION,PRESSURE_OUTPUT,OUTPUT_DEMAND,FITNESS,NODE
0.529056327754485,24.481029968019584,1.5,1.7241615651926272,N14
