EMITTER_COEFFICIENT_SOLUTION,PRESSURE_OUTPUT,OUTPUT_DEMAND,FITNESS,NODE
0.8713626010372993,24.033104182922955,1.5,0.9728404024786241,N14
