EMITTER_COEFFICIENT_SOLUTION,PRESSURE_OUTPUT,OUTPUT_DEMAND,FITNESS,NODE
0.09029678179804035,24.972650284563066,1.5,11.315835569359399,N14
