EMITTER_COEFFICIENT_SOLUTION,PRESSURE_OUTPUT,OUTPUT_DEMAND,FITNESS,NODE
0.8850899395645752,24.014082933332368,1.5,0.955165410317703,N14
