EMITTER_COEFFICIENT_SOLUTION,PRESSURE_OUTPUT,OUTPUT_DEMAND,FITNESS,NODE
0.8881603121152589,24.00981786856408,1.5,0.9512900048189925,N14
