EMITTER_COEFFICIENT_SOLUTION,PRESSURE_OUTPUT,OUTPUT_DEMAND,FITNESS,NODE
0.023886615463747707,25.038094833946676,1.5,43.616347093395575,N14
