EMITTER_COEFFICIENT_SOLUTION,PRESSURE_OUTPUT,OUTPUT_DEMAND,FITNESS,NODE
0.823158345719666,24.099278251138838,1.5,1.0397779896010424,N14
