EMITTER_COEFFICIENT_SOLUTION,PRESSURE_OUTPUT,OUTPUT_DEMAND,FITNESS,NODE
0.5381807674603866,24.469780334972516,1.5,1.6913557169375575,N14
