EMITTER_COEFFICIENT_SOLUTION,PRESSURE_OUTPUT,OUTPUT_DEMAND,FITNESS,NODE
0.23372139950123294,24.82298291140547,1.5,4.200990400258725,N14
