EMITTER_COEFFICIENT_SOLUTION,PRESSURE_OUTPUT,OUTPUT_DEMAND,FITNESS,NODE
0.01025965155736619,25.051213885733283,1.5,101.95621488543244,N14
