EMITTER_COEFFICIENT_SOLUTION,PRESSURE_OUTPUT,OUTPUT_DEMAND,FITNESS,NODE
0.18151314404085805,24.878756856728142,1.5,5.486512042283842,N14
