EMITTER_COEFFICIENT_SOLUTION,PRESSURE_OUTPUT,OUTPUT_DEMAND,FITNESS,NODE
0.5221597346365797,24.489506603836574,1.5,1.7497340857684178,N14
