EMITTER_COEFFICIENT_SOLUTION,PRESSURE_OUTPUT,OUTPUT_DEMAND,FITNESS,NODE
0.6325124434788684,24.351191311634523,1.5,1.4087866185543414,N14
