EMITTER_COEFFICIENT_SOLUTION,PRESSURE_OUTPUT,OUTPUT_DEMAND,FITNESS,NODE
0.36463479744094307,24.67682782703737,1.5,2.602850393290367,N14
