EMITTER_COEFFICIENT_SOLUTION,PRESSURE_OUTPUT,OUTPUT_DEMAND,FITNESS,NODE
0.7175906315286916,24.240746955255588,1.5,1.2191032568327045,N14
