EMITTER_COEFFICIENT_SOLUTION,PRESSURE_OUTPUT,OUTPUT_DEMAND,FITNESS,NODE
0.429389649329338,24.601302558547825,1.5,2.1752396604368336,N14
