EMITTER_COEFFICIENT_SOLUTION,PRESSURE_OUTPUT,OUTPUT_DEMAND,FITNESS,NODE
0.34253037108386464,24.702125684259123,1.5,2.786319912208267,N14
