EMITTER_COEFFICIENT_SOLUTION,PRESSURE_OUTPUT,OUTPUT_DEMAND,FITNESS,NODE
0.1823882212452287,24.877834080174825,1.5,5.458874716686244,N14
