EMITTER_COEFFICIENT_SOLUTION,PRESSURE_OUTPUT,OUTPUT_DEMAND,FITNESS,NODE
0.3764573427911583,24.663195688726805,1.5,2.5136596736521137,N14
