EMITTER_COEFFICIENT_SOLUTION,PRESSURE_OUTPUT,OUTPUT_DEMAND,FITNESS,NODE
0.17962276198695581,24.880748867804115,1.5,5.547137780333025,N14
