EMITTER_COEFFICIENT_SOLUTION,PRESSURE_OUTPUT,OUTPUT_DEMAND,FITNESS,NODE
0.12668709978815806,24.93574077618806,1.5,7.982040956392599,N14
