EMITTER_COEFFICIENT_SOLUTION,PRESSURE_OUTPUT,OUTPUT_DEMAND,FITNESS,NODE
0.11775287857356387,24.94487043947603,1.5,8.609439631994645,N14
