EMITTER_COEFFICIENT_SOLUTION,PRESSURE_OUTPUT,OUTPUT_DEMAND,FITNESS,NODE
0.30195737805833167,24.747910277918084,1.5,3.1937480243411263,N14
