EMITTER_COEFFICIENT_SOLUTION,PRESSURE_OUTPUT,OUTPUT_DEMAND,FITNESS,NODE
0.5776430568210672,24.42067439669377,1.5,1.5616517768712415,N14
