EMITTER_COEFFICIENT_SOLUTION,PRESSURE_OUTPUT,OUTPUT_DEMAND,FITNESS,NODE
0.5061151222937331,24.509139277888572,1.5,1.8119791181129028,N14
