EMITTER_COEFFICIENT_SOLUTION,PRESSURE_OUTPUT,OUTPUT_DEMAND,FITNESS,NODE
0.4680046126506493,24.555276078156858,1.5,1.9772773679715112,N14
