EMITTER_COEFFICIENT_SOLUTION,PRESSURE_OUTPUT,OUTPUT_DEMAND,FITNESS,NODE
0.8423320723507225,24.07307316805833,1.5,1.0121981522284074,N14
