EMITTER_COEFFICIENT_SOLUTION,PRESSURE_OUTPUT,OUTPUT_DEMAND,FITNESS,NODE
0.45275946989365756,24.573534568371816,1.5,2.051334863262292,N14
