EMITTER_COEFFICIENT_SOLUTION,PRESSURE_OUTPUT,OUTPUT_DEMAND,FITNESS,NODE
0.6207194975651092,24.36624212564717,1.5,1.4393047518869533,N14
