EMITTER_COEFFICIENT_SOLUTION,PRESSURE_OUTPUT,OUTPUT_DEMAND,FITNESS,NODE
0.20713353538466384,24.851569095032154,1.5,4.774342547962021,N14
