EMITTER_COEFFICIENT_SOLUTION,PRESSURE_OUTPUT,OUTPUT_DEMAND,FITNESS,NODE
0.08622530270654927,24.976734031297514,1.5,11.864086970090568,N14
