EMITTER_COEFFICIENT_SOLUTION,PRESSURE_OUTPUT,OUTPUT_DEMAND,FITNESS,NODE
0.1455333465774672,24.916337924721496,1.5,6.911609839895585,N14
