EMITTER_COEFFICIENT_SOLUTION,PRESSURE_OUTPUT,OUTPUT_DEMAND,FITNESS,NODE
0.6359774199761327,24.34675703513068,1.5,1.4000406355439357,N14
