EMITTER_COEFFICIENT_SOLUTION,PRESSURE_OUTPUT,OUTPUT_DEMAND,FITNESS,NODE
0.14620454082392664,24.915643319758583,1.5,6.878586855318991,N14
