EMITTER_COEFFICIENT_SOLUTION,PRESSURE_OUTPUT,OUTPUT_DEMAND,FITNESS,NODE
0.4693307000143446,24.553682520148584,1.5,1.9710667216485813,N14
