EMITTER_COEFFICIENT_SOLUTION,PRESSURE_OUTPUT,OUTPUT_DEMAND,FITNESS,NODE
0.26790420138239635,24.785680335849783,1.5,3.6318511372908806,N14
