EMITTER_COEFFICIENT_SOLUTION,PRESSURE_OUTPUT,OUTPUT_DEMAND,FITNESS,NODE
0.26136818091407255,24.792860467874977,1.5,3.7290953943014684,N14
