EMITTER_COEFFICIENT_SOLUTION,PRESSURE_OUTPUT,OUTPUT_DEMAND,FITNESS,NODE
0.9026008659050533,27.387071847271855,1.5,2.197961550056307,N11
