EMITTER_COEFFICIENT_SOLUTION,PRESSURE_OUTPUT,OUTPUT_DEMAND,FITNESS,NODE
0.13188378537958956,27.789368643268567,1.5,18.98606207744718,N11
