EMITTER_COEFFICIENT_SOLUTION,PRESSURE_OUTPUT,OUTPUT_DEMAND,FITNESS,NODE
0.1478517984107529,27.782653759032385,1.5,16.83924061243233,N11
