EMITTER_COEFFICIENT_SOLUTION,PRESSURE_OUTPUT,OUTPUT_DEMAND,FITNESS,NODE
0.22718430287345204,27.748228502208484,1.5,10.659803736666921,N11
