EMITTER_COEFFICIENT_SOLUTION,PRESSURE_OUTPUT,OUTPUT_DEMAND,FITNESS,NODE
0.33029920089748277,27.700871830503857,1.5,7.083807070578409,N11
