EMITTER_COEFFICIENT_SOLUTION,PRESSURE_OUTPUT,OUTPUT_DEMAND,FITNESS,NODE
0.9149328464855516,27.379402950129098,1.5,2.1615269787225606,N11
