EMITTER_COEFFICIENT_SOLUTION,PRESSURE_OUTPUT,OUTPUT_DEMAND,FITNESS,NODE
0.24775629198623206,27.739014640772034,1.5,9.706455528535319,N11
