EMITTER_COEFFICIENT_SOLUTION,PRESSURE_OUTPUT,OUTPUT_DEMAND,FITNESS,NODE
0.6031400576585898,27.561768672045055,1.5,3.5679856218086083,N11
