EMITTER_COEFFICIENT_SOLUTION,PRESSURE_OUTPUT,OUTPUT_DEMAND,FITNESS,NODE
0.9471737879070407,27.359179950224473,1.5,2.070998339774367,N11
