EMITTER_COEFFICIENT_SOLUTION,PRESSURE_OUTPUT,OUTPUT_DEMAND,FITNESS,NODE
0.5356901766860238,27.597981365389117,1.5,4.097395175528462,N11
