EMITTER_COEFFICIENT_SOLUTION,PRESSURE_OUTPUT,OUTPUT_DEMAND,FITNESS,NODE
0.9917211918464298,27.33082777573985,1.5,1.9561391199301323,N11
