EMITTER_COEFFICIENT_SOLUTION,PRESSURE_OUTPUT,OUTPUT_DEMAND,FITNESS,NODE
0.9653605646710881,27.347662245619176,1.5,2.0227494007405507,N11
