EMITTER_COEFFICIENT_SOLUTION,PRESSURE_OUTPUT,OUTPUT_DEMAND,FITNESS,NODE
0.18967173738550547,27.764726490379886,1.5,12.93454085001315,N11
