EMITTER_COEFFICIENT_SOLUTION,PRESSURE_OUTPUT,OUTPUT_DEMAND,FITNESS,NODE
0.7896807052959375,27.45556939551215,1.5,2.5875265512577683,N11
