EMITTER_COEFFICIENT_SOLUTION,PRESSURE_OUTPUT,OUTPUT_DEMAND,FITNESS,NODE
0.6067488200434393,27.559798045144788,1.5,3.5430736739898387,N11
