EMITTER_COEFFICIENT_SOLUTION,PRESSURE_OUTPUT,OUTPUT_DEMAND,FITNESS,NODE
0.8676278193025293,27.408619953262345,1.5,2.307236682574183,N11
