EMITTER_COEFFICIENT_SOLUTION,PRESSURE_OUTPUT,OUTPUT_DEMAND,FITNESS,NODE
0.4234915862554498,27.655581119939477,1.5,5.363145562878265,N11
