EMITTER_COEFFICIENT_SOLUTION,PRESSURE_OUTPUT,OUTPUT_DEMAND,FITNESS,NODE
0.5609655115112111,27.584549671429386,1.5,3.883658208994452,N11
