EMITTER_COEFFICIENT_SOLUTION,PRESSURE_OUTPUT,OUTPUT_DEMAND,FITNESS,NODE
0.4505809878004883,27.641978995159555,1.5,4.998503832745752,N11
