EMITTER_COEFFICIENT_SOLUTION,PRESSURE_OUTPUT,OUTPUT_DEMAND,FITNESS,NODE
0.0016289952449825007,27.841417992865324,1.5,1610.6511772401395,N11
