EMITTER_COEFFICIENT_SOLUTION,PRESSURE_OUTPUT,OUTPUT_DEMAND,FITNESS,NODE
0.4633348433232104,27.635507511310543,1.5,4.8418799736309674,N11
