EMITTER_COEFFICIENT_SOLUTION,PRESSURE_OUTPUT,OUTPUT_DEMAND,FITNESS,NODE
0.2895078508423544,27.719955099385267,1.5,8.191097627597452,N11
