EMITTER_COEFFICIENT_SOLUTION,PRESSURE_OUTPUT,OUTPUT_DEMAND,FITNESS,NODE
0.3741979128294852,27.679829101604952,1.5,6.164857227789715,N11
