EMITTER_COEFFICIENT_SOLUTION,PRESSURE_OUTPUT,OUTPUT_DEMAND,FITNESS,NODE
0.28857985133023556,27.720383944053047,1.5,8.219971993424421,N11
