EMITTER_COEFFICIENT_SOLUTION,PRESSURE_OUTPUT,OUTPUT_DEMAND,FITNESS,NODE
0.3210551891522856,27.705236239999927,1.5,7.3098015354552786,N11
