EMITTER_COEFFICIENT_SOLUTION,PRESSURE_OUTPUT,OUTPUT_DEMAND,FITNESS,NODE
0.24205976638948612,27.741577776291585,1.5,9.95410327504963,N11
