EMITTER_COEFFICIENT_SOLUTION,PRESSURE_OUTPUT,OUTPUT_DEMAND,FITNESS,NODE
0.6714286436873452,27.523912849496178,1.5,3.1434084850861064,N11
