EMITTER_COEFFICIENT_SOLUTION,PRESSURE_OUTPUT,OUTPUT_DEMAND,FITNESS,NODE
0.9830871889307959,27.336359872795015,1.5,1.977539161742709,N11
