EMITTER_COEFFICIENT_SOLUTION,PRESSURE_OUTPUT,OUTPUT_DEMAND,FITNESS,NODE
0.5339589151869385,27.598895293609672,1.5,4.112796467616601,N11
