EMITTER_COEFFICIENT_SOLUTION,PRESSURE_OUTPUT,OUTPUT_DEMAND,FITNESS,NODE
0.03584353771846738,27.828220130204308,1.5,72.36555254497395,N11
