EMITTER_COEFFICIENT_SOLUTION,PRESSURE_OUTPUT,OUTPUT_DEMAND,FITNESS,NODE
0.6299105917101508,27.547070528630684,1.5,3.390194452945148,N11
