EMITTER_COEFFICIENT_SOLUTION,PRESSURE_OUTPUT,OUTPUT_DEMAND,FITNESS,NODE
0.6441597826110728,27.539172250501984,1.5,3.301783588620915,N11
