EMITTER_COEFFICIENT_SOLUTION,PRESSURE_OUTPUT,OUTPUT_DEMAND,FITNESS,NODE
0.2710103325979496,27.728458473751722,1.5,8.804337043711044,N11
