EMITTER_COEFFICIENT_SOLUTION,PRESSURE_OUTPUT,OUTPUT_DEMAND,FITNESS,NODE
0.8542020044868233,27.416812942677332,1.5,2.3516910889465517,N11
