EMITTER_COEFFICIENT_SOLUTION,PRESSURE_OUTPUT,OUTPUT_DEMAND,FITNESS,NODE
0.2879303131336345,27.720683966285762,1.5,8.240293995114252,N11
