EMITTER_COEFFICIENT_SOLUTION,PRESSURE_OUTPUT,OUTPUT_DEMAND,FITNESS,NODE
0.7871139326604383,27.457089950091486,1.5,2.5977473240611637,N11
