EMITTER_COEFFICIENT_SOLUTION,PRESSURE_OUTPUT,OUTPUT_DEMAND,FITNESS,NODE
0.5710281990514958,27.579156004697438,1.5,3.803975728085352,N11
