EMITTER_COEFFICIENT_SOLUTION,PRESSURE_OUTPUT,OUTPUT_DEMAND,FITNESS,NODE
0.7756220555031611,27.46387769073207,1.5,2.6443751550747776,N11
