EMITTER_COEFFICIENT_SOLUTION,PRESSURE_OUTPUT,OUTPUT_DEMAND,FITNESS,NODE
0.6702294523744154,27.52458788132106,1.5,3.1500926691338433,N11
