EMITTER_COEFFICIENT_SOLUTION,PRESSURE_OUTPUT,OUTPUT_DEMAND,FITNESS,NODE
0.38852538420002136,27.672848552176234,1.5,5.9105040605584795,N11
