EMITTER_COEFFICIENT_SOLUTION,PRESSURE_OUTPUT,OUTPUT_DEMAND,FITNESS,NODE
0.9823465383415019,27.336833606348378,1.5,1.9793935103419669,N11
