EMITTER_COEFFICIENT_SOLUTION,PRESSURE_OUTPUT,OUTPUT_DEMAND,FITNESS,NODE
0.034120248443604506,27.8288930079123,1.5,76.06962343259737,N11
