EMITTER_COEFFICIENT_SOLUTION,PRESSURE_OUTPUT,OUTPUT_DEMAND,FITNESS,NODE
0.14479611529240843,27.78394432493738,1.5,17.21332312923984,N11
