EMITTER_COEFFICIENT_SOLUTION,PRESSURE_OUTPUT,OUTPUT_DEMAND,FITNESS,NODE
0.06967532809248911,27.81483618113426,1.5,36.761085687185385,N11
