EMITTER_COEFFICIENT_SOLUTION,PRESSURE_OUTPUT,OUTPUT_DEMAND,FITNESS,NODE
0.9908980026818486,27.33135598552537,1.5,1.9581623947981812,N11
