EMITTER_COEFFICIENT_SOLUTION,PRESSURE_OUTPUT,OUTPUT_DEMAND,FITNESS,NODE
0.9290952138524978,27.370550482853723,1.5,2.120943058140241,N11
