EMITTER_COEFFICIENT_SOLUTION,PRESSURE_OUTPUT,OUTPUT_DEMAND,FITNESS,NODE
0.9940864550442756,27.329309178314922,1.5,1.9503454474789244,N11
