EMITTER_COEFFICIENT_SOLUTION,PRESSURE_OUTPUT,OUTPUT_DEMAND,FITNESS,NODE
0.31292301055907734,27.709056453494235,1.5,7.519791738294396,N11
