EMITTER_COEFFICIENT_SOLUTION,PRESSURE_OUTPUT,OUTPUT_DEMAND,FITNESS,NODE
0.36958983798060985,27.68206246415626,1.5,6.250922182650531,N11
