EMITTER_COEFFICIENT_SOLUTION,PRESSURE_OUTPUT,OUTPUT_DEMAND,FITNESS,NODE
0.5901315638096909,27.568844347975975,1.5,3.660395640666391,N11
