EMITTER_COEFFICIENT_SOLUTION,PRESSURE_OUTPUT,OUTPUT_DEMAND,FITNESS,NODE
0.9245548423698103,27.373393798746875,1.5,2.1338110292495545,N11
