EMITTER_COEFFICIENT_SOLUTION,PRESSURE_OUTPUT,OUTPUT_DEMAND,FITNESS,NODE
0.14232558916869753,27.784985818343536,1.5,17.52754936663282,N11
