EMITTER_COEFFICIENT_SOLUTION,PRESSURE_OUTPUT,OUTPUT_DEMAND,FITNESS,NODE
0.9505397872134403,27.357054234788954,1.5,2.0619210352350223,N11
