EMITTER_COEFFICIENT_SOLUTION,PRESSURE_OUTPUT,OUTPUT_DEMAND,FITNESS,NODE
0.9799883118206578,27.338341100452247,1.5,1.985317547109887,N11
