EMITTER_COEFFICIENT_SOLUTION,PRESSURE_OUTPUT,OUTPUT_DEMAND,FITNESS,NODE
0.3286251187784869,27.701663946691184,1.5,7.1237800125073365,N11
