EMITTER_COEFFICIENT_SOLUTION,PRESSURE_OUTPUT,OUTPUT_DEMAND,FITNESS,NODE
0.06292677765949495,27.817532299176527,1.5,40.805399699504946,N11
