EMITTER_COEFFICIENT_SOLUTION,PRESSURE_OUTPUT,OUTPUT_DEMAND,FITNESS,NODE
0.029116835046493872,27.830841757592722,1.5,89.30882158377744,N11
