EMITTER_COEFFICIENT_SOLUTION,PRESSURE_OUTPUT,OUTPUT_DEMAND,FITNESS,NODE
0.09934996582102884,27.802825614948112,1.5,25.501587657821638,N11
