EMITTER_COEFFICIENT_SOLUTION,PRESSURE_OUTPUT,OUTPUT_DEMAND,FITNESS,NODE
0.12676354120505617,27.791506503414972,1.5,19.78930080181663,N11
