EMITTER_COEFFICIENT_SOLUTION,PRESSURE_OUTPUT,OUTPUT_DEMAND,FITNESS,NODE
0.33729772093855637,27.697552124013747,1.5,6.921050536666095,N11
