EMITTER_COEFFICIENT_SOLUTION,PRESSURE_OUTPUT,OUTPUT_DEMAND,FITNESS,NODE
0.1470057227743008,27.783011362999623,1.5,16.941257123015546,N11
