EMITTER_COEFFICIENT_SOLUTION,PRESSURE_OUTPUT,OUTPUT_DEMAND,FITNESS,NODE
0.6974689491331165,27.509164731773993,1.5,3.0041385494290296,N11
