EMITTER_COEFFICIENT_SOLUTION,PRESSURE_OUTPUT,OUTPUT_DEMAND,FITNESS,NODE
0.674273883749463,27.522309786809515,1.5,3.1276480138695617,N11
