EMITTER_COEFFICIENT_SOLUTION,PRESSURE_OUTPUT,OUTPUT_DEMAND,FITNESS,NODE
0.8571598185312889,27.415011743581168,1.5,2.3417716629818983,N11
