EMITTER_COEFFICIENT_SOLUTION,PRESSURE_OUTPUT,OUTPUT_DEMAND,FITNESS,NODE
0.6230404079825848,27.55086008614562,1.5,3.4343162709837163,N11
