EMITTER_COEFFICIENT_SOLUTION,PRESSURE_OUTPUT,OUTPUT_DEMAND,FITNESS,NODE
0.9673264344618041,27.346412518368517,1.5,2.0176490159622786,N11
