EMITTER_COEFFICIENT_SOLUTION,PRESSURE_OUTPUT,OUTPUT_DEMAND,FITNESS,NODE
0.4017470763565606,27.66635778094063,1.5,5.6921326229437375,N11
