EMITTER_COEFFICIENT_SOLUTION,PRESSURE_OUTPUT,OUTPUT_DEMAND,FITNESS,NODE
0.3384104981183821,27.697023057911764,1.5,6.895800231648917,N11
