EMITTER_COEFFICIENT_SOLUTION,PRESSURE_OUTPUT,OUTPUT_DEMAND,FITNESS,NODE
0.10219246803707427,27.801661900498424,1.5,24.766600016657474,N11
