EMITTER_COEFFICIENT_SOLUTION,PRESSURE_OUTPUT,OUTPUT_DEMAND,FITNESS,NODE
0.02379688650113776,27.832905827488553,1.5,109.49266026072297,N11
