EMITTER_COEFFICIENT_SOLUTION,PRESSURE_OUTPUT,OUTPUT_DEMAND,FITNESS,NODE
0.19560385563817118,27.76214373299088,1.5,12.516407951257303,N11
