EMITTER_COEFFICIENT_SOLUTION,PRESSURE_OUTPUT,OUTPUT_DEMAND,FITNESS,NODE
0.8846760228647356,27.398153095451185,1.5,2.2528318779266963,N11
