EMITTER_COEFFICIENT_SOLUTION,PRESSURE_OUTPUT,OUTPUT_DEMAND,FITNESS,NODE
0.09733609201110627,27.80364869303134,1.5,26.048336986505188,N11
