EMITTER_COEFFICIENT_SOLUTION,PRESSURE_OUTPUT,OUTPUT_DEMAND,FITNESS,NODE
0.38671434392505977,27.673733967796608,1.5,5.941597943560645,N11
