EMITTER_COEFFICIENT_SOLUTION,PRESSURE_OUTPUT,OUTPUT_DEMAND,FITNESS,NODE
0.1077279190977084,27.799389076139576,1.5,23.446777803714525,N11
