EMITTER_COEFFICIENT_SOLUTION,PRESSURE_OUTPUT,OUTPUT_DEMAND,FITNESS,NODE
0.4051761550421872,27.664666722843407,1.5,5.637864082632675,N11
