EMITTER_COEFFICIENT_SOLUTION,PRESSURE_OUTPUT,OUTPUT_DEMAND,FITNESS,NODE
0.36353490630238194,27.684988349702586,1.5,6.367378237828967,N11
