EMITTER_COEFFICIENT_SOLUTION,PRESSURE_OUTPUT,OUTPUT_DEMAND,FITNESS,NODE
0.25689786016953065,27.734882645847534,1.5,9.332169955042163,N11
