EMITTER_COEFFICIENT_SOLUTION,PRESSURE_OUTPUT,OUTPUT_DEMAND,FITNESS,NODE
0.7088589755469062,27.502660028265993,1.5,2.9465597355861615,N11
