EMITTER_COEFFICIENT_SOLUTION,PRESSURE_OUTPUT,OUTPUT_DEMAND,FITNESS,NODE
0.8079577516306471,27.444694931887845,1.5,2.5167114176050895,N11
