EMITTER_COEFFICIENT_SOLUTION,PRESSURE_OUTPUT,OUTPUT_DEMAND,FITNESS,NODE
0.8854763455619783,27.397659994285746,1.5,2.2503320425140676,N11
