EMITTER_COEFFICIENT_SOLUTION,PRESSURE_OUTPUT,OUTPUT_DEMAND,FITNESS,NODE
0.7985304683234588,27.450314288100486,1.5,2.5528140748367116,N11
