EMITTER_COEFFICIENT_SOLUTION,PRESSURE_OUTPUT,OUTPUT_DEMAND,FITNESS,NODE
0.26310995021602435,27.732061596643547,1.5,9.092788560412426,N11
