EMITTER_COEFFICIENT_SOLUTION,PRESSURE_OUTPUT,OUTPUT_DEMAND,FITNESS,NODE
0.45053863581773956,27.642000413267432,1.5,4.999039022336509,N11
