EMITTER_COEFFICIENT_SOLUTION,PRESSURE_OUTPUT,OUTPUT_DEMAND,FITNESS,NODE
0.5831209613570603,27.572639504869016,1.5,3.7119613756785923,N11
