EMITTER_COEFFICIENT_SOLUTION,PRESSURE_OUTPUT,OUTPUT_DEMAND,FITNESS,NODE
0.7718283421774221,27.46611126650871,1.5,2.6600867239957964,N11
