EMITTER_COEFFICIENT_SOLUTION,PRESSURE_OUTPUT,OUTPUT_DEMAND,FITNESS,NODE
0.8661262717594996,27.40953844547576,1.5,2.3121365135510894,N11
