EMITTER_COEFFICIENT_SOLUTION,PRESSURE_OUTPUT,OUTPUT_DEMAND,FITNESS,NODE
0.8847901799177379,27.39808276962038,1.5,2.2524750131894016,N11
