EMITTER_COEFFICIENT_SOLUTION,PRESSURE_OUTPUT,OUTPUT_DEMAND,FITNESS,NODE
0.9785146966117108,27.339282434873596,1.5,1.9890347502163654,N11
