EMITTER_COEFFICIENT_SOLUTION,PRESSURE_OUTPUT,OUTPUT_DEMAND,FITNESS,NODE
0.01884818054722548,27.834818474034698,1.5,138.49675593511216,N11
