EMITTER_COEFFICIENT_SOLUTION,PRESSURE_OUTPUT,OUTPUT_DEMAND,FITNESS,NODE
0.060543732269562556,27.818481217101088,1.5,42.449069049153614,N11
