EMITTER_COEFFICIENT_SOLUTION,PRESSURE_OUTPUT,OUTPUT_DEMAND,FITNESS,NODE
0.5725134926223229,27.578357654521902,1.5,3.7924583934028395,N11
