EMITTER_COEFFICIENT_SOLUTION,PRESSURE_OUTPUT,OUTPUT_DEMAND,FITNESS,NODE
0.2280929324220239,27.747824021660193,1.5,10.61403936083302,N11
