EMITTER_COEFFICIENT_SOLUTION,PRESSURE_OUTPUT,OUTPUT_DEMAND,FITNESS,NODE
0.35450933533611917,27.689331321311762,1.5,6.548465191310118,N11
