EMITTER_COEFFICIENT_SOLUTION,PRESSURE_OUTPUT,OUTPUT_DEMAND,FITNESS,NODE
0.881238119073287,27.400269513119383,1.5,2.2636246892119196,N11
