EMITTER_COEFFICIENT_SOLUTION,PRESSURE_OUTPUT,OUTPUT_DEMAND,FITNESS,NODE
0.9530221297558588,27.35548483101128,1.5,2.0552702082543868,N11
