EMITTER_COEFFICIENT_SOLUTION,PRESSURE_OUTPUT,OUTPUT_DEMAND,FITNESS,NODE
0.4987465014081237,27.617313666890787,1.5,4.449879371413753,N11
