EMITTER_COEFFICIENT_SOLUTION,PRESSURE_OUTPUT,OUTPUT_DEMAND,FITNESS,NODE
0.2455198471129304,27.740021994581745,1.5,9.802300808019984,N11
