EMITTER_COEFFICIENT_SOLUTION,PRESSURE_OUTPUT,OUTPUT_DEMAND,FITNESS,NODE
0.16466942945983554,27.775503627731744,1.5,15.029631211430742,N11
