EMITTER_COEFFICIENT_SOLUTION,PRESSURE_OUTPUT,OUTPUT_DEMAND,FITNESS,NODE
0.2524789587662396,27.736882878273228,1.5,9.509682529045724,N11
