EMITTER_COEFFICIENT_SOLUTION,PRESSURE_OUTPUT,OUTPUT_DEMAND,FITNESS,NODE
0.9729080516358963,27.34285918551349,1.5,2.0032866953227058,N11
