EMITTER_COEFFICIENT_SOLUTION,PRESSURE_OUTPUT,OUTPUT_DEMAND,FITNESS,NODE
0.40658759487780405,27.663969752512884,1.5,5.615797234239975,N11
