EMITTER_COEFFICIENT_SOLUTION,PRESSURE_OUTPUT,OUTPUT_DEMAND,FITNESS,NODE
0.9086678349072987,27.383303573058136,1.5,2.1799064274793762,N11
