EMITTER_COEFFICIENT_SOLUTION,PRESSURE_OUTPUT,OUTPUT_DEMAND,FITNESS,NODE
0.07530667037662131,27.812576369778867,1.5,33.94146253528473,N11
