EMITTER_COEFFICIENT_SOLUTION,PRESSURE_OUTPUT,OUTPUT_DEMAND,FITNESS,NODE
0.9226107692980664,27.37460971618563,1.5,2.1393616845245274,N11
