EMITTER_COEFFICIENT_SOLUTION,PRESSURE_OUTPUT,OUTPUT_DEMAND,FITNESS,NODE
0.9091001203514597,27.38303473503526,1.5,2.1786296595758943,N11
