EMITTER_COEFFICIENT_SOLUTION,PRESSURE_OUTPUT,OUTPUT_DEMAND,FITNESS,NODE
0.3347252322494776,27.698773916765617,1.5,6.980074671978596,N11
