EMITTER_COEFFICIENT_SOLUTION,PRESSURE_OUTPUT,OUTPUT_DEMAND,FITNESS,NODE
0.09998876705988768,27.80256429219245,1.5,25.33276642504796,N11
