EMITTER_COEFFICIENT_SOLUTION,PRESSURE_OUTPUT,OUTPUT_DEMAND,FITNESS,NODE
0.14969931756619403,27.781872179343075,1.5,16.62049481568613,N11
