EMITTER_COEFFICIENT_SOLUTION,PRESSURE_OUTPUT,OUTPUT_DEMAND,FITNESS,NODE
0.634087297685726,27.544760772698062,1.5,3.3638537232003585,N11
