EMITTER_COEFFICIENT_SOLUTION,PRESSURE_OUTPUT,OUTPUT_DEMAND,FITNESS,NODE
0.06525323667181027,27.81660433513906,1.5,39.31663810418914,N11
