EMITTER_COEFFICIENT_SOLUTION,PRESSURE_OUTPUT,OUTPUT_DEMAND,FITNESS,NODE
0.9019234473198955,27.387492047935737,1.5,2.1999934307746156,N11
