EMITTER_COEFFICIENT_SOLUTION,PRESSURE_OUTPUT,OUTPUT_DEMAND,FITNESS,NODE
0.5151789575649643,27.608758851199774,1.5,4.286693944149269,N11
