EMITTER_COEFFICIENT_SOLUTION,PRESSURE_OUTPUT,OUTPUT_DEMAND,FITNESS,NODE
0.19078510566917617,27.764242495971807,1.5,12.854071209307895,N11
