EMITTER_COEFFICIENT_SOLUTION,PRESSURE_OUTPUT,OUTPUT_DEMAND,FITNESS,NODE
0.8260161716660653,27.433869547421722,1.5,2.4499637032079233,N11
