EMITTER_COEFFICIENT_SOLUTION,PRESSURE_OUTPUT,OUTPUT_DEMAND,FITNESS,NODE
0.8503807209933507,27.419136794864883,1.5,2.3646136611804023,N11
