EMITTER_COEFFICIENT_SOLUTION,PRESSURE_OUTPUT,OUTPUT_DEMAND,FITNESS,NODE
0.909391023248561,27.382853797285918,1.5,2.1777711901275945,N11
