EMITTER_COEFFICIENT_SOLUTION,PRESSURE_OUTPUT,OUTPUT_DEMAND,FITNESS,NODE
0.8795794487282567,27.401289584022585,1.5,2.2688636261956607,N11
