EMITTER_COEFFICIENT_SOLUTION,PRESSURE_OUTPUT,OUTPUT_DEMAND,FITNESS,NODE
0.38837184536524405,27.67292365136405,1.5,5.913128744989545,N11
