EMITTER_COEFFICIENT_SOLUTION,PRESSURE_OUTPUT,OUTPUT_DEMAND,FITNESS,NODE
0.6472910512617882,27.53742964796416,1.5,3.2828948083805045,N11
