EMITTER_COEFFICIENT_SOLUTION,PRESSURE_OUTPUT,OUTPUT_DEMAND,FITNESS,NODE
0.6147916093259668,27.555394094062194,1.5,3.4886386205392115,N11
