EMITTER_COEFFICIENT_SOLUTION,PRESSURE_OUTPUT,OUTPUT_DEMAND,FITNESS,NODE
0.15888571886633784,27.777971618189433,1.5,15.608600829931802,N11
