EMITTER_COEFFICIENT_SOLUTION,PRESSURE_OUTPUT,OUTPUT_DEMAND,FITNESS,NODE
0.12574586883846595,27.79193052598672,1.5,19.95676017607042,N11
