EMITTER_COEFFICIENT_SOLUTION,PRESSURE_OUTPUT,OUTPUT_DEMAND,FITNESS,NODE
0.19447589315100744,27.762635591863173,1.5,12.593940104062805,N11
