EMITTER_COEFFICIENT_SOLUTION,PRESSURE_OUTPUT,OUTPUT_DEMAND,FITNESS,NODE
0.14077169244390808,27.785640005323373,1.5,17.730856591539833,N11
