EMITTER_COEFFICIENT_SOLUTION,PRESSURE_OUTPUT,OUTPUT_DEMAND,FITNESS,NODE
0.9617635952589957,27.349946491142198,1.5,2.032138809228605,N11
