EMITTER_COEFFICIENT_SOLUTION,PRESSURE_OUTPUT,OUTPUT_DEMAND,FITNESS,NODE
0.8346142978590723,27.428687068398673,1.5,2.419246803549184,N11
