EMITTER_COEFFICIENT_SOLUTION,PRESSURE_OUTPUT,OUTPUT_DEMAND,FITNESS,NODE
0.4348480181614116,27.649902617340693,1.5,5.2046401417641865,N11
