EMITTER_COEFFICIENT_SOLUTION,PRESSURE_OUTPUT,OUTPUT_DEMAND,FITNESS,NODE
0.6526772054968429,27.534426314144902,1.5,3.2508427053583153,N11
