EMITTER_COEFFICIENT_SOLUTION,PRESSURE_OUTPUT,OUTPUT_DEMAND,FITNESS,NODE
0.5139737656340844,27.609388687048146,1.5,4.298298979664675,N11
