EMITTER_COEFFICIENT_SOLUTION,PRESSURE_OUTPUT,OUTPUT_DEMAND,FITNESS,NODE
0.2905829798290259,27.719457968114114,1.5,8.157878332803902,N11
