EMITTER_COEFFICIENT_SOLUTION,PRESSURE_OUTPUT,OUTPUT_DEMAND,FITNESS,NODE
0.7787512845882026,27.462032642779107,1.5,2.631535894166217,N11
