EMITTER_COEFFICIENT_SOLUTION,PRESSURE_OUTPUT,OUTPUT_DEMAND,FITNESS,NODE
0.35609952868003947,27.688567743315147,1.5,6.515884051305339,N11
