EMITTER_COEFFICIENT_SOLUTION,PRESSURE_OUTPUT,OUTPUT_DEMAND,FITNESS,NODE
0.6012542419578957,27.562797120896782,1.5,3.581126532370991,N11
