EMITTER_COEFFICIENT_SOLUTION,PRESSURE_OUTPUT,OUTPUT_DEMAND,FITNESS,NODE
0.6425072305948337,27.540090914054588,1.5,3.311829122245368,N11
