EMITTER_COEFFICIENT_SOLUTION,PRESSURE_OUTPUT,OUTPUT_DEMAND,FITNESS,NODE
0.7213181104983288,27.495507345103512,1.5,2.8857404238745907,N11
