EMITTER_COEFFICIENT_SOLUTION,PRESSURE_OUTPUT,OUTPUT_DEMAND,FITNESS,NODE
0.04751982067141025,27.8236383316965,1.5,54.346266388346265,N11
