EMITTER_COEFFICIENT_SOLUTION,PRESSURE_OUTPUT,OUTPUT_DEMAND,FITNESS,NODE
0.6573973693119358,27.531788260413265,1.5,3.223200864382652,N11
