EMITTER_COEFFICIENT_SOLUTION,PRESSURE_OUTPUT,OUTPUT_DEMAND,FITNESS,NODE
0.9370349223479206,27.365566472675916,1.5,2.098757508515969,N11
