EMITTER_COEFFICIENT_SOLUTION,PRESSURE_OUTPUT,OUTPUT_DEMAND,FITNESS,NODE
0.15791821678224038,27.77838354376683,1.5,15.709607035125643,N11
