EMITTER_COEFFICIENT_SOLUTION,PRESSURE_OUTPUT,OUTPUT_DEMAND,FITNESS,NODE
0.7665967484236478,27.469185532402975,1.5,2.682019782631104,N11
