EMITTER_COEFFICIENT_SOLUTION,PRESSURE_OUTPUT,OUTPUT_DEMAND,FITNESS,NODE
0.45121781207185185,27.641656885034998,1.5,4.990468835115107,N11
