EMITTER_COEFFICIENT_SOLUTION,PRESSURE_OUTPUT,OUTPUT_DEMAND,FITNESS,NODE
0.05614333089843182,27.820229133529722,1.5,45.85110281963237,N11
