EMITTER_COEFFICIENT_SOLUTION,PRESSURE_OUTPUT,OUTPUT_DEMAND,FITNESS,NODE
0.009452945219292408,27.838430061544962,1.5,277.100558003382,N11
