EMITTER_COEFFICIENT_SOLUTION,PRESSURE_OUTPUT,OUTPUT_DEMAND,FITNESS,NODE
0.1484791507459048,27.782388470364978,1.5,16.764349907655966,N11
