EMITTER_COEFFICIENT_SOLUTION,PRESSURE_OUTPUT,OUTPUT_DEMAND,FITNESS,NODE
0.6775961061384121,27.520435384169886,1.5,3.1094191322251326,N11
