EMITTER_COEFFICIENT_SOLUTION,PRESSURE_OUTPUT,OUTPUT_DEMAND,FITNESS,NODE
0.4457459401708207,27.644421082738766,1.5,5.060273498958931,N11
