EMITTER_COEFFICIENT_SOLUTION,PRESSURE_OUTPUT,OUTPUT_DEMAND,FITNESS,NODE
0.7847731796677937,27.458475186727973,1.5,2.6071290643525487,N11
