EMITTER_COEFFICIENT_SOLUTION,PRESSURE_OUTPUT,OUTPUT_DEMAND,FITNESS,NODE
0.8215206082590221,27.436571989144127,1.5,2.4662927416810767,N11
