EMITTER_COEFFICIENT_SOLUTION,PRESSURE_OUTPUT,OUTPUT_DEMAND,FITNESS,NODE
0.5240532553551388,27.604109411921506,1.5,4.202926577904216,N11
