EMITTER_COEFFICIENT_SOLUTION,PRESSURE_OUTPUT,OUTPUT_DEMAND,FITNESS,NODE
0.9901605413609533,27.331829050136896,1.5,1.9599779955865688,N11
