EMITTER_COEFFICIENT_SOLUTION,PRESSURE_OUTPUT,OUTPUT_DEMAND,FITNESS,NODE
0.056196268618605494,27.82020813893825,1.5,45.8070078408171,N11
