EMITTER_COEFFICIENT_SOLUTION,PRESSURE_OUTPUT,OUTPUT_DEMAND,FITNESS,NODE
0.8501848804443634,27.41925579589968,1.5,2.3652792305861485,N11
