EMITTER_COEFFICIENT_SOLUTION,PRESSURE_OUTPUT,OUTPUT_DEMAND,FITNESS,NODE
0.9855175142578555,27.334804475138597,1.5,1.9714751805322765,N11
