EMITTER_COEFFICIENT_SOLUTION,PRESSURE_OUTPUT,OUTPUT_DEMAND,FITNESS,NODE
0.6297809559300773,27.547142146947635,1.5,3.3910177921358104,N11
