EMITTER_COEFFICIENT_SOLUTION,PRESSURE_OUTPUT,OUTPUT_DEMAND,FITNESS,NODE
0.01827591929448491,27.835039190137408,1.5,142.86388550581145,N11
