EMITTER_COEFFICIENT_SOLUTION,PRESSURE_OUTPUT,OUTPUT_DEMAND,FITNESS,NODE
0.46840455434110007,27.632923099472855,1.5,4.782040333122086,N11
