EMITTER_COEFFICIENT_SOLUTION,PRESSURE_OUTPUT,OUTPUT_DEMAND,FITNESS,NODE
0.002182942223930784,27.841207030971752,1.5,1202.1704589468168,N11
