EMITTER_COEFFICIENT_SOLUTION,PRESSURE_OUTPUT,OUTPUT_DEMAND,FITNESS,NODE
0.9145436082325418,27.37964556783958,1.5,2.1626611316955517,N11
