EMITTER_COEFFICIENT_SOLUTION,PRESSURE_OUTPUT,OUTPUT_DEMAND,FITNESS,NODE
0.3815859450985424,27.676236449035777,1.5,6.031275393479569,N11
