EMITTER_COEFFICIENT_SOLUTION,PRESSURE_OUTPUT,OUTPUT_DEMAND,FITNESS,NODE
0.06817049924687091,27.815438512207038,1.5,37.59349376499883,N11
