EMITTER_COEFFICIENT_SOLUTION,PRESSURE_OUTPUT,OUTPUT_DEMAND,FITNESS,NODE
0.9430378224139159,27.361788196937006,1.5,2.0822459548835073,N11
