EMITTER_COEFFICIENT_SOLUTION,PRESSURE_OUTPUT,OUTPUT_DEMAND,FITNESS,NODE
0.7935881918244061,27.453251468587375,1.5,2.5720998743699433,N11
