EMITTER_COEFFICIENT_SOLUTION,PRESSURE_OUTPUT,OUTPUT_DEMAND,FITNESS,NODE
0.9121013989140492,27.381166996222888,1.5,2.169800500117739,N11
