EMITTER_COEFFICIENT_SOLUTION,PRESSURE_OUTPUT,OUTPUT_DEMAND,FITNESS,NODE
0.5944474369498073,27.56650166153277,1.5,3.6292740378511135,N11
