EMITTER_COEFFICIENT_SOLUTION,PRESSURE_OUTPUT,OUTPUT_DEMAND,FITNESS,NODE
0.16497348194462447,27.775373623369134,1.5,15.000321818235784,N11
