EMITTER_COEFFICIENT_SOLUTION,PRESSURE_OUTPUT,OUTPUT_DEMAND,FITNESS,NODE
0.8305612542742015,27.431132284396114,1.5,2.433643217090412,N11
