EMITTER_COEFFICIENT_SOLUTION,PRESSURE_OUTPUT,OUTPUT_DEMAND,FITNESS,NODE
0.6355248730463249,27.54396474825188,1.5,3.3548703539856737,N11
