EMITTER_COEFFICIENT_SOLUTION,PRESSURE_OUTPUT,OUTPUT_DEMAND,FITNESS,NODE
0.31204157109418795,27.70946943859024,1.5,7.543217667784794,N11
