EMITTER_COEFFICIENT_SOLUTION,PRESSURE_OUTPUT,OUTPUT_DEMAND,FITNESS,NODE
0.24562614012621697,27.73997414875501,1.5,9.797705692025099,N11
