EMITTER_COEFFICIENT_SOLUTION,PRESSURE_OUTPUT,OUTPUT_DEMAND,FITNESS,NODE
0.20939339030115944,27.75610189947102,1.5,11.63643671593536,N11
