EMITTER_COEFFICIENT_SOLUTION,PRESSURE_OUTPUT,OUTPUT_DEMAND,FITNESS,NODE
0.8440756860593398,27.422963286070214,1.5,2.3862044527857846,N11
