EMITTER_COEFFICIENT_SOLUTION,PRESSURE_OUTPUT,OUTPUT_DEMAND,FITNESS,NODE
0.9765999933489333,27.34050475983475,1.5,1.9938823703964115,N11
