EMITTER_COEFFICIENT_SOLUTION,PRESSURE_OUTPUT,OUTPUT_DEMAND,FITNESS,NODE
0.016576472134740006,27.835694089961365,1.5,157.61013105757382,N11
