EMITTER_COEFFICIENT_SOLUTION,PRESSURE_OUTPUT,OUTPUT_DEMAND,FITNESS,NODE
0.7380404191418797,27.485845917472908,1.5,2.807467193398143,N11
