EMITTER_COEFFICIENT_SOLUTION,PRESSURE_OUTPUT,OUTPUT_DEMAND,FITNESS,NODE
0.5954072595691536,27.565980010074092,1.5,3.6224160215335304,N11
