EMITTER_COEFFICIENT_SOLUTION,PRESSURE_OUTPUT,OUTPUT_DEMAND,FITNESS,NODE
0.20069284789628128,27.75992019324459,1.5,12.177499250711378,N11
