EMITTER_COEFFICIENT_SOLUTION,PRESSURE_OUTPUT,OUTPUT_DEMAND,FITNESS,NODE
0.8961817595888285,27.391049134862442,1.5,2.2173454178363308,N11
