EMITTER_COEFFICIENT_SOLUTION,PRESSURE_OUTPUT,OUTPUT_DEMAND,FITNESS,NODE
0.7765516716855693,27.463329826859976,1.5,2.6405496386865903,N11
