EMITTER_COEFFICIENT_SOLUTION,PRESSURE_OUTPUT,OUTPUT_DEMAND,FITNESS,NODE
0.10505555808256917,27.800487424306972,1.5,24.066557244527623,N11
