EMITTER_COEFFICIENT_SOLUTION,PRESSURE_OUTPUT,OUTPUT_DEMAND,FITNESS,NODE
0.6947627694033341,27.510705384346345,1.5,3.018107357675937,N11
