EMITTER_COEFFICIENT_SOLUTION,PRESSURE_OUTPUT,OUTPUT_DEMAND,FITNESS,NODE
0.7819464991646091,27.460146179216395,1.5,2.618536701379368,N11
