EMITTER_COEFFICIENT_SOLUTION,PRESSURE_OUTPUT,OUTPUT_DEMAND,FITNESS,NODE
0.13667130212229117,27.787362976135533,1.5,18.28959924652562,N11
