EMITTER_COEFFICIENT_SOLUTION,PRESSURE_OUTPUT,OUTPUT_DEMAND,FITNESS,NODE
0.8763647846421933,27.403264674546342,1.5,2.2790766496568784,N11
