EMITTER_COEFFICIENT_SOLUTION,PRESSURE_OUTPUT,OUTPUT_DEMAND,FITNESS,NODE
0.7079122353415993,27.503201946327465,1.5,2.9512723093247484,N11
