EMITTER_COEFFICIENT_SOLUTION,PRESSURE_OUTPUT,OUTPUT_DEMAND,FITNESS,NODE
0.3117391579802029,27.709611080773854,1.5,7.551285747081258,N11
