EMITTER_COEFFICIENT_SOLUTION,PRESSURE_OUTPUT,OUTPUT_DEMAND,FITNESS,NODE
0.3948533083419008,27.669747915024857,1.5,5.804135565676977,N11
