EMITTER_COEFFICIENT_SOLUTION,PRESSURE_OUTPUT,OUTPUT_DEMAND,FITNESS,NODE
0.6257365642595095,27.549374341910124,1.5,3.4168815794129306,N11
