EMITTER_COEFFICIENT_SOLUTION,PRESSURE_OUTPUT,OUTPUT_DEMAND,FITNESS,NODE
0.46189870109343967,27.636238383944388,1.5,4.859075257339664,N11
