EMITTER_COEFFICIENT_SOLUTION,PRESSURE_OUTPUT,OUTPUT_DEMAND,FITNESS,NODE
0.08290694591990455,27.80951199507546,1.5,30.74381775186696,N11
