EMITTER_COEFFICIENT_SOLUTION,PRESSURE_OUTPUT,OUTPUT_DEMAND,FITNESS,NODE
0.5126570993454339,27.610076344511278,1.5,4.3110413719815055,N11
