EMITTER_COEFFICIENT_SOLUTION,PRESSURE_OUTPUT,OUTPUT_DEMAND,FITNESS,NODE
0.8977880047609189,27.390054839674356,1.5,2.212467599636374,N11
