EMITTER_COEFFICIENT_SOLUTION,PRESSURE_OUTPUT,OUTPUT_DEMAND,FITNESS,NODE
0.07054021811458366,27.814489700639413,1.5,36.29874855730051,N11
