EMITTER_COEFFICIENT_SOLUTION,PRESSURE_OUTPUT,OUTPUT_DEMAND,FITNESS,NODE
0.5146512137839307,27.609034698058217,1.5,4.291768836584444,N11
