EMITTER_COEFFICIENT_SOLUTION,PRESSURE_OUTPUT,OUTPUT_DEMAND,FITNESS,NODE
0.20709857062867798,27.757111050160347,1.5,11.774706126015674,N11
