EMITTER_COEFFICIENT_SOLUTION,PRESSURE_OUTPUT,OUTPUT_DEMAND,FITNESS,NODE
0.18994535545898295,27.764607577553157,1.5,12.914677007248185,N11
