EMITTER_COEFFICIENT_SOLUTION,PRESSURE_OUTPUT,OUTPUT_DEMAND,FITNESS,NODE
0.20113750381787232,27.759725565816083,1.5,12.148705902138513,N11
