EMITTER_COEFFICIENT_SOLUTION,PRESSURE_OUTPUT,OUTPUT_DEMAND,FITNESS,NODE
0.7515458669835859,27.477991924425403,1.5,2.7468985532650096,N11
