EMITTER_COEFFICIENT_SOLUTION,PRESSURE_OUTPUT,OUTPUT_DEMAND,FITNESS,NODE
0.03650453186549285,27.82796180912665,1.5,71.03760765073153,N11
