EMITTER_COEFFICIENT_SOLUTION,PRESSURE_OUTPUT,OUTPUT_DEMAND,FITNESS,NODE
0.7572767130043233,27.474645420381478,1.5,2.721877673381516,N11
