EMITTER_COEFFICIENT_SOLUTION,PRESSURE_OUTPUT,OUTPUT_DEMAND,FITNESS,NODE
0.1395085800234488,27.78617126885159,1.5,17.899465211983575,N11
