EMITTER_COEFFICIENT_SOLUTION,PRESSURE_OUTPUT,OUTPUT_DEMAND,FITNESS,NODE
0.6355221454363195,27.54396625910389,1.5,3.3548873589455472,N11
