EMITTER_COEFFICIENT_SOLUTION,PRESSURE_OUTPUT,OUTPUT_DEMAND,FITNESS,NODE
0.2698183380834335,27.729003208238268,1.5,8.846766365382397,N11
