EMITTER_COEFFICIENT_SOLUTION,PRESSURE_OUTPUT,OUTPUT_DEMAND,FITNESS,NODE
0.2713253227746991,27.728314459698844,1.5,8.793187736615504,N11
