EMITTER_COEFFICIENT_SOLUTION,PRESSURE_OUTPUT,OUTPUT_DEMAND,FITNESS,NODE
0.47728882521411475,27.628377727999997,1.5,4.680308447997009,N11
