EMITTER_COEFFICIENT_SOLUTION,PRESSURE_OUTPUT,OUTPUT_DEMAND,FITNESS,NODE
0.013815913127548152,27.836756107691514,1.5,189.29527383208637,N11
