EMITTER_COEFFICIENT_SOLUTION,PRESSURE_OUTPUT,OUTPUT_DEMAND,FITNESS,NODE
0.18374504782250833,27.767297043326508,1.5,13.379391185211546,N11
