EMITTER_COEFFICIENT_SOLUTION,PRESSURE_OUTPUT,OUTPUT_DEMAND,FITNESS,NODE
0.7528085431657583,27.477255294011385,1.5,2.7413515681249696,N11
