EMITTER_COEFFICIENT_SOLUTION,PRESSURE_OUTPUT,OUTPUT_DEMAND,FITNESS,NODE
0.1854237740554202,27.766569938034245,1.5,13.250487446889109,N11
