EMITTER_COEFFICIENT_SOLUTION,PRESSURE_OUTPUT,OUTPUT_DEMAND,FITNESS,NODE
0.4825714057638798,27.625665170942753,1.5,4.621634014058667,N11
