EMITTER_COEFFICIENT_SOLUTION,PRESSURE_OUTPUT,OUTPUT_DEMAND,FITNESS,NODE
0.5319427030434789,27.599958660378697,1.5,4.130862427172745,N11
