EMITTER_COEFFICIENT_SOLUTION,PRESSURE_OUTPUT,OUTPUT_DEMAND,FITNESS,NODE
0.7116013965151379,27.501088980801036,1.5,2.932982416781923,N11
