EMITTER_COEFFICIENT_SOLUTION,PRESSURE_OUTPUT,OUTPUT_DEMAND,FITNESS,NODE
0.0867511373040426,27.807955733514135,1.5,29.340031565529685,N11
