EMITTER_COEFFICIENT_SOLUTION,PRESSURE_OUTPUT,OUTPUT_DEMAND,FITNESS,NODE
0.34012626026767045,27.696206645471676,1.5,6.857195475348478,N11
