EMITTER_COEFFICIENT_SOLUTION,PRESSURE_OUTPUT,OUTPUT_DEMAND,FITNESS,NODE
0.9554876902489712,27.025848755874932,1.21,4.341390392127415,N7
