EMITTER_COEFFICIENT_SOLUTION,PRESSURE_OUTPUT,OUTPUT_DEMAND,FITNESS,NODE
0.8507703155404515,27.051416060554153,1.21,4.883440855312536,N7
