EMITTER_COEFFICIENT_SOLUTION,PRESSURE_OUTPUT,OUTPUT_DEMAND,FITNESS,NODE
0.3708120219859675,27.16759301722894,1.21,11.287103187685833,N7
