EMITTER_COEFFICIENT_SOLUTION,PRESSURE_OUTPUT,OUTPUT_DEMAND,FITNESS,NODE
0.7270607181284708,27.081520021315512,1.21,5.725091825178887,N7
