EMITTER_COEFFICIENT_SOLUTION,PRESSURE_OUTPUT,OUTPUT_DEMAND,FITNESS,NODE
0.35106055966870164,27.17233796413116,1.21,11.925810295194385,N7
