EMITTER_COEFFICIENT_SOLUTION,PRESSURE_OUTPUT,OUTPUT_DEMAND,FITNESS,NODE
0.8502115568476863,27.051552276571172,1.21,4.886691496484923,N7
