EMITTER_COEFFICIENT_SOLUTION,PRESSURE_OUTPUT,OUTPUT_DEMAND,FITNESS,NODE
0.8515876304544848,27.05121680885746,1.21,4.8786937210507535,N7
