EMITTER_COEFFICIENT_SOLUTION,PRESSURE_OUTPUT,OUTPUT_DEMAND,FITNESS,NODE
0.10672542974667476,27.230795179484844,1.21,39.37856012477281,N7
