EMITTER_COEFFICIENT_SOLUTION,PRESSURE_OUTPUT,OUTPUT_DEMAND,FITNESS,NODE
0.9403310599184446,27.029554153099824,1.21,4.412370322264668,N7
