EMITTER_COEFFICIENT_SOLUTION,PRESSURE_OUTPUT,OUTPUT_DEMAND,FITNESS,NODE
0.6393980465116106,27.102785694780557,1.21,6.518734247636531,N7
