EMITTER_COEFFICIENT_SOLUTION,PRESSURE_OUTPUT,OUTPUT_DEMAND,FITNESS,NODE
0.6932303814192494,27.089733325075734,1.21,6.007579748799158,N7
