EMITTER_COEFFICIENT_SOLUTION,PRESSURE_OUTPUT,OUTPUT_DEMAND,FITNESS,NODE
0.6448742009568073,27.101458884102463,1.21,6.462836360298393,N7
