EMITTER_COEFFICIENT_SOLUTION,PRESSURE_OUTPUT,OUTPUT_DEMAND,FITNESS,NODE
0.17485812303744563,27.21453931498094,1.21,24.009376814670322,N7
