EMITTER_COEFFICIENT_SOLUTION,PRESSURE_OUTPUT,OUTPUT_DEMAND,FITNESS,NODE
0.0358082282926514,27.247678227856213,1.21,117.48836718833188,N7
