EMITTER_COEFFICIENT_SOLUTION,PRESSURE_OUTPUT,OUTPUT_DEMAND,FITNESS,NODE
0.6049403003609343,27.111129439058452,1.21,6.893686339410252,N7
