EMITTER_COEFFICIENT_SOLUTION,PRESSURE_OUTPUT,OUTPUT_DEMAND,FITNESS,NODE
0.9698699515838404,27.022331172673887,1.21,4.276089367992789,N7
