EMITTER_COEFFICIENT_SOLUTION,PRESSURE_OUTPUT,OUTPUT_DEMAND,FITNESS,NODE
0.3739006789569367,27.166850760205037,1.21,11.19332626562579,N7
