EMITTER_COEFFICIENT_SOLUTION,PRESSURE_OUTPUT,OUTPUT_DEMAND,FITNESS,NODE
0.3540094538355344,27.171629935225297,1.21,11.825954086307544,N7
