EMITTER_COEFFICIENT_SOLUTION,PRESSURE_OUTPUT,OUTPUT_DEMAND,FITNESS,NODE
0.44175975241789744,27.150525318930562,1.21,9.463926315289212,N7
