EMITTER_COEFFICIENT_SOLUTION,PRESSURE_OUTPUT,OUTPUT_DEMAND,FITNESS,NODE
0.5168556035143451,27.132419673716626,1.21,8.079500011607124,N7
