EMITTER_COEFFICIENT_SOLUTION,PRESSURE_OUTPUT,OUTPUT_DEMAND,FITNESS,NODE
0.8080588110821841,27.061822221589566,1.21,5.144893388723146,N7
