EMITTER_COEFFICIENT_SOLUTION,PRESSURE_OUTPUT,OUTPUT_DEMAND,FITNESS,NODE
0.7239780772166541,27.082268763340977,1.21,5.7497387521922825,N7
