EMITTER_COEFFICIENT_SOLUTION,PRESSURE_OUTPUT,OUTPUT_DEMAND,FITNESS,NODE
0.37123576699513017,27.16749118823595,1.21,11.274145199842495,N7
