EMITTER_COEFFICIENT_SOLUTION,PRESSURE_OUTPUT,OUTPUT_DEMAND,FITNESS,NODE
0.4138472618749972,27.157244720425865,1.21,10.106626078771967,N7
