EMITTER_COEFFICIENT_SOLUTION,PRESSURE_OUTPUT,OUTPUT_DEMAND,FITNESS,NODE
0.17951144659276552,27.2134280303911,1.21,23.385424447731488,N7
