EMITTER_COEFFICIENT_SOLUTION,PRESSURE_OUTPUT,OUTPUT_DEMAND,FITNESS,NODE
0.007144391823941887,27.254491492835314,1.21,588.8532512806055,N7
