EMITTER_COEFFICIENT_SOLUTION,PRESSURE_OUTPUT,OUTPUT_DEMAND,FITNESS,NODE
0.11090302284799625,27.229799447618355,1.21,37.892766297911116,N7
