EMITTER_COEFFICIENT_SOLUTION,PRESSURE_OUTPUT,OUTPUT_DEMAND,FITNESS,NODE
0.06961823864571282,27.239633921268684,1.21,60.401838167259505,N7
