EMITTER_COEFFICIENT_SOLUTION,PRESSURE_OUTPUT,OUTPUT_DEMAND,FITNESS,NODE
0.2592494143201699,27.19435604453748,1.21,16.172420181014697,N7
