EMITTER_COEFFICIENT_SOLUTION,PRESSURE_OUTPUT,OUTPUT_DEMAND,FITNESS,NODE
0.09093251000926716,27.23455824226938,1.21,46.228950680282956,N7
