EMITTER_COEFFICIENT_SOLUTION,PRESSURE_OUTPUT,OUTPUT_DEMAND,FITNESS,NODE
0.17723308475855915,27.21397204090463,1.21,23.686765506892748,N7
