EMITTER_COEFFICIENT_SOLUTION,PRESSURE_OUTPUT,OUTPUT_DEMAND,FITNESS,NODE
0.9673679692293086,27.022943207044577,1.21,4.2873097449138005,N7
