EMITTER_COEFFICIENT_SOLUTION,PRESSURE_OUTPUT,OUTPUT_DEMAND,FITNESS,NODE
0.24087673679892763,27.198754639057583,1.21,17.410965186489946,N7
