EMITTER_COEFFICIENT_SOLUTION,PRESSURE_OUTPUT,OUTPUT_DEMAND,FITNESS,NODE
0.9430150998694086,27.028898094158812,1.21,4.399634370675008,N7
