EMITTER_COEFFICIENT_SOLUTION,PRESSURE_OUTPUT,OUTPUT_DEMAND,FITNESS,NODE
0.9042631794112027,27.038365344876617,1.21,4.590854677260927,N7
