EMITTER_COEFFICIENT_SOLUTION,PRESSURE_OUTPUT,OUTPUT_DEMAND,FITNESS,NODE
0.8252095809897474,27.057645203873186,1.21,5.0366541259942865,N7
