EMITTER_COEFFICIENT_SOLUTION,PRESSURE_OUTPUT,OUTPUT_DEMAND,FITNESS,NODE
0.21629594095312432,27.204635576776944,1.21,19.397087304180772,N7
