EMITTER_COEFFICIENT_SOLUTION,PRESSURE_OUTPUT,OUTPUT_DEMAND,FITNESS,NODE
0.15170448837176054,27.22006764756882,1.21,27.683912975852774,N7
