EMITTER_COEFFICIENT_SOLUTION,PRESSURE_OUTPUT,OUTPUT_DEMAND,FITNESS,NODE
0.7820416827045927,27.068154255009652,1.21,5.318146018592621,N7
