EMITTER_COEFFICIENT_SOLUTION,PRESSURE_OUTPUT,OUTPUT_DEMAND,FITNESS,NODE
0.5422639645484565,27.126284212481657,1.21,7.697903693368198,N7
