EMITTER_COEFFICIENT_SOLUTION,PRESSURE_OUTPUT,OUTPUT_DEMAND,FITNESS,NODE
0.8700132614837189,27.046723597694502,1.21,4.774041942436053,N7
