EMITTER_COEFFICIENT_SOLUTION,PRESSURE_OUTPUT,OUTPUT_DEMAND,FITNESS,NODE
0.30374810102473637,27.183692218324637,1.21,13.793580898592714,N7
