EMITTER_COEFFICIENT_SOLUTION,PRESSURE_OUTPUT,OUTPUT_DEMAND,FITNESS,NODE
0.28717786004479684,27.187664891620166,1.21,14.593253086424017,N7
