EMITTER_COEFFICIENT_SOLUTION,PRESSURE_OUTPUT,OUTPUT_DEMAND,FITNESS,NODE
0.13889662847096873,27.223123927065487,1.21,30.242744829913136,N7
