EMITTER_COEFFICIENT_SOLUTION,PRESSURE_OUTPUT,OUTPUT_DEMAND,FITNESS,NODE
0.8076094236377563,27.061931638147627,1.21,5.147791268457338,N7
