EMITTER_COEFFICIENT_SOLUTION,PRESSURE_OUTPUT,OUTPUT_DEMAND,FITNESS,NODE
0.32370234429835076,27.178905533506644,1.21,12.939259506003644,N7
