EMITTER_COEFFICIENT_SOLUTION,PRESSURE_OUTPUT,OUTPUT_DEMAND,FITNESS,NODE
0.4965985233238005,27.137307561935167,1.21,8.411691967720802,N7
