EMITTER_COEFFICIENT_SOLUTION,PRESSURE_OUTPUT,OUTPUT_DEMAND,FITNESS,NODE
0.8282794254262421,27.056897346248576,1.21,5.0177537519800754,N7
