EMITTER_COEFFICIENT_SOLUTION,PRESSURE_OUTPUT,OUTPUT_DEMAND,FITNESS,NODE
0.7860491005530211,27.067179212923385,1.21,5.290711477644887,N7
