EMITTER_COEFFICIENT_SOLUTION,PRESSURE_OUTPUT,OUTPUT_DEMAND,FITNESS,NODE
0.8351051005786511,27.055234135646963,1.21,4.976224268099224,N7
