EMITTER_COEFFICIENT_SOLUTION,PRESSURE_OUTPUT,OUTPUT_DEMAND,FITNESS,NODE
0.6272268879716937,27.105733852764594,1.21,6.646467783058132,N7
