EMITTER_COEFFICIENT_SOLUTION,PRESSURE_OUTPUT,OUTPUT_DEMAND,FITNESS,NODE
0.01760356591007961,27.252006016709217,1.21,239.02332560029416,N7
