EMITTER_COEFFICIENT_SOLUTION,PRESSURE_OUTPUT,OUTPUT_DEMAND,FITNESS,NODE
0.15295708934023533,27.219768679089185,1.21,27.456664668064917,N7
