EMITTER_COEFFICIENT_SOLUTION,PRESSURE_OUTPUT,OUTPUT_DEMAND,FITNESS,NODE
0.12378422640626374,27.226728377002082,1.21,33.942796829709096,N7
