EMITTER_COEFFICIENT_SOLUTION,PRESSURE_OUTPUT,OUTPUT_DEMAND,FITNESS,NODE
0.24334974993265346,27.198162722700722,1.21,17.233361010001715,N7
