EMITTER_COEFFICIENT_SOLUTION,PRESSURE_OUTPUT,OUTPUT_DEMAND,FITNESS,NODE
0.4502823551640197,27.148472568397324,1.21,9.283573590409787,N7
