EMITTER_COEFFICIENT_SOLUTION,PRESSURE_OUTPUT,OUTPUT_DEMAND,FITNESS,NODE
0.5297622644020578,27.129303599878014,1.21,7.881083346248748,N7
