EMITTER_COEFFICIENT_SOLUTION,PRESSURE_OUTPUT,OUTPUT_DEMAND,FITNESS,NODE
0.3312338144264918,27.17709809386497,1.21,12.643565321729637,N7
