EMITTER_COEFFICIENT_SOLUTION,PRESSURE_OUTPUT,OUTPUT_DEMAND,FITNESS,NODE
0.4011961452106233,27.16028813311901,1.21,10.427357347996018,N7
