EMITTER_COEFFICIENT_SOLUTION,PRESSURE_OUTPUT,OUTPUT_DEMAND,FITNESS,NODE
0.9844569776441002,27.01876206611007,1.21,4.2118094953671505,N7
