EMITTER_COEFFICIENT_SOLUTION,PRESSURE_OUTPUT,OUTPUT_DEMAND,FITNESS,NODE
0.3063819528707835,27.183060571165427,1.21,13.674439931391847,N7
