EMITTER_COEFFICIENT_SOLUTION,PRESSURE_OUTPUT,OUTPUT_DEMAND,FITNESS,NODE
0.7512381133308145,27.075645212713866,1.21,5.538800803151511,N7
