EMITTER_COEFFICIENT_SOLUTION,PRESSURE_OUTPUT,OUTPUT_DEMAND,FITNESS,NODE
0.7069994105487541,27.086391484070347,1.21,5.889343080671065,N7
