EMITTER_COEFFICIENT_SOLUTION,PRESSURE_OUTPUT,OUTPUT_DEMAND,FITNESS,NODE
0.28650695839216855,27.187825695610506,1.21,14.62757894323675,N7
