EMITTER_COEFFICIENT_SOLUTION,PRESSURE_OUTPUT,OUTPUT_DEMAND,FITNESS,NODE
0.5387701165987887,27.127128154894073,1.21,7.748240817137808,N7
