EMITTER_COEFFICIENT_SOLUTION,PRESSURE_OUTPUT,OUTPUT_DEMAND,FITNESS,NODE
0.6500519007632249,27.100204400480713,1.21,6.410860168112654,N7
