EMITTER_COEFFICIENT_SOLUTION,PRESSURE_OUTPUT,OUTPUT_DEMAND,FITNESS,NODE
0.5835173172220433,27.116312550932633,1.21,7.1491301020950075,N7
