EMITTER_COEFFICIENT_SOLUTION,PRESSURE_OUTPUT,OUTPUT_DEMAND,FITNESS,NODE
0.9904503608791578,27.017295184068743,1.21,4.185947756941566,N7
