EMITTER_COEFFICIENT_SOLUTION,PRESSURE_OUTPUT,OUTPUT_DEMAND,FITNESS,NODE
0.031159896009306354,27.248783513463586,1.21,135.02209336697894,N7
