EMITTER_COEFFICIENT_SOLUTION,PRESSURE_OUTPUT,OUTPUT_DEMAND,FITNESS,NODE
0.6278404833604921,27.105585250330364,1.21,6.639909668500687,N7
