EMITTER_COEFFICIENT_SOLUTION,PRESSURE_OUTPUT,OUTPUT_DEMAND,FITNESS,NODE
0.17621867737400565,27.214214343463475,1.21,23.823497226682843,N7
