EMITTER_COEFFICIENT_SOLUTION,PRESSURE_OUTPUT,OUTPUT_DEMAND,FITNESS,NODE
0.7679625494668928,27.071578928323454,1.21,5.4168017563585975,N7
