EMITTER_COEFFICIENT_SOLUTION,PRESSURE_OUTPUT,OUTPUT_DEMAND,FITNESS,NODE
0.8551642197358608,27.050344822855898,1.21,4.858026932993891,N7
