EMITTER_COEFFICIENT_SOLUTION,PRESSURE_OUTPUT,OUTPUT_DEMAND,FITNESS,NODE
0.06233231415661955,27.241368169114942,1.21,67.46937365167155,N7
