EMITTER_COEFFICIENT_SOLUTION,PRESSURE_OUTPUT,OUTPUT_DEMAND,FITNESS,NODE
0.6634964311400081,27.096945305252525,1.21,6.2796555335051645,N7
