EMITTER_COEFFICIENT_SOLUTION,PRESSURE_OUTPUT,OUTPUT_DEMAND,FITNESS,NODE
0.07922681649915131,27.237346205203913,1.21,53.06868726382175,N7
