EMITTER_COEFFICIENT_SOLUTION,PRESSURE_OUTPUT,OUTPUT_DEMAND,FITNESS,NODE
0.06660929204124855,27.240350180920103,1.21,63.13319479875395,N7
