EMITTER_COEFFICIENT_SOLUTION,PRESSURE_OUTPUT,OUTPUT_DEMAND,FITNESS,NODE
0.0034128147324968827,27.255377834919912,1.21,1231.718384065916,N7
