EMITTER_COEFFICIENT_SOLUTION,PRESSURE_OUTPUT,OUTPUT_DEMAND,FITNESS,NODE
0.4926538717157817,27.138259074362836,1.21,8.479560927150276,N7
