EMITTER_COEFFICIENT_SOLUTION,PRESSURE_OUTPUT,OUTPUT_DEMAND,FITNESS,NODE
0.6534745247951183,27.099374898745033,1.21,6.376948705066928,N7
