EMITTER_COEFFICIENT_SOLUTION,PRESSURE_OUTPUT,OUTPUT_DEMAND,FITNESS,NODE
0.13166329432099755,27.224849438546897,1.21,31.907829495419865,N7
