EMITTER_COEFFICIENT_SOLUTION,PRESSURE_OUTPUT,OUTPUT_DEMAND,FITNESS,NODE
0.9724670391462081,27.02169582702117,1.21,4.2645035868635555,N7
