EMITTER_COEFFICIENT_SOLUTION,PRESSURE_OUTPUT,OUTPUT_DEMAND,FITNESS,NODE
0.6892960745424032,27.090687958479286,1.21,6.042232169641429,N7
