EMITTER_COEFFICIENT_SOLUTION,PRESSURE_OUTPUT,OUTPUT_DEMAND,FITNESS,NODE
0.24328267835058648,27.19817877690383,1.21,17.238130246915958,N7
