EMITTER_COEFFICIENT_SOLUTION,PRESSURE_OUTPUT,OUTPUT_DEMAND,FITNESS,NODE
0.17852658100841257,27.21366306365409,1.21,23.514669362155235,N7
