EMITTER_COEFFICIENT_SOLUTION,PRESSURE_OUTPUT,OUTPUT_DEMAND,FITNESS,NODE
0.7651672995777127,27.072258688974237,1.21,5.436820830304296,N7
