EMITTER_COEFFICIENT_SOLUTION,PRESSURE_OUTPUT,OUTPUT_DEMAND,FITNESS,NODE
0.0052504600263519885,27.254941441804803,1.21,801.1106543807739,N7
