EMITTER_COEFFICIENT_SOLUTION,PRESSURE_OUTPUT,OUTPUT_DEMAND,FITNESS,NODE
0.7368028852858101,27.079153299621005,1.21,5.648555596910833,N7
