EMITTER_COEFFICIENT_SOLUTION,PRESSURE_OUTPUT,OUTPUT_DEMAND,FITNESS,NODE
0.2385870768643007,27.199302629094163,1.21,17.578684034012902,N7
