EMITTER_COEFFICIENT_SOLUTION,PRESSURE_OUTPUT,OUTPUT_DEMAND,FITNESS,NODE
0.20490402375491568,27.207359553535298,1.21,20.479148475101855,N7
