EMITTER_COEFFICIENT_SOLUTION,PRESSURE_OUTPUT,OUTPUT_DEMAND,FITNESS,NODE
0.8568525541502644,27.049933168927595,1.21,4.848331115000056,N7
