EMITTER_COEFFICIENT_SOLUTION,PRESSURE_OUTPUT,OUTPUT_DEMAND,FITNESS,NODE
0.23525523082199384,27.20009997824694,1.21,17.828575568165792,N7
