EMITTER_COEFFICIENT_SOLUTION,PRESSURE_OUTPUT,OUTPUT_DEMAND,FITNESS,NODE
0.7020980502374222,27.087581235410063,1.21,5.930900030205377,N7
