EMITTER_COEFFICIENT_SOLUTION,PRESSURE_OUTPUT,OUTPUT_DEMAND,FITNESS,NODE
0.4898509088754809,27.138935124192443,1.21,8.528451175139157,N7
