EMITTER_COEFFICIENT_SOLUTION,PRESSURE_OUTPUT,OUTPUT_DEMAND,FITNESS,NODE
0.2814978591052334,27.18902618778538,1.21,14.889034772084893,N7
