EMITTER_COEFFICIENT_SOLUTION,PRESSURE_OUTPUT,OUTPUT_DEMAND,FITNESS,NODE
0.06645928484407382,27.240385887340217,1.21,63.27583500640652,N7
