EMITTER_COEFFICIENT_SOLUTION,PRESSURE_OUTPUT,OUTPUT_DEMAND,FITNESS,NODE
0.9295920424210492,27.032178650884354,1.21,4.464065342333668,N7
