EMITTER_COEFFICIENT_SOLUTION,PRESSURE_OUTPUT,OUTPUT_DEMAND,FITNESS,NODE
0.9519174754515983,27.026721725438975,1.21,4.357906429015106,N7
