EMITTER_COEFFICIENT_SOLUTION,PRESSURE_OUTPUT,OUTPUT_DEMAND,FITNESS,NODE
0.044914125602254384,27.245512542824528,1.21,93.65781154416987,N7
