EMITTER_COEFFICIENT_SOLUTION,PRESSURE_OUTPUT,OUTPUT_DEMAND,FITNESS,NODE
0.7280800382652176,27.081272423835323,1.21,5.7169878901678475,N7
