EMITTER_COEFFICIENT_SOLUTION,PRESSURE_OUTPUT,OUTPUT_DEMAND,FITNESS,NODE
0.3782182598404401,27.165813053707772,1.21,11.064804277527417,N7
