EMITTER_COEFFICIENT_SOLUTION,PRESSURE_OUTPUT,OUTPUT_DEMAND,FITNESS,NODE
0.9575792284998862,27.025337302504106,1.21,4.331772044259063,N7
