EMITTER_COEFFICIENT_SOLUTION,PRESSURE_OUTPUT,OUTPUT_DEMAND,FITNESS,NODE
0.3545484137822853,27.17150027725515,1.21,11.807848766981463,N7
