EMITTER_COEFFICIENT_SOLUTION,PRESSURE_OUTPUT,OUTPUT_DEMAND,FITNESS,NODE
0.33425399444241266,27.176373177977986,1.21,12.528732952119945,N7
