EMITTER_COEFFICIENT_SOLUTION,PRESSURE_OUTPUT,OUTPUT_DEMAND,FITNESS,NODE
0.6970695970694362,27.088801657445117,1.21,5.974142071829037,N7
