EMITTER_COEFFICIENT_SOLUTION,PRESSURE_OUTPUT,OUTPUT_DEMAND,FITNESS,NODE
0.6690322173581816,27.095603081451735,1.21,6.2271685782940045,N7
