EMITTER_COEFFICIENT_SOLUTION,PRESSURE_OUTPUT,OUTPUT_DEMAND,FITNESS
0.3170744458494644,24.852734575759733,12.6,56.72569415997427
