EMITTER_COEFFICIENT_SOLUTION,PRESSURE_OUTPUT,OUTPUT_DEMAND,FITNESS
0.5547872515135398,24.83945131780687,12.6,32.34994499665044
