EMITTER_COEFFICIENT_SOLUTION,PRESSURE_OUTPUT,OUTPUT_DEMAND,FITNESS
0.6245302417941866,24.835543170463865,12.6,28.7190436490086
