EMITTER_COEFFICIENT_SOLUTION,PRESSURE_OUTPUT,OUTPUT_DEMAND,FITNESS
0.8590247766551754,24.82236667255409,12.6,20.834809612852165
