EMITTER_COEFFICIENT_SOLUTION,PRESSURE_OUTPUT,OUTPUT_DEMAND,FITNESS
0.9966756043477524,24.814605981007972,12.6,17.934874383682516
