EMITTER_COEFFICIENT_SOLUTION,PRESSURE_OUTPUT,OUTPUT_DEMAND,FITNESS
0.6820785849893395,24.832314638449617,12.6,26.282153160838558
