EMITTER_COEFFICIENT_SOLUTION,PRESSURE_OUTPUT,OUTPUT_DEMAND,FITNESS
0.5682463268009764,24.83869750542229,12.6,31.579845540983488
