EMITTER_COEFFICIENT_SOLUTION,PRESSURE_OUTPUT,OUTPUT_DEMAND,FITNESS
0.18638658483100212,24.860012669570565,12.6,96.61273923292103
