EMITTER_COEFFICIENT_SOLUTION,PRESSURE_OUTPUT,OUTPUT_DEMAND,FITNESS
0.7661355503839667,24.827592891794488,12.6,23.380666903649423
