EMITTER_COEFFICIENT_SOLUTION,PRESSURE_OUTPUT,OUTPUT_DEMAND,FITNESS
0.7200289539752242,24.83018373420009,12.6,24.888290620489958
