EMITTER_COEFFICIENT_SOLUTION,PRESSURE_OUTPUT,OUTPUT_DEMAND,FITNESS
0.6092514098167706,24.83639976533594,12.6,29.443367734989497
