EMITTER_COEFFICIENT_SOLUTION,PRESSURE_OUTPUT,OUTPUT_DEMAND,FITNESS
0.6335513111948293,24.83503730020631,12.6,28.307785033967402
