EMITTER_COEFFICIENT_SOLUTION,PRESSURE_OUTPUT,OUTPUT_DEMAND,FITNESS
0.41296199892296437,24.847383388720743,12.6,43.51632303387234
