EMITTER_COEFFICIENT_SOLUTION,PRESSURE_OUTPUT,OUTPUT_DEMAND,FITNESS
0.648371016832538,24.83420608276883,12.6,27.65701749930002
