EMITTER_COEFFICIENT_SOLUTION,PRESSURE_OUTPUT,OUTPUT_DEMAND,FITNESS
0.1801658556434812,24.860358668364107,12.6,99.95399034883992
