EMITTER_COEFFICIENT_SOLUTION,PRESSURE_OUTPUT,OUTPUT_DEMAND,FITNESS
0.20857014411468866,24.858778489300178,12.6,86.32013855063957
