EMITTER_COEFFICIENT_SOLUTION,PRESSURE_OUTPUT,OUTPUT_DEMAND,FITNESS
0.3545532615797259,24.85064412073205,12.6,50.7121231766582
