EMITTER_COEFFICIENT_SOLUTION,PRESSURE_OUTPUT,OUTPUT_DEMAND,FITNESS
0.7194602922421979,24.830215675220145,12.6,24.908091491888126
