EMITTER_COEFFICIENT_SOLUTION,PRESSURE_OUTPUT,OUTPUT_DEMAND,FITNESS
0.858299738238851,24.82240749917662,12.6,20.85254710027631
