EMITTER_COEFFICIENT_SOLUTION,PRESSURE_OUTPUT,OUTPUT_DEMAND,FITNESS
0.6632237053854281,24.833372791171158,12.6,27.033982596078157
