EMITTER_COEFFICIENT_SOLUTION,PRESSURE_OUTPUT,OUTPUT_DEMAND,FITNESS
0.8419414676463627,24.82332848539071,12.6,21.2608599686502
