EMITTER_COEFFICIENT_SOLUTION,PRESSURE_OUTPUT,OUTPUT_DEMAND,FITNESS
0.8751968309877093,24.82145589238624,12.6,20.44681230527409
