EMITTER_COEFFICIENT_SOLUTION,PRESSURE_OUTPUT,OUTPUT_DEMAND,FITNESS
0.6921355666621228,24.831750083834024,12.6,25.897887789552282
