EMITTER_COEFFICIENT_SOLUTION,PRESSURE_OUTPUT,OUTPUT_DEMAND,FITNESS
0.8898408316732268,24.82063094108397,12.6,20.107644115982374
