EMITTER_COEFFICIENT_SOLUTION,PRESSURE_OUTPUT,OUTPUT_DEMAND,FITNESS
0.7782043174175283,24.826914362032014,12.6,23.015537408474437
