EMITTER_COEFFICIENT_SOLUTION,PRESSURE_OUTPUT,OUTPUT_DEMAND,FITNESS
0.20315855974083463,24.859079608980295,12.6,88.62370732403281
