EMITTER_COEFFICIENT_SOLUTION,PRESSURE_OUTPUT,OUTPUT_DEMAND,FITNESS
0.3513016323372492,24.850825543825202,12.6,51.18302493274357
