EMITTER_COEFFICIENT_SOLUTION,PRESSURE_OUTPUT,OUTPUT_DEMAND,FITNESS
0.9580496937987407,24.816785624350352,12.6,18.664500107563963
