EMITTER_COEFFICIENT_SOLUTION,PRESSURE_OUTPUT,OUTPUT_DEMAND,FITNESS
0.1284791332590659,24.863231958355314,12.6,140.2266296727161
