EMITTER_COEFFICIENT_SOLUTION,PRESSURE_OUTPUT,OUTPUT_DEMAND,FITNESS
0.4993680208550163,24.84255327669566,12.6,35.95829517187424
