EMITTER_COEFFICIENT_SOLUTION,PRESSURE_OUTPUT,OUTPUT_DEMAND,FITNESS
0.9988871409197352,24.814481139396314,12.6,17.894807576265233
