EMITTER_COEFFICIENT_SOLUTION,PRESSURE_OUTPUT,OUTPUT_DEMAND,FITNESS
0.6717451158789872,24.832894606753975,12.6,26.688968186898546
