EMITTER_COEFFICIENT_SOLUTION,PRESSURE_OUTPUT,OUTPUT_DEMAND,FITNESS
0.20110876575233594,24.859193658896537,12.6,89.5286202161853
