EMITTER_COEFFICIENT_SOLUTION,PRESSURE_OUTPUT,OUTPUT_DEMAND,FITNESS
0.6908000566496072,24.83182505939797,12.6,25.94827177570081
