EMITTER_COEFFICIENT_SOLUTION,PRESSURE_OUTPUT,OUTPUT_DEMAND,FITNESS
0.434240939146166,24.846194600614396,12.6,41.37587900148214
