EMITTER_COEFFICIENT_SOLUTION,PRESSURE_OUTPUT,OUTPUT_DEMAND,FITNESS
0.9146115714183957,24.819235019034117,12.6,19.5586579397023
