EMITTER_COEFFICIENT_SOLUTION,PRESSURE_OUTPUT,OUTPUT_DEMAND,FITNESS
0.9131387809748625,24.819318033523032,12.6,19.59046603892487
