EMITTER_COEFFICIENT_SOLUTION,PRESSURE_OUTPUT,OUTPUT_DEMAND,FITNESS
0.4267228885931168,24.846614663598174,12.6,42.10773138206741
