EMITTER_COEFFICIENT_SOLUTION,PRESSURE_OUTPUT,OUTPUT_DEMAND,FITNESS
0.6182221294985878,24.835896858285977,12.6,29.013753050706303
