EMITTER_COEFFICIENT_SOLUTION,PRESSURE_OUTPUT,OUTPUT_DEMAND,FITNESS
0.7946400977766824,24.825990072656147,12.6,22.53612602308518
