EMITTER_COEFFICIENT_SOLUTION,PRESSURE_OUTPUT,OUTPUT_DEMAND,FITNESS
0.06524250088854011,24.866743568635144,12.6,276.2657742787587
