EMITTER_COEFFICIENT_SOLUTION,PRESSURE_OUTPUT,OUTPUT_DEMAND,FITNESS
0.3984667527656386,24.848192927663987,12.6,45.10529966442719
