EMITTER_COEFFICIENT_SOLUTION,PRESSURE_OUTPUT,OUTPUT_DEMAND,FITNESS
0.15023179057999758,24.862023052870576,12.6,119.9009343491989
