EMITTER_COEFFICIENT_SOLUTION,PRESSURE_OUTPUT,OUTPUT_DEMAND,FITNESS
0.18028397944313201,24.86035209865443,12.6,99.88839676543735
