EMITTER_COEFFICIENT_SOLUTION,PRESSURE_OUTPUT,OUTPUT_DEMAND,FITNESS
0.7393773950628452,24.82909676074381,12.6,24.232724864731736
