EMITTER_COEFFICIENT_SOLUTION,PRESSURE_OUTPUT,OUTPUT_DEMAND,FITNESS
0.484214521618347,24.843400911737348,12.6,37.08874188926595
