EMITTER_COEFFICIENT_SOLUTION,PRESSURE_OUTPUT,OUTPUT_DEMAND,FITNESS
0.5139615250419908,24.841736744220377,12.6,34.93263405932819
