EMITTER_COEFFICIENT_SOLUTION,PRESSURE_OUTPUT,OUTPUT_DEMAND,FITNESS
0.5082974156816636,24.8420536870159,12.6,35.32372587208871
