EMITTER_COEFFICIENT_SOLUTION,PRESSURE_OUTPUT,OUTPUT_DEMAND,FITNESS
0.3773216379147365,24.849373466592446,12.6,47.64217709146499
