EMITTER_COEFFICIENT_SOLUTION,PRESSURE_OUTPUT,OUTPUT_DEMAND,FITNESS
0.5076631807994417,24.842089174435827,12.6,35.36806143099183
