EMITTER_COEFFICIENT_SOLUTION,PRESSURE_OUTPUT,OUTPUT_DEMAND,FITNESS
0.3020119573329295,24.85357431002322,12.6,59.562945840025954
