EMITTER_COEFFICIENT_SOLUTION,PRESSURE_OUTPUT,OUTPUT_DEMAND,FITNESS
0.462966792867498,24.84458904212024,12.6,38.79844426457665
