EMITTER_COEFFICIENT_SOLUTION,PRESSURE_OUTPUT,OUTPUT_DEMAND,FITNESS
0.6673356823027542,24.833142054167418,12.6,26.866396993046695
