EMITTER_COEFFICIENT_SOLUTION,PRESSURE_OUTPUT,OUTPUT_DEMAND,FITNESS
0.8040484891934564,24.82546085519092,12.6,22.270516452723495
