EMITTER_COEFFICIENT_SOLUTION,PRESSURE_OUTPUT,OUTPUT_DEMAND,FITNESS
0.7931219542046574,24.826075459090042,12.6,22.579575435745397
