EMITTER_COEFFICIENT_SOLUTION,PRESSURE_OUTPUT,OUTPUT_DEMAND,FITNESS
0.0972942719878015,24.864964208594074,12.6,185.21732886333479
