EMITTER_COEFFICIENT_SOLUTION,PRESSURE_OUTPUT,OUTPUT_DEMAND,FITNESS
0.5742943439638358,24.838358709513308,12.6,31.24554562156372
