EMITTER_COEFFICIENT_SOLUTION,PRESSURE_OUTPUT,OUTPUT_DEMAND,FITNESS
0.874047393801903,24.821520635297503,12.6,20.47391539100112
