EMITTER_COEFFICIENT_SOLUTION,PRESSURE_OUTPUT,OUTPUT_DEMAND,FITNESS
0.08363044364913585,24.865722888171014,12.6,215.49944056487814
