EMITTER_COEFFICIENT_SOLUTION,PRESSURE_OUTPUT,OUTPUT_DEMAND,FITNESS
0.3833089776372859,24.849039237852033,12.6,46.895442906824385
