EMITTER_COEFFICIENT_SOLUTION,PRESSURE_OUTPUT,OUTPUT_DEMAND,FITNESS
0.2462715027881749,24.856679816841748,12.6,73.0809600968695
