EMITTER_COEFFICIENT_SOLUTION,PRESSURE_OUTPUT,OUTPUT_DEMAND,FITNESS
0.08487607443436629,24.865653732908974,12.6,212.33502856123053
