EMITTER_COEFFICIENT_SOLUTION,PRESSURE_OUTPUT,OUTPUT_DEMAND,FITNESS
0.05380628279942912,24.86737819580702,12.6,334.99988629379646
