EMITTER_COEFFICIENT_SOLUTION,PRESSURE_OUTPUT,OUTPUT_DEMAND,FITNESS
0.4360633549992351,24.846092766384515,12.6,41.20227401209737
