EMITTER_COEFFICIENT_SOLUTION,PRESSURE_OUTPUT,OUTPUT_DEMAND,FITNESS
0.43538391649558916,24.84613073292239,12.6,41.26682802880513
