EMITTER_COEFFICIENT_SOLUTION,PRESSURE_OUTPUT,OUTPUT_DEMAND,FITNESS
0.5793598529297089,24.83807492274699,12.6,30.970924195855993
