EMITTER_COEFFICIENT_SOLUTION,PRESSURE_OUTPUT,OUTPUT_DEMAND,FITNESS
0.6931173907846365,24.831694963048207,12.6,25.860970945111482
