EMITTER_COEFFICIENT_SOLUTION,PRESSURE_OUTPUT,OUTPUT_DEMAND,FITNESS
0.12139279611712561,24.86362567676435,12.6,148.42091979241016
