EMITTER_COEFFICIENT_SOLUTION,PRESSURE_OUTPUT,OUTPUT_DEMAND,FITNESS
0.33448557402741586,24.8517636147849,12.6,53.764433299089006
