EMITTER_COEFFICIENT_SOLUTION,PRESSURE_OUTPUT,OUTPUT_DEMAND,FITNESS
0.5157112870145698,24.84163882733371,12.6,34.81355447830497
