EMITTER_COEFFICIENT_SOLUTION,PRESSURE_OUTPUT,OUTPUT_DEMAND,FITNESS
0.5237493652543489,24.84118897537489,12.6,34.27674818701399
