EMITTER_COEFFICIENT_SOLUTION,PRESSURE_OUTPUT,OUTPUT_DEMAND,FITNESS
0.9651085885721394,24.816387406437237,12.6,18.526798965010247
