EMITTER_COEFFICIENT_SOLUTION,PRESSURE_OUTPUT,OUTPUT_DEMAND,FITNESS
0.9384646273605249,24.817890225674546,12.6,19.057403382582528
