EMITTER_COEFFICIENT_SOLUTION,PRESSURE_OUTPUT,OUTPUT_DEMAND,FITNESS
0.8020410491536928,24.82557378025151,12.6,22.326665771518904
