EMITTER_COEFFICIENT_SOLUTION,PRESSURE_OUTPUT,OUTPUT_DEMAND,FITNESS
0.020724634980930134,24.869213227024318,12.6,869.5316286944327
