EMITTER_COEFFICIENT_SOLUTION,PRESSURE_OUTPUT,OUTPUT_DEMAND,FITNESS
0.4819823874131771,24.843525749889466,12.6,37.26126489933208
