EMITTER_COEFFICIENT_SOLUTION,PRESSURE_OUTPUT,OUTPUT_DEMAND,FITNESS
0.5139303001361052,24.84173849154142,12.6,34.93476642599772
