EMITTER_COEFFICIENT_SOLUTION,PRESSURE_OUTPUT,OUTPUT_DEMAND,FITNESS
0.1491572236955513,24.862082783446674,12.6,120.7658292543021
