EMITTER_COEFFICIENT_SOLUTION,PRESSURE_OUTPUT,OUTPUT_DEMAND,FITNESS
0.2727840858893297,24.855203100652872,12.6,65.96231754735341
