EMITTER_COEFFICIENT_SOLUTION,PRESSURE_OUTPUT,OUTPUT_DEMAND,FITNESS
0.12107512415972244,24.863643325474307,12.6,148.81072021275807
