EMITTER_COEFFICIENT_SOLUTION,PRESSURE_OUTPUT,OUTPUT_DEMAND,FITNESS
0.3141006299272876,24.85290038454162,12.6,57.264300308044945
