EMITTER_COEFFICIENT_SOLUTION,PRESSURE_OUTPUT,OUTPUT_DEMAND,FITNESS
0.5268760624338088,24.841013971599764,12.6,34.07236306154278
