EMITTER_COEFFICIENT_SOLUTION,PRESSURE_OUTPUT,OUTPUT_DEMAND,FITNESS
0.3914030636158278,24.84858734674578,12.6,45.92227488461557
