EMITTER_COEFFICIENT_SOLUTION,PRESSURE_OUTPUT,OUTPUT_DEMAND,FITNESS
0.10831656209628282,24.86435205925222,12.6,166.3557977297949
