EMITTER_COEFFICIENT_SOLUTION,PRESSURE_OUTPUT,OUTPUT_DEMAND,FITNESS
0.8710915315059354,24.82168712031858,12.6,20.543941474747502
