EMITTER_COEFFICIENT_SOLUTION,PRESSURE_OUTPUT,OUTPUT_DEMAND,FITNESS
0.15899457783443782,24.861535922625578,12.6,113.28429636353758
