EMITTER_COEFFICIENT_SOLUTION,PRESSURE_OUTPUT,OUTPUT_DEMAND,FITNESS
0.5539044162961938,24.839500756956745,12.6,32.401766884969916
