EMITTER_COEFFICIENT_SOLUTION,PRESSURE_OUTPUT,OUTPUT_DEMAND,FITNESS
0.30502430601839514,24.853406390098904,12.6,58.97310828958827
