EMITTER_COEFFICIENT_SOLUTION,PRESSURE_OUTPUT,OUTPUT_DEMAND,FITNESS
0.7238682766776549,24.829968075640352,12.6,24.755419054889405
