EMITTER_COEFFICIENT_SOLUTION,PRESSURE_OUTPUT,OUTPUT_DEMAND,FITNESS
0.02218462199524429,24.869132265731928,12.6,812.3439133439417
