EMITTER_COEFFICIENT_SOLUTION,PRESSURE_OUTPUT,OUTPUT_DEMAND,FITNESS
0.7423736293374664,24.82892840171756,12.6,24.13426195201648
