EMITTER_COEFFICIENT_SOLUTION,PRESSURE_OUTPUT,OUTPUT_DEMAND,FITNESS
0.584602301508078,24.83778119569498,12.6,30.691721657279007
