EMITTER_COEFFICIENT_SOLUTION,PRESSURE_OUTPUT,OUTPUT_DEMAND,FITNESS
0.16650866563570432,24.861118145595952,12.6,108.16510408860061
