EMITTER_COEFFICIENT_SOLUTION,PRESSURE_OUTPUT,OUTPUT_DEMAND,FITNESS
0.422912503404682,24.846827542692047,12.6,42.48859299867362
