EMITTER_COEFFICIENT_SOLUTION,PRESSURE_OUTPUT,OUTPUT_DEMAND,FITNESS
0.36905166453444027,24.849835057446917,12.6,48.71344384814995
