EMITTER_COEFFICIENT_SOLUTION,PRESSURE_OUTPUT,OUTPUT_DEMAND,FITNESS
0.9172880497819448,24.819084152527388,12.6,19.50111509454746
