EMITTER_COEFFICIENT_SOLUTION,PRESSURE_OUTPUT,OUTPUT_DEMAND,FITNESS
0.5670633115821212,24.838763770833886,12.6,31.64606973511111
