EMITTER_COEFFICIENT_SOLUTION,PRESSURE_OUTPUT,OUTPUT_DEMAND,FITNESS
0.8667996856008345,24.82192883710602,12.6,20.646468026409448
