EMITTER_COEFFICIENT_SOLUTION,PRESSURE_OUTPUT,OUTPUT_DEMAND,FITNESS
0.38296513583329517,24.849058432981685,12.6,46.93769453469695
