EMITTER_COEFFICIENT_SOLUTION,PRESSURE_OUTPUT,OUTPUT_DEMAND,FITNESS
0.6371935969523711,24.834833029991565,12.6,28.14503811497785
