EMITTER_COEFFICIENT_SOLUTION,PRESSURE_OUTPUT,OUTPUT_DEMAND,FITNESS
0.7120660556137449,24.830630970364545,12.6,25.168439097514078
