EMITTER_COEFFICIENT_SOLUTION,PRESSURE_OUTPUT,OUTPUT_DEMAND,FITNESS
0.9217807650304176,24.818830892935082,12.6,19.405275457391927
