EMITTER_COEFFICIENT_SOLUTION,PRESSURE_OUTPUT,OUTPUT_DEMAND,FITNESS
0.3948542561973204,24.848394646996283,12.6,45.51946355309843
