EMITTER_COEFFICIENT_SOLUTION,PRESSURE_OUTPUT,OUTPUT_DEMAND,FITNESS
0.242138935363701,24.85690993038851,12.6,74.33097812997647
