EMITTER_COEFFICIENT_SOLUTION,PRESSURE_OUTPUT,OUTPUT_DEMAND,FITNESS
0.845765905233269,24.823113190176862,12.6,21.163984761867347
