EMITTER_COEFFICIENT_SOLUTION,PRESSURE_OUTPUT,OUTPUT_DEMAND,FITNESS
0.8146069043175003,24.824866842615954,12.6,21.979747107442005
