EMITTER_COEFFICIENT_SOLUTION,PRESSURE_OUTPUT,OUTPUT_DEMAND,FITNESS
0.4825592739590999,24.843493486434376,12.6,37.216524044647194
