EMITTER_COEFFICIENT_SOLUTION,PRESSURE_OUTPUT,OUTPUT_DEMAND,FITNESS
0.2569895408287729,24.856082923091947,12.6,70.02630293960289
