EMITTER_COEFFICIENT_SOLUTION,PRESSURE_OUTPUT,OUTPUT_DEMAND,FITNESS
0.3822831559748857,24.849096504468285,12.6,47.02172177824937
