EMITTER_COEFFICIENT_SOLUTION,PRESSURE_OUTPUT,OUTPUT_DEMAND,FITNESS
0.6328377024093922,24.835077319926945,12.6,28.339890435694723
