EMITTER_COEFFICIENT_SOLUTION,PRESSURE_OUTPUT,OUTPUT_DEMAND,FITNESS
0.16765107845227567,24.861054623303005,12.6,107.42698451180895
