EMITTER_COEFFICIENT_SOLUTION,PRESSURE_OUTPUT,OUTPUT_DEMAND,FITNESS
0.6933745263478951,24.83168052698688,12.6,25.851319857326313
