EMITTER_COEFFICIENT_SOLUTION,PRESSURE_OUTPUT,OUTPUT_DEMAND,FITNESS
0.0943680471776599,24.865126702468622,12.6,190.96473360949577
