EMITTER_COEFFICIENT_SOLUTION,PRESSURE_OUTPUT,OUTPUT_DEMAND,FITNESS
0.4864941069941632,24.84327341449687,12.6,36.91418532913556
