EMITTER_COEFFICIENT_SOLUTION,PRESSURE_OUTPUT,OUTPUT_DEMAND,FITNESS
0.31256626029480594,24.85298593166891,12.6,57.54620746128229
