EMITTER_COEFFICIENT_SOLUTION,PRESSURE_OUTPUT,OUTPUT_DEMAND,FITNESS
0.7747345155999125,24.827109456229756,12.6,23.119347853489785
