EMITTER_COEFFICIENT_SOLUTION,PRESSURE_OUTPUT,OUTPUT_DEMAND,FITNESS
0.3624800156164937,24.850201805894287,12.6,49.59956890937351
