EMITTER_COEFFICIENT_SOLUTION,PRESSURE_OUTPUT,OUTPUT_DEMAND,FITNESS
0.9717354005664828,24.81601351810677,12.6,18.39934753224084
