EMITTER_COEFFICIENT_SOLUTION,PRESSURE_OUTPUT,OUTPUT_DEMAND,FITNESS
0.29931276751766445,24.853724765355857,12.6,60.1015496533771
