EMITTER_COEFFICIENT_SOLUTION,PRESSURE_OUTPUT,OUTPUT_DEMAND,FITNESS
0.5138983054660887,24.841740281936815,12.6,34.93695162908066
