EMITTER_COEFFICIENT_SOLUTION,PRESSURE_OUTPUT,OUTPUT_DEMAND,FITNESS
0.8070525625883279,24.825291858618932,12.6,22.187012504195796
