EMITTER_COEFFICIENT_SOLUTION,PRESSURE_OUTPUT,OUTPUT_DEMAND,FITNESS
0.5317996533353043,24.84073837400362,12.6,33.75539111682603
