EMITTER_COEFFICIENT_SOLUTION,PRESSURE_OUTPUT,OUTPUT_DEMAND,FITNESS
0.8816635908942675,24.821091622371995,12.6,20.295647066246755
