EMITTER_COEFFICIENT_SOLUTION,PRESSURE_OUTPUT,OUTPUT_DEMAND,FITNESS
0.0787855982195268,24.865991850370627,12.6,228.7585621493321
