EMITTER_COEFFICIENT_SOLUTION,PRESSURE_OUTPUT,OUTPUT_DEMAND,FITNESS
0.605288176355858,24.83662192186081,12.6,29.637225904170307
