EMITTER_COEFFICIENT_SOLUTION,PRESSURE_OUTPUT,OUTPUT_DEMAND,FITNESS
0.02758274825845264,24.868832901973654,12.6,653.4369754239863
