EMITTER_COEFFICIENT_SOLUTION,PRESSURE_OUTPUT,OUTPUT_DEMAND,FITNESS
0.5466440254067563,24.839907311805206,12.6,32.83429620207784
