EMITTER_COEFFICIENT_SOLUTION,PRESSURE_OUTPUT,OUTPUT_DEMAND,FITNESS
0.722258992776991,24.830058472533658,12.6,24.810941301256516
