EMITTER_COEFFICIENT_SOLUTION,PRESSURE_OUTPUT,OUTPUT_DEMAND,FITNESS
0.865502200080393,24.822001907829126,12.6,20.677663431902072
