EMITTER_COEFFICIENT_SOLUTION,PRESSURE_OUTPUT,OUTPUT_DEMAND,FITNESS
0.15757390920377767,24.861614904084448,12.6,114.30704250838548
