EMITTER_COEFFICIENT_SOLUTION,PRESSURE_OUTPUT,OUTPUT_DEMAND,FITNESS
0.3847585164530197,24.848958315338123,12.6,46.71815232460621
