EMITTER_COEFFICIENT_SOLUTION,PRESSURE_OUTPUT,OUTPUT_DEMAND,FITNESS
0.8438281490941605,24.823222277249492,12.6,21.212959485081367
