EMITTER_COEFFICIENT_SOLUTION,PRESSURE_OUTPUT,OUTPUT_DEMAND,FITNESS
0.2219634111563814,24.85803311108282,12.6,81.10194599723252
