EMITTER_COEFFICIENT_SOLUTION,PRESSURE_OUTPUT,OUTPUT_DEMAND,FITNESS
0.30500037430992066,24.853407724181245,12.6,58.97774836290222
