EMITTER_COEFFICIENT_SOLUTION,PRESSURE_OUTPUT,OUTPUT_DEMAND,FITNESS
0.20146005257288635,24.859174113711198,12.6,89.37223190559548
