EMITTER_COEFFICIENT_SOLUTION,PRESSURE_OUTPUT,OUTPUT_DEMAND,FITNESS
0.3411047969875053,24.851394401085628,12.6,52.7179521471073
