EMITTER_COEFFICIENT_SOLUTION,PRESSURE_OUTPUT,OUTPUT_DEMAND,FITNESS
0.41552274093706176,24.847240352561236,12.6,43.24713523135671
