EMITTER_COEFFICIENT_SOLUTION,PRESSURE_OUTPUT,OUTPUT_DEMAND,FITNESS
0.2683794128409419,24.85544848518702,12.6,67.04755821257892
