EMITTER_COEFFICIENT_SOLUTION,PRESSURE_OUTPUT,OUTPUT_DEMAND,FITNESS
0.23069600673166224,24.857547014834594,12.6,78.02590336911436
