EMITTER_COEFFICIENT_SOLUTION,PRESSURE_OUTPUT,OUTPUT_DEMAND,FITNESS
0.37898440727939386,24.8492806502016,12.6,47.432432066013476
