EMITTER_COEFFICIENT_SOLUTION,PRESSURE_OUTPUT,OUTPUT_DEMAND,FITNESS
0.7005115634170537,24.831279813843736,12.6,25.586272590025374
