EMITTER_COEFFICIENT_SOLUTION,PRESSURE_OUTPUT,OUTPUT_DEMAND,FITNESS
0.3229411051709067,24.852407446320555,12.6,55.692233186347515
