EMITTER_COEFFICIENT_SOLUTION,PRESSURE_OUTPUT,OUTPUT_DEMAND,FITNESS
0.12999711098911992,24.863147612457595,12.6,138.58748056921283
