EMITTER_COEFFICIENT_SOLUTION,PRESSURE_OUTPUT,OUTPUT_DEMAND,FITNESS
0.36676497211624304,24.849962677453505,12.6,49.018180564480446
