EMITTER_COEFFICIENT_SOLUTION,PRESSURE_OUTPUT,OUTPUT_DEMAND,FITNESS
0.14292847909909379,24.862428989284417,12.6,126.0353462982661
