EMITTER_COEFFICIENT_SOLUTION,PRESSURE_OUTPUT,OUTPUT_DEMAND,FITNESS
0.35490407271041235,30.221616592111673,1.7,2.675993767812942
