EMITTER_COEFFICIENT_SOLUTION,PRESSURE_OUTPUT,OUTPUT_DEMAND,FITNESS
0.5705328962836748,29.975304700401335,1.7,1.612890635533059
