EMITTER_COEFFICIENT_SOLUTION,PRESSURE_OUTPUT,OUTPUT_DEMAND,FITNESS
0.04946128475248546,30.54570678988528,1.7,20.160172467467085
