EMITTER_COEFFICIENT_SOLUTION,PRESSURE_OUTPUT,OUTPUT_DEMAND,FITNESS
0.3257628256883315,30.25382022807719,1.7,2.92834933532404
