EMITTER_COEFFICIENT_SOLUTION,PRESSURE_OUTPUT,OUTPUT_DEMAND,FITNESS
0.6605661133578483,29.86840603195988,1.7,1.375698409412442
