EMITTER_COEFFICIENT_SOLUTION,PRESSURE_OUTPUT,OUTPUT_DEMAND,FITNESS
0.7244896123139252,29.79110906228629,1.7,1.243471034322924
