EMITTER_COEFFICIENT_SOLUTION,PRESSURE_OUTPUT,OUTPUT_DEMAND,FITNESS
0.3318108660961335,30.247158313359318,1.7,2.8723150259911603
