EMITTER_COEFFICIENT_SOLUTION,PRESSURE_OUTPUT,OUTPUT_DEMAND,FITNESS
0.03563165858842521,30.5596589492085,1.7,28.05002592848136
