EMITTER_COEFFICIENT_SOLUTION,PRESSURE_OUTPUT,OUTPUT_DEMAND,FITNESS
0.4995603990307381,30.05791186047635,1.7,1.8608193482069022
