EMITTER_COEFFICIENT_SOLUTION,PRESSURE_OUTPUT,OUTPUT_DEMAND,FITNESS
0.9654199505569468,29.48973507214155,1.7,0.9045071399036825
