EMITTER_COEFFICIENT_SOLUTION,PRESSURE_OUTPUT,OUTPUT_DEMAND,FITNESS
0.46368707798580877,30.09909877919171,1.7,2.0152727000287594
