EMITTER_COEFFICIENT_SOLUTION,PRESSURE_OUTPUT,OUTPUT_DEMAND,FITNESS
0.5111786160856612,30.044490677127538,1.7,1.815478857297234
