EMITTER_COEFFICIENT_SOLUTION,PRESSURE_OUTPUT,OUTPUT_DEMAND,FITNESS
0.5507181098170909,29.998516870259003,1.7,1.6756237977907131
