EMITTER_COEFFICIENT_SOLUTION,PRESSURE_OUTPUT,OUTPUT_DEMAND,FITNESS
0.283537777803203,30.300012345852874,1.7,3.3864189005025733
