EMITTER_COEFFICIENT_SOLUTION,PRESSURE_OUTPUT,OUTPUT_DEMAND,FITNESS
0.5968757451716554,29.944268672285265,1.7,1.536001884635622
