EMITTER_COEFFICIENT_SOLUTION,PRESSURE_OUTPUT,OUTPUT_DEMAND,FITNESS
0.4516901884971444,30.11278660088898,1.7,2.0724403311307698
