EMITTER_COEFFICIENT_SOLUTION,PRESSURE_OUTPUT,OUTPUT_DEMAND,FITNESS
0.9694173656486634,29.484605169913554,1.7,0.9003295807649866
