EMITTER_COEFFICIENT_SOLUTION,PRESSURE_OUTPUT,OUTPUT_DEMAND,FITNESS
0.4327632851114186,30.134293032848333,1.7,2.1691197260468034
