EMITTER_COEFFICIENT_SOLUTION,PRESSURE_OUTPUT,OUTPUT_DEMAND,FITNESS
0.3405113433831134,30.237554776702417,1.7,2.795210860061392
