EMITTER_COEFFICIENT_SOLUTION,PRESSURE_OUTPUT,OUTPUT_DEMAND,FITNESS
0.037529008092347715,30.557748377207478,1.7,26.623243848732915
