EMITTER_COEFFICIENT_SOLUTION,PRESSURE_OUTPUT,OUTPUT_DEMAND,FITNESS
0.7701033095858932,29.735256099619615,1.7,1.1627184461871347
