EMITTER_COEFFICIENT_SOLUTION,PRESSURE_OUTPUT,OUTPUT_DEMAND,FITNESS
0.24802887192287415,30.338422405985874,1.7,3.89276015434554
