EMITTER_COEFFICIENT_SOLUTION,PRESSURE_OUTPUT,OUTPUT_DEMAND,FITNESS
0.6026793731296566,29.937404080143203,1.7,1.5199752256267276
