EMITTER_COEFFICIENT_SOLUTION,PRESSURE_OUTPUT,OUTPUT_DEMAND,FITNESS
0.7270164836234555,29.788030038828726,1.7,1.238728344241905
