EMITTER_COEFFICIENT_SOLUTION,PRESSURE_OUTPUT,OUTPUT_DEMAND,FITNESS
0.24568243723086847,30.34094645248732,1.7,3.9313880375781527
