EMITTER_COEFFICIENT_SOLUTION,PRESSURE_OUTPUT,OUTPUT_DEMAND,FITNESS
0.693962028857097,29.82816651427548,1.7,1.3035378883524331
