EMITTER_COEFFICIENT_SOLUTION,PRESSURE_OUTPUT,OUTPUT_DEMAND,FITNESS
0.5404505693116474,30.010499266013586,1.7,1.7099562785442537
