EMITTER_COEFFICIENT_SOLUTION,PRESSURE_OUTPUT,OUTPUT_DEMAND,FITNESS
0.5692000606953779,29.976869634510738,1.7,1.6169719820750705
