EMITTER_COEFFICIENT_SOLUTION,PRESSURE_OUTPUT,OUTPUT_DEMAND,FITNESS
0.4096489927613435,30.160410165585063,1.7,2.2993824744468685
