EMITTER_COEFFICIENT_SOLUTION,PRESSURE_OUTPUT,OUTPUT_DEMAND,FITNESS
0.285700675387801,30.297659849831216,1.7,3.359654091902139
