EMITTER_COEFFICIENT_SOLUTION,PRESSURE_OUTPUT,OUTPUT_DEMAND,FITNESS
0.30217000718546794,30.27969853487379,1.7,3.1684573202885544
