EMITTER_COEFFICIENT_SOLUTION,PRESSURE_OUTPUT,OUTPUT_DEMAND,FITNESS
0.6797006829213593,29.84538883593756,1.7,1.3334743185457858
