EMITTER_COEFFICIENT_SOLUTION,PRESSURE_OUTPUT,OUTPUT_DEMAND,FITNESS
0.8690183650846347,29.612185544610334,1.7,1.0171656927781858
