EMITTER_COEFFICIENT_SOLUTION,PRESSURE_OUTPUT,OUTPUT_DEMAND,FITNESS
0.8392500231931858,29.649501125088765,1.7,1.0572965772836902
