EMITTER_COEFFICIENT_SOLUTION,PRESSURE_OUTPUT,OUTPUT_DEMAND,FITNESS
0.6642538794495626,29.86397803422036,1.7,1.367368959090899
