EMITTER_COEFFICIENT_SOLUTION,PRESSURE_OUTPUT,OUTPUT_DEMAND,FITNESS
0.2382116445375292,30.348971054833346,1.7,4.05945501676003
