EMITTER_COEFFICIENT_SOLUTION,PRESSURE_OUTPUT,OUTPUT_DEMAND,FITNESS
0.699809084151153,29.821088957963784,1.7,1.291621564992353
