EMITTER_COEFFICIENT_SOLUTION,PRESSURE_OUTPUT,OUTPUT_DEMAND,FITNESS
0.136262443501718,30.456682413259514,1.7,7.213595365506243
