EMITTER_COEFFICIENT_SOLUTION,PRESSURE_OUTPUT,OUTPUT_DEMAND,FITNESS
0.17396030186609635,30.41724617327103,1.7,5.61597827550187
