EMITTER_COEFFICIENT_SOLUTION,PRESSURE_OUTPUT,OUTPUT_DEMAND,FITNESS
0.6660799899073714,29.8617839489653,1.7,1.3632789530877525
