EMITTER_COEFFICIENT_SOLUTION,PRESSURE_OUTPUT,OUTPUT_DEMAND,FITNESS
0.11783978358424962,30.475785375767288,1.7,8.366509025572254
