EMITTER_COEFFICIENT_SOLUTION,PRESSURE_OUTPUT,OUTPUT_DEMAND,FITNESS
0.6489285498433782,29.882354252424147,1.7,1.4026125021156437
