EMITTER_COEFFICIENT_SOLUTION,PRESSURE_OUTPUT,OUTPUT_DEMAND,FITNESS
0.013653295398673104,30.581699093381825,1.7,73.47297394071775
