EMITTER_COEFFICIENT_SOLUTION,PRESSURE_OUTPUT,OUTPUT_DEMAND,FITNESS
0.0361604066944764,30.559126708115585,1.7,27.637416532778456
