EMITTER_COEFFICIENT_SOLUTION,PRESSURE_OUTPUT,OUTPUT_DEMAND,FITNESS
0.8346276241454523,29.65527414908981,1.7,1.0637897354934682
