EMITTER_COEFFICIENT_SOLUTION,PRESSURE_OUTPUT,OUTPUT_DEMAND,FITNESS
0.021323594536692192,30.574025762293793,1.7,46.98414009092655
