EMITTER_COEFFICIENT_SOLUTION,PRESSURE_OUTPUT,OUTPUT_DEMAND,FITNESS
0.2831506697687419,30.300433231959456,1.7,3.391252441301702
