EMITTER_COEFFICIENT_SOLUTION,PRESSURE_OUTPUT,OUTPUT_DEMAND,FITNESS
0.07039122868980174,30.524469846769748,1.7,14.116379566614901
