EMITTER_COEFFICIENT_SOLUTION,PRESSURE_OUTPUT,OUTPUT_DEMAND,FITNESS
0.9527687671491426,29.505943173689136,1.7,0.9179648195471589
