EMITTER_COEFFICIENT_SOLUTION,PRESSURE_OUTPUT,OUTPUT_DEMAND,FITNESS
0.8693181688697714,29.611808527162665,1.7,1.0167757702379068
