EMITTER_COEFFICIENT_SOLUTION,PRESSURE_OUTPUT,OUTPUT_DEMAND,FITNESS
0.8428493676345211,29.645001841916894,1.7,1.0522907494799767
