EMITTER_COEFFICIENT_SOLUTION,PRESSURE_OUTPUT,OUTPUT_DEMAND,FITNESS
0.33917329462580403,30.23903323797157,1.7,2.8068103152330024
