EMITTER_COEFFICIENT_SOLUTION,PRESSURE_OUTPUT,OUTPUT_DEMAND,FITNESS
0.8498831664846945,29.63619935892005,1.7,1.0426330775968033
