EMITTER_COEFFICIENT_SOLUTION,PRESSURE_OUTPUT,OUTPUT_DEMAND,FITNESS
0.19055938139804074,30.39973506427039,1.7,5.113141658964017
