EMITTER_COEFFICIENT_SOLUTION,PRESSURE_OUTPUT,OUTPUT_DEMAND,FITNESS
0.8924948535662637,29.582590495938977,1.7,0.9874406981145883
