EMITTER_COEFFICIENT_SOLUTION,PRESSURE_OUTPUT,OUTPUT_DEMAND,FITNESS
0.5879548100785189,29.9548014673724,1.7,1.5612605719061925
