EMITTER_COEFFICIENT_SOLUTION,PRESSURE_OUTPUT,OUTPUT_DEMAND,FITNESS
0.2747371683531211,30.309569190611995,1.7,3.4996807474027145
