EMITTER_COEFFICIENT_SOLUTION,PRESSURE_OUTPUT,OUTPUT_DEMAND,FITNESS
0.5611019605119439,29.986366800894103,1.7,1.6421905304890303
