EMITTER_COEFFICIENT_SOLUTION,PRESSURE_OUTPUT,OUTPUT_DEMAND,FITNESS
0.5808248324177862,29.96320313819103,1.7,1.5820121373812712
