EMITTER_COEFFICIENT_SOLUTION,PRESSURE_OUTPUT,OUTPUT_DEMAND,FITNESS
0.9606213713871886,29.495887661184064,1.7,0.9095689463170052
