EMITTER_COEFFICIENT_SOLUTION,PRESSURE_OUTPUT,OUTPUT_DEMAND,FITNESS
0.05800410437573189,30.537056366747223,1.7,17.16644676597921
