EMITTER_COEFFICIENT_SOLUTION,PRESSURE_OUTPUT,OUTPUT_DEMAND,FITNESS
0.9071933556707296,29.563986977943227,1.7,0.9696287433775774
