EMITTER_COEFFICIENT_SOLUTION,PRESSURE_OUTPUT,OUTPUT_DEMAND,FITNESS
0.9945478404553775,29.45226091808419,1.7,0.8748534232964534
