EMITTER_COEFFICIENT_SOLUTION,PRESSURE_OUTPUT,OUTPUT_DEMAND,FITNESS
0.4818130145162721,30.078336240148467,1.7,1.934335873856502
