EMITTER_COEFFICIENT_SOLUTION,PRESSURE_OUTPUT,OUTPUT_DEMAND,FITNESS
0.041711386157172625,30.553533129881973,1.7,23.936953745396227
