EMITTER_COEFFICIENT_SOLUTION,PRESSURE_OUTPUT,OUTPUT_DEMAND,FITNESS
0.4028457901044137,30.168066309253927,1.7,2.3405871122301636
