EMITTER_COEFFICIENT_SOLUTION,PRESSURE_OUTPUT,OUTPUT_DEMAND,FITNESS
0.5224535781451113,30.031427801538417,1.7,1.773421502316457
