EMITTER_COEFFICIENT_SOLUTION,PRESSURE_OUTPUT,OUTPUT_DEMAND,FITNESS
0.3524989233526902,30.22428446568086,1.7,2.695235629174635
