EMITTER_COEFFICIENT_SOLUTION,PRESSURE_OUTPUT,OUTPUT_DEMAND,FITNESS
0.5997606005425961,29.940857650347535,1.7,1.5279961989517652
