EMITTER_COEFFICIENT_SOLUTION,PRESSURE_OUTPUT,OUTPUT_DEMAND,FITNESS
0.16781186502747236,30.423709748895277,1.7,5.827512916799971
