EMITTER_COEFFICIENT_SOLUTION,PRESSURE_OUTPUT,OUTPUT_DEMAND,FITNESS
0.170474376167156,30.42091227848559,1.7,5.734034987203264
