EMITTER_COEFFICIENT_SOLUTION,PRESSURE_OUTPUT,OUTPUT_DEMAND,FITNESS
0.6722020234540526,29.854421394983003,1.7,1.3497314088995427
