EMITTER_COEFFICIENT_SOLUTION,PRESSURE_OUTPUT,OUTPUT_DEMAND,FITNESS
0.9853179413828465,29.4641591314999,1.7,0.8840557297787186
