EMITTER_COEFFICIENT_SOLUTION,PRESSURE_OUTPUT,OUTPUT_DEMAND,FITNESS
0.5570490020487476,29.99111278266059,1.7,1.6550899812363487
