EMITTER_COEFFICIENT_SOLUTION,PRESSURE_OUTPUT,OUTPUT_DEMAND,FITNESS
0.5541021406790215,29.994560519814147,1.7,1.6645886487792303
