EMITTER_COEFFICIENT_SOLUTION,PRESSURE_OUTPUT,OUTPUT_DEMAND,FITNESS
0.3580730236948396,30.218098752459596,1.7,2.6510376496621215
