EMITTER_COEFFICIENT_SOLUTION,PRESSURE_OUTPUT,OUTPUT_DEMAND,FITNESS
0.3286087897583384,30.250686818801753,1.7,2.90172393774903
