EMITTER_COEFFICIENT_SOLUTION,PRESSURE_OUTPUT,OUTPUT_DEMAND,FITNESS
0.0559604966494297,30.53912793991183,1.7,17.799421802423343
