EMITTER_COEFFICIENT_SOLUTION,PRESSURE_OUTPUT,OUTPUT_DEMAND,FITNESS
0.19781370944665555,30.392054158493337,1.7,4.9199189310390805
