EMITTER_COEFFICIENT_SOLUTION,PRESSURE_OUTPUT,OUTPUT_DEMAND,FITNESS
0.7568591050317347,29.75153251525288,1.7,1.1851472255167592
