EMITTER_COEFFICIENT_SOLUTION,PRESSURE_OUTPUT,OUTPUT_DEMAND,FITNESS
0.8467888133947316,29.640073436804723,1.7,1.0468616046946
