EMITTER_COEFFICIENT_SOLUTION,PRESSURE_OUTPUT,OUTPUT_DEMAND,FITNESS
0.702137574033629,29.818267773075586,1.7,1.2869321089104844
