EMITTER_COEFFICIENT_SOLUTION,PRESSURE_OUTPUT,OUTPUT_DEMAND,FITNESS
0.22578652543379174,30.362277777077864,1.7,4.291260499679075
