EMITTER_COEFFICIENT_SOLUTION,PRESSURE_OUTPUT,OUTPUT_DEMAND,FITNESS
0.7203995594936222,29.7960890756275,1.7,1.2512192122228891
