EMITTER_COEFFICIENT_SOLUTION,PRESSURE_OUTPUT,OUTPUT_DEMAND,FITNESS
0.45036725607683736,30.114293347175106,1.7,2.0789320913205858
