EMITTER_COEFFICIENT_SOLUTION,PRESSURE_OUTPUT,OUTPUT_DEMAND,FITNESS
0.6083667342445848,29.93066758487302,1.7,1.5045694784615302
