EMITTER_COEFFICIENT_SOLUTION,PRESSURE_OUTPUT,OUTPUT_DEMAND,FITNESS
0.38632730259746995,30.18659693291923,1.7,2.44670700715463
