EMITTER_COEFFICIENT_SOLUTION,PRESSURE_OUTPUT,OUTPUT_DEMAND,FITNESS
0.5699949474525697,29.975936389301783,1.7,1.6145355972346176
