EMITTER_COEFFICIENT_SOLUTION,PRESSURE_OUTPUT,OUTPUT_DEMAND,FITNESS
0.7357508507883374,29.77737344056109,1.7,1.2225893936146934
