EMITTER_COEFFICIENT_SOLUTION,PRESSURE_OUTPUT,OUTPUT_DEMAND,FITNESS
0.1968137712401833,30.39311390590255,1.7,4.94570520164951
