EMITTER_COEFFICIENT_SOLUTION,PRESSURE_OUTPUT,OUTPUT_DEMAND,FITNESS
0.7663556755629407,29.739866632682233,1.7,1.1689850851316215
