EMITTER_COEFFICIENT_SOLUTION,PRESSURE_OUTPUT,OUTPUT_DEMAND,FITNESS
0.36273155088807296,30.212921707219355,1.7,2.6151459693723744
