EMITTER_COEFFICIENT_SOLUTION,PRESSURE_OUTPUT,OUTPUT_DEMAND,FITNESS
0.9900972450036135,29.45800088200462,1.7,0.8792687832336742
