EMITTER_COEFFICIENT_SOLUTION,PRESSURE_OUTPUT,OUTPUT_DEMAND,FITNESS
0.9280966776965797,29.537432350169716,1.7,0.9452893109718116
