EMITTER_COEFFICIENT_SOLUTION,PRESSURE_OUTPUT,OUTPUT_DEMAND,FITNESS
0.3478444800401287,30.229442247204197,1.7,2.733231473016376
