EMITTER_COEFFICIENT_SOLUTION,PRESSURE_OUTPUT,OUTPUT_DEMAND,FITNESS
0.5547018173392139,29.993859122346873,1.7,1.6626474442713155
