EMITTER_COEFFICIENT_SOLUTION,PRESSURE_OUTPUT,OUTPUT_DEMAND,FITNESS
0.11884733598439257,30.474743502957374,1.7,8.294209740704618
