EMITTER_COEFFICIENT_SOLUTION,PRESSURE_OUTPUT,OUTPUT_DEMAND,FITNESS
0.38955133784403106,30.182986733280835,1.7,2.4252842272221575
