EMITTER_COEFFICIENT_SOLUTION,PRESSURE_OUTPUT,OUTPUT_DEMAND,FITNESS
0.8741776429309175,29.60569417292654,1.7,1.0104936050210835
