EMITTER_COEFFICIENT_SOLUTION,PRESSURE_OUTPUT,OUTPUT_DEMAND,FITNESS
0.5102902313514263,30.04551833821764,1.7,1.81887232189802
