EMITTER_COEFFICIENT_SOLUTION,PRESSURE_OUTPUT,OUTPUT_DEMAND,FITNESS
0.9581392925760713,29.499067768889976,1.7,0.9122075314276075
