EMITTER_COEFFICIENT_SOLUTION,PRESSURE_OUTPUT,OUTPUT_DEMAND,FITNESS
0.5074323886385689,30.048822633000732,1.7,1.8298700059154056
