EMITTER_COEFFICIENT_SOLUTION,PRESSURE_OUTPUT,OUTPUT_DEMAND,FITNESS
0.009786740671450578,30.58555937620689,1.7,102.56237811378841
