EMITTER_COEFFICIENT_SOLUTION,PRESSURE_OUTPUT,OUTPUT_DEMAND,FITNESS
0.7480969456513503,29.762274183414316,1.7,1.200429239798822
