EMITTER_COEFFICIENT_SOLUTION,PRESSURE_OUTPUT,OUTPUT_DEMAND,FITNESS
0.9886678236818686,29.459843340175173,1.7,0.8806955240330319
