EMITTER_COEFFICIENT_SOLUTION,PRESSURE_OUTPUT,OUTPUT_DEMAND,FITNESS
0.15003048403294617,30.442333256264234,1.7,6.536960989396049
