EMITTER_COEFFICIENT_SOLUTION,PRESSURE_OUTPUT,OUTPUT_DEMAND,FITNESS
0.3378340636961029,30.240512746625065,1.7,2.8185147619078617
