EMITTER_COEFFICIENT_SOLUTION,PRESSURE_OUTPUT,OUTPUT_DEMAND,FITNESS
0.9504776547497081,29.508874005403214,1.7,0.9204411748572677
