EMITTER_COEFFICIENT_SOLUTION,PRESSURE_OUTPUT,OUTPUT_DEMAND,FITNESS
0.2097301387861944,30.37940016702365,1.7,4.631572893596268
