EMITTER_COEFFICIENT_SOLUTION,PRESSURE_OUTPUT,OUTPUT_DEMAND,FITNESS
0.17516935789927268,30.415973702184044,1.7,5.576130300539515
