EMITTER_COEFFICIENT_SOLUTION,PRESSURE_OUTPUT,OUTPUT_DEMAND,FITNESS
0.49385764486686845,30.064484929550247,1.7,1.88386141118928
