EMITTER_COEFFICIENT_SOLUTION,PRESSURE_OUTPUT,OUTPUT_DEMAND,FITNESS
0.5751514960359799,29.96987782307338,1.7,1.5988955671929101
