EMITTER_COEFFICIENT_SOLUTION,PRESSURE_OUTPUT,OUTPUT_DEMAND,FITNESS
0.33088036082331296,30.24818400613071,1.7,2.880802194092256
