EMITTER_COEFFICIENT_SOLUTION,PRESSURE_OUTPUT,OUTPUT_DEMAND,FITNESS
0.07050144177086926,30.52435762959539,1.7,14.094053173781091
