EMITTER_COEFFICIENT_SOLUTION,PRESSURE_OUTPUT,OUTPUT_DEMAND,FITNESS
0.2050700151364101,30.38435417280977,1.7,4.740339213240379
