EMITTER_COEFFICIENT_SOLUTION,PRESSURE_OUTPUT,OUTPUT_DEMAND,FITNESS
0.07753096520261338,30.517191916301588,1.7,12.80120862439298
