EMITTER_COEFFICIENT_SOLUTION,PRESSURE_OUTPUT,OUTPUT_DEMAND,FITNESS
0.5813314633215886,29.962606631910386,1.7,1.5805206313936615
