EMITTER_COEFFICIENT_SOLUTION,PRESSURE_OUTPUT,OUTPUT_DEMAND,FITNESS
0.8014836740571217,29.696499506037124,1.7,1.1125821497953077
