EMITTER_COEFFICIENT_SOLUTION,PRESSURE_OUTPUT,OUTPUT_DEMAND,FITNESS
0.7962392933587893,29.702995324364917,1.7,1.1206814621138228
