EMITTER_COEFFICIENT_SOLUTION,PRESSURE_OUTPUT,OUTPUT_DEMAND,FITNESS
0.957062980807658,29.500446273510573,1.7,0.9133560605045643
