EMITTER_COEFFICIENT_SOLUTION,PRESSURE_OUTPUT,OUTPUT_DEMAND,FITNESS
0.3498521547294301,30.227218282480997,1.7,2.7167176051919038
