EMITTER_COEFFICIENT_SOLUTION,PRESSURE_OUTPUT,OUTPUT_DEMAND,FITNESS
0.13371228099490529,30.459333395736184,1.7,7.354231173291202
