EMITTER_COEFFICIENT_SOLUTION,PRESSURE_OUTPUT,OUTPUT_DEMAND,FITNESS
0.41343853673642117,30.15613939723749,1.7,2.2770218243673175
