EMITTER_COEFFICIENT_SOLUTION,PRESSURE_OUTPUT,OUTPUT_DEMAND,FITNESS
0.584845123541193,29.958467885017562,1.7,1.5702490437869034
