EMITTER_COEFFICIENT_SOLUTION,PRESSURE_OUTPUT,OUTPUT_DEMAND,FITNESS
0.030312418329204838,30.56500809140798,1.7,33.00172242050117
