EMITTER_COEFFICIENT_SOLUTION,PRESSURE_OUTPUT,OUTPUT_DEMAND,FITNESS
0.051532693756999426,30.54361153593102,1.7,19.343106475710638
