EMITTER_COEFFICIENT_SOLUTION,PRESSURE_OUTPUT,OUTPUT_DEMAND,FITNESS
0.8867798990845234,29.589808365343902,1.7,0.9945289225570346
