EMITTER_COEFFICIENT_SOLUTION,PRESSURE_OUTPUT,OUTPUT_DEMAND,FITNESS
0.2824478493136603,30.3011972579669,1.7,3.400062019207871
