EMITTER_COEFFICIENT_SOLUTION,PRESSURE_OUTPUT,OUTPUT_DEMAND,FITNESS
0.3253281360314283,30.25429859958876,1.7,2.93245723548609
