EMITTER_COEFFICIENT_SOLUTION,PRESSURE_OUTPUT,OUTPUT_DEMAND,FITNESS
0.5666666185323056,29.979842821062118,1.7,1.6247832238563717
