EMITTER_COEFFICIENT_SOLUTION,PRESSURE_OUTPUT,OUTPUT_DEMAND,FITNESS
0.3216215131107082,30.25837530646244,1.7,2.9679382503956924
