EMITTER_COEFFICIENT_SOLUTION,PRESSURE_OUTPUT,OUTPUT_DEMAND,FITNESS
0.28318008161759967,30.300401255365564,1.7,3.39088473138069
