EMITTER_COEFFICIENT_SOLUTION,PRESSURE_OUTPUT,OUTPUT_DEMAND,FITNESS
0.1549365120427476,30.437205177683605,1.7,6.32493616534142
