EMITTER_COEFFICIENT_SOLUTION,PRESSURE_OUTPUT,OUTPUT_DEMAND,FITNESS
0.11169489023913337,30.482132339227253,1.7,8.835701819212868
