EMITTER_COEFFICIENT_SOLUTION,PRESSURE_OUTPUT,OUTPUT_DEMAND,FITNESS
0.05764494216037852,30.53742054512217,1.7,17.274440499242623
