EMITTER_COEFFICIENT_SOLUTION,PRESSURE_OUTPUT,OUTPUT_DEMAND,FITNESS
0.6383044750966037,29.895054107739725,1.7,1.4280503281095478
