EMITTER_COEFFICIENT_SOLUTION,PRESSURE_OUTPUT,OUTPUT_DEMAND,FITNESS
0.4851794475676837,30.074468960916395,1.7,1.9199732891209487
