EMITTER_COEFFICIENT_SOLUTION,PRESSURE_OUTPUT,OUTPUT_DEMAND,FITNESS
0.3079055137287562,30.27342344163122,1.7,3.106688995368602
