EMITTER_COEFFICIENT_SOLUTION,PRESSURE_OUTPUT,OUTPUT_DEMAND,FITNESS
0.11094256121439294,30.48290855214265,1.7,8.896718950742198
