EMITTER_COEFFICIENT_SOLUTION,PRESSURE_OUTPUT,OUTPUT_DEMAND,FITNESS
0.31124492879898547,30.26976511242462,1.7,3.071777351611293
