EMITTER_COEFFICIENT_SOLUTION,PRESSURE_OUTPUT,OUTPUT_DEMAND,FITNESS
0.8159103868283174,29.67859168901709,1.7,1.0908481805768817
