EMITTER_COEFFICIENT_SOLUTION,PRESSURE_OUTPUT,OUTPUT_DEMAND,FITNESS
0.7295315996649298,29.784963576364866,1.7,1.2340408229357709
