EMITTER_COEFFICIENT_SOLUTION,PRESSURE_OUTPUT,OUTPUT_DEMAND,FITNESS
0.5166059766320265,30.03820737056752,1.7,1.795002882087194
