EMITTER_COEFFICIENT_SOLUTION,PRESSURE_OUTPUT,OUTPUT_DEMAND,FITNESS
0.7939454716502244,29.705834154747844,1.7,1.1242582048056162
