EMITTER_COEFFICIENT_SOLUTION,PRESSURE_OUTPUT,OUTPUT_DEMAND,FITNESS
0.9398808752550095,29.522411858503812,1.7,0.9320553274705475
