EMITTER_COEFFICIENT_SOLUTION,PRESSURE_OUTPUT,OUTPUT_DEMAND,FITNESS
0.6939523572594722,29.828178213293278,1.7,1.303557767755635
