EMITTER_COEFFICIENT_SOLUTION,PRESSURE_OUTPUT,OUTPUT_DEMAND,FITNESS
0.2700445752963193,30.3146550146253,1.7,3.563099501657187
