EMITTER_COEFFICIENT_SOLUTION,PRESSURE_OUTPUT,OUTPUT_DEMAND,FITNESS
0.32373807577822145,28.658632708376345,1.2,4.300242246552856
