EMITTER_COEFFICIENT_SOLUTION,PRESSURE_OUTPUT,OUTPUT_DEMAND,FITNESS
0.1475950019893314,28.859021930948096,1.2,2.309819502090847
