EMITTER_COEFFICIENT_SOLUTION,PRESSURE_OUTPUT,OUTPUT_DEMAND,FITNESS
0.004224729652932191,28.996627149075906,1.2,1.7527270871900202
