EMITTER_COEFFICIENT_SOLUTION,PRESSURE_OUTPUT,OUTPUT_DEMAND,FITNESS
0.2261473364888139,28.773774399981292,1.2,2.8761523308204104
