EMITTER_COEFFICIENT_SOLUTION,PRESSURE_OUTPUT,OUTPUT_DEMAND,FITNESS
0.5449381076928811,28.361975606182952,1.2,15.597202030319734
