EMITTER_COEFFICIENT_SOLUTION,PRESSURE_OUTPUT,OUTPUT_DEMAND,FITNESS
0.3284790277743044,26.97404241750535,1.2,0.6886828225196417
