EMITTER_COEFFICIENT_SOLUTION,PRESSURE_OUTPUT,OUTPUT_DEMAND,FITNESS
0.22510120006283774,28.774953915220294,1.2,2.8664280724651783
