EMITTER_COEFFICIENT_SOLUTION,PRESSURE_OUTPUT,OUTPUT_DEMAND,FITNESS
0.07608283783585168,28.930636322996023,1.2,1.9819694161433694
