EMITTER_COEFFICIENT_SOLUTION,PRESSURE_OUTPUT,OUTPUT_DEMAND,FITNESS
0.10895605913107997,28.89843908468491,1.2,2.1170678610259044
