EMITTER_COEFFICIENT_SOLUTION,PRESSURE_OUTPUT,OUTPUT_DEMAND,FITNESS
0.13819005596851752,28.868771162819876,1.2,2.258950277797611
