EMITTER_COEFFICIENT_SOLUTION,PRESSURE_OUTPUT,OUTPUT_DEMAND,FITNESS
0.05173982265115429,27.5174142899818,1.2,1.100503020591643
