EMITTER_COEFFICIENT_SOLUTION,PRESSURE_OUTPUT,OUTPUT_DEMAND,FITNESS
0.2557932826360737,28.739860812619128,1.2,3.1870159133362117
