EMITTER_COEFFICIENT_SOLUTION,PRESSURE_OUTPUT,OUTPUT_DEMAND,FITNESS
0.4484323028875691,28.497289315379277,1.2,14.044619179302977
