EMITTER_COEFFICIENT_SOLUTION,PRESSURE_OUTPUT,OUTPUT_DEMAND,FITNESS
0.720958417287724,28.093067165445852,1.2,3.0028000737045075
