EMITTER_COEFFICIENT_SOLUTION,PRESSURE_OUTPUT,OUTPUT_DEMAND,FITNESS
0.4864594217043582,28.445031903076355,1.2,52.786511573996236
