EMITTER_COEFFICIENT_SOLUTION,PRESSURE_OUTPUT,OUTPUT_DEMAND,FITNESS
0.33405477398823946,28.64587952773566,1.2,4.5497590695715875
