EMITTER_COEFFICIENT_SOLUTION,PRESSURE_OUTPUT,OUTPUT_DEMAND,FITNESS
0.21156585513328385,28.790108419796503,1.2,2.7470961461468835
