EMITTER_COEFFICIENT_SOLUTION,PRESSURE_OUTPUT,OUTPUT_DEMAND,FITNESS
0.17162633320542364,28.833662830189,1.2,2.4535351922307354
