EMITTER_COEFFICIENT_SOLUTION,PRESSURE_OUTPUT,OUTPUT_DEMAND,FITNESS
0.9135089012202265,27.768479021782046,1.2,1.520656642844719
