EMITTER_COEFFICIENT_SOLUTION,PRESSURE_OUTPUT,OUTPUT_DEMAND,FITNESS
0.4516142358357098,26.71650709541494,1.2,0.5849381101000376
