EMITTER_COEFFICIENT_SOLUTION,PRESSURE_OUTPUT,OUTPUT_DEMAND,FITNESS
0.3519553129332115,28.62349274899465,1.2,5.065725780886283
