EMITTER_COEFFICIENT_SOLUTION,PRESSURE_OUTPUT,OUTPUT_DEMAND,FITNESS
0.17525695199705116,28.829775943777804,1.2,2.4771588969750478
