EMITTER_COEFFICIENT_SOLUTION,PRESSURE_OUTPUT,OUTPUT_DEMAND,FITNESS
0.3097506525661625,28.67574831055515,1.2,4.005437125164847
