EMITTER_COEFFICIENT_SOLUTION,PRESSURE_OUTPUT,OUTPUT_DEMAND,FITNESS
0.18837089043735178,27.255591760265073,1.2,0.8543372799133813
