EMITTER_COEFFICIENT_SOLUTION,PRESSURE_OUTPUT,OUTPUT_DEMAND,FITNESS
0.029022419150263268,27.55965732041575,1.2,1.154158199366557
