EMITTER_COEFFICIENT_SOLUTION,PRESSURE_OUTPUT,OUTPUT_DEMAND,FITNESS
0.16752021720526844,28.83804122321179,1.2,2.427458122928915
