EMITTER_COEFFICIENT_SOLUTION,PRESSURE_OUTPUT,OUTPUT_DEMAND,FITNESS
0.400014460252482,26.82552718341299,1.2,0.624780356052393
