EMITTER_COEFFICIENT_SOLUTION,PRESSURE_OUTPUT,OUTPUT_DEMAND,FITNESS
0.2852469067016067,28.705242420568958,1.2,3.5822424533556863
