EMITTER_COEFFICIENT_SOLUTION,PRESSURE_OUTPUT,OUTPUT_DEMAND,FITNESS
0.36918651022090343,28.601635128483622,1.2,5.696465254027201
