EMITTER_COEFFICIENT_SOLUTION,PRESSURE_OUTPUT,OUTPUT_DEMAND,FITNESS
0.6901540376454934,28.142113334178397,1.2,3.5214201864322017
