EMITTER_COEFFICIENT_SOLUTION,PRESSURE_OUTPUT,OUTPUT_DEMAND,FITNESS
0.19680152359906977,28.80641232901889,1.2,2.629332532660387
