EMITTER_COEFFICIENT_SOLUTION,PRESSURE_OUTPUT,OUTPUT_DEMAND,FITNESS
0.09116731723927796,27.443210371747732,1.2,1.017418926404996
