EMITTER_COEFFICIENT_SOLUTION,PRESSURE_OUTPUT,OUTPUT_DEMAND,FITNESS
0.24564008482138144,28.751581386518794,1.2,3.0722559238515337
