EMITTER_COEFFICIENT_SOLUTION,PRESSURE_OUTPUT,OUTPUT_DEMAND,FITNESS
0.09519104802745837,28.91207201481069,1.2,2.0576794496399238
