EMITTER_COEFFICIENT_SOLUTION,PRESSURE_OUTPUT,OUTPUT_DEMAND,FITNESS
0.5431542609797352,28.364556767660297,1.2,16.251468215891222
