EMITTER_COEFFICIENT_SOLUTION,PRESSURE_OUTPUT,OUTPUT_DEMAND,FITNESS
0.5108678960274114,28.41075821664782,1.2,65.22539015311358
