EMITTER_COEFFICIENT_SOLUTION,PRESSURE_OUTPUT,OUTPUT_DEMAND,FITNESS
0.19965997315763373,28.803274339295086,1.2,2.651207161672279
