EMITTER_COEFFICIENT_SOLUTION,PRESSURE_OUTPUT,OUTPUT_DEMAND,FITNESS
0.42906056578586327,26.76434960849298,1.2,0.6017788361783217
