EMITTER_COEFFICIENT_SOLUTION,PRESSURE_OUTPUT,OUTPUT_DEMAND,FITNESS
0.21444405285352153,28.786902508430593,1.2,2.7715046399509813
