EMITTER_COEFFICIENT_SOLUTION,PRESSURE_OUTPUT,OUTPUT_DEMAND,FITNESS
0.3486198491633553,28.62768893631138,1.2,4.9602862932389264
