EMITTER_COEFFICIENT_SOLUTION,PRESSURE_OUTPUT,OUTPUT_DEMAND,FITNESS
0.22463842855459237,27.183938631240206,1.2,0.8050550771391216
