EMITTER_COEFFICIENT_SOLUTION,PRESSURE_OUTPUT,OUTPUT_DEMAND,FITNESS
0.592632664204472,28.29187049145724,1.2,7.450500099056862
