EMITTER_COEFFICIENT_SOLUTION,PRESSURE_OUTPUT,OUTPUT_DEMAND,FITNESS
0.7413349207236862,28.060175136134305,1.2,2.732878605684974
