EMITTER_COEFFICIENT_SOLUTION,PRESSURE_OUTPUT,OUTPUT_DEMAND,FITNESS
0.2257501220354654,27.181728466280546,1.2,0.8036251832165596
