EMITTER_COEFFICIENT_SOLUTION,PRESSURE_OUTPUT,OUTPUT_DEMAND,FITNESS
0.29601507995033194,28.692358347856143,1.2,3.7555768683394235
