EMITTER_COEFFICIENT_SOLUTION,PRESSURE_OUTPUT,OUTPUT_DEMAND,FITNESS
0.3219527613956493,28.66082854290422,1.2,4.2600165275716115
