EMITTER_COEFFICIENT_SOLUTION,PRESSURE_OUTPUT,OUTPUT_DEMAND,FITNESS
0.8043007869035684,27.95631643321509,1.2,2.1286866142249816
