EMITTER_COEFFICIENT_SOLUTION,PRESSURE_OUTPUT,OUTPUT_DEMAND,FITNESS
0.025503623838358802,27.566166651587537,1.2,1.1628947929766829
