EMITTER_COEFFICIENT_SOLUTION,PRESSURE_OUTPUT,OUTPUT_DEMAND,FITNESS
0.08325824637345125,27.458185027291773,1.2,1.033159627814043
