EMITTER_COEFFICIENT_SOLUTION,PRESSURE_OUTPUT,OUTPUT_DEMAND,FITNESS
0.056434906666930185,28.949283862430086,1.2,1.9113288928546441
