EMITTER_COEFFICIENT_SOLUTION,PRESSURE_OUTPUT,OUTPUT_DEMAND,FITNESS
0.49313588717212864,28.435713422442262,1.2,103.88797798137173
