EMITTER_COEFFICIENT_SOLUTION,PRESSURE_OUTPUT,OUTPUT_DEMAND,FITNESS
0.4665004641740147,26.684769073623574,1.2,0.5742767887282463
