EMITTER_COEFFICIENT_SOLUTION,PRESSURE_OUTPUT,OUTPUT_DEMAND,FITNESS
0.2597836535634821,27.113674089837954,1.2,0.7619537709131858
