EMITTER_COEFFICIENT_SOLUTION,PRESSURE_OUTPUT,OUTPUT_DEMAND,FITNESS
0.03582344902955825,28.9683601569282,1.2,1.844091344031063
