EMITTER_COEFFICIENT_SOLUTION,PRESSURE_OUTPUT,OUTPUT_DEMAND,FITNESS
0.39811667226782765,28.564264636867087,1.2,7.2370961653867285
