EMITTER_COEFFICIENT_SOLUTION,PRESSURE_OUTPUT,OUTPUT_DEMAND,FITNESS
0.5640608313841932,28.33411977641046,1.2,10.873123425392334
