EMITTER_COEFFICIENT_SOLUTION,PRESSURE_OUTPUT,OUTPUT_DEMAND,FITNESS
0.2731653552720755,28.719553212600772,1.2,3.407555073596591
