EMITTER_COEFFICIENT_SOLUTION,PRESSURE_OUTPUT,OUTPUT_DEMAND,FITNESS
0.07412243708394406,28.932517068353988,1.2,1.9746089039215966
