EMITTER_COEFFICIENT_SOLUTION,PRESSURE_OUTPUT,OUTPUT_DEMAND,FITNESS
0.12449508165437351,27.379622209584888,1.2,0.9555958863658424
