EMITTER_COEFFICIENT_SOLUTION,PRESSURE_OUTPUT,OUTPUT_DEMAND,FITNESS
0.014241577789125603,27.58693854530953,1.2,1.1916804626260913
