EMITTER_COEFFICIENT_SOLUTION,PRESSURE_OUTPUT,OUTPUT_DEMAND,FITNESS
0.9446613110253975,27.713164724933364,1.2,1.402672199212544
