EMITTER_COEFFICIENT_SOLUTION,PRESSURE_OUTPUT,OUTPUT_DEMAND,FITNESS
0.4479495029853101,28.497943780508223,1.2,13.916700852174255
