EMITTER_COEFFICIENT_SOLUTION,PRESSURE_OUTPUT,OUTPUT_DEMAND,FITNESS
0.15200560179564082,27.326547559598765,1.2,0.90946948817152
