EMITTER_COEFFICIENT_SOLUTION,PRESSURE_OUTPUT,OUTPUT_DEMAND,FITNESS
0.3540886415771317,28.620802975296215,1.2,5.135703104547325
