EMITTER_COEFFICIENT_SOLUTION,PRESSURE_OUTPUT,OUTPUT_DEMAND,FITNESS
0.10121038100656721,27.42413115931103,1.2,0.9980453179823008
