EMITTER_COEFFICIENT_SOLUTION,PRESSURE_OUTPUT,OUTPUT_DEMAND,FITNESS
0.2985304017353051,28.689331326060824,1.2,3.7987620040688848
