EMITTER_COEFFICIENT_SOLUTION,PRESSURE_OUTPUT,OUTPUT_DEMAND,FITNESS
0.008771546345325398,28.992633316307113,1.2,1.7650828416048243
