EMITTER_COEFFICIENT_SOLUTION,PRESSURE_OUTPUT,OUTPUT_DEMAND,FITNESS
0.38621964485681204,26.85440733746121,1.2,0.6362608903564305
