EMITTER_COEFFICIENT_SOLUTION,PRESSURE_OUTPUT,OUTPUT_DEMAND,FITNESS
0.7162091564811547,28.10068233094116,1.2,3.073071443751922
