EMITTER_COEFFICIENT_SOLUTION,PRESSURE_OUTPUT,OUTPUT_DEMAND,FITNESS
0.7797434778793068,27.99721732064344,1.2,2.33169613860161
