EMITTER_COEFFICIENT_SOLUTION,PRESSURE_OUTPUT,OUTPUT_DEMAND,FITNESS
0.48024400601791617,28.45366852222697,1.2,36.25703720227649
