EMITTER_COEFFICIENT_SOLUTION,PRESSURE_OUTPUT,OUTPUT_DEMAND,FITNESS
0.0478731379978502,28.957268630204375,1.2,1.8825975969659816
