EMITTER_COEFFICIENT_SOLUTION,PRESSURE_OUTPUT,OUTPUT_DEMAND,FITNESS
0.6534308067648517,28.199501004149994,1.2,4.413283418402293
