EMITTER_COEFFICIENT_SOLUTION,PRESSURE_OUTPUT,OUTPUT_DEMAND,FITNESS
0.08489691958409118,27.455086109275985,1.2,1.0298623412595322
