EMITTER_COEFFICIENT_SOLUTION,PRESSURE_OUTPUT,OUTPUT_DEMAND,FITNESS
0.286364799678578,28.70391051104673,1.2,3.599416069497541
