EMITTER_COEFFICIENT_SOLUTION,PRESSURE_OUTPUT,OUTPUT_DEMAND,FITNESS
0.35154987333972354,26.926485105447625,1.2,0.6668424622790651
