EMITTER_COEFFICIENT_SOLUTION,PRESSURE_OUTPUT,OUTPUT_DEMAND,FITNESS
0.3425283218350125,28.635323131779046,1.2,4.779304566993099
