EMITTER_COEFFICIENT_SOLUTION,PRESSURE_OUTPUT,OUTPUT_DEMAND,FITNESS
0.16213006064019264,28.84376045913266,1.2,2.394218692348853
