EMITTER_COEFFICIENT_SOLUTION,PRESSURE_OUTPUT,OUTPUT_DEMAND,FITNESS
0.4883102483139691,28.442452937289914,1.2,61.10501939560869
