EMITTER_COEFFICIENT_SOLUTION,PRESSURE_OUTPUT,OUTPUT_DEMAND,FITNESS
0.4862952168111959,28.445260549910444,1.2,52.157004241008934
