EMITTER_COEFFICIENT_SOLUTION,PRESSURE_OUTPUT,OUTPUT_DEMAND,FITNESS
0.3589857700845448,28.61461102080979,1.2,5.304382685479857
