EMITTER_COEFFICIENT_SOLUTION,PRESSURE_OUTPUT,OUTPUT_DEMAND,FITNESS
0.5630465824990355,28.335605736431972,1.2,11.051685808287901
