EMITTER_COEFFICIENT_SOLUTION,PRESSURE_OUTPUT,OUTPUT_DEMAND,FITNESS
0.7162863024629677,28.1005587869453,1.2,3.0719051656936256
