EMITTER_COEFFICIENT_SOLUTION,PRESSURE_OUTPUT,OUTPUT_DEMAND,FITNESS
0.9835146150794366,27.643131453020402,1.2,1.2772073641129744
