EMITTER_COEFFICIENT_SOLUTION,PRESSURE_OUTPUT,OUTPUT_DEMAND,FITNESS
0.1621887806927843,28.84369832771595,1.2,2.394574900209885
