EMITTER_COEFFICIENT_SOLUTION,PRESSURE_OUTPUT,OUTPUT_DEMAND,FITNESS
0.6078808754625694,28.269017403149626,1.2,6.366496279958716
