EMITTER_COEFFICIENT_SOLUTION,PRESSURE_OUTPUT,OUTPUT_DEMAND,FITNESS
0.37125206019200885,26.885613844971154,1.2,0.6491500768894665
