EMITTER_COEFFICIENT_SOLUTION,PRESSURE_OUTPUT,OUTPUT_DEMAND,FITNESS
0.9682609041568163,27.67076337775212,1.2,1.3239311418143
