EMITTER_COEFFICIENT_SOLUTION,PRESSURE_OUTPUT,OUTPUT_DEMAND,FITNESS
0.3046474799800283,27.02282094410138,1.2,0.7126218819202008
