EMITTER_COEFFICIENT_SOLUTION,PRESSURE_OUTPUT,OUTPUT_DEMAND,FITNESS
0.10333466624185139,28.90403266288103,1.2,2.0922909833653875
