EMITTER_COEFFICIENT_SOLUTION,PRESSURE_OUTPUT,OUTPUT_DEMAND,FITNESS
0.11212761915577196,28.895267226976756,1.2,2.131380159820701
