EMITTER_COEFFICIENT_SOLUTION,PRESSURE_OUTPUT,OUTPUT_DEMAND,FITNESS
0.029518972306982527,28.974094917430065,1.2,1.824793383569164
