EMITTER_COEFFICIENT_SOLUTION,PRESSURE_OUTPUT,OUTPUT_DEMAND,FITNESS
0.0892049728176737,28.917932949265236,1.2,2.0331596974307407
