EMITTER_COEFFICIENT_SOLUTION,PRESSURE_OUTPUT,OUTPUT_DEMAND,FITNESS
0.9100662304161232,27.774545489625126,1.2,1.5348153367718615
