EMITTER_COEFFICIENT_SOLUTION,PRESSURE_OUTPUT,OUTPUT_DEMAND,FITNESS
0.4539834896621251,26.711464234413015,1.2,0.5832177567660439
