EMITTER_COEFFICIENT_SOLUTION,PRESSURE_OUTPUT,OUTPUT_DEMAND,FITNESS
0.2490066217482627,27.135305905145128,1.2,0.7747231004468912
