EMITTER_COEFFICIENT_SOLUTION,PRESSURE_OUTPUT,OUTPUT_DEMAND,FITNESS
0.46203031633126423,26.694312896096655,1.2,0.5774416283345462
