EMITTER_COEFFICIENT_SOLUTION,PRESSURE_OUTPUT,OUTPUT_DEMAND,FITNESS
0.08321720676521427,28.92375428868737,1.2,2.0093772851811527
