EMITTER_COEFFICIENT_SOLUTION,PRESSURE_OUTPUT,OUTPUT_DEMAND,FITNESS
0.4716232505158239,28.46558604173682,1.2,25.317499069911918
