EMITTER_COEFFICIENT_SOLUTION,PRESSURE_OUTPUT,OUTPUT_DEMAND,FITNESS
0.17866468227183807,27.274618473055035,1.2,0.8684542027678435
