EMITTER_COEFFICIENT_SOLUTION,PRESSURE_OUTPUT,OUTPUT_DEMAND,FITNESS
0.5830588521879133,28.306110800370114,1.2,8.334801006814041
