EMITTER_COEFFICIENT_SOLUTION,PRESSURE_OUTPUT,OUTPUT_DEMAND,FITNESS
0.38311180318519933,28.583751936394677,1.2,6.342591256022783
