EMITTER_COEFFICIENT_SOLUTION,PRESSURE_OUTPUT,OUTPUT_DEMAND,FITNESS
0.021587434353678714,28.98124264241659,1.2,1.80129882456944
