EMITTER_COEFFICIENT_SOLUTION,PRESSURE_OUTPUT,OUTPUT_DEMAND,FITNESS
0.34370627402157805,28.63384981853121,1.2,4.813196268489241
