EMITTER_COEFFICIENT_SOLUTION,PRESSURE_OUTPUT,OUTPUT_DEMAND,FITNESS
0.39240331453370514,26.841475536920722,1.2,0.6310684597475196
