EMITTER_COEFFICIENT_SOLUTION,PRESSURE_OUTPUT,OUTPUT_DEMAND,FITNESS
0.44216003975915685,28.50577405064513,1.2,12.549195819958952
