EMITTER_COEFFICIENT_SOLUTION,PRESSURE_OUTPUT,OUTPUT_DEMAND,FITNESS
0.04503242466849444,28.959898877105793,1.2,1.873321477569549
