EMITTER_COEFFICIENT_SOLUTION,PRESSURE_OUTPUT,OUTPUT_DEMAND,FITNESS
0.03292180918312626,27.55243328807691,1.2,1.1446147720732232
