EMITTER_COEFFICIENT_SOLUTION,PRESSURE_OUTPUT,OUTPUT_DEMAND,FITNESS
0.3764045135753681,28.592389954319756,1.2,6.013146491922391
