EMITTER_COEFFICIENT_SOLUTION,PRESSURE_OUTPUT,OUTPUT_DEMAND,FITNESS
0.3626026456519965,28.610022208509726,1.2,5.436716811820692
