EMITTER_COEFFICIENT_SOLUTION,PRESSURE_OUTPUT,OUTPUT_DEMAND,FITNESS
0.7239681509339714,28.08823119257127,1.2,2.9598191787682344
