EMITTER_COEFFICIENT_SOLUTION,PRESSURE_OUTPUT,OUTPUT_DEMAND,FITNESS
0.15831988104101635,28.84778380590008,1.2,2.371375770142535
