EMITTER_COEFFICIENT_SOLUTION,PRESSURE_OUTPUT,OUTPUT_DEMAND,FITNESS
0.9419032011456939,27.71809234247131,1.2,1.4124347108267068
