EMITTER_COEFFICIENT_SOLUTION,PRESSURE_OUTPUT,OUTPUT_DEMAND,FITNESS
0.7545430742905358,28.038665343394328,1.2,2.5811492267673195
