EMITTER_COEFFICIENT_SOLUTION,PRESSURE_OUTPUT,OUTPUT_DEMAND,FITNESS
0.28268098836377475,28.70829461890223,1.2,3.5434988488048678
