EMITTER_COEFFICIENT_SOLUTION,PRESSURE_OUTPUT,OUTPUT_DEMAND,FITNESS
0.44622602835790737,26.727963670856134,1.2,0.5888844530638537
