EMITTER_COEFFICIENT_SOLUTION,PRESSURE_OUTPUT,OUTPUT_DEMAND,FITNESS
0.7716617916840723,28.01056767902628,1.2,2.4066114975883135
