EMITTER_COEFFICIENT_SOLUTION,PRESSURE_OUTPUT,OUTPUT_DEMAND,FITNESS
0.370967998570647,28.599358192000764,1.2,5.771322127429727
