EMITTER_COEFFICIENT_SOLUTION,PRESSURE_OUTPUT,OUTPUT_DEMAND,FITNESS
0.7414199387312012,28.060037156128267,1.2,2.731848473142124
