EMITTER_COEFFICIENT_SOLUTION,PRESSURE_OUTPUT,OUTPUT_DEMAND,FITNESS
0.06730989499102247,27.488244637065215,1.2,1.066274240749657
