EMITTER_COEFFICIENT_SOLUTION,PRESSURE_OUTPUT,OUTPUT_DEMAND,FITNESS
0.21370168155894265,28.78773026571435,1.2,2.765160992445687
