EMITTER_COEFFICIENT_SOLUTION,PRESSURE_OUTPUT,OUTPUT_DEMAND,FITNESS
0.6659727478854941,28.18003513508569,1.2,4.064139691634113
