EMITTER_COEFFICIENT_SOLUTION,PRESSURE_OUTPUT,OUTPUT_DEMAND,FITNESS
0.31942784176873396,26.99261021586566,1.2,0.6976033018118287
