EMITTER_COEFFICIENT_SOLUTION,PRESSURE_OUTPUT,OUTPUT_DEMAND,FITNESS
0.05344380243151381,27.51423054645214,1.2,1.0966606295004508
