EMITTER_COEFFICIENT_SOLUTION,PRESSURE_OUTPUT,OUTPUT_DEMAND,FITNESS
0.07189902757029099,28.934644741909715,1.2,1.9663476420564499
