EMITTER_COEFFICIENT_SOLUTION,PRESSURE_OUTPUT,OUTPUT_DEMAND,FITNESS
0.498430107402965,28.428293909189676,1.2,453.25992777970777
