EMITTER_COEFFICIENT_SOLUTION,PRESSURE_OUTPUT,OUTPUT_DEMAND,FITNESS
0.7837738500600065,27.99053902934826,1.2,2.2959442774250087
