EMITTER_COEFFICIENT_SOLUTION,PRESSURE_OUTPUT,OUTPUT_DEMAND,FITNESS
0.337537349677532,26.955409082486778,1.2,0.6799572992034008
