EMITTER_COEFFICIENT_SOLUTION,PRESSURE_OUTPUT,OUTPUT_DEMAND,FITNESS
0.6386725532683776,28.22222792538051,1.2,4.905285216018342
