EMITTER_COEFFICIENT_SOLUTION,PRESSURE_OUTPUT,OUTPUT_DEMAND,FITNESS
0.0507552560739174,28.954590349729173,1.2,1.8921379920786836
