EMITTER_COEFFICIENT_SOLUTION,PRESSURE_OUTPUT,OUTPUT_DEMAND,FITNESS
0.43833672490863185,26.744707963894548,1.2,0.594748947612858
