EMITTER_COEFFICIENT_SOLUTION,PRESSURE_OUTPUT,OUTPUT_DEMAND,FITNESS
0.0650684832443641,28.941145247165707,1.2,1.941530507547821
