EMITTER_COEFFICIENT_SOLUTION,PRESSURE_OUTPUT,OUTPUT_DEMAND,FITNESS
0.42247300990532755,28.532155331585784,1.2,9.427944212377575
