EMITTER_COEFFICIENT_SOLUTION,PRESSURE_OUTPUT,OUTPUT_DEMAND,FITNESS
0.00793523157403797,27.598528994668236,1.2,1.2083706129344953
