EMITTER_COEFFICIENT_SOLUTION,PRESSURE_OUTPUT,OUTPUT_DEMAND,FITNESS
0.2992655179796976,28.68844541745947,1.2,3.81158935893558
