EMITTER_COEFFICIENT_SOLUTION,PRESSURE_OUTPUT,OUTPUT_DEMAND,FITNESS
0.3976930193616127,28.564817933004903,1.2,7.208232547176459
