EMITTER_COEFFICIENT_SOLUTION,PRESSURE_OUTPUT,OUTPUT_DEMAND,FITNESS
0.24501723112937335,28.752296814598182,1.2,3.0655179822927225
