EMITTER_COEFFICIENT_SOLUTION,PRESSURE_OUTPUT,OUTPUT_DEMAND,FITNESS
0.6157083558318589,28.257204121032764,1.2,5.921169742004364
