EMITTER_COEFFICIENT_SOLUTION,PRESSURE_OUTPUT,OUTPUT_DEMAND,FITNESS
0.09318127643886498,28.914044361610785,1.2,2.049362200292773
