EMITTER_COEFFICIENT_SOLUTION,PRESSURE_OUTPUT,OUTPUT_DEMAND,FITNESS
0.06856817527025649,27.485879663525782,1.2,1.0635921693519088
