EMITTER_COEFFICIENT_SOLUTION,PRESSURE_OUTPUT,OUTPUT_DEMAND,FITNESS
0.44074147980809897,28.50768766694845,1.2,12.254902358034172
