EMITTER_COEFFICIENT_SOLUTION,PRESSURE_OUTPUT,OUTPUT_DEMAND,FITNESS
0.6739894574750879,28.167519964966054,1.2,3.867429099787969
