EMITTER_COEFFICIENT_SOLUTION,PRESSURE_OUTPUT,OUTPUT_DEMAND,FITNESS
0.36669693433495876,28.604811710938932,1.2,5.595218150128846
