EMITTER_COEFFICIENT_SOLUTION,PRESSURE_OUTPUT,OUTPUT_DEMAND,FITNESS
0.847421862395794,27.883295853949885,1.2,1.8423201797429163
