EMITTER_COEFFICIENT_SOLUTION,PRESSURE_OUTPUT,OUTPUT_DEMAND,FITNESS
0.07998431687482588,28.926880126961308,1.2,1.996835186488582
