EMITTER_COEFFICIENT_SOLUTION,PRESSURE_OUTPUT,OUTPUT_DEMAND,FITNESS,NODE
0.10228640360376917,27.065073656469472,1.1,50.11103611950617,N3
