EMITTER_COEFFICIENT_SOLUTION,PRESSURE_OUTPUT,OUTPUT_DEMAND,FITNESS,NODE
0.10059120973863434,27.065405139644895,1.1,50.95748920842587,N3
