EMITTER_COEFFICIENT_SOLUTION,PRESSURE_OUTPUT,OUTPUT_DEMAND,FITNESS,NODE
0.38496874875654696,27.009436159124306,1.1,13.228706381415813,N3
