EMITTER_COEFFICIENT_SOLUTION,PRESSURE_OUTPUT,OUTPUT_DEMAND,FITNESS,NODE
0.6697356090298108,26.952675993767905,1.1,7.5555324076025085,N3
