EMITTER_COEFFICIENT_SOLUTION,PRESSURE_OUTPUT,OUTPUT_DEMAND,FITNESS,NODE
0.12036996791637877,27.061535923604254,1.1,42.56511546159538,N3
