EMITTER_COEFFICIENT_SOLUTION,PRESSURE_OUTPUT,OUTPUT_DEMAND,FITNESS,NODE
0.28601135454861226,27.028994089201717,1.1,17.845909101609415,N3
