EMITTER_COEFFICIENT_SOLUTION,PRESSURE_OUTPUT,OUTPUT_DEMAND,FITNESS,NODE
0.9214172382984787,26.901930851687624,1.1,5.4615415279488655,N3
