EMITTER_COEFFICIENT_SOLUTION,PRESSURE_OUTPUT,OUTPUT_DEMAND,FITNESS,NODE
0.036852599096570904,27.07784983679619,1.1,139.28539496176884,N3
