EMITTER_COEFFICIENT_SOLUTION,PRESSURE_OUTPUT,OUTPUT_DEMAND,FITNESS,NODE
0.04579727330854966,27.07610565603695,1.1,112.06133647973138,N3
