EMITTER_COEFFICIENT_SOLUTION,PRESSURE_OUTPUT,OUTPUT_DEMAND,FITNESS,NODE
0.23955019340579597,27.038146645481554,1.1,21.329831849193493,N3
