EMITTER_COEFFICIENT_SOLUTION,PRESSURE_OUTPUT,OUTPUT_DEMAND,FITNESS,NODE
0.42435691076971804,27.001627416025528,1.1,11.990131008093114,N3
