EMITTER_COEFFICIENT_SOLUTION,PRESSURE_OUTPUT,OUTPUT_DEMAND,FITNESS,NODE
0.13173441641829142,27.059311154153093,1.1,38.88299077655599,N3
