EMITTER_COEFFICIENT_SOLUTION,PRESSURE_OUTPUT,OUTPUT_DEMAND,FITNESS,NODE
0.4382485126366591,26.998870138537995,1.1,11.606421345362108,N3
