EMITTER_COEFFICIENT_SOLUTION,PRESSURE_OUTPUT,OUTPUT_DEMAND,FITNESS,NODE
0.35110215136236556,27.016139310766405,1.1,14.515888653359392,N3
