EMITTER_COEFFICIENT_SOLUTION,PRESSURE_OUTPUT,OUTPUT_DEMAND,FITNESS,NODE
0.05560152549929409,27.074193023145817,1.1,92.28227388399128,N3
