EMITTER_COEFFICIENT_SOLUTION,PRESSURE_OUTPUT,OUTPUT_DEMAND,FITNESS,NODE
0.11377213355300397,27.062827017453806,1.1,45.04033207851451,N3
