EMITTER_COEFFICIENT_SOLUTION,PRESSURE_OUTPUT,OUTPUT_DEMAND,FITNESS,NODE
0.32435458608049705,27.021426236124377,1.1,15.72250302613901,N3
