EMITTER_COEFFICIENT_SOLUTION,PRESSURE_OUTPUT,OUTPUT_DEMAND,FITNESS,NODE
0.14994198600609154,27.055744304024863,1.1,34.14713186575738,N3
