EMITTER_COEFFICIENT_SOLUTION,PRESSURE_OUTPUT,OUTPUT_DEMAND,FITNESS,NODE
0.2362744995963295,27.038791209078227,1.1,21.627171571401885,N3
