EMITTER_COEFFICIENT_SOLUTION,PRESSURE_OUTPUT,OUTPUT_DEMAND,FITNESS,NODE
0.3286588420143446,27.020575884613415,1.1,15.515071880145252,N3
