EMITTER_COEFFICIENT_SOLUTION,PRESSURE_OUTPUT,OUTPUT_DEMAND,FITNESS,NODE
0.40889651508373226,27.004694082762214,1.1,12.44783459921949,N3
