EMITTER_COEFFICIENT_SOLUTION,PRESSURE_OUTPUT,OUTPUT_DEMAND,FITNESS,NODE
0.4590231342793776,26.994743525463228,1.1,11.075937015239427,N3
