EMITTER_COEFFICIENT_SOLUTION,PRESSURE_OUTPUT,OUTPUT_DEMAND,FITNESS,NODE
0.7184856005260325,26.942888813792983,1.1,7.0352912263829595,N3
