EMITTER_COEFFICIENT_SOLUTION,PRESSURE_OUTPUT,OUTPUT_DEMAND,FITNESS,NODE
0.33791152584744233,27.018747362606916,1.1,15.087057338414015,N3
