EMITTER_COEFFICIENT_SOLUTION,PRESSURE_OUTPUT,OUTPUT_DEMAND,FITNESS,NODE
0.2839921093471258,27.029392267872467,1.1,17.973627186639494,N3
