EMITTER_COEFFICIENT_SOLUTION,PRESSURE_OUTPUT,OUTPUT_DEMAND,FITNESS,NODE
0.013169876065659336,27.08246436167107,1.1,389.86677548921625,N3
