EMITTER_COEFFICIENT_SOLUTION,PRESSURE_OUTPUT,OUTPUT_DEMAND,FITNESS,NODE
0.36471449116835286,27.013446263722003,1.1,13.969782327259551,N3
