EMITTER_COEFFICIENT_SOLUTION,PRESSURE_OUTPUT,OUTPUT_DEMAND,FITNESS,NODE
0.40327675011008646,27.005808277589672,1.1,12.622905627369395,N3
