EMITTER_COEFFICIENT_SOLUTION,PRESSURE_OUTPUT,OUTPUT_DEMAND,FITNESS,NODE
0.08650997801308313,27.068157617847483,1.1,59.270770651676195,N3
