EMITTER_COEFFICIENT_SOLUTION,PRESSURE_OUTPUT,OUTPUT_DEMAND,FITNESS,NODE
0.44439725111551764,26.997649164313835,1.1,11.44424335572585,N3
