EMITTER_COEFFICIENT_SOLUTION,PRESSURE_OUTPUT,OUTPUT_DEMAND,FITNESS,NODE
0.21672774263279893,27.042635459878213,1.1,23.588310078240905,N3
