EMITTER_COEFFICIENT_SOLUTION,PRESSURE_OUTPUT,OUTPUT_DEMAND,FITNESS,NODE
0.15162196584377408,27.05541504638451,1.1,33.767477228586316,N3
