EMITTER_COEFFICIENT_SOLUTION,PRESSURE_OUTPUT,OUTPUT_DEMAND,FITNESS,NODE
0.00756330604324007,27.083556039131068,1.1,678.7477871236894,N3
