EMITTER_COEFFICIENT_SOLUTION,PRESSURE_OUTPUT,OUTPUT_DEMAND,FITNESS,NODE
0.06364850264971378,27.072622549121476,1.1,80.60101719349886,N3
