EMITTER_COEFFICIENT_SOLUTION,PRESSURE_OUTPUT,OUTPUT_DEMAND,FITNESS,NODE
0.005550446546409793,27.08394790086095,1.1,924.6933658950971,N3
