EMITTER_COEFFICIENT_SOLUTION,PRESSURE_OUTPUT,OUTPUT_DEMAND,FITNESS,NODE
0.3796784462973004,27.010483926043307,1.1,13.414641372061158,N3
