EMITTER_COEFFICIENT_SOLUTION,PRESSURE_OUTPUT,OUTPUT_DEMAND,FITNESS,NODE
0.4855582872894282,26.989467162576688,1.1,10.464391063583232,N3
