EMITTER_COEFFICIENT_SOLUTION,PRESSURE_OUTPUT,OUTPUT_DEMAND,FITNESS,NODE
0.3258407050798955,27.021132656089286,1.1,15.650264332732936,N3
