EMITTER_COEFFICIENT_SOLUTION,PRESSURE_OUTPUT,OUTPUT_DEMAND,FITNESS,NODE
0.31458598666052606,27.023355517011034,1.1,16.214334453065053,N3
