EMITTER_COEFFICIENT_SOLUTION,PRESSURE_OUTPUT,OUTPUT_DEMAND,FITNESS,NODE
0.24200267697224342,27.037664003487137,1.1,21.112485721253208,N3
