EMITTER_COEFFICIENT_SOLUTION,PRESSURE_OUTPUT,OUTPUT_DEMAND,FITNESS,NODE
0.10496676594053733,27.064549477427548,1.1,48.82845161720428,N3
