EMITTER_COEFFICIENT_SOLUTION,PRESSURE_OUTPUT,OUTPUT_DEMAND,FITNESS,NODE
0.35862958387408583,27.014650296080873,1.1,14.20877491550357,N3
