EMITTER_COEFFICIENT_SOLUTION,PRESSURE_OUTPUT,OUTPUT_DEMAND,FITNESS,NODE
0.26876622917057236,27.03239351765329,1.1,18.998468099223327,N3
