EMITTER_COEFFICIENT_SOLUTION,PRESSURE_OUTPUT,OUTPUT_DEMAND,FITNESS,NODE
0.3156046181400327,27.023154378669084,1.1,16.161626148209272,N3
