EMITTER_COEFFICIENT_SOLUTION,PRESSURE_OUTPUT,OUTPUT_DEMAND,FITNESS,NODE
0.8133412137702172,26.923787302190377,1.1,6.2018566056647595,N3
