EMITTER_COEFFICIENT_SOLUTION,PRESSURE_OUTPUT,OUTPUT_DEMAND,FITNESS,NODE
0.014475816841058364,27.08221003550978,1.1,354.69735499556054,N3
