EMITTER_COEFFICIENT_SOLUTION,PRESSURE_OUTPUT,OUTPUT_DEMAND,FITNESS,NODE
0.39862802908422323,27.006729739677176,1.1,12.771457201798217,N3
