EMITTER_COEFFICIENT_SOLUTION,PRESSURE_OUTPUT,OUTPUT_DEMAND,FITNESS,NODE
0.37127129783440194,27.012148489571423,1.1,13.721025319367262,N3
