EMITTER_COEFFICIENT_SOLUTION,PRESSURE_OUTPUT,OUTPUT_DEMAND,FITNESS,NODE
0.3759305655719123,27.011226060361636,1.1,13.549533286354896,N3
