EMITTER_COEFFICIENT_SOLUTION,PRESSURE_OUTPUT,OUTPUT_DEMAND,FITNESS,NODE
0.4238152054047213,27.001734902203957,1.1,12.005603510078695,N3
