EMITTER_COEFFICIENT_SOLUTION,PRESSURE_OUTPUT,OUTPUT_DEMAND,FITNESS,NODE
0.34895090483098934,27.016564760550665,1.1,14.606092693263166,N3
