EMITTER_COEFFICIENT_SOLUTION,PRESSURE_OUTPUT,OUTPUT_DEMAND,FITNESS,NODE
0.14664941445806878,27.056389538124954,1.1,34.916442130589154,N3
