EMITTER_COEFFICIENT_SOLUTION,PRESSURE_OUTPUT,OUTPUT_DEMAND,FITNESS,NODE
0.18985438697203127,27.047915037713004,1.1,26.943790578067784,N3
