EMITTER_COEFFICIENT_SOLUTION,PRESSURE_OUTPUT,OUTPUT_DEMAND,FITNESS,NODE
0.4582204378736283,26.994903041065555,1.1,11.095540447053207,N3
