EMITTER_COEFFICIENT_SOLUTION,PRESSURE_OUTPUT,OUTPUT_DEMAND,FITNESS,NODE
0.24334323024018567,27.037400163574397,1.1,20.995533954341457,N3
