EMITTER_COEFFICIENT_SOLUTION,PRESSURE_OUTPUT,OUTPUT_DEMAND,FITNESS,NODE
0.3944516710989965,27.007557408440228,1.1,12.907900632500965,N3
