EMITTER_COEFFICIENT_SOLUTION,PRESSURE_OUTPUT,OUTPUT_DEMAND,FITNESS,NODE
0.21696173249983186,27.042589461446966,1.1,23.562743905922936,N3
