EMITTER_COEFFICIENT_SOLUTION,PRESSURE_OUTPUT,OUTPUT_DEMAND,FITNESS,NODE
0.24347238122036718,27.03737474397972,1.1,20.984334657676204,N3
