EMITTER_COEFFICIENT_SOLUTION,PRESSURE_OUTPUT,OUTPUT_DEMAND,FITNESS,NODE
0.04706895187765481,27.07585762388228,1.1,109.03084435953184,N3
