EMITTER_COEFFICIENT_SOLUTION,PRESSURE_OUTPUT,OUTPUT_DEMAND,FITNESS,NODE
0.5042258320902255,26.985751543511135,1.1,10.072745679117725,N3
