EMITTER_COEFFICIENT_SOLUTION,PRESSURE_OUTPUT,OUTPUT_DEMAND,FITNESS,NODE
0.32349656064674304,27.021595728528062,1.1,15.764513007121177,N3
