EMITTER_COEFFICIENT_SOLUTION,PRESSURE_OUTPUT,OUTPUT_DEMAND,FITNESS,NODE
0.4682866045534311,26.992902237069764,1.1,10.854568997274182,N3
