EMITTER_COEFFICIENT_SOLUTION,PRESSURE_OUTPUT,OUTPUT_DEMAND,FITNESS,NODE
0.08171089726320147,27.069095289885723,1.1,62.75868128382838,N3
