EMITTER_COEFFICIENT_SOLUTION,PRESSURE_OUTPUT,OUTPUT_DEMAND,FITNESS,NODE
0.024493968506593022,27.080258526777023,1.1,209.60785132936624,N3
