EMITTER_COEFFICIENT_SOLUTION,PRESSURE_OUTPUT,OUTPUT_DEMAND,FITNESS,NODE
0.17605728862949688,27.05062311534669,1.1,29.064507873942844,N3
