EMITTER_COEFFICIENT_SOLUTION,PRESSURE_OUTPUT,OUTPUT_DEMAND,FITNESS,NODE
0.051276681958617454,27.07503683007294,1.1,100.07495251331414,N3
