EMITTER_COEFFICIENT_SOLUTION,PRESSURE_OUTPUT,OUTPUT_DEMAND,FITNESS,NODE
0.27507359484574656,27.031150491735907,1.1,18.560159026034544,N3
