EMITTER_COEFFICIENT_SOLUTION,PRESSURE_OUTPUT,OUTPUT_DEMAND,FITNESS,NODE
0.08450559777826583,27.068549270626924,1.1,60.679354616145105,N3
