EMITTER_COEFFICIENT_SOLUTION,PRESSURE_OUTPUT,OUTPUT_DEMAND,FITNESS,NODE
0.23765301081127044,27.038519968880898,1.1,21.50104304958725,N3
