EMITTER_COEFFICIENT_SOLUTION,PRESSURE_OUTPUT,OUTPUT_DEMAND,FITNESS,NODE
0.23507200304149967,27.039027802196372,1.1,21.73840350308597,N3
