EMITTER_COEFFICIENT_SOLUTION,PRESSURE_OUTPUT,OUTPUT_DEMAND,FITNESS,NODE
0.3292038496235006,27.020468200850097,1.1,15.489193753784173,N3
