EMITTER_COEFFICIENT_SOLUTION,PRESSURE_OUTPUT,OUTPUT_DEMAND,FITNESS,NODE
0.47847366937873637,26.99087650045316,1.1,10.621028533923438,N3
