EMITTER_COEFFICIENT_SOLUTION,PRESSURE_OUTPUT,OUTPUT_DEMAND,FITNESS,NODE
0.31868061087635446,27.022546939146316,1.1,16.004506538973917,N3
