EMITTER_COEFFICIENT_SOLUTION,PRESSURE_OUTPUT,OUTPUT_DEMAND,FITNESS,NODE
0.19402069221201956,27.047096944051326,1.1,26.36268982001428,N3
