EMITTER_COEFFICIENT_SOLUTION,PRESSURE_OUTPUT,OUTPUT_DEMAND,FITNESS,NODE
0.13411481381973744,27.058845006074833,1.1,38.190774156572736,N3
