EMITTER_COEFFICIENT_SOLUTION,PRESSURE_OUTPUT,OUTPUT_DEMAND,FITNESS,NODE
0.10755418109499248,27.064043413652684,1.1,47.65098107696262,N3
