EMITTER_COEFFICIENT_SOLUTION,PRESSURE_OUTPUT,OUTPUT_DEMAND,FITNESS,NODE
0.22293381942827906,27.041415284599083,1.1,22.928388126886116,N3
