EMITTER_COEFFICIENT_SOLUTION,PRESSURE_OUTPUT,OUTPUT_DEMAND,FITNESS,NODE
0.2907221355710332,27.028065020529098,1.1,17.554848397154128,N3
