EMITTER_COEFFICIENT_SOLUTION,PRESSURE_OUTPUT,OUTPUT_DEMAND,FITNESS,NODE
0.9745141410857805,26.891157087936236,1.1,5.1580357019111505,N3
