EMITTER_COEFFICIENT_SOLUTION,PRESSURE_OUTPUT,OUTPUT_DEMAND,FITNESS,NODE
0.7992666947169365,26.926626376917653,1.1,6.3130132024880075,N3
