EMITTER_COEFFICIENT_SOLUTION,PRESSURE_OUTPUT,OUTPUT_DEMAND,FITNESS,NODE
0.28540379780908953,27.029113898249385,1.1,17.884147221360315,N3
