EMITTER_COEFFICIENT_SOLUTION,PRESSURE_OUTPUT,OUTPUT_DEMAND,FITNESS,NODE
0.36002639474840414,27.014373935352417,1.1,14.153198878800984,N3
