EMITTER_COEFFICIENT_SOLUTION,PRESSURE_OUTPUT,OUTPUT_DEMAND,FITNESS,NODE
0.14122222389563643,27.05745287276762,1.1,36.262802475341864,N3
