EMITTER_COEFFICIENT_SOLUTION,PRESSURE_OUTPUT,OUTPUT_DEMAND,FITNESS,NODE
0.40494968047641855,27.005476625446278,1.1,12.57028122972612,N3
