EMITTER_COEFFICIENT_SOLUTION,PRESSURE_OUTPUT,OUTPUT_DEMAND,FITNESS,NODE
0.27914034902334506,27.030348846972032,1.1,18.288057343010912,N3
