EMITTER_COEFFICIENT_SOLUTION,PRESSURE_OUTPUT,OUTPUT_DEMAND,FITNESS,NODE
0.11121039222429818,27.063328204314423,1.1,46.080536725399625,N3
