EMITTER_COEFFICIENT_SOLUTION,PRESSURE_OUTPUT,OUTPUT_DEMAND,FITNESS,NODE
0.03112413708687245,27.07896648401354,1.1,164.93875665842705,N3
