EMITTER_COEFFICIENT_SOLUTION,PRESSURE_OUTPUT,OUTPUT_DEMAND,FITNESS,NODE
0.11994285776256541,27.06161951436011,1.1,42.717105064727804,N3
