EMITTER_COEFFICIENT_SOLUTION,PRESSURE_OUTPUT,OUTPUT_DEMAND,FITNESS,NODE
0.4177055785492916,27.002947007126018,1.1,12.182889541313356,N3
