EMITTER_COEFFICIENT_SOLUTION,PRESSURE_OUTPUT,OUTPUT_DEMAND,FITNESS,NODE
0.9839071525792855,28.856227081994213,1.2,8.781583332175414,N10
