EMITTER_COEFFICIENT_SOLUTION,PRESSURE_OUTPUT,OUTPUT_DEMAND,FITNESS,NODE
0.13930232266684084,28.955235365147374,1.2,67.26579061724115,N10
