EMITTER_COEFFICIENT_SOLUTION,PRESSURE_OUTPUT,OUTPUT_DEMAND,FITNESS,NODE
0.12197122682600381,28.957107927448398,1.2,76.9595707105602,N10
