EMITTER_COEFFICIENT_SOLUTION,PRESSURE_OUTPUT,OUTPUT_DEMAND,FITNESS,NODE
0.19244842721402655,28.949452399878474,1.2,48.42764388661335,N10
