EMITTER_COEFFICIENT_SOLUTION,PRESSURE_OUTPUT,OUTPUT_DEMAND,FITNESS,NODE
0.35711187162513536,28.93114753767661,1.2,25.671156175687067,N10
