EMITTER_COEFFICIENT_SOLUTION,PRESSURE_OUTPUT,OUTPUT_DEMAND,FITNESS,NODE
0.2412055184710693,28.944093184578172,1.2,38.44885278796364,N10
