EMITTER_COEFFICIENT_SOLUTION,PRESSURE_OUTPUT,OUTPUT_DEMAND,FITNESS,NODE
0.2704772270818274,28.940851071700095,1.2,34.187226290945134,N10
