EMITTER_COEFFICIENT_SOLUTION,PRESSURE_OUTPUT,OUTPUT_DEMAND,FITNESS,NODE
0.31709556177278797,28.93564958207279,1.2,29.025738729028955,N10
