EMITTER_COEFFICIENT_SOLUTION,PRESSURE_OUTPUT,OUTPUT_DEMAND,FITNESS,NODE
0.5612581003602717,28.90764937348743,1.2,16.012197596275367,N10
