EMITTER_COEFFICIENT_SOLUTION,PRESSURE_OUTPUT,OUTPUT_DEMAND,FITNESS,NODE
0.04332148664004554,28.965523342155336,1.2,218.41592347483217,N10
