EMITTER_COEFFICIENT_SOLUTION,PRESSURE_OUTPUT,OUTPUT_DEMAND,FITNESS,NODE
0.8853740304918079,28.868545330714532,1.2,9.846742133953942,N10
