EMITTER_COEFFICIENT_SOLUTION,PRESSURE_OUTPUT,OUTPUT_DEMAND,FITNESS,NODE
0.7544817633578136,28.884600083155995,1.2,11.695676654849413,N10
