EMITTER_COEFFICIENT_SOLUTION,PRESSURE_OUTPUT,OUTPUT_DEMAND,FITNESS,NODE
0.5792403244668933,28.905537299320557,1.2,15.488396312859228,N10
