EMITTER_COEFFICIENT_SOLUTION,PRESSURE_OUTPUT,OUTPUT_DEMAND,FITNESS,NODE
0.08724367607357086,28.960840409072468,1.2,107.97557421425903,N10
