EMITTER_COEFFICIENT_SOLUTION,PRESSURE_OUTPUT,OUTPUT_DEMAND,FITNESS,NODE
0.18237434501827154,28.950553296251286,1.2,51.15490727735537,N10
