EMITTER_COEFFICIENT_SOLUTION,PRESSURE_OUTPUT,OUTPUT_DEMAND,FITNESS,NODE
0.10836896752057745,28.958573017278887,1.2,86.73970533132791,N10
