EMITTER_COEFFICIENT_SOLUTION,PRESSURE_OUTPUT,OUTPUT_DEMAND,FITNESS,NODE
0.8243920771141675,28.876069169126758,1.2,10.634610400816305,N10
