EMITTER_COEFFICIENT_SOLUTION,PRESSURE_OUTPUT,OUTPUT_DEMAND,FITNESS,NODE
0.5996917450235828,28.903126948714217,1.2,14.930985801385194,N10
