EMITTER_COEFFICIENT_SOLUTION,PRESSURE_OUTPUT,OUTPUT_DEMAND,FITNESS,NODE
0.05546864063881807,28.9642324546868,1.2,170.37782985267444,N10
