EMITTER_COEFFICIENT_SOLUTION,PRESSURE_OUTPUT,OUTPUT_DEMAND,FITNESS,NODE
0.3749127136673882,28.92913383983076,1.2,24.409340882411506,N10
