EMITTER_COEFFICIENT_SOLUTION,PRESSURE_OUTPUT,OUTPUT_DEMAND,FITNESS,NODE
0.3263566487167442,28.934610712170638,1.2,28.176117043724346,N10
