EMITTER_COEFFICIENT_SOLUTION,PRESSURE_OUTPUT,OUTPUT_DEMAND,FITNESS,NODE
0.23168216431716404,28.945143999505355,1.2,40.06769289661989,N10
