EMITTER_COEFFICIENT_SOLUTION,PRESSURE_OUTPUT,OUTPUT_DEMAND,FITNESS,NODE
0.3770276012675098,28.928894145966268,1.2,24.26735816955517,N10
