EMITTER_COEFFICIENT_SOLUTION,PRESSURE_OUTPUT,OUTPUT_DEMAND,FITNESS,NODE
0.8404450478402907,28.874096016066048,1.2,10.416043130118188,N10
