EMITTER_COEFFICIENT_SOLUTION,PRESSURE_OUTPUT,OUTPUT_DEMAND,FITNESS,NODE
0.8089134808308516,28.877966684382756,1.2,10.853629430233527,N10
