EMITTER_COEFFICIENT_SOLUTION,PRESSURE_OUTPUT,OUTPUT_DEMAND,FITNESS,NODE
0.23091124775570804,28.945228977403673,1.2,40.20458421223788,N10
