EMITTER_COEFFICIENT_SOLUTION,PRESSURE_OUTPUT,OUTPUT_DEMAND,FITNESS,NODE
0.5700893581938753,28.906612961792554,1.2,15.75080931119205,N10
