EMITTER_COEFFICIENT_SOLUTION,PRESSURE_OUTPUT,OUTPUT_DEMAND,FITNESS,NODE
0.04545811138766265,28.965296515965044,1.2,208.10584945455048,N10
