EMITTER_COEFFICIENT_SOLUTION,PRESSURE_OUTPUT,OUTPUT_DEMAND,FITNESS,NODE
0.38794511509446794,28.927655275204017,1.2,23.55907529082918,N10
