EMITTER_COEFFICIENT_SOLUTION,PRESSURE_OUTPUT,OUTPUT_DEMAND,FITNESS,NODE
0.7332610899811627,28.887169527144806,1.2,12.058037391828698,N10
