EMITTER_COEFFICIENT_SOLUTION,PRESSURE_OUTPUT,OUTPUT_DEMAND,FITNESS,NODE
0.40240046424293596,28.92601103523935,1.2,22.680505687672035,N10
