EMITTER_COEFFICIENT_SOLUTION,PRESSURE_OUTPUT,OUTPUT_DEMAND,FITNESS,NODE
0.011536476036436927,28.96888582251593,1.2,822.4087251986934,N10
