EMITTER_COEFFICIENT_SOLUTION,PRESSURE_OUTPUT,OUTPUT_DEMAND,FITNESS,NODE
0.3346238481130077,28.933681779305154,1.2,27.457453317282933,N10
