EMITTER_COEFFICIENT_SOLUTION,PRESSURE_OUTPUT,OUTPUT_DEMAND,FITNESS,NODE
0.41695569726528126,28.924350935435385,1.2,21.85752815669323,N10
