EMITTER_COEFFICIENT_SOLUTION,PRESSURE_OUTPUT,OUTPUT_DEMAND,FITNESS,NODE
0.3733596803725523,28.92930979430397,1.2,24.514629566966356,N10
