EMITTER_COEFFICIENT_SOLUTION,PRESSURE_OUTPUT,OUTPUT_DEMAND,FITNESS,NODE
0.838410045605013,28.874346442925464,1.2,10.443283987009412,N10
