EMITTER_COEFFICIENT_SOLUTION,PRESSURE_OUTPUT,OUTPUT_DEMAND,FITNESS,NODE
0.10845183578238826,28.958564103815462,1.2,86.67269423455524,N10
