EMITTER_COEFFICIENT_SOLUTION,PRESSURE_OUTPUT,OUTPUT_DEMAND,FITNESS,NODE
0.4577350992343754,28.919675837234266,1.2,19.83106876758316,N10
