EMITTER_COEFFICIENT_SOLUTION,PRESSURE_OUTPUT,OUTPUT_DEMAND,FITNESS,NODE
0.16365740822272623,28.952592839636594,1.2,57.113734731085174,N10
