EMITTER_COEFFICIENT_SOLUTION,PRESSURE_OUTPUT,OUTPUT_DEMAND,FITNESS,NODE
0.5253735485211166,28.91184378488625,1.2,17.165031017232046,N10
