EMITTER_COEFFICIENT_SOLUTION,PRESSURE_OUTPUT,OUTPUT_DEMAND,FITNESS,NODE
0.004055964399955148,28.9696739451407,1.2,2337.4437474162132,N10
