EMITTER_COEFFICIENT_SOLUTION,PRESSURE_OUTPUT,OUTPUT_DEMAND,FITNESS,NODE
0.225426210115256,28.945833213022233,1.2,41.205593415914684,N10
