EMITTER_COEFFICIENT_SOLUTION,PRESSURE_OUTPUT,OUTPUT_DEMAND,FITNESS,NODE
0.5791513793209784,28.90554776296922,1.2,15.490906848805915,N10
