EMITTER_COEFFICIENT_SOLUTION,PRESSURE_OUTPUT,OUTPUT_DEMAND,FITNESS,NODE
0.7804865439516075,28.881438628708196,1.2,11.27864482636746,N10
