EMITTER_COEFFICIENT_SOLUTION,PRESSURE_OUTPUT,OUTPUT_DEMAND,FITNESS,NODE
0.10430590031972664,28.959009864480123,1.2,90.15589217306328,N10
