EMITTER_COEFFICIENT_SOLUTION,PRESSURE_OUTPUT,OUTPUT_DEMAND,FITNESS,NODE
0.7066287403023264,28.890380983214428,1.2,12.543780977269371,N10
