EMITTER_COEFFICIENT_SOLUTION,PRESSURE_OUTPUT,OUTPUT_DEMAND,FITNESS,NODE
0.13898466497812056,28.95526974575602,1.2,67.42171268748109,N10
