EMITTER_COEFFICIENT_SOLUTION,PRESSURE_OUTPUT,OUTPUT_DEMAND,FITNESS,NODE
0.7656629892066626,28.88324247678888,1.2,11.512873804387938,N10
