EMITTER_COEFFICIENT_SOLUTION,PRESSURE_OUTPUT,OUTPUT_DEMAND,FITNESS,NODE
0.6025902970951618,28.902784622424406,1.2,14.855057606355508,N10
