EMITTER_COEFFICIENT_SOLUTION,PRESSURE_OUTPUT,OUTPUT_DEMAND,FITNESS,NODE
0.6449529492399286,28.897761389243378,1.2,13.823539320247097,N10
