EMITTER_COEFFICIENT_SOLUTION,PRESSURE_OUTPUT,OUTPUT_DEMAND,FITNESS,NODE
0.8085312380569942,28.878013480744336,1.2,10.85914490250928,N10
