EMITTER_COEFFICIENT_SOLUTION,PRESSURE_OUTPUT,OUTPUT_DEMAND,FITNESS,NODE
0.8063295030873368,28.878282971016006,1.2,10.891016743219694,N10
