EMITTER_COEFFICIENT_SOLUTION,PRESSURE_OUTPUT,OUTPUT_DEMAND,FITNESS,NODE
0.5910610599289976,28.904145209953064,1.2,15.161495787349622,N10
