EMITTER_COEFFICIENT_SOLUTION,PRESSURE_OUTPUT,OUTPUT_DEMAND,FITNESS,NODE
0.5975532391061065,28.903379398602432,1.2,14.987478489180253,N10
