EMITTER_COEFFICIENT_SOLUTION,PRESSURE_OUTPUT,OUTPUT_DEMAND,FITNESS,NODE
0.42599690991988104,28.923317467705147,1.2,21.37469412216126,N10
