EMITTER_COEFFICIENT_SOLUTION,PRESSURE_OUTPUT,OUTPUT_DEMAND,FITNESS,NODE
0.05739484527011318,28.964027458225935,1.2,164.62789568368797,N10
