EMITTER_COEFFICIENT_SOLUTION,PRESSURE_OUTPUT,OUTPUT_DEMAND,FITNESS,NODE
0.44196091736932797,28.921488436706277,1.2,20.570491217661328,N10
