EMITTER_COEFFICIENT_SOLUTION,PRESSURE_OUTPUT,OUTPUT_DEMAND,FITNESS,NODE
0.6717842750780256,28.89456038773914,1.2,13.237778602357501,N10
