EMITTER_COEFFICIENT_SOLUTION,PRESSURE_OUTPUT,OUTPUT_DEMAND,FITNESS,NODE
0.8024344014970846,28.878759482267007,1.2,10.947832622741482,N10
