EMITTER_COEFFICIENT_SOLUTION,PRESSURE_OUTPUT,OUTPUT_DEMAND,FITNESS,NODE
0.1751340506535357,28.951343156859835,1.2,53.30886509578594,N10
