EMITTER_COEFFICIENT_SOLUTION,PRESSURE_OUTPUT,OUTPUT_DEMAND,FITNESS,NODE
0.3833599196528461,28.92817589252163,1.2,23.851621693943663,N10
