EMITTER_COEFFICIENT_SOLUTION,PRESSURE_OUTPUT,OUTPUT_DEMAND,FITNESS,NODE
0.16461302029653013,28.952488892924393,1.2,56.77666388758605,N10
