EMITTER_COEFFICIENT_SOLUTION,PRESSURE_OUTPUT,OUTPUT_DEMAND,FITNESS,NODE
0.21423779228647444,28.94706373686953,1.2,43.40649661929287,N10
