EMITTER_COEFFICIENT_SOLUTION,PRESSURE_OUTPUT,OUTPUT_DEMAND,FITNESS,NODE
0.6081630863038787,28.902125966721442,1.2,14.711118602224056,N10
