EMITTER_COEFFICIENT_SOLUTION,PRESSURE_OUTPUT,OUTPUT_DEMAND,FITNESS,NODE
0.24885585007337752,28.943247622675813,1.2,37.23820575894657,N10
