EMITTER_COEFFICIENT_SOLUTION,PRESSURE_OUTPUT,OUTPUT_DEMAND,FITNESS,NODE
0.5733724397015736,28.906227250174567,1.2,15.655696724298943,N10
