EMITTER_COEFFICIENT_SOLUTION,PRESSURE_OUTPUT,OUTPUT_DEMAND,FITNESS,NODE
0.7988375613752166,28.87919922676749,1.2,11.000793182387756,N10
