EMITTER_COEFFICIENT_SOLUTION,PRESSURE_OUTPUT,OUTPUT_DEMAND,FITNESS,NODE
0.9081209643463579,28.865719262210966,1.2,9.580149864007222,N10
