EMITTER_COEFFICIENT_SOLUTION,PRESSURE_OUTPUT,OUTPUT_DEMAND,FITNESS,NODE
0.6973925613648029,28.891491278014435,1.2,12.720949389443804,N10
