EMITTER_COEFFICIENT_SOLUTION,PRESSURE_OUTPUT,OUTPUT_DEMAND,FITNESS,NODE
0.5595265173952868,28.907852394753334,1.2,16.06442008015731,N10
