EMITTER_COEFFICIENT_SOLUTION,PRESSURE_OUTPUT,OUTPUT_DEMAND,FITNESS,NODE
0.3003990642686125,28.93751787586511,1.2,30.690015535194128,N10
