EMITTER_COEFFICIENT_SOLUTION,PRESSURE_OUTPUT,OUTPUT_DEMAND,FITNESS,NODE
0.06240200943902119,28.963494190025614,1.2,151.34150096374066,N10
