EMITTER_COEFFICIENT_SOLUTION,PRESSURE_OUTPUT,OUTPUT_DEMAND,FITNESS,NODE
0.6339480861520075,28.899069926145366,1.2,14.078194305071388,N10
