EMITTER_COEFFICIENT_SOLUTION,PRESSURE_OUTPUT,OUTPUT_DEMAND,FITNESS,NODE
0.2891102076422334,28.938777676568172,1.2,31.924315003991204,N10
