EMITTER_COEFFICIENT_SOLUTION,PRESSURE_OUTPUT,OUTPUT_DEMAND,FITNESS,NODE
0.8213178907386742,28.876446426317244,1.2,10.677448143833765,N10
