EMITTER_COEFFICIENT_SOLUTION,PRESSURE_OUTPUT,OUTPUT_DEMAND,FITNESS,NODE
0.6550594875509712,28.896557436333012,1.2,13.597241913392292,N10
