EMITTER_COEFFICIENT_SOLUTION,PRESSURE_OUTPUT,OUTPUT_DEMAND,FITNESS,NODE
0.8199770803207149,28.87661090641248,1.2,10.696233164670353,N10
