EMITTER_COEFFICIENT_SOLUTION,PRESSURE_OUTPUT,OUTPUT_DEMAND,FITNESS,NODE
0.9860527956682072,28.855956631451654,1.2,8.760776628060249,N10
