EMITTER_COEFFICIENT_SOLUTION,PRESSURE_OUTPUT,OUTPUT_DEMAND,FITNESS,NODE
0.9109560942941948,28.865366282314554,1.2,9.547862808207496,N10
