EMITTER_COEFFICIENT_SOLUTION,PRESSURE_OUTPUT,OUTPUT_DEMAND,FITNESS,NODE
0.6975562723988207,28.891471613538698,1.2,12.717768029589156,N10
