EMITTER_COEFFICIENT_SOLUTION,PRESSURE_OUTPUT,OUTPUT_DEMAND,FITNESS,NODE
0.31627297981257607,28.93574176692516,1.2,29.10361223750816,N10
