EMITTER_COEFFICIENT_SOLUTION,PRESSURE_OUTPUT,OUTPUT_DEMAND,FITNESS,NODE
0.5783584904919523,28.905641032325327,1.2,15.513320912281554,N10
