EMITTER_COEFFICIENT_SOLUTION,PRESSURE_OUTPUT,OUTPUT_DEMAND,FITNESS,NODE
0.4010908036743208,28.926160187543175,1.2,22.757490858231854,N10
