EMITTER_COEFFICIENT_SOLUTION,PRESSURE_OUTPUT,OUTPUT_DEMAND,FITNESS,NODE
0.49052259212290883,28.915891368416354,1.2,18.446646793532608,N10
