EMITTER_COEFFICIENT_SOLUTION,PRESSURE_OUTPUT,OUTPUT_DEMAND,FITNESS,NODE
0.9637270100236301,28.858766114808773,1.2,8.981849182528558,N10
