EMITTER_COEFFICIENT_SOLUTION,PRESSURE_OUTPUT,OUTPUT_DEMAND,FITNESS,NODE
0.8512884989680041,28.87276018401642,1.2,10.273102319009345,N10
