EMITTER_COEFFICIENT_SOLUTION,PRESSURE_OUTPUT,OUTPUT_DEMAND,FITNESS,NODE
0.11703778673305498,28.957639771162647,1.2,80.2439946390313,N10
