EMITTER_COEFFICIENT_SOLUTION,PRESSURE_OUTPUT,OUTPUT_DEMAND,FITNESS,NODE
0.6221714371350788,28.900467424126745,1.2,14.360730887782472,N10
