EMITTER_COEFFICIENT_SOLUTION,PRESSURE_OUTPUT,OUTPUT_DEMAND,FITNESS,NODE
0.4026794179573163,28.925979261531516,1.2,22.66417289287402,N10
