EMITTER_COEFFICIENT_SOLUTION,PRESSURE_OUTPUT,OUTPUT_DEMAND,FITNESS,NODE
0.37113645954572205,28.92956158956737,1.2,24.666890080380846,N10
