EMITTER_COEFFICIENT_SOLUTION,PRESSURE_OUTPUT,OUTPUT_DEMAND,FITNESS,NODE
0.6550215611549646,28.896561958350176,1.2,13.598078017889394,N10
