EMITTER_COEFFICIENT_SOLUTION,PRESSURE_OUTPUT,OUTPUT_DEMAND,FITNESS,NODE
0.6473982936599181,28.897470280679563,1.2,13.768134273371262,N10
