EMITTER_COEFFICIENT_SOLUTION,PRESSURE_OUTPUT,OUTPUT_DEMAND,FITNESS,NODE
0.8094862482412315,28.877896557244803,1.2,10.845374647190171,N10
