EMITTER_COEFFICIENT_SOLUTION,PRESSURE_OUTPUT,OUTPUT_DEMAND,FITNESS,NODE
0.48641506121235745,28.916366724388183,1.2,18.609831262226606,N10
