EMITTER_COEFFICIENT_SOLUTION,PRESSURE_OUTPUT,OUTPUT_DEMAND,FITNESS,NODE
0.1328562211310107,28.955932607219182,1.2,70.57583535050333,N10
