EMITTER_COEFFICIENT_SOLUTION,PRESSURE_OUTPUT,OUTPUT_DEMAND,FITNESS,NODE
0.4341573102368219,28.922383189665837,1.2,20.95620073578679,N10
