EMITTER_COEFFICIENT_SOLUTION,PRESSURE_OUTPUT,OUTPUT_DEMAND,FITNESS,NODE
0.9930474123327211,28.855074332882545,1.2,8.693578563385444,N10
