EMITTER_COEFFICIENT_SOLUTION,PRESSURE_OUTPUT,OUTPUT_DEMAND,FITNESS,NODE
0.3278895373993205,28.934438581779077,1.2,28.040123396947145,N10
