EMITTER_COEFFICIENT_SOLUTION,PRESSURE_OUTPUT,OUTPUT_DEMAND,FITNESS,NODE
0.6363875311319342,28.89878008177429,1.2,14.020981893522631,N10
