EMITTER_COEFFICIENT_SOLUTION,PRESSURE_OUTPUT,OUTPUT_DEMAND,FITNESS,NODE
0.7928044063764994,28.879936230696806,1.2,11.090712551805867,N10
