EMITTER_COEFFICIENT_SOLUTION,PRESSURE_OUTPUT,OUTPUT_DEMAND,FITNESS,NODE
0.19920740561928407,28.948712545477875,1.2,46.752528584602366,N10
