EMITTER_COEFFICIENT_SOLUTION,PRESSURE_OUTPUT,OUTPUT_DEMAND,FITNESS,NODE
0.8215292141467521,28.876420499433685,1.2,10.674493092370712,N10
