EMITTER_COEFFICIENT_SOLUTION,PRESSURE_OUTPUT,OUTPUT_DEMAND,FITNESS,NODE
0.1996827097233005,28.948660480281966,1.2,46.63900088195615,N10
