EMITTER_COEFFICIENT_SOLUTION,PRESSURE_OUTPUT,OUTPUT_DEMAND,FITNESS,NODE
0.7522506209007374,28.884870674445438,1.2,11.732808038285615,N10
