EMITTER_COEFFICIENT_SOLUTION,PRESSURE_OUTPUT,OUTPUT_DEMAND,FITNESS,NODE
0.36295404487659577,28.930487395663192,1.2,25.24336671704338,N10
