EMITTER_COEFFICIENT_SOLUTION,PRESSURE_OUTPUT,OUTPUT_DEMAND,FITNESS,NODE
0.07128548787963274,28.96254673879885,1.2,132.36225107725355,N10
