EMITTER_COEFFICIENT_SOLUTION,PRESSURE_OUTPUT,OUTPUT_DEMAND,FITNESS,NODE
0.28805423916784956,28.938895379222714,1.2,32.04472551539517,N10
