EMITTER_COEFFICIENT_SOLUTION,PRESSURE_OUTPUT,OUTPUT_DEMAND,FITNESS,NODE
0.16658051848827715,28.952274815836994,1.2,56.09485433383896,N10
