EMITTER_COEFFICIENT_SOLUTION,PRESSURE_OUTPUT,OUTPUT_DEMAND,FITNESS,NODE
0.9121250252463122,28.865220699822004,1.2,9.534609684859504,N10
