EMITTER_COEFFICIENT_SOLUTION,PRESSURE_OUTPUT,OUTPUT_DEMAND,FITNESS,NODE
0.4413647936134224,28.921556833238697,1.2,20.599473652667754,N10
