EMITTER_COEFFICIENT_SOLUTION,PRESSURE_OUTPUT,OUTPUT_DEMAND,FITNESS,NODE
0.031284591851306054,28.966799318388425,1.2,302.8059940344208,N10
