EMITTER_COEFFICIENT_SOLUTION,PRESSURE_OUTPUT,OUTPUT_DEMAND,FITNESS,NODE
0.8862960493721654,28.868430986244242,1.2,9.835667953642007,N10
