EMITTER_COEFFICIENT_SOLUTION,PRESSURE_OUTPUT,OUTPUT_DEMAND,FITNESS,NODE
0.45456577321761316,28.920040446096998,1.2,19.97550331083055,N10
