EMITTER_COEFFICIENT_SOLUTION,PRESSURE_OUTPUT,OUTPUT_DEMAND,FITNESS,NODE
0.12948476161585099,28.956296920507178,1.2,72.43834952164244,N10
