EMITTER_COEFFICIENT_SOLUTION,PRESSURE_OUTPUT,OUTPUT_DEMAND,FITNESS,NODE
0.44902460185414506,28.920677407077548,1.2,20.23293946671429,N10
