EMITTER_COEFFICIENT_SOLUTION,PRESSURE_OUTPUT,OUTPUT_DEMAND,FITNESS,NODE
0.4900402933901964,28.915947202343816,1.2,18.46566548241074,N10
