EMITTER_COEFFICIENT_SOLUTION,PRESSURE_OUTPUT,OUTPUT_DEMAND,FITNESS,NODE
0.668138050608561,28.894996268721485,1.2,13.314605151501565,N10
