EMITTER_COEFFICIENT_SOLUTION,PRESSURE_OUTPUT,OUTPUT_DEMAND,FITNESS,NODE
0.8696738222208247,28.870489713681536,1.2,10.038946167818874,N10
