EMITTER_COEFFICIENT_SOLUTION,PRESSURE_OUTPUT,OUTPUT_DEMAND,FITNESS,NODE
0.21755707611203556,28.946698957984417,1.2,42.729920735114774,N10
