EMITTER_COEFFICIENT_SOLUTION,PRESSURE_OUTPUT,OUTPUT_DEMAND,FITNESS,NODE
0.8051672570447566,28.87842518841512,1.2,10.907911921549218,N10
