EMITTER_COEFFICIENT_SOLUTION,PRESSURE_OUTPUT,OUTPUT_DEMAND,FITNESS,NODE
0.23109728209209357,28.94520847207042,1.2,40.17146651789685,N10
