EMITTER_COEFFICIENT_SOLUTION,PRESSURE_OUTPUT,OUTPUT_DEMAND,FITNESS,NODE
0.24814886096981703,28.943325816429805,1.2,37.3469524320472,N10
