EMITTER_COEFFICIENT_SOLUTION,PRESSURE_OUTPUT,OUTPUT_DEMAND,FITNESS,NODE
0.4222607941737587,25.031100224928117,23.0,7.803565860752684,N8
