EMITTER_COEFFICIENT_SOLUTION,PRESSURE_OUTPUT,OUTPUT_DEMAND,FITNESS,NODE
0.4892326854445329,25.010639926939554,23.0,6.729165246435333,N8
