EMITTER_COEFFICIENT_SOLUTION,PRESSURE_OUTPUT,OUTPUT_DEMAND,FITNESS,NODE
0.24876677501036892,25.08393197308685,23.0,13.277603449735508,N8
