EMITTER_COEFFICIENT_SOLUTION,PRESSURE_OUTPUT,OUTPUT_DEMAND,FITNESS,NODE
0.7793380320015096,24.921588361912615,23.0,4.207719854577673,N8
