EMITTER_COEFFICIENT_SOLUTION,PRESSURE_OUTPUT,OUTPUT_DEMAND,FITNESS,NODE
0.15272533103639463,25.113070183704583,23.0,21.655996948873966,N8
