EMITTER_COEFFICIENT_SOLUTION,PRESSURE_OUTPUT,OUTPUT_DEMAND,FITNESS,NODE
0.1446091617635049,25.11552901105597,23.0,22.873999874369446,N8
