EMITTER_COEFFICIENT_SOLUTION,PRESSURE_OUTPUT,OUTPUT_DEMAND,FITNESS,NODE
0.6501443277314579,24.961329910776907,23.0,5.052626677217848,N8
