EMITTER_COEFFICIENT_SOLUTION,PRESSURE_OUTPUT,OUTPUT_DEMAND,FITNESS,NODE
0.5229611640697215,25.000321634364514,23.0,6.292270882548806,N8
