EMITTER_COEFFICIENT_SOLUTION,PRESSURE_OUTPUT,OUTPUT_DEMAND,FITNESS,NODE
0.33573103046674724,25.057481165755345,23.0,9.826502901765904,N8
