EMITTER_COEFFICIENT_SOLUTION,PRESSURE_OUTPUT,OUTPUT_DEMAND,FITNESS,NODE
0.15336012005962207,25.112877848304507,23.0,21.566169220851958,N8
