EMITTER_COEFFICIENT_SOLUTION,PRESSURE_OUTPUT,OUTPUT_DEMAND,FITNESS,NODE
0.8698871210366353,24.893654873990975,23.0,3.7651751318457785,N8
