EMITTER_COEFFICIENT_SOLUTION,PRESSURE_OUTPUT,OUTPUT_DEMAND,FITNESS,NODE
0.08698024747633426,25.13297192988916,23.0,38.05922383296895,N8
