EMITTER_COEFFICIENT_SOLUTION,PRESSURE_OUTPUT,OUTPUT_DEMAND,FITNESS,NODE
0.8166749496506144,24.910078194234078,23.0,4.013347185276765,N8
