EMITTER_COEFFICIENT_SOLUTION,PRESSURE_OUTPUT,OUTPUT_DEMAND,FITNESS,NODE
0.16128252847206925,25.11047714372871,23.0,20.50456580754429,N8
