EMITTER_COEFFICIENT_SOLUTION,PRESSURE_OUTPUT,OUTPUT_DEMAND,FITNESS,NODE
0.2999732933601068,25.06836476388442,23.0,11.003278303366303,N8
