EMITTER_COEFFICIENT_SOLUTION,PRESSURE_OUTPUT,OUTPUT_DEMAND,FITNESS,NODE
0.5056663388190369,25.005613668408053,23.0,6.509013963928263,N8
