EMITTER_COEFFICIENT_SOLUTION,PRESSURE_OUTPUT,OUTPUT_DEMAND,FITNESS,NODE
0.22222642942488402,25.091991840485207,23.0,14.86879869476695,N8
