EMITTER_COEFFICIENT_SOLUTION,PRESSURE_OUTPUT,OUTPUT_DEMAND,FITNESS,NODE
0.987456825848214,24.857289027223423,23.0,3.3117216754505043,N8
