EMITTER_COEFFICIENT_SOLUTION,PRESSURE_OUTPUT,OUTPUT_DEMAND,FITNESS,NODE
0.7778200558100644,24.922056086177133,23.0,4.216017198499914,N8
