EMITTER_COEFFICIENT_SOLUTION,PRESSURE_OUTPUT,OUTPUT_DEMAND,FITNESS,NODE
0.5615011624685268,24.988519770337035,23.0,5.8573043818431065,N8
