EMITTER_COEFFICIENT_SOLUTION,PRESSURE_OUTPUT,OUTPUT_DEMAND,FITNESS,NODE
0.8245880795451349,24.907637321368025,23.0,3.9744135509427188,N8
