EMITTER_COEFFICIENT_SOLUTION,PRESSURE_OUTPUT,OUTPUT_DEMAND,FITNESS,NODE
0.6232876033661735,24.969574498369163,23.0,5.2722519443907006,N8
