EMITTER_COEFFICIENT_SOLUTION,PRESSURE_OUTPUT,OUTPUT_DEMAND,FITNESS,NODE
0.49687586424213526,25.008302523658017,23.0,6.624962712270634,N8
