EMITTER_COEFFICIENT_SOLUTION,PRESSURE_OUTPUT,OUTPUT_DEMAND,FITNESS,NODE
0.11834712724838081,25.12348139443127,23.0,27.960003201194557,N8
