EMITTER_COEFFICIENT_SOLUTION,PRESSURE_OUTPUT,OUTPUT_DEMAND,FITNESS,NODE
0.006773854178153349,25.157201639372825,23.0,488.9664532510969,N8
