EMITTER_COEFFICIENT_SOLUTION,PRESSURE_OUTPUT,OUTPUT_DEMAND,FITNESS,NODE
0.4470128809976516,25.023542517916557,23.0,7.368965885034737,N8
