EMITTER_COEFFICIENT_SOLUTION,PRESSURE_OUTPUT,OUTPUT_DEMAND,FITNESS,NODE
0.2517373188130928,25.083029500994506,23.0,13.12038623624138,N8
