EMITTER_COEFFICIENT_SOLUTION,PRESSURE_OUTPUT,OUTPUT_DEMAND,FITNESS,NODE
0.8592883703516839,24.896927846695256,23.0,3.812153501930484,N8
