EMITTER_COEFFICIENT_SOLUTION,PRESSURE_OUTPUT,OUTPUT_DEMAND,FITNESS,NODE
0.325590176229816,25.060568821246168,23.0,10.133976417305188,N8
