EMITTER_COEFFICIENT_SOLUTION,PRESSURE_OUTPUT,OUTPUT_DEMAND,FITNESS,NODE
0.7487335397737148,24.931014772157095,23.0,4.381506589188203,N8
