EMITTER_COEFFICIENT_SOLUTION,PRESSURE_OUTPUT,OUTPUT_DEMAND,FITNESS,NODE
0.2147753086078893,25.09425356305184,23.0,15.386223505922615,N8
