EMITTER_COEFFICIENT_SOLUTION,PRESSURE_OUTPUT,OUTPUT_DEMAND,FITNESS,NODE
0.17028232614699823,25.107749319628127,23.0,19.418437290969933,N8
