EMITTER_COEFFICIENT_SOLUTION,PRESSURE_OUTPUT,OUTPUT_DEMAND,FITNESS,NODE
0.276761728337482,25.075423983619324,23.0,11.929930389413748,N8
