EMITTER_COEFFICIENT_SOLUTION,PRESSURE_OUTPUT,OUTPUT_DEMAND,FITNESS,NODE
0.02738619731116565,25.150980293640025,23.0,120.97053485129791,N8
