EMITTER_COEFFICIENT_SOLUTION,PRESSURE_OUTPUT,OUTPUT_DEMAND,FITNESS,NODE
0.624110444155867,24.969321985928374,23.0,5.2652422788681355,N8
