EMITTER_COEFFICIENT_SOLUTION,PRESSURE_OUTPUT,OUTPUT_DEMAND,FITNESS,NODE
0.3702768156493027,25.046956672553037,23.0,8.905504827577124,N8
