EMITTER_COEFFICIENT_SOLUTION,PRESSURE_OUTPUT,OUTPUT_DEMAND,FITNESS,NODE
0.23574621224650916,25.087886840994138,23.0,14.01346696453527,N8
