EMITTER_COEFFICIENT_SOLUTION,PRESSURE_OUTPUT,OUTPUT_DEMAND,FITNESS,NODE
0.1853771571678976,25.103172570517724,23.0,17.83351379157089,N8
