EMITTER_COEFFICIENT_SOLUTION,PRESSURE_OUTPUT,OUTPUT_DEMAND,FITNESS,NODE
0.9813670621248854,24.859175339330495,23.0,3.3325398542727576,N8
