EMITTER_COEFFICIENT_SOLUTION,PRESSURE_OUTPUT,OUTPUT_DEMAND,FITNESS,NODE
0.7962434360799765,24.916378165955823,23.0,4.117452752703342,N8
