EMITTER_COEFFICIENT_SOLUTION,PRESSURE_OUTPUT,OUTPUT_DEMAND,FITNESS,NODE
0.23331643302137983,25.088624705488783,23.0,14.1598806933351,N8
