EMITTER_COEFFICIENT_SOLUTION,PRESSURE_OUTPUT,OUTPUT_DEMAND,FITNESS,NODE
0.9649351013397388,24.864263709702243,23.0,3.3900251792662397,N8
