EMITTER_COEFFICIENT_SOLUTION,PRESSURE_OUTPUT,OUTPUT_DEMAND,FITNESS,NODE
0.00951505512017381,25.156374448429244,23.0,348.1505002289496,N8
