EMITTER_COEFFICIENT_SOLUTION,PRESSURE_OUTPUT,OUTPUT_DEMAND,FITNESS,NODE
0.5955877499329559,24.978071798405466,23.0,5.519526202972578,N8
