EMITTER_COEFFICIENT_SOLUTION,PRESSURE_OUTPUT,OUTPUT_DEMAND,FITNESS,NODE
0.34422210531526487,25.054895173493087,23.0,9.582987119988589,N8
