EMITTER_COEFFICIENT_SOLUTION,PRESSURE_OUTPUT,OUTPUT_DEMAND,FITNESS,NODE
0.3260628294422293,25.060424928249077,23.0,10.119220486617978,N8
