EMITTER_COEFFICIENT_SOLUTION,PRESSURE_OUTPUT,OUTPUT_DEMAND,FITNESS,NODE
0.45439188598524105,25.021288466142828,23.0,7.248566965755515,N8
