EMITTER_COEFFICIENT_SOLUTION,PRESSURE_OUTPUT,OUTPUT_DEMAND,FITNESS,NODE
0.6518702166375981,24.960799891035258,23.0,5.039131922815597,N8
