EMITTER_COEFFICIENT_SOLUTION,PRESSURE_OUTPUT,OUTPUT_DEMAND,FITNESS,NODE
0.6022617234912494,24.976025036470183,23.0,5.457867818078251,N8
