EMITTER_COEFFICIENT_SOLUTION,PRESSURE_OUTPUT,OUTPUT_DEMAND,FITNESS,NODE
0.10639094858327891,25.12709990366884,23.0,31.10723162951078,N8
