EMITTER_COEFFICIENT_SOLUTION,PRESSURE_OUTPUT,OUTPUT_DEMAND,FITNESS,NODE
0.46897611589552957,25.016832387214993,23.0,7.021762720241181,N8
