EMITTER_COEFFICIENT_SOLUTION,PRESSURE_OUTPUT,OUTPUT_DEMAND,FITNESS,NODE
0.8801814272181959,24.890475064696123,23.0,3.720629747531731,N8
