EMITTER_COEFFICIENT_SOLUTION,PRESSURE_OUTPUT,OUTPUT_DEMAND,FITNESS,NODE
0.21327230352123616,25.094709730692184,23.0,15.49497806618138,N8
