EMITTER_COEFFICIENT_SOLUTION,PRESSURE_OUTPUT,OUTPUT_DEMAND,FITNESS,NODE
0.947748879541494,24.869583379511646,23.0,3.4522830110313456,N8
