EMITTER_COEFFICIENT_SOLUTION,PRESSURE_OUTPUT,OUTPUT_DEMAND,FITNESS,NODE
0.1015358608241338,25.12856893924351,23.0,32.596829478729056,N8
