EMITTER_COEFFICIENT_SOLUTION,PRESSURE_OUTPUT,OUTPUT_DEMAND,FITNESS,NODE
0.3460180701368697,25.054348128303314,23.0,9.533011953958471,N8
