EMITTER_COEFFICIENT_SOLUTION,PRESSURE_OUTPUT,OUTPUT_DEMAND,FITNESS,NODE
0.05163530349369172,25.14365609630984,23.0,64.14091239333136,N8
