EMITTER_COEFFICIENT_SOLUTION,PRESSURE_OUTPUT,OUTPUT_DEMAND,FITNESS,NODE
0.5700054312701067,24.985913987935923,23.0,5.769249136073153,N8
