EMITTER_COEFFICIENT_SOLUTION,PRESSURE_OUTPUT,OUTPUT_DEMAND,FITNESS,NODE
0.5074115595706096,25.005079760156615,23.0,6.486472070691952,N8
