EMITTER_COEFFICIENT_SOLUTION,PRESSURE_OUTPUT,OUTPUT_DEMAND,FITNESS,NODE
0.5997350609023117,24.976799951195233,23.0,5.481049269966926,N8
