EMITTER_COEFFICIENT_SOLUTION,PRESSURE_OUTPUT,OUTPUT_DEMAND,FITNESS,NODE
0.3308951420982994,25.058953688363125,23.0,9.970777536880766,N8
