EMITTER_COEFFICIENT_SOLUTION,PRESSURE_OUTPUT,OUTPUT_DEMAND,FITNESS,NODE
0.09453836404176885,25.130685866410037,23.0,35.01289852846498,N8
