EMITTER_COEFFICIENT_SOLUTION,PRESSURE_OUTPUT,OUTPUT_DEMAND,FITNESS,NODE
0.3092868376653809,25.06553102000035,23.0,10.670565042466635,N8
