EMITTER_COEFFICIENT_SOLUTION,PRESSURE_OUTPUT,OUTPUT_DEMAND,FITNESS,NODE
0.1850876542311618,25.10326036575985,23.0,17.861479468200585,N8
