EMITTER_COEFFICIENT_SOLUTION,PRESSURE_OUTPUT,OUTPUT_DEMAND,FITNESS,NODE
0.47186259561518284,25.01595019201395,23.0,6.9785337367891715,N8
