EMITTER_COEFFICIENT_SOLUTION,PRESSURE_OUTPUT,OUTPUT_DEMAND,FITNESS,NODE
0.43399982613200627,25.02751650246292,23.0,7.5912698188210905,N8
