EMITTER_COEFFICIENT_SOLUTION,PRESSURE_OUTPUT,OUTPUT_DEMAND,FITNESS,NODE
0.009027803895112041,25.15652148713681,23.0,366.93446229967907,N8
