EMITTER_COEFFICIENT_SOLUTION,PRESSURE_OUTPUT,OUTPUT_DEMAND,FITNESS,NODE
0.5719964408216062,24.985303840217394,23.0,5.749012072034152,N8
