EMITTER_COEFFICIENT_SOLUTION,PRESSURE_OUTPUT,OUTPUT_DEMAND,FITNESS,NODE
0.9144203509930356,24.879892974815263,23.0,3.579690053287189,N8
