EMITTER_COEFFICIENT_SOLUTION,PRESSURE_OUTPUT,OUTPUT_DEMAND,FITNESS,NODE
0.5499777185511056,24.99204971542937,23.0,5.9809666256438865,N8
