EMITTER_COEFFICIENT_SOLUTION,PRESSURE_OUTPUT,OUTPUT_DEMAND,FITNESS,NODE
0.4568842452839149,25.020527028450033,23.0,7.208779318613998,N8
