EMITTER_COEFFICIENT_SOLUTION,PRESSURE_OUTPUT,OUTPUT_DEMAND,FITNESS,NODE
0.9746146856831678,24.861266556796153,23.0,3.3559275332270153,N8
