EMITTER_COEFFICIENT_SOLUTION,PRESSURE_OUTPUT,OUTPUT_DEMAND,FITNESS,NODE
0.5465585864484584,24.993096880813365,23.0,6.018661873378405,N8
