EMITTER_COEFFICIENT_SOLUTION,PRESSURE_OUTPUT,OUTPUT_DEMAND,FITNESS,NODE
0.2270840089904559,25.09051711416863,23.0,14.549760156868501,N8
