EMITTER_COEFFICIENT_SOLUTION,PRESSURE_OUTPUT,OUTPUT_DEMAND,FITNESS,NODE
0.6328072506907464,24.96665278499831,23.0,5.1922701679903085,N8
