EMITTER_COEFFICIENT_SOLUTION,PRESSURE_OUTPUT,OUTPUT_DEMAND,FITNESS,NODE
0.6785912002544877,24.952590822855917,23.0,4.838960680705316,N8
