EMITTER_COEFFICIENT_SOLUTION,PRESSURE_OUTPUT,OUTPUT_DEMAND,FITNESS,NODE
0.08074671092604346,25.13485699033772,23.0,41.000781328086326,N8
