EMITTER_COEFFICIENT_SOLUTION,PRESSURE_OUTPUT,OUTPUT_DEMAND,FITNESS,NODE
0.17568159784001003,25.106112481924725,23.0,18.820239182371786,N8
