EMITTER_COEFFICIENT_SOLUTION,PRESSURE_OUTPUT,OUTPUT_DEMAND,FITNESS,NODE
0.4730845404899958,25.015576708244815,23.0,6.960392385270308,N8
