EMITTER_COEFFICIENT_SOLUTION,PRESSURE_OUTPUT,OUTPUT_DEMAND,FITNESS,NODE
0.40904451486418203,25.035133567078187,23.0,8.057160567082734,N8
