EMITTER_COEFFICIENT_SOLUTION,PRESSURE_OUTPUT,OUTPUT_DEMAND,FITNESS,NODE
0.07981726479210549,25.135138032437506,23.0,41.47873857950148,N8
