EMITTER_COEFFICIENT_SOLUTION,PRESSURE_OUTPUT,OUTPUT_DEMAND,FITNESS,NODE
0.2025421746030286,25.097965814267283,23.0,16.318283503047432,N8
