EMITTER_COEFFICIENT_SOLUTION,PRESSURE_OUTPUT,OUTPUT_DEMAND,FITNESS,NODE
0.5622401861688054,24.988293350346645,23.0,5.849546649889968,N8
