EMITTER_COEFFICIENT_SOLUTION,PRESSURE_OUTPUT,OUTPUT_DEMAND,FITNESS,NODE
0.45166838309216273,25.02212046190134,23.0,7.292546688382564,N8
