EMITTER_COEFFICIENT_SOLUTION,PRESSURE_OUTPUT,OUTPUT_DEMAND,FITNESS,NODE
0.5064864736311018,25.005362771018586,23.0,6.498401459521154,N8
