EMITTER_COEFFICIENT_SOLUTION,PRESSURE_OUTPUT,OUTPUT_DEMAND,FITNESS,NODE
0.28873003769588357,25.071784680810712,23.0,11.433525262935765,N8
