EMITTER_COEFFICIENT_SOLUTION,PRESSURE_OUTPUT,OUTPUT_DEMAND,FITNESS,NODE
0.08390901430799047,25.133900731183203,23.0,39.4538976662158,N8
