EMITTER_COEFFICIENT_SOLUTION,PRESSURE_OUTPUT,OUTPUT_DEMAND,FITNESS,NODE
0.28751393784284207,25.07215452484237,23.0,11.482078622633932,N8
