EMITTER_COEFFICIENT_SOLUTION,PRESSURE_OUTPUT,OUTPUT_DEMAND,FITNESS,NODE
0.4781300344546099,25.014034438582154,23.0,6.886467519855097,N8
