EMITTER_COEFFICIENT_SOLUTION,PRESSURE_OUTPUT,OUTPUT_DEMAND,FITNESS,NODE
0.30200340124947156,25.067747143708285,23.0,10.929006451118644,N8
