EMITTER_COEFFICIENT_SOLUTION,PRESSURE_OUTPUT,OUTPUT_DEMAND,FITNESS,NODE
0.6486512280465783,24.961788421647928,23.0,5.064359198453364,N8
