EMITTER_COEFFICIENT_SOLUTION,PRESSURE_OUTPUT,OUTPUT_DEMAND,FITNESS,NODE
0.20799670547235916,25.096310744388045,23.0,15.889150911969244,N8
