EMITTER_COEFFICIENT_SOLUTION,PRESSURE_OUTPUT,OUTPUT_DEMAND,FITNESS,NODE
0.22012674771683238,25.092629227595296,23.0,15.011061233533452,N8
