EMITTER_COEFFICIENT_SOLUTION,PRESSURE_OUTPUT,OUTPUT_DEMAND,FITNESS,NODE
0.8927098375050898,24.886604032141094,23.0,3.667803550802286,N8
