EMITTER_COEFFICIENT_SOLUTION,PRESSURE_OUTPUT,OUTPUT_DEMAND,FITNESS,NODE
0.05486586193585985,25.14267999477636,23.0,60.36177950950073,N8
