EMITTER_COEFFICIENT_SOLUTION,PRESSURE_OUTPUT,OUTPUT_DEMAND,FITNESS,NODE
0.36182477699962334,25.049532302583096,23.0,9.114568284036787,N8
