EMITTER_COEFFICIENT_SOLUTION,PRESSURE_OUTPUT,OUTPUT_DEMAND,FITNESS,NODE
0.39625376255581657,25.039035675536052,23.0,8.318699775916597,N8
