EMITTER_COEFFICIENT_SOLUTION,PRESSURE_OUTPUT,OUTPUT_DEMAND,FITNESS,NODE
0.0556026291141426,25.142457370819624,23.0,59.561394785400296,N8
