EMITTER_COEFFICIENT_SOLUTION,PRESSURE_OUTPUT,OUTPUT_DEMAND,FITNESS,NODE
0.6364398172060607,24.965537706169606,23.0,5.162381062962451,N8
