EMITTER_COEFFICIENT_SOLUTION,PRESSURE_OUTPUT,OUTPUT_DEMAND,FITNESS,NODE
0.5630696295268719,24.988039222545044,23.0,5.8408640161079095,N8
