EMITTER_COEFFICIENT_SOLUTION,PRESSURE_OUTPUT,OUTPUT_DEMAND,FITNESS,NODE
0.26032847654033164,25.080419031843007,23.0,12.685889895670163,N8
