EMITTER_COEFFICIENT_SOLUTION,PRESSURE_OUTPUT,OUTPUT_DEMAND,FITNESS,NODE
0.012222451491627706,25.155557395502903,23.0,271.0486967414372,N8
