EMITTER_COEFFICIENT_SOLUTION,PRESSURE_OUTPUT,OUTPUT_DEMAND,FITNESS,NODE
0.5047336409405278,25.005898994646873,23.0,6.521124948095939,N8
