EMITTER_COEFFICIENT_SOLUTION,PRESSURE_OUTPUT,OUTPUT_DEMAND,FITNESS,NODE
0.25152730148815505,25.083093308157462,23.0,13.131379493913077,N8
