EMITTER_COEFFICIENT_SOLUTION,PRESSURE_OUTPUT,OUTPUT_DEMAND,FITNESS,NODE
0.3253991219534681,25.060626984658217,23.0,10.139953175896844,N8
