EMITTER_COEFFICIENT_SOLUTION,PRESSURE_OUTPUT,OUTPUT_DEMAND,FITNESS,NODE
0.17667317828594975,25.10581184874878,23.0,18.714353589143986,N8
