EMITTER_COEFFICIENT_SOLUTION,PRESSURE_OUTPUT,OUTPUT_DEMAND,FITNESS,NODE
0.17563560482792362,25.106126426155186,23.0,18.825179544879468,N8
