EMITTER_COEFFICIENT_SOLUTION,PRESSURE_OUTPUT,OUTPUT_DEMAND,FITNESS,NODE
0.2502526156184669,25.083480573483868,23.0,13.198498185845692,N8
