EMITTER_COEFFICIENT_SOLUTION,PRESSURE_OUTPUT,OUTPUT_DEMAND,FITNESS,NODE
0.21586402413147143,25.093923122007276,23.0,15.308391970692531,N8
