EMITTER_COEFFICIENT_SOLUTION,PRESSURE_OUTPUT,OUTPUT_DEMAND,FITNESS,NODE
0.2825901089036159,25.07365184889245,23.0,11.682936247767298,N8
