EMITTER_COEFFICIENT_SOLUTION,PRESSURE_OUTPUT,OUTPUT_DEMAND,FITNESS,NODE
0.9698158325642351,24.86275254889301,23.0,3.3727470239497714,N8
