EMITTER_COEFFICIENT_SOLUTION,PRESSURE_OUTPUT,OUTPUT_DEMAND,FITNESS,NODE
0.1075070854703487,25.126762158648308,23.0,30.783807327167455,N8
