EMITTER_COEFFICIENT_SOLUTION,PRESSURE_OUTPUT,OUTPUT_DEMAND,FITNESS,NODE
0.9340444682413939,24.87382365709857,23.0,3.5035705124352177,N8
