EMITTER_COEFFICIENT_SOLUTION,PRESSURE_OUTPUT,OUTPUT_DEMAND,FITNESS,NODE
0.17377547070180832,25.10669036949784,23.0,19.027178439180975,N8
