EMITTER_COEFFICIENT_SOLUTION,PRESSURE_OUTPUT,OUTPUT_DEMAND,FITNESS,NODE
0.9895415772447435,24.856643206064774,23.0,3.3046537483394403,N8
