EMITTER_COEFFICIENT_SOLUTION,PRESSURE_OUTPUT,OUTPUT_DEMAND,FITNESS,NODE
0.6548947391363144,24.959871003489763,23.0,5.015654712028826,N8
