EMITTER_COEFFICIENT_SOLUTION,PRESSURE_OUTPUT,OUTPUT_DEMAND,FITNESS,NODE
0.5466533033584754,24.993067873486005,23.0,6.017611286935178,N8
