EMITTER_COEFFICIENT_SOLUTION,PRESSURE_OUTPUT,OUTPUT_DEMAND,FITNESS,NODE
0.1906357532269739,25.101577715513766,23.0,17.340322612461726,N8
