EMITTER_COEFFICIENT_SOLUTION,PRESSURE_OUTPUT,OUTPUT_DEMAND,FITNESS,NODE
0.7094047097621968,24.943117334887503,23.0,4.626857059182387,N8
