EMITTER_COEFFICIENT_SOLUTION,PRESSURE_OUTPUT,OUTPUT_DEMAND,FITNESS,NODE
0.40157729022377275,25.037411776929577,23.0,8.207822558342247,N8
