EMITTER_COEFFICIENT_SOLUTION,PRESSURE_OUTPUT,OUTPUT_DEMAND,FITNESS,NODE
0.2428296803224167,25.085735483109065,23.0,13.603353305093105,N8
