EMITTER_COEFFICIENT_SOLUTION,PRESSURE_OUTPUT,OUTPUT_DEMAND,FITNESS,NODE
0.8746477001752538,24.89218448243459,23.0,3.7444448303717426,N8
