EMITTER_COEFFICIENT_SOLUTION,PRESSURE_OUTPUT,OUTPUT_DEMAND,FITNESS,NODE
0.16840625884486127,25.108318008847338,23.0,19.63527068355092,N8
