EMITTER_COEFFICIENT_SOLUTION,PRESSURE_OUTPUT,OUTPUT_DEMAND,FITNESS,NODE
0.03772202439515737,25.147859180593088,23.0,87.81490204943974,N8
