EMITTER_COEFFICIENT_SOLUTION,PRESSURE_OUTPUT,OUTPUT_DEMAND,FITNESS,NODE
0.6683277009519092,24.955744597423983,23.0,4.913952465701044,N8
