EMITTER_COEFFICIENT_SOLUTION,PRESSURE_OUTPUT,OUTPUT_DEMAND,FITNESS,NODE
0.12381515038162749,25.121826107359645,23.0,26.72320435166147,N8
