EMITTER_COEFFICIENT_SOLUTION,PRESSURE_OUTPUT,OUTPUT_DEMAND,FITNESS,NODE
0.1979942484703715,25.099345601906546,23.0,16.694165423135516,N8
