EMITTER_COEFFICIENT_SOLUTION,PRESSURE_OUTPUT,OUTPUT_DEMAND,FITNESS,NODE
0.24819554121882914,25.08410550947236,23.0,13.308267658873289,N8
