EMITTER_COEFFICIENT_SOLUTION,PRESSURE_OUTPUT,OUTPUT_DEMAND,FITNESS,NODE
0.3585968780606853,25.050515913981258,23.0,9.197021357866975,N8
