EMITTER_COEFFICIENT_SOLUTION,PRESSURE_OUTPUT,OUTPUT_DEMAND,FITNESS,NODE
0.1885062043891793,25.10222360441921,23.0,17.536732650139868,N8
