EMITTER_COEFFICIENT_SOLUTION,PRESSURE_OUTPUT,OUTPUT_DEMAND,FITNESS,NODE
0.8937085588468584,24.886295393493267,23.0,3.6636561969944967,N8
