EMITTER_COEFFICIENT_SOLUTION,PRESSURE_OUTPUT,OUTPUT_DEMAND,FITNESS,NODE
0.5522297124611807,24.991359953281687,23.0,5.956393854064234,N8
