EMITTER_COEFFICIENT_SOLUTION,PRESSURE_OUTPUT,OUTPUT_DEMAND,FITNESS,NODE
0.12008307278084207,25.12295591412122,23.0,27.555151041655776,N8
