EMITTER_COEFFICIENT_SOLUTION,PRESSURE_OUTPUT,OUTPUT_DEMAND,FITNESS,NODE
0.38790967884973215,25.041580499334927,23.0,8.498612210846968,N8
