EMITTER_COEFFICIENT_SOLUTION,PRESSURE_OUTPUT,OUTPUT_DEMAND,FITNESS,NODE
0.5822662533586097,24.982156129843727,23.0,5.646825841424824,N8
