EMITTER_COEFFICIENT_SOLUTION,PRESSURE_OUTPUT,OUTPUT_DEMAND,FITNESS,NODE
0.3925974121333945,25.040150879839988,23.0,8.396595409625746,N8
