EMITTER_COEFFICIENT_SOLUTION,PRESSURE_OUTPUT,OUTPUT_DEMAND,FITNESS,NODE
0.08580940006144677,25.133326026598546,23.0,38.579141259664546,N8
