EMITTER_COEFFICIENT_SOLUTION,PRESSURE_OUTPUT,OUTPUT_DEMAND,FITNESS,NODE
0.5706408855952302,24.985719255552596,23.0,5.7627748911014445,N8
