EMITTER_COEFFICIENT_SOLUTION,PRESSURE_OUTPUT,OUTPUT_DEMAND,FITNESS,NODE
0.8050103881087728,24.913675320077072,23.0,4.072134617260257,N8
