EMITTER_COEFFICIENT_SOLUTION,PRESSURE_OUTPUT,OUTPUT_DEMAND,FITNESS,NODE
0.7673974634794295,24.925267035866984,23.0,4.273874427879038,N8
