EMITTER_COEFFICIENT_SOLUTION,PRESSURE_OUTPUT,OUTPUT_DEMAND,FITNESS,NODE
0.02818429673957279,25.150739323709846,23.0,117.54409379842714,N8
