EMITTER_COEFFICIENT_SOLUTION,PRESSURE_OUTPUT,OUTPUT_DEMAND,FITNESS,NODE
0.5041817982271598,25.006067808241703,23.0,6.5283116696673344,N8
