EMITTER_COEFFICIENT_SOLUTION,PRESSURE_OUTPUT,OUTPUT_DEMAND,FITNESS,NODE
0.6890530340192832,24.949375230925973,23.0,4.764819503565968,N8
