EMITTER_COEFFICIENT_SOLUTION,PRESSURE_OUTPUT,OUTPUT_DEMAND,FITNESS,NODE
0.2149744063051463,25.094193134738628,23.0,15.371931244816023,N8
