EMITTER_COEFFICIENT_SOLUTION,PRESSURE_OUTPUT,OUTPUT_DEMAND,FITNESS,NODE
0.8520870704786131,24.899151153634968,23.0,3.8447399310002757,N8
