EMITTER_COEFFICIENT_SOLUTION,PRESSURE_OUTPUT,OUTPUT_DEMAND,FITNESS,NODE
0.18969458196926536,25.10186317601573,23.0,17.426583804920533,N8
