EMITTER_COEFFICIENT_SOLUTION,PRESSURE_OUTPUT,OUTPUT_DEMAND,FITNESS,NODE
0.4726182433974654,25.015719231990854,23.0,6.9673040986198105,N8
