EMITTER_COEFFICIENT_SOLUTION,PRESSURE_OUTPUT,OUTPUT_DEMAND,FITNESS,NODE
0.5816102117618888,24.982357233032893,23.0,5.653245637125473,N8
