EMITTER_COEFFICIENT_SOLUTION,PRESSURE_OUTPUT,OUTPUT_DEMAND,FITNESS,NODE
0.48205367058563653,25.01283494600057,23.0,6.8300494894747095,N8
