EMITTER_COEFFICIENT_SOLUTION,PRESSURE_OUTPUT,OUTPUT_DEMAND,FITNESS,NODE
0.6166328784750036,24.971616491358184,23.0,5.3296302183895365,N8
