EMITTER_COEFFICIENT_SOLUTION,PRESSURE_OUTPUT,OUTPUT_DEMAND,FITNESS,NODE
0.24531245530905987,25.08498132692572,23.0,13.465212971438259,N8
