EMITTER_COEFFICIENT_SOLUTION,PRESSURE_OUTPUT,OUTPUT_DEMAND,FITNESS,NODE
0.2701952008545895,25.077420214476124,23.0,12.220971545558628,N8
