EMITTER_COEFFICIENT_SOLUTION,PRESSURE_OUTPUT,OUTPUT_DEMAND,FITNESS,NODE
0.9458741669415832,24.87016352095089,23.0,3.4592111621612043,N8
