EMITTER_COEFFICIENT_SOLUTION,PRESSURE_OUTPUT,OUTPUT_DEMAND,FITNESS,NODE
0.14484523560652385,25.11545749934372,23.0,22.836644629738412,N8
