EMITTER_COEFFICIENT_SOLUTION,PRESSURE_OUTPUT,OUTPUT_DEMAND,FITNESS,NODE
0.9722702887324614,24.861992535179308,23.0,3.3641236514438937,N8
