EMITTER_COEFFICIENT_SOLUTION,PRESSURE_OUTPUT,OUTPUT_DEMAND,FITNESS,NODE
0.48266608595476257,25.012647713464162,23.0,6.8213263262787525,N8
