EMITTER_COEFFICIENT_SOLUTION,PRESSURE_OUTPUT,OUTPUT_DEMAND,FITNESS,NODE
0.15672903184368858,25.111857041308596,23.0,21.10161925867171,N8
