EMITTER_COEFFICIENT_SOLUTION,PRESSURE_OUTPUT,OUTPUT_DEMAND,FITNESS,NODE
0.031865220971132646,25.149627873105143,23.0,103.96203100709276,N8
