EMITTER_COEFFICIENT_SOLUTION,PRESSURE_OUTPUT,OUTPUT_DEMAND,FITNESS,NODE
0.07364202541211184,25.137005089852508,23.0,44.960633284991424,N8
