EMITTER_COEFFICIENT_SOLUTION,PRESSURE_OUTPUT,OUTPUT_DEMAND,FITNESS,NODE
0.2553508126658316,25.08193159673299,23.0,12.934071862807944,N8
