EMITTER_COEFFICIENT_SOLUTION,PRESSURE_OUTPUT,OUTPUT_DEMAND,FITNESS,NODE
0.21516801541431751,25.09413437195275,23.0,15.358058349040123,N8
