EMITTER_COEFFICIENT_SOLUTION,PRESSURE_OUTPUT,OUTPUT_DEMAND,FITNESS,NODE
0.22378121694717434,25.091519839654993,23.0,14.76517543368719,N8
