EMITTER_COEFFICIENT_SOLUTION,PRESSURE_OUTPUT,OUTPUT_DEMAND,FITNESS,NODE
0.7215026932402927,24.939395773427673,23.0,4.548535226563117,N8
