EMITTER_COEFFICIENT_SOLUTION,PRESSURE_OUTPUT,OUTPUT_DEMAND,FITNESS,NODE
0.3964220353951776,25.038984348861554,23.0,8.315149446615399,N8
