EMITTER_COEFFICIENT_SOLUTION,PRESSURE_OUTPUT,OUTPUT_DEMAND,FITNESS,NODE
0.3957506525437665,25.039189133035944,23.0,8.329332726123633,N8
