EMITTER_COEFFICIENT_SOLUTION,PRESSURE_OUTPUT,OUTPUT_DEMAND,FITNESS,NODE
0.948807330300114,24.869255823158632,23.0,3.4483835195226735,N8
