EMITTER_COEFFICIENT_SOLUTION,PRESSURE_OUTPUT,OUTPUT_DEMAND,FITNESS,NODE
0.9015122447660023,24.883883519562747,23.0,3.631566668433394,N8
