EMITTER_COEFFICIENT_SOLUTION,PRESSURE_OUTPUT,OUTPUT_DEMAND,FITNESS,NODE
0.16757206699938976,25.108570866544465,23.0,19.73324484963185,N8
