EMITTER_COEFFICIENT_SOLUTION,PRESSURE_OUTPUT,OUTPUT_DEMAND,FITNESS,NODE
0.5796727268812288,24.982951129825892,23.0,5.672290035847502,N8
