EMITTER_COEFFICIENT_SOLUTION,PRESSURE_OUTPUT,OUTPUT_DEMAND,FITNESS,NODE
0.46664880673190157,25.017543633274943,23.0,7.057006831299535,N8
