EMITTER_COEFFICIENT_SOLUTION,PRESSURE_OUTPUT,OUTPUT_DEMAND,FITNESS,NODE
0.9787855928711487,24.859974865036527,23.0,3.3414429662607774,N8
