EMITTER_COEFFICIENT_SOLUTION,PRESSURE_OUTPUT,OUTPUT_DEMAND,FITNESS,NODE
0.11172310310536415,25.125486289064263,23.0,29.62043159904252,N8
