EMITTER_COEFFICIENT_SOLUTION,PRESSURE_OUTPUT,OUTPUT_DEMAND,FITNESS,NODE
0.7939315896784968,24.917090804738955,23.0,4.129569970310518,N8
