EMITTER_COEFFICIENT_SOLUTION,PRESSURE_OUTPUT,OUTPUT_DEMAND,FITNESS,NODE
0.10371724384503234,25.127908928635286,23.0,31.91030313576683,N8
