EMITTER_COEFFICIENT_SOLUTION,PRESSURE_OUTPUT,OUTPUT_DEMAND,FITNESS,NODE
0.7154624381872335,24.941254013438286,23.0,4.5873083963800445,N8
