EMITTER_COEFFICIENT_SOLUTION,PRESSURE_OUTPUT,OUTPUT_DEMAND,FITNESS,NODE
0.2116201811303685,25.09521113413381,23.0,15.616304813265966,N8
