EMITTER_COEFFICIENT_SOLUTION,PRESSURE_OUTPUT,OUTPUT_DEMAND,FITNESS,NODE
0.7580979483602063,24.92813125989061,23.0,4.3268407295939495,N8
