EMITTER_COEFFICIENT_SOLUTION,PRESSURE_OUTPUT,OUTPUT_DEMAND,FITNESS,NODE
0.7625098198648562,24.926772502278844,23.0,4.3015513595152735,N8
