EMITTER_COEFFICIENT_SOLUTION,PRESSURE_OUTPUT,OUTPUT_DEMAND,FITNESS,NODE
0.3274314208601842,25.06000826829336,23.0,10.076734214548793,N8
