EMITTER_COEFFICIENT_SOLUTION,PRESSURE_OUTPUT,OUTPUT_DEMAND,FITNESS,NODE
0.5904511644731517,24.979646830931344,23.0,5.567930636564416,N8
