EMITTER_COEFFICIENT_SOLUTION,PRESSURE_OUTPUT,OUTPUT_DEMAND,FITNESS,NODE
0.5429926780119033,24.994188897395173,23.0,6.058481110620618,N8
