EMITTER_COEFFICIENT_SOLUTION,PRESSURE_OUTPUT,OUTPUT_DEMAND,FITNESS,NODE
0.22849894951533944,25.0900875112015,23.0,14.459380064703886,N8
