EMITTER_COEFFICIENT_SOLUTION,PRESSURE_OUTPUT,OUTPUT_DEMAND,FITNESS,NODE
0.6046714940761208,24.975285923714026,23.0,5.435939348953985,N8
