EMITTER_COEFFICIENT_SOLUTION,PRESSURE_OUTPUT,OUTPUT_DEMAND,FITNESS,NODE
0.6975429701182995,24.946765082227707,23.0,4.7062879303873935,N8
