EMITTER_COEFFICIENT_SOLUTION,PRESSURE_OUTPUT,OUTPUT_DEMAND,FITNESS,NODE
0.8397153775690619,24.902969791510404,23.0,3.9020282197876304,N8
