EMITTER_COEFFICIENT_SOLUTION,PRESSURE_OUTPUT,OUTPUT_DEMAND,FITNESS,NODE
0.4301824240800002,25.028682013432984,23.0,7.659034723535826,N8
