EMITTER_COEFFICIENT_SOLUTION,PRESSURE_OUTPUT,OUTPUT_DEMAND,FITNESS,NODE
0.6812941621065741,24.951760422952177,23.0,4.819594237798195,N8
