EMITTER_COEFFICIENT_SOLUTION,PRESSURE_OUTPUT,OUTPUT_DEMAND,FITNESS,NODE
0.4676780610278811,25.017229089629353,23.0,7.041376829045702,N8
