EMITTER_COEFFICIENT_SOLUTION,PRESSURE_OUTPUT,OUTPUT_DEMAND,FITNESS,NODE
0.9353100628188004,24.873432131799923,23.0,3.498771120415002,N8
