EMITTER_COEFFICIENT_SOLUTION,PRESSURE_OUTPUT,OUTPUT_DEMAND,FITNESS,NODE
0.9817202919677693,24.859065933872678,23.0,3.3313252595843625,N8
