EMITTER_COEFFICIENT_SOLUTION,PRESSURE_OUTPUT,OUTPUT_DEMAND,FITNESS,NODE
0.0027129414859979883,25.1584269516313,23.0,1219.7831980156018,N8
