EMITTER_COEFFICIENT_SOLUTION,PRESSURE_OUTPUT,OUTPUT_DEMAND,FITNESS,NODE
0.012829792412752172,25.155374352410252,23.0,258.2366490697787,N8
