EMITTER_COEFFICIENT_SOLUTION,PRESSURE_OUTPUT,OUTPUT_DEMAND,FITNESS,NODE
0.0741910666274398,25.136839102675022,23.0,44.62758260675408,N8
