EMITTER_COEFFICIENT_SOLUTION,PRESSURE_OUTPUT,OUTPUT_DEMAND,FITNESS,NODE
0.050173983408170364,25.14409759973896,23.0,66.01021832294295,N8
