EMITTER_COEFFICIENT_SOLUTION,PRESSURE_OUTPUT,OUTPUT_DEMAND,FITNESS,NODE
0.29908150461747407,25.068636062128466,23.0,11.03622330700543,N8
