EMITTER_COEFFICIENT_SOLUTION,PRESSURE_OUTPUT,OUTPUT_DEMAND,FITNESS,NODE
0.36575898221647785,25.048333347573767,23.0,9.016041368924256,N8
