EMITTER_COEFFICIENT_SOLUTION,PRESSURE_OUTPUT,OUTPUT_DEMAND,FITNESS,NODE
0.6027399816343156,24.975878351273874,23.0,5.453501807724389,N8
