EMITTER_COEFFICIENT_SOLUTION,PRESSURE_OUTPUT,OUTPUT_DEMAND,FITNESS,NODE
0.09955231841368684,24.864838812768433,12.6,181.01321019273232,N2
