EMITTER_COEFFICIENT_SOLUTION,PRESSURE_OUTPUT,OUTPUT_DEMAND,FITNESS,NODE
0.634859123093465,24.834963955780168,12.6,28.249133667139144,N2
