EMITTER_COEFFICIENT_SOLUTION,PRESSURE_OUTPUT,OUTPUT_DEMAND,FITNESS,NODE
0.7125342942575104,24.830604673524675,12.6,25.151792373350936,N2
