EMITTER_COEFFICIENT_SOLUTION,PRESSURE_OUTPUT,OUTPUT_DEMAND,FITNESS,NODE
0.05447733559397472,24.867340960971774,12.6,330.87269099872753,N2
