EMITTER_COEFFICIENT_SOLUTION,PRESSURE_OUTPUT,OUTPUT_DEMAND,FITNESS,NODE
0.8488285107566595,24.822940771322422,12.6,21.08703668872831,N2
