EMITTER_COEFFICIENT_SOLUTION,PRESSURE_OUTPUT,OUTPUT_DEMAND,FITNESS,NODE
0.6180302894546394,24.835907613878135,12.6,29.02280991151771,N2
