EMITTER_COEFFICIENT_SOLUTION,PRESSURE_OUTPUT,OUTPUT_DEMAND,FITNESS,NODE
0.30710923588631367,24.853290162621356,12.6,58.57164094760411,N2
