EMITTER_COEFFICIENT_SOLUTION,PRESSURE_OUTPUT,OUTPUT_DEMAND,FITNESS,NODE
0.22767605369544985,24.857715128113675,12.6,79.06298763696643,N2
