EMITTER_COEFFICIENT_SOLUTION,PRESSURE_OUTPUT,OUTPUT_DEMAND,FITNESS,NODE
0.26889592605823975,24.855419711243556,12.6,66.91845760850357,N2
