EMITTER_COEFFICIENT_SOLUTION,PRESSURE_OUTPUT,OUTPUT_DEMAND,FITNESS,NODE
0.09301611732003012,24.86520177243333,12.6,193.74216624571898,N2
