EMITTER_COEFFICIENT_SOLUTION,PRESSURE_OUTPUT,OUTPUT_DEMAND,FITNESS,NODE
0.9457604507004933,24.81747878518157,12.6,18.909137076218332,N2
