EMITTER_COEFFICIENT_SOLUTION,PRESSURE_OUTPUT,OUTPUT_DEMAND,FITNESS,NODE
0.4565536896710196,24.844947559349663,12.6,39.345739996063976,N2
