EMITTER_COEFFICIENT_SOLUTION,PRESSURE_OUTPUT,OUTPUT_DEMAND,FITNESS,NODE
0.09715200643464694,24.864972108834174,12.6,185.48874738168809,N2
