EMITTER_COEFFICIENT_SOLUTION,PRESSURE_OUTPUT,OUTPUT_DEMAND,FITNESS,NODE
0.004894687704771528,24.870090910536888,12.6,3671.5988328691096,N2
