EMITTER_COEFFICIENT_SOLUTION,PRESSURE_OUTPUT,OUTPUT_DEMAND,FITNESS,NODE
0.6638333325420329,24.83333858400465,12.6,27.009005857369445,N2
