EMITTER_COEFFICIENT_SOLUTION,PRESSURE_OUTPUT,OUTPUT_DEMAND,FITNESS,NODE
0.36036219942028236,24.850319986865216,12.6,49.89202223394949,N2
