EMITTER_COEFFICIENT_SOLUTION,PRESSURE_OUTPUT,OUTPUT_DEMAND,FITNESS,NODE
0.173445688063115,24.860732401317016,12.6,103.83277798314231,N2
