EMITTER_COEFFICIENT_SOLUTION,PRESSURE_OUTPUT,OUTPUT_DEMAND,FITNESS,NODE
0.2584557183596645,24.856001261639456,12.6,69.62813794130513,N2
