EMITTER_COEFFICIENT_SOLUTION,PRESSURE_OUTPUT,OUTPUT_DEMAND,FITNESS,NODE
0.22138539546244074,24.858065283316215,12.6,81.3141132808373,N2
