EMITTER_COEFFICIENT_SOLUTION,PRESSURE_OUTPUT,OUTPUT_DEMAND,FITNESS,NODE
0.5476882748961569,24.839848841033245,12.6,32.77138017776747,N2
