EMITTER_COEFFICIENT_SOLUTION,PRESSURE_OUTPUT,OUTPUT_DEMAND,FITNESS,NODE
0.5071256045957253,24.842119253179646,12.6,35.40572699433667,N2
