EMITTER_COEFFICIENT_SOLUTION,PRESSURE_OUTPUT,OUTPUT_DEMAND,FITNESS,NODE
0.46064549702728885,24.844718816374375,12.6,38.99478453196458,N2
