EMITTER_COEFFICIENT_SOLUTION,PRESSURE_OUTPUT,OUTPUT_DEMAND,FITNESS,NODE
0.9296991251916775,24.818384476092042,12.6,19.23861438437468,N2
