EMITTER_COEFFICIENT_SOLUTION,PRESSURE_OUTPUT,OUTPUT_DEMAND,FITNESS,NODE
0.9498863450761048,24.817246085791083,12.6,18.826298638565152,N2
