EMITTER_COEFFICIENT_SOLUTION,PRESSURE_OUTPUT,OUTPUT_DEMAND,FITNESS,NODE
0.5941611621122695,24.837245554038645,12.6,30.195317740864418,N2
