EMITTER_COEFFICIENT_SOLUTION,PRESSURE_OUTPUT,OUTPUT_DEMAND,FITNESS,NODE
0.5716353611541056,24.838507664162584,12.6,31.391647664068877,N2
