EMITTER_COEFFICIENT_SOLUTION,PRESSURE_OUTPUT,OUTPUT_DEMAND,FITNESS,NODE
0.035309106032210824,24.868404369159983,12.6,510.4899854290297,N2
