EMITTER_COEFFICIENT_SOLUTION,PRESSURE_OUTPUT,OUTPUT_DEMAND,FITNESS,NODE
0.7384877934612724,24.829146745888032,12.6,24.262112985900277,N2
