EMITTER_COEFFICIENT_SOLUTION,PRESSURE_OUTPUT,OUTPUT_DEMAND,FITNESS,NODE
0.5256163467509118,24.841084480107476,12.6,34.15441533773849,N2
