EMITTER_COEFFICIENT_SOLUTION,PRESSURE_OUTPUT,OUTPUT_DEMAND,FITNESS,NODE
0.7296602021232694,24.829642709126034,12.6,24.557617650653906,N2
