EMITTER_COEFFICIENT_SOLUTION,PRESSURE_OUTPUT,OUTPUT_DEMAND,FITNESS,NODE
0.7076298291835683,24.830880103072985,12.6,25.327248069989626,N2
