EMITTER_COEFFICIENT_SOLUTION,PRESSURE_OUTPUT,OUTPUT_DEMAND,FITNESS,NODE
0.16214899267540694,24.861360546864873,12.6,111.07748447351061,N2
