EMITTER_COEFFICIENT_SOLUTION,PRESSURE_OUTPUT,OUTPUT_DEMAND,FITNESS,NODE
0.7108769164259705,24.83069775283647,12.6,25.210813699846813,N2
