EMITTER_COEFFICIENT_SOLUTION,PRESSURE_OUTPUT,OUTPUT_DEMAND,FITNESS,NODE
0.46734663141096733,24.844344168077967,12.6,38.43329978798914,N2
