EMITTER_COEFFICIENT_SOLUTION,PRESSURE_OUTPUT,OUTPUT_DEMAND,FITNESS,NODE
0.14920500316919738,24.862080127615393,12.6,120.7271080062421,N2
