EMITTER_COEFFICIENT_SOLUTION,PRESSURE_OUTPUT,OUTPUT_DEMAND,FITNESS,NODE
0.3279591704709377,24.852127607128352,12.6,54.83759640018858,N2
