EMITTER_COEFFICIENT_SOLUTION,PRESSURE_OUTPUT,OUTPUT_DEMAND,FITNESS,NODE
0.41156442205151467,24.847461450774276,12.6,43.66465069684429,N2
