EMITTER_COEFFICIENT_SOLUTION,PRESSURE_OUTPUT,OUTPUT_DEMAND,FITNESS,NODE
0.21309949138082485,24.858526437256856,12.6,84.48204848771492,N2
