EMITTER_COEFFICIENT_SOLUTION,PRESSURE_OUTPUT,OUTPUT_DEMAND,FITNESS,NODE
0.6251816079350752,24.835506646886465,12.6,28.688951170841683,N2
