EMITTER_COEFFICIENT_SOLUTION,PRESSURE_OUTPUT,OUTPUT_DEMAND,FITNESS,NODE
0.03525213870641286,24.86840752900742,12.6,511.3147721902262,N2
