EMITTER_COEFFICIENT_SOLUTION,PRESSURE_OUTPUT,OUTPUT_DEMAND,FITNESS,NODE
0.9656066415675282,24.816359307557477,12.6,18.51715925971904,N2
