EMITTER_COEFFICIENT_SOLUTION,PRESSURE_OUTPUT,OUTPUT_DEMAND,FITNESS,NODE
0.49189850878617314,24.842971125023794,12.6,36.506814199478725,N2
