EMITTER_COEFFICIENT_SOLUTION,PRESSURE_OUTPUT,OUTPUT_DEMAND,FITNESS,NODE
0.6872626461462659,24.832023640948194,12.6,26.082671819930717,N2
