EMITTER_COEFFICIENT_SOLUTION,PRESSURE_OUTPUT,OUTPUT_DEMAND,FITNESS,NODE
0.13503590986655856,24.862867616351764,12.6,133.41062085743118,N2
