EMITTER_COEFFICIENT_SOLUTION,PRESSURE_OUTPUT,OUTPUT_DEMAND,FITNESS,NODE
0.48119282552288367,24.843569907058416,12.6,37.32267383423133,N2
