EMITTER_COEFFICIENT_SOLUTION,PRESSURE_OUTPUT,OUTPUT_DEMAND,FITNESS,NODE
0.7680588179830781,24.827484771812678,12.6,23.321711546025252,N2
