EMITTER_COEFFICIENT_SOLUTION,PRESSURE_OUTPUT,OUTPUT_DEMAND,FITNESS,NODE
0.05500402387598946,24.86731173619232,12.6,327.70389869771503,N2
