EMITTER_COEFFICIENT_SOLUTION,PRESSURE_OUTPUT,OUTPUT_DEMAND,FITNESS,NODE
0.6398922495107273,24.834681672824935,12.6,28.025650156246794,N2
