EMITTER_COEFFICIENT_SOLUTION,PRESSURE_OUTPUT,OUTPUT_DEMAND,FITNESS,NODE
0.2641760377329594,24.855682636824838,12.6,68.11694628545428,N2
