EMITTER_COEFFICIENT_SOLUTION,PRESSURE_OUTPUT,OUTPUT_DEMAND,FITNESS,NODE
0.1510484602079032,24.861977656904294,12.6,119.2518443218517,N2
