EMITTER_COEFFICIENT_SOLUTION,PRESSURE_OUTPUT,OUTPUT_DEMAND,FITNESS,NODE
0.9384140383742516,24.817893078400964,12.6,19.05843950528243,N2
