EMITTER_COEFFICIENT_SOLUTION,PRESSURE_OUTPUT,OUTPUT_DEMAND,FITNESS,NODE
0.537172908998633,24.840437578233434,12.6,33.416101437002965,N2
