EMITTER_COEFFICIENT_SOLUTION,PRESSURE_OUTPUT,OUTPUT_DEMAND,FITNESS,NODE
0.9516047712110938,24.817149161924092,12.6,18.792008528638785,N2
