EMITTER_COEFFICIENT_SOLUTION,PRESSURE_OUTPUT,OUTPUT_DEMAND,FITNESS,NODE
0.09831008539144048,24.864907798198885,12.6,183.30215446110714,N2
