EMITTER_COEFFICIENT_SOLUTION,PRESSURE_OUTPUT,OUTPUT_DEMAND,FITNESS,NODE
0.4513624389521016,24.845237739518716,12.6,39.80015240476882,N2
