EMITTER_COEFFICIENT_SOLUTION,PRESSURE_OUTPUT,OUTPUT_DEMAND,FITNESS,NODE
0.23595615788562996,24.85725417291006,12.6,76.28289597302604,N2
