EMITTER_COEFFICIENT_SOLUTION,PRESSURE_OUTPUT,OUTPUT_DEMAND,FITNESS,NODE
0.09934506061000281,24.864850322610735,12.6,181.39112654309363,N2
