EMITTER_COEFFICIENT_SOLUTION,PRESSURE_OUTPUT,OUTPUT_DEMAND,FITNESS,NODE
0.6000842150344354,24.836913602300875,12.6,29.895661916084862,N2
