EMITTER_COEFFICIENT_SOLUTION,PRESSURE_OUTPUT,OUTPUT_DEMAND,FITNESS,NODE
0.9537664018164604,24.817027235895203,12.6,18.74905004942224,N2
