EMITTER_COEFFICIENT_SOLUTION,PRESSURE_OUTPUT,OUTPUT_DEMAND,FITNESS,NODE
0.6259553283841173,24.835463262064167,12.6,28.653287425459432,N2
