EMITTER_COEFFICIENT_SOLUTION,PRESSURE_OUTPUT,OUTPUT_DEMAND,FITNESS,NODE
0.34948921134820354,24.850926662281395,12.6,51.44930329541361,N2
