EMITTER_COEFFICIENT_SOLUTION,PRESSURE_OUTPUT,OUTPUT_DEMAND,FITNESS,NODE
0.5060171084286686,24.842181275403256,12.6,35.48364702218995,N2
