EMITTER_COEFFICIENT_SOLUTION,PRESSURE_OUTPUT,OUTPUT_DEMAND,FITNESS,NODE
0.5588040954363067,24.839226362793973,12.6,32.11622615272159,N2
