EMITTER_COEFFICIENT_SOLUTION,PRESSURE_OUTPUT,OUTPUT_DEMAND,FITNESS,NODE
0.6824486371993423,24.832293867171764,12.6,26.267813196337464,N2
