EMITTER_COEFFICIENT_SOLUTION,PRESSURE_OUTPUT,OUTPUT_DEMAND,FITNESS,NODE
0.2517234524510976,24.856376209353677,12.6,71.49464221448216,N2
