EMITTER_COEFFICIENT_SOLUTION,PRESSURE_OUTPUT,OUTPUT_DEMAND,FITNESS,NODE
0.3458506039515288,24.851129657028736,12.6,51.99230775084886,N2
