EMITTER_COEFFICIENT_SOLUTION,PRESSURE_OUTPUT,OUTPUT_DEMAND,FITNESS,NODE
0.7745981801826429,24.827117121619644,12.6,23.12344576315212,N2
