EMITTER_COEFFICIENT_SOLUTION,PRESSURE_OUTPUT,OUTPUT_DEMAND,FITNESS,NODE
0.7178510305522834,24.83030606366163,12.6,24.964296197477807,N2
