EMITTER_COEFFICIENT_SOLUTION,PRESSURE_OUTPUT,OUTPUT_DEMAND,FITNESS,NODE
0.2323328229019852,24.857455893429382,12.6,77.47506880393712,N2
