EMITTER_COEFFICIENT_SOLUTION,PRESSURE_OUTPUT,OUTPUT_DEMAND,FITNESS,NODE
0.1624365716948819,24.86134455784652,12.6,110.88055839111132,N2
