EMITTER_COEFFICIENT_SOLUTION,PRESSURE_OUTPUT,OUTPUT_DEMAND,FITNESS,NODE
0.3355848414951228,24.85170230184503,12.6,53.587783557070544,N2
