EMITTER_COEFFICIENT_SOLUTION,PRESSURE_OUTPUT,OUTPUT_DEMAND,FITNESS,NODE
0.8895205002105548,24.82064898887331,12.6,20.114943799420015,N2
