EMITTER_COEFFICIENT_SOLUTION,PRESSURE_OUTPUT,OUTPUT_DEMAND,FITNESS,NODE
0.06302371556482256,24.866866705685688,12.6,285.99490707140274,N2
