EMITTER_COEFFICIENT_SOLUTION,PRESSURE_OUTPUT,OUTPUT_DEMAND,FITNESS,NODE
0.10241362515742058,24.864679908606135,12.6,175.95216564297024,N2
