EMITTER_COEFFICIENT_SOLUTION,PRESSURE_OUTPUT,OUTPUT_DEMAND,FITNESS,NODE
0.7294906062407227,24.829652236808258,12.6,24.56336491743846,N2
