EMITTER_COEFFICIENT_SOLUTION,PRESSURE_OUTPUT,OUTPUT_DEMAND,FITNESS,NODE
0.6951409007930429,24.83158135767512,12.6,25.785215393956932,N2
