EMITTER_COEFFICIENT_SOLUTION,PRESSURE_OUTPUT,OUTPUT_DEMAND,FITNESS,NODE
0.43048268093940045,24.846404596473796,12.6,41.738535253509475,N2
