EMITTER_COEFFICIENT_SOLUTION,PRESSURE_OUTPUT,OUTPUT_DEMAND,FITNESS,NODE
0.6338435628274399,24.835020910364022,12.6,28.29465744096058,N2
