EMITTER_COEFFICIENT_SOLUTION,PRESSURE_OUTPUT,OUTPUT_DEMAND,FITNESS,NODE
0.023059597255159492,24.869083744294358,12.6,781.5387097242254,N2
