EMITTER_COEFFICIENT_SOLUTION,PRESSURE_OUTPUT,OUTPUT_DEMAND,FITNESS,NODE
0.4326525818242113,24.846283353187225,12.6,41.52838017174385,N2
