EMITTER_COEFFICIENT_SOLUTION,PRESSURE_OUTPUT,OUTPUT_DEMAND,FITNESS,NODE
0.16234500206801705,24.861349649007565,12.6,110.94318701607219,N2
