EMITTER_COEFFICIENT_SOLUTION,PRESSURE_OUTPUT,OUTPUT_DEMAND,FITNESS,NODE
0.3947743153260197,24.848399110688653,12.6,45.52871429954857,N2
