EMITTER_COEFFICIENT_SOLUTION,PRESSURE_OUTPUT,OUTPUT_DEMAND,FITNESS,NODE
0.17162058240794553,24.860833894051822,12.6,104.93865008401202,N2
