EMITTER_COEFFICIENT_SOLUTION,PRESSURE_OUTPUT,OUTPUT_DEMAND,FITNESS,NODE
0.071629312561178,24.866389088157703,12.6,251.62402616701488,N2
