EMITTER_COEFFICIENT_SOLUTION,PRESSURE_OUTPUT,OUTPUT_DEMAND,FITNESS,NODE
0.3211928701108986,24.852504932945365,12.6,55.99625070964323,N2
