EMITTER_COEFFICIENT_SOLUTION,PRESSURE_OUTPUT,OUTPUT_DEMAND,FITNESS,NODE
0.4344282054647175,24.846184136572425,12.6,41.357972697692105,N2
