EMITTER_COEFFICIENT_SOLUTION,PRESSURE_OUTPUT,OUTPUT_DEMAND,FITNESS,NODE
0.9387606723407884,24.817873531567358,12.6,19.051342267867035,N2
