EMITTER_COEFFICIENT_SOLUTION,PRESSURE_OUTPUT,OUTPUT_DEMAND,FITNESS,NODE
0.6470658409473498,24.834279297309983,12.6,27.713133708622912,N2
