EMITTER_COEFFICIENT_SOLUTION,PRESSURE_OUTPUT,OUTPUT_DEMAND,FITNESS,NODE
0.916382761093461,24.819135182235925,12.6,19.520540691612364,N2
