EMITTER_COEFFICIENT_SOLUTION,PRESSURE_OUTPUT,OUTPUT_DEMAND,FITNESS,NODE
0.42402073279737085,24.846765629520384,12.6,42.377115607829715,N2
