EMITTER_COEFFICIENT_SOLUTION,PRESSURE_OUTPUT,OUTPUT_DEMAND,FITNESS,NODE
0.29555931397768487,24.85393397389508,12.6,60.86687497348505,N2
