EMITTER_COEFFICIENT_SOLUTION,PRESSURE_OUTPUT,OUTPUT_DEMAND,FITNESS,NODE
0.6021784162824255,24.836796226278217,12.6,29.79112385285112,N2
