EMITTER_COEFFICIENT_SOLUTION,PRESSURE_OUTPUT,OUTPUT_DEMAND,FITNESS,NODE
0.7170850053899571,24.830349088568028,12.6,24.99113884250703,N2
