EMITTER_COEFFICIENT_SOLUTION,PRESSURE_OUTPUT,OUTPUT_DEMAND,FITNESS,NODE
0.49717974726873604,24.842675695741086,12.6,36.11728273426689,N2
