EMITTER_COEFFICIENT_SOLUTION,PRESSURE_OUTPUT,OUTPUT_DEMAND,FITNESS,NODE
0.11396359790784771,24.86403838903469,12.6,158.10570612983616,N2
