EMITTER_COEFFICIENT_SOLUTION,PRESSURE_OUTPUT,OUTPUT_DEMAND,FITNESS,NODE
0.06916453991469562,24.866525892824505,12.6,260.5945616405276,N2
