EMITTER_COEFFICIENT_SOLUTION,PRESSURE_OUTPUT,OUTPUT_DEMAND,FITNESS,NODE
0.33126113979504956,24.85194345426111,12.6,54.289355312464004,N2
