EMITTER_COEFFICIENT_SOLUTION,PRESSURE_OUTPUT,OUTPUT_DEMAND,FITNESS,NODE
0.7055948480769445,24.830994378277005,12.6,25.400764905424833,N2
