EMITTER_COEFFICIENT_SOLUTION,PRESSURE_OUTPUT,OUTPUT_DEMAND,FITNESS,NODE
0.6154040726527605,24.836054850051944,12.6,29.147362639705257,N2
