EMITTER_COEFFICIENT_SOLUTION,PRESSURE_OUTPUT,OUTPUT_DEMAND,FITNESS
0.09085178575889075,26.603997709692578,10.1,15.713064624178662
