EMITTER_COEFFICIENT_SOLUTION,OUTPUT,OUTPUT_DEMAND,FITNESS
1.2378198162600635,26.42213590894228,10.1,8.458627327263818
