EMITTER_COEFFICIENT_SOLUTION,PRESSURE_OUTPUT,OUTPUT_DEMAND,FITNESS
0.2787488211178174,26.574944141526522,10.1,28.91197799810489
