EMITTER_COEFFICIENT_SOLUTION,PRESSURE_OUTPUT,OUTPUT_DEMAND,FITNESS
0.3395784173156492,26.565475379521466,10.1,39.810535673416595
