EMITTER_COEFFICIENT_SOLUTION,PRESSURE_OUTPUT,OUTPUT_DEMAND,FITNESS
0.17728629269198815,26.59066938841496,10.1,19.87558375363062
