EMITTER_COEFFICIENT_SOLUTION,PRESSURE_OUTPUT,OUTPUT_DEMAND,FITNESS
0.19924429754845663,26.58727348485931,10.1,21.314197572830707
