EMITTER_COEFFICIENT_SOLUTION,PRESSURE_OUTPUT,OUTPUT_DEMAND,FITNESS
0.02433320248775639,26.614212375415406,10.1,13.53986599848197
