EMITTER_COEFFICIENT_SOLUTION,PRESSURE_OUTPUT,OUTPUT_DEMAND,FITNESS
1.2448143338968012,26.420994290924504,10.1,8.377727621517778
