EMITTER_COEFFICIENT_SOLUTION,PRESSURE_OUTPUT,OUTPUT_DEMAND,FITNESS
1.003299887527218,26.460188235761734,10.1,12.473468153668508
