EMITTER_COEFFICIENT_SOLUTION,PRESSURE_OUTPUT,OUTPUT_DEMAND,FITNESS
0.40245168678330556,26.555656344596358,10.1,65.35971705512613
