EMITTER_COEFFICIENT_SOLUTION,OUTPUT,OUTPUT_DEMAND,FITNESS
0.7953362127363637,26.49356314496478,10.1,21.36968765257372
