EMITTER_COEFFICIENT_SOLUTION,PRESSURE_OUTPUT,OUTPUT_DEMAND,FITNESS
0.33555227824142075,26.566103038376646,10.1,38.84002311102051
