EMITTER_COEFFICIENT_SOLUTION,PRESSURE_OUTPUT,OUTPUT_DEMAND,FITNESS
0.3443784011928491,26.5647269059124,10.1,41.03320771611244
