EMITTER_COEFFICIENT_SOLUTION,OUTPUT,OUTPUT_DEMAND,FITNESS
0.21014619675254642,26.585585962994784,10.1,22.109433534733622
