EMITTER_COEFFICIENT_SOLUTION,PRESSURE_OUTPUT,OUTPUT_DEMAND,FITNESS
0.2125483707476291,26.58521399351764,10.1,22.29277004314981
