EMITTER_COEFFICIENT_SOLUTION,PRESSURE_OUTPUT,OUTPUT_DEMAND,FITNESS
1.3498040121255759,26.403811828984956,10.1,7.323508653412813
