EMITTER_COEFFICIENT_SOLUTION,PRESSURE_OUTPUT,OUTPUT_DEMAND,FITNESS
0.018520428641798703,26.61510321897441,10.1,13.378495886643819
