EMITTER_COEFFICIENT_SOLUTION,PRESSURE_OUTPUT,OUTPUT_DEMAND,FITNESS
0.1937168832808972,26.58812870314153,10.1,20.93263146596547
