EMITTER_COEFFICIENT_SOLUTION,PRESSURE_OUTPUT,OUTPUT_DEMAND,FITNESS
0.2553426421345818,26.578579371827153,10.1,26.162278130724136
