EMITTER_COEFFICIENT_SOLUTION,OUTPUT,OUTPUT_DEMAND,FITNESS
0.211698047045781,26.585345669106744,10.1,22.227523069012808
