EMITTER_COEFFICIENT_SOLUTION,OUTPUT,OUTPUT_DEMAND,FITNESS
0.5364662950056434,26.534618036323813,10.1,174.2049674441977
