EMITTER_COEFFICIENT_SOLUTION,PRESSURE_OUTPUT,OUTPUT_DEMAND,FITNESS
1.375608867920401,26.399575338300096,10.1,7.103127198085649
