EMITTER_COEFFICIENT_SOLUTION,OUTPUT,OUTPUT_DEMAND,FITNESS
0.5555157975560079,26.53161557343026,10.1,114.37947498022415
