EMITTER_COEFFICIENT_SOLUTION,PRESSURE_OUTPUT,OUTPUT_DEMAND,FITNESS
0.2414481585150171,26.580735178655864,10.1,24.76548454780507
