EMITTER_COEFFICIENT_SOLUTION,PRESSURE_OUTPUT,OUTPUT_DEMAND,FITNESS
0.38318753699690966,26.55866835413034,10.1,54.60913862451755
