EMITTER_COEFFICIENT_SOLUTION,PRESSURE_OUTPUT,OUTPUT_DEMAND,FITNESS
1.4155931430641595,26.39300069010833,10.1,6.786207491734717
