EMITTER_COEFFICIENT_SOLUTION,PRESSURE_OUTPUT,OUTPUT_DEMAND,FITNESS
0.6585326206264438,26.515327256804795,10.1,39.950231668445745
