EMITTER_COEFFICIENT_SOLUTION,PRESSURE_OUTPUT,OUTPUT_DEMAND,FITNESS
1.1058047714852854,26.443610083976317,10.1,10.336097135617173
