EMITTER_COEFFICIENT_SOLUTION,PRESSURE_OUTPUT,OUTPUT_DEMAND,FITNESS
0.18216936090887448,26.589914548087123,10.1,20.178316865463444
