EMITTER_COEFFICIENT_SOLUTION,PRESSURE_OUTPUT,OUTPUT_DEMAND,FITNESS
0.26649206124203995,26.576848315680643,10.1,27.40333036011175
