EMITTER_COEFFICIENT_SOLUTION,PRESSURE_OUTPUT,OUTPUT_DEMAND,FITNESS
0.03935203008879029,26.611909272150506,10.1,13.975679530239733
