EMITTER_COEFFICIENT_SOLUTION,OUTPUT,OUTPUT_DEMAND,FITNESS
0.11327976008466978,26.600545293880124,10.1,16.614361025556047
