EMITTER_COEFFICIENT_SOLUTION,PRESSURE_OUTPUT,OUTPUT_DEMAND,FITNESS
0.04678775211819908,26.610768348155744,10.1,14.20213524847008
