EMITTER_COEFFICIENT_SOLUTION,OUTPUT,OUTPUT_DEMAND,FITNESS
0.7396775163423248,26.502436241970102,10.1,26.369806779686016
