EMITTER_COEFFICIENT_SOLUTION,PRESSURE_OUTPUT,OUTPUT_DEMAND,FITNESS
0.15136825883799931,26.594672546647736,10.1,18.410731904580615
