EMITTER_COEFFICIENT_SOLUTION,OUTPUT,OUTPUT_DEMAND,FITNESS
0.8174430889730393,26.490031907862374,10.1,19.87025008880872
