EMITTER_COEFFICIENT_SOLUTION,OUTPUT,OUTPUT_DEMAND,FITNESS
0.09402974077661375,26.603508772494074,10.1,15.834718040930898
