EMITTER_COEFFICIENT_SOLUTION,PRESSURE_OUTPUT,OUTPUT_DEMAND,FITNESS
0.7684860064801137,26.497846734731525,10.1,23.522954835335497
