EMITTER_COEFFICIENT_SOLUTION,OUTPUT,OUTPUT_DEMAND,FITNESS
1.4609795944491701,26.385522444216292,10.1,6.458448168707328
