EMITTER_COEFFICIENT_SOLUTION,PRESSURE_OUTPUT,OUTPUT_DEMAND,FITNESS
1.2209466121966024,26.424888293124255,10.1,8.660250002890821
