EMITTER_COEFFICIENT_SOLUTION,OUTPUT,OUTPUT_DEMAND,FITNESS
1.0785706704049478,26.448022853067492,10.1,10.830065180454492
