EMITTER_COEFFICIENT_SOLUTION,PRESSURE_OUTPUT,OUTPUT_DEMAND,FITNESS
0.9852333990600949,26.463101420902632,10.1,12.943814291286982
