EMITTER_COEFFICIENT_SOLUTION,PRESSURE_OUTPUT,OUTPUT_DEMAND,FITNESS
0.9245886364030463,26.47286111274218,10.1,14.815410060808574
