EMITTER_COEFFICIENT_SOLUTION,OUTPUT,OUTPUT_DEMAND,FITNESS
0.2668683358018591,26.57678987735114,10.1,27.447284574723703
