EMITTER_COEFFICIENT_SOLUTION,PRESSURE_OUTPUT,OUTPUT_DEMAND,FITNESS
1.326675678293718,26.407604448831613,10.1,7.5327324381837935
