EMITTER_COEFFICIENT_SOLUTION,PRESSURE_OUTPUT,OUTPUT_DEMAND,FITNESS
0.09257722613159791,26.603732256412016,10.1,15.77887966540162
