EMITTER_COEFFICIENT_SOLUTION,OUTPUT,OUTPUT_DEMAND,FITNESS
0.1319531599592414,26.59766761760229,10.1,17.4485913076925
