EMITTER_COEFFICIENT_SOLUTION,OUTPUT,OUTPUT_DEMAND,FITNESS
0.13851500793815763,26.59665570668684,10.1,17.762208317943923
