EMITTER_COEFFICIENT_SOLUTION,OUTPUT,OUTPUT_DEMAND,FITNESS
0.3548479331441572,26.563093762684467,10.1,43.98047598449312
