EMITTER_COEFFICIENT_SOLUTION,PRESSURE_OUTPUT,OUTPUT_DEMAND,FITNESS
0.36620991052641194,26.561320315811287,10.1,47.70101374811051
