EMITTER_COEFFICIENT_SOLUTION,OUTPUT,OUTPUT_DEMAND,FITNESS
0.39527998039311507,26.556778021349828,10.1,60.89532970430417
