EMITTER_COEFFICIENT_SOLUTION,OUTPUT,OUTPUT_DEMAND,FITNESS
0.34486817589623153,26.56465052337706,10.1,41.16221918477539
