EMITTER_COEFFICIENT_SOLUTION,PRESSURE_OUTPUT,OUTPUT_DEMAND,FITNESS
1.3770022232333905,26.399346436300817,10.1,7.091596828850738
