EMITTER_COEFFICIENT_SOLUTION,PRESSURE_OUTPUT,OUTPUT_DEMAND,FITNESS
0.2513311052981423,26.579201949145933,10.1,25.742975491187988
