EMITTER_COEFFICIENT_SOLUTION,OUTPUT,OUTPUT_DEMAND,FITNESS
1.290633828758354,26.413506239876234,10.1,7.883192473983915
