EMITTER_COEFFICIENT_SOLUTION,PRESSURE_OUTPUT,OUTPUT_DEMAND,FITNESS
0.0059236610320861915,26.617032716223356,10.1,13.041836895495916
