EMITTER_COEFFICIENT_SOLUTION,PRESSURE_OUTPUT,OUTPUT_DEMAND,FITNESS
1.3773985754577254,26.39928132031688,10.1,7.088323608964592
