EMITTER_COEFFICIENT_SOLUTION,PRESSURE_OUTPUT,OUTPUT_DEMAND,FITNESS
1.042855356941279,26.453800867304352,10.1,11.553009426892674
