EMITTER_COEFFICIENT_SOLUTION,OUTPUT,OUTPUT_DEMAND,FITNESS
0.468225408798576,26.545349285394984,10.1,200.285020268818
