EMITTER_COEFFICIENT_SOLUTION,PRESSURE_OUTPUT,OUTPUT_DEMAND,FITNESS
1.0273344950189571,26.456308649864432,10.1,11.89771521421448
