EMITTER_COEFFICIENT_SOLUTION,PRESSURE_OUTPUT,OUTPUT_DEMAND,FITNESS
1.0938715665140002,26.445544361521655,10.1,10.54696127299735
