EMITTER_COEFFICIENT_SOLUTION,PRESSURE_OUTPUT,OUTPUT_DEMAND,FITNESS
0.18575475703098332,26.589360179317538,10.1,20.406589644066162
