EMITTER_COEFFICIENT_SOLUTION,PRESSURE_OUTPUT,OUTPUT_DEMAND,FITNESS
0.964143194135176,26.466498862603487,10.1,13.539212739991207
