EMITTER_COEFFICIENT_SOLUTION,PRESSURE_OUTPUT,OUTPUT_DEMAND,FITNESS
1.3730633499681293,26.39999347947147,10.1,7.124287113965775
