EMITTER_COEFFICIENT_SOLUTION,OUTPUT,OUTPUT_DEMAND,FITNESS
1.2240372035863716,26.424384319616692,10.1,8.622616278810058
