EMITTER_COEFFICIENT_SOLUTION,PRESSURE_OUTPUT,OUTPUT_DEMAND,FITNESS
0.6366133625262648,26.518800241422397,10.1,46.38614940479606
