EMITTER_COEFFICIENT_SOLUTION,PRESSURE_OUTPUT,OUTPUT_DEMAND,FITNESS
0.3354715873822104,26.56611561638367,10.1,38.82105785638505
