EMITTER_COEFFICIENT_SOLUTION,PRESSURE_OUTPUT,OUTPUT_DEMAND,FITNESS
0.03504027880026339,26.61257070557668,10.1,13.847671906009785
