EMITTER_COEFFICIENT_SOLUTION,PRESSURE_OUTPUT,OUTPUT_DEMAND,FITNESS
0.27530742554716114,26.575478912683927,10.1,28.47176768595267
