EMITTER_COEFFICIENT_SOLUTION,OUTPUT,OUTPUT_DEMAND,FITNESS
0.018475037003746975,26.61511017440479,10.1,13.377251090666533
