EMITTER_COEFFICIENT_SOLUTION,OUTPUT,OUTPUT_DEMAND,FITNESS
1.3464405496954368,26.404363636560582,10.1,7.35322426473694
