EMITTER_COEFFICIENT_SOLUTION,OUTPUT,OUTPUT_DEMAND,FITNESS
0.07435948403849824,26.606533735378612,10.1,15.110913816446153
