EMITTER_COEFFICIENT_SOLUTION,PRESSURE_OUTPUT,OUTPUT_DEMAND,FITNESS
0.6068805553893851,26.523504971503066,10.1,59.33510531658966
