EMITTER_COEFFICIENT_SOLUTION,PRESSURE_OUTPUT,OUTPUT_DEMAND,FITNESS
0.4189205125682248,26.553078962774826,10.1,78.60052078813213
