EMITTER_COEFFICIENT_SOLUTION,PRESSURE_OUTPUT,OUTPUT_DEMAND,FITNESS
0.21836403594653853,26.58431325591645,10.1,22.749580161659296
