EMITTER_COEFFICIENT_SOLUTION,PRESSURE_OUTPUT,OUTPUT_DEMAND,FITNESS
1.3638793431431626,26.401501672740935,10.1,7.201667605557265
