EMITTER_COEFFICIENT_SOLUTION,OUTPUT,OUTPUT_DEMAND,FITNESS
0.40893487845785104,26.554641988120224,10.1,70.00062194819908
