EMITTER_COEFFICIENT_SOLUTION,OUTPUT,OUTPUT_DEMAND,FITNESS
1.3235678745042438,26.408113750039128,10.1,7.561742532018939
