EMITTER_COEFFICIENT_SOLUTION,PRESSURE_OUTPUT,OUTPUT_DEMAND,FITNESS
0.10436578854561696,26.60191795727154,10.1,16.243903771964032
