EMITTER_COEFFICIENT_SOLUTION,PRESSURE_OUTPUT,OUTPUT_DEMAND,FITNESS
0.8254787932995925,26.488747346623278,10.1,19.375694154980486
