EMITTER_COEFFICIENT_SOLUTION,PRESSURE_OUTPUT,OUTPUT_DEMAND,FITNESS
0.8330770621442632,26.48753223218535,10.1,18.930011904173696
