EMITTER_COEFFICIENT_SOLUTION,PRESSURE_OUTPUT,OUTPUT_DEMAND,FITNESS
0.48906221135410355,26.542076644186388,10.1,581.3130778949431
