EMITTER_COEFFICIENT_SOLUTION,OUTPUT,OUTPUT_DEMAND,FITNESS
1.295593730394462,26.412694672781754,10.1,7.833078477529484
