EMITTER_COEFFICIENT_SOLUTION,PRESSURE_OUTPUT,OUTPUT_DEMAND,FITNESS
0.45273360083935554,26.54778012253623,10.1,134.70332406790158
