EMITTER_COEFFICIENT_SOLUTION,PRESSURE_OUTPUT,OUTPUT_DEMAND,FITNESS
0.07197497143310849,26.606900213657326,10.1,15.027693131543048
