EMITTER_COEFFICIENT_SOLUTION,PRESSURE_OUTPUT,OUTPUT_DEMAND,FITNESS
0.1738283006320266,26.591203815473314,10.1,19.666683265400096
