EMITTER_COEFFICIENT_SOLUTION,OUTPUT,OUTPUT_DEMAND,FITNESS
0.8332924844326459,26.487497775070842,10.1,18.917672406119717
