EMITTER_COEFFICIENT_SOLUTION,OUTPUT,OUTPUT_DEMAND,FITNESS
0.9471731883319088,26.469229984878595,10.1,14.059078746320465
