EMITTER_COEFFICIENT_SOLUTION,PRESSURE_OUTPUT,OUTPUT_DEMAND,FITNESS
1.2659768421127535,26.417537870769067,10.1,8.141961283353117
