EMITTER_COEFFICIENT_SOLUTION,PRESSURE_OUTPUT,OUTPUT_DEMAND,FITNESS
0.2916180473182074,26.5729434730778,10.1,30.68701570660738
