EMITTER_COEFFICIENT_SOLUTION,PRESSURE_OUTPUT,OUTPUT_DEMAND,FITNESS
1.109875014514825,26.4429500703283,10.1,10.266062415317784
