EMITTER_COEFFICIENT_SOLUTION,OUTPUT,OUTPUT_DEMAND,FITNESS
0.31560035795731833,26.56921147992216,10.1,34.65594373992722
