EMITTER_COEFFICIENT_SOLUTION,PRESSURE_OUTPUT,OUTPUT_DEMAND,FITNESS
0.4030388980015288,26.555564484157024,10.1,65.75450528499549
