EMITTER_COEFFICIENT_SOLUTION,OUTPUT,OUTPUT_DEMAND,FITNESS
0.7633768068930213,26.498661177191806,10.1,23.98241212215289
