EMITTER_COEFFICIENT_SOLUTION,PRESSURE_OUTPUT,OUTPUT_DEMAND,FITNESS
0.24330972617814772,26.5804464392317,10.1,24.943852342408345
