EMITTER_COEFFICIENT_SOLUTION,OUTPUT,OUTPUT_DEMAND,FITNESS
0.3849823452218344,26.558387859837445,10.1,55.45862904343647
