EMITTER_COEFFICIENT_SOLUTION,PRESSURE_OUTPUT,OUTPUT_DEMAND,FITNESS
0.6478478938422149,26.517020681957213,10.1,42.849089423968195
