EMITTER_COEFFICIENT_SOLUTION,OUTPUT,OUTPUT_DEMAND,FITNESS
0.4739423974179495,26.544451727166383,10.1,244.18078100654355
