EMITTER_COEFFICIENT_SOLUTION,OUTPUT,OUTPUT_DEMAND,FITNESS
0.4078960210603113,26.554804550504954,10.1,69.21301466016354
