EMITTER_COEFFICIENT_SOLUTION,PRESSURE_OUTPUT,OUTPUT_DEMAND,FITNESS
0.11537705762603279,26.60022223406972,10.1,16.704018715532495
