EMITTER_COEFFICIENT_SOLUTION,PRESSURE_OUTPUT,OUTPUT_DEMAND,FITNESS
0.04913997460398434,26.610407330542614,10.1,14.275328009576665
