EMITTER_COEFFICIENT_SOLUTION,OUTPUT,OUTPUT_DEMAND,FITNESS
0.7281681916048366,26.504267919837275,10.1,27.708137281329424
