EMITTER_COEFFICIENT_SOLUTION,OUTPUT,OUTPUT_DEMAND,FITNESS
1.052889615781895,26.452178557020027,10.1,11.340460104815286
