EMITTER_COEFFICIENT_SOLUTION,PRESSURE_OUTPUT,OUTPUT_DEMAND,FITNESS
0.18454421527834042,26.58954736353462,10.1,20.32893734188456
