EMITTER_COEFFICIENT_SOLUTION,PRESSURE_OUTPUT,OUTPUT_DEMAND,FITNESS
0.34758632620425367,26.56422663901043,10.1,41.89317214077231
