EMITTER_COEFFICIENT_SOLUTION,PRESSURE_OUTPUT,OUTPUT_DEMAND,FITNESS
0.9518688403773398,26.468474506543522,10.1,13.91132201277865
