EMITTER_COEFFICIENT_SOLUTION,OUTPUT,OUTPUT_DEMAND,FITNESS
0.20416389811636848,26.58651209498713,10.1,21.665799134413263
