EMITTER_COEFFICIENT_SOLUTION,OUTPUT,OUTPUT_DEMAND,FITNESS
0.4551493789318306,26.547401190118308,10.1,141.94888581670165
