EMITTER_COEFFICIENT_SOLUTION,PRESSURE_OUTPUT,OUTPUT_DEMAND,FITNESS
0.05923147271593454,26.608857966194968,10.1,14.598206532557297
