EMITTER_COEFFICIENT_SOLUTION,PRESSURE_OUTPUT,OUTPUT_DEMAND,FITNESS
0.2583569223681291,26.5781114773664,10.1,26.486504330718965
