EMITTER_COEFFICIENT_SOLUTION,PRESSURE_OUTPUT,OUTPUT_DEMAND,FITNESS
0.23787782415573255,26.581288876508495,10.1,24.430479265000574
