EMITTER_COEFFICIENT_SOLUTION,PRESSURE_OUTPUT,OUTPUT_DEMAND,FITNESS
1.26107332053946,26.418339066158403,10.1,8.195422498017072
