EMITTER_COEFFICIENT_SOLUTION,PRESSURE_OUTPUT,OUTPUT_DEMAND,FITNESS
1.4812257431604925,26.382181329422444,10.1,6.3220287968028925
