EMITTER_COEFFICIENT_SOLUTION,PRESSURE_OUTPUT,OUTPUT_DEMAND,FITNESS
0.2971276876330676,26.57208651599276,10.1,31.515801084062048
