EMITTER_COEFFICIENT_SOLUTION,PRESSURE_OUTPUT,OUTPUT_DEMAND,FITNESS
0.12866185118190365,26.598175038802736,10.1,17.295461011867516
