EMITTER_COEFFICIENT_SOLUTION,PRESSURE_OUTPUT,OUTPUT_DEMAND,FITNESS
1.292297450404893,26.41323405036478,10.1,7.866313549517354
