EMITTER_COEFFICIENT_SOLUTION,OUTPUT,OUTPUT_DEMAND,FITNESS
1.2921902797103229,26.41325158550248,10.1,7.867398754044024
