EMITTER_COEFFICIENT_SOLUTION,PRESSURE_OUTPUT,OUTPUT_DEMAND,FITNESS
0.2726088630616338,26.575898183421074,10.1,28.13589879777833
