EMITTER_COEFFICIENT_SOLUTION,OUTPUT,OUTPUT_DEMAND,FITNESS
0.5819000524589597,26.52745214185625,10.1,77.48178673113999
