EMITTER_COEFFICIENT_SOLUTION,PRESSURE_OUTPUT,OUTPUT_DEMAND,FITNESS
1.3853097755901156,26.397981345346345,10.1,7.023603607221069
