EMITTER_COEFFICIENT_SOLUTION,OUTPUT,OUTPUT_DEMAND,FITNESS
0.4188466075071584,26.553090533964436,10.1,78.5290984529799
