EMITTER_COEFFICIENT_SOLUTION,PRESSURE_OUTPUT,OUTPUT_DEMAND,FITNESS
0.6096045848487158,26.52307423894657,10.1,57.856435892150344
