EMITTER_COEFFICIENT_SOLUTION,PRESSURE_OUTPUT,OUTPUT_DEMAND,FITNESS
0.358818847408093,26.562474079553105,10.1,45.21270108974672
