EMITTER_COEFFICIENT_SOLUTION,OUTPUT,OUTPUT_DEMAND,FITNESS
0.04859668947323725,26.610490717729412,10.1,14.258355156702276
