EMITTER_COEFFICIENT_SOLUTION,OUTPUT,OUTPUT_DEMAND,FITNESS
1.0303251076534377,26.455825591663704,10.1,11.829726359171158
