EMITTER_COEFFICIENT_SOLUTION,OUTPUT,OUTPUT_DEMAND,FITNESS
1.3553775161445327,26.40289724726872,10.1,7.27478254466917
