EMITTER_COEFFICIENT_SOLUTION,PRESSURE_OUTPUT,OUTPUT_DEMAND,FITNESS
1.324040106910053,26.408036366360975,10.1,7.557320324840619
