EMITTER_COEFFICIENT_SOLUTION,PRESSURE_OUTPUT,OUTPUT_DEMAND,FITNESS
1.2474288328618885,26.420567463116996,10.1,8.347876890044187
