EMITTER_COEFFICIENT_SOLUTION,PRESSURE_OUTPUT,OUTPUT_DEMAND,FITNESS
0.9032533793706757,26.47628761097983,10.1,15.607736433502955
