EMITTER_COEFFICIENT_SOLUTION,PRESSURE_OUTPUT,OUTPUT_DEMAND,FITNESS
0.8629737477804537,26.48274662912109,10.1,17.357563767350964
