EMITTER_COEFFICIENT_SOLUTION,PRESSURE_OUTPUT,OUTPUT_DEMAND,FITNESS
0.2393222082977372,26.581064889990238,10.1,24.564900809342127
