EMITTER_COEFFICIENT_SOLUTION,PRESSURE_OUTPUT,OUTPUT_DEMAND,FITNESS
1.1978088659328785,26.428658890807398,10.1,8.952590753622262
