EMITTER_COEFFICIENT_SOLUTION,PRESSURE_OUTPUT,OUTPUT_DEMAND,FITNESS
0.6357454960589212,26.51893766936619,10.1,46.683746765755394
