EMITTER_COEFFICIENT_SOLUTION,OUTPUT,OUTPUT_DEMAND,FITNESS
0.4546669723120842,26.547476862956913,10.1,140.44032150838595
