EMITTER_COEFFICIENT_SOLUTION,PRESSURE_OUTPUT,OUTPUT_DEMAND,FITNESS
0.07692590885603356,26.606139245491583,10.1,15.201531707916455
