EMITTER_COEFFICIENT_SOLUTION,OUTPUT,OUTPUT_DEMAND,FITNESS
0.3131502593983675,26.5695929694323,10.1,34.203740228985616
