EMITTER_COEFFICIENT_SOLUTION,PRESSURE_OUTPUT,OUTPUT_DEMAND,FITNESS
0.8878655501131959,26.47875666159465,10.1,16.233307915059115
