EMITTER_COEFFICIENT_SOLUTION,OUTPUT,OUTPUT_DEMAND,FITNESS
1.2196082134301676,26.42510651832599,10.1,8.676647867845533
