EMITTER_COEFFICIENT_SOLUTION,OUTPUT,OUTPUT_DEMAND,FITNESS
0.41619581889936663,26.55350553362632,10.1,76.05064229610893
