EMITTER_COEFFICIENT_SOLUTION,PRESSURE_OUTPUT,OUTPUT_DEMAND,FITNESS
0.7421325810598994,26.50204538586396,10.1,26.100791145567733
