EMITTER_COEFFICIENT_SOLUTION,OUTPUT,OUTPUT_DEMAND,FITNESS
1.251718439904019,26.419867049771945,10.1,8.2993508810933
