EMITTER_COEFFICIENT_SOLUTION,PRESSURE_OUTPUT,OUTPUT_DEMAND,FITNESS
0.1394920404040948,26.596505006450904,10.1,17.80988125570209
