EMITTER_COEFFICIENT_SOLUTION,PRESSURE_OUTPUT,OUTPUT_DEMAND,FITNESS
0.2611251732436616,26.577681706472347,10.1,26.79147513885421
