EMITTER_COEFFICIENT_SOLUTION,PRESSURE_OUTPUT,OUTPUT_DEMAND,FITNESS
0.4359376708764545,26.550413417028146,10.1,99.4330697589727
