EMITTER_COEFFICIENT_SOLUTION,PRESSURE_OUTPUT,OUTPUT_DEMAND,FITNESS
0.1746767002378059,26.591072705937087,10.1,19.71752470018373
