EMITTER_COEFFICIENT_SOLUTION,PRESSURE_OUTPUT,OUTPUT_DEMAND,FITNESS
0.4846756903367121,26.542765890689346,10.1,415.0255987705241
