EMITTER_COEFFICIENT_SOLUTION,PRESSURE_OUTPUT,OUTPUT_DEMAND,FITNESS
0.4587569106034154,26.546835232977443,10.1,154.34880340818654
