EMITTER_COEFFICIENT_SOLUTION,PRESSURE_OUTPUT,OUTPUT_DEMAND,FITNESS
0.27336576421058456,26.57578059117553,10.1,28.229297220759424
