EMITTER_COEFFICIENT_SOLUTION,OUTPUT,OUTPUT_DEMAND,FITNESS
0.4317434604706516,26.551070613537483,10.1,93.33396871206432
