EMITTER_COEFFICIENT_SOLUTION,OUTPUT,OUTPUT_DEMAND,FITNESS
0.9509347224534173,26.468624809872125,10.1,13.940470393305253
