EMITTER_COEFFICIENT_SOLUTION,OUTPUT,OUTPUT_DEMAND,FITNESS
0.2796499071121994,26.574804102191855,10.1,29.029513101889986
