EMITTER_COEFFICIENT_SOLUTION,PRESSURE_OUTPUT,OUTPUT_DEMAND,FITNESS
0.6086030704520468,26.523232608768524,10.1,58.391460109121404
