EMITTER_COEFFICIENT_SOLUTION,PRESSURE_OUTPUT,OUTPUT_DEMAND,FITNESS
1.412701254823474,26.393476632461386,10.1,6.8081969026692315
