EMITTER_COEFFICIENT_SOLUTION,PRESSURE_OUTPUT,OUTPUT_DEMAND,FITNESS
0.4921236310022533,26.541595514843458,10.1,807.0281942800659
