EMITTER_COEFFICIENT_SOLUTION,PRESSURE_OUTPUT,OUTPUT_DEMAND,FITNESS
0.27493439682012244,26.57553687308239,10.1,28.424859987129736
