EMITTER_COEFFICIENT_SOLUTION,OUTPUT,OUTPUT_DEMAND,FITNESS
0.8411157826296449,26.486246172835493,10.1,18.48011139674033
