EMITTER_COEFFICIENT_SOLUTION,PRESSURE_OUTPUT,OUTPUT_DEMAND,FITNESS
0.08945254679964709,26.604212959632676,10.1,15.660098471932104
