EMITTER_COEFFICIENT_SOLUTION,OUTPUT,OUTPUT_DEMAND,FITNESS
0.8181089385447611,26.489925487183534,10.1,19.828321012077957
