EMITTER_COEFFICIENT_SOLUTION,PRESSURE_OUTPUT,OUTPUT_DEMAND,FITNESS
1.4241855991758894,26.3915861702594,10.1,6.721684528251506
