EMITTER_COEFFICIENT_SOLUTION,PRESSURE_OUTPUT,OUTPUT_DEMAND,FITNESS
0.19498886825374784,26.587931920352908,10.1,21.0192134229976
