EMITTER_COEFFICIENT_SOLUTION,PRESSURE_OUTPUT,OUTPUT_DEMAND,FITNESS
0.03982543391024118,26.611836647763447,10.1,13.989878909819204
