EMITTER_COEFFICIENT_SOLUTION,OUTPUT,OUTPUT_DEMAND,FITNESS
0.42625883729319747,26.551929789391785,10.1,86.40511711415519
