EMITTER_COEFFICIENT_SOLUTION,PRESSURE_OUTPUT,OUTPUT_DEMAND,FITNESS
0.777729248909569,26.49637275890958,10.1,22.73469154695054
