EMITTER_COEFFICIENT_SOLUTION,OUTPUT,OUTPUT_DEMAND,FITNESS
0.0588532308775529,26.608916053721842,10.1,14.585838125226505
