EMITTER_COEFFICIENT_SOLUTION,PRESSURE_OUTPUT,OUTPUT_DEMAND,FITNESS
0.031233224067879983,26.613154535352635,10.1,13.736615719861547
