EMITTER_COEFFICIENT_SOLUTION,PRESSURE_OUTPUT,OUTPUT_DEMAND,FITNESS
0.2194316528432566,26.584147871433487,10.1,22.835497064994772
