EMITTER_COEFFICIENT_SOLUTION,PRESSURE_OUTPUT,OUTPUT_DEMAND,FITNESS
0.435770258423157,26.55043966956802,10.1,99.17418837051797
