EMITTER_COEFFICIENT_SOLUTION,PRESSURE_OUTPUT,OUTPUT_DEMAND,FITNESS
0.2477049072446581,26.579764607936035,10.1,25.375424859428012
