EMITTER_COEFFICIENT_SOLUTION,PRESSURE_OUTPUT,OUTPUT_DEMAND,FITNESS
1.183800363988862,26.430939694975706,10.1,9.139205155258242
