EMITTER_COEFFICIENT_SOLUTION,PRESSURE_OUTPUT,OUTPUT_DEMAND,FITNESS
1.3858935905538914,26.397885392895937,10.1,7.018873364019881
