EMITTER_COEFFICIENT_SOLUTION,OUTPUT,OUTPUT_DEMAND,FITNESS
1.1311254921385105,26.439502037921905,10.1,9.915090846470207
