EMITTER_COEFFICIENT_SOLUTION,PRESSURE_OUTPUT,OUTPUT_DEMAND,FITNESS
1.1944084345038557,26.42921267760346,10.1,8.997197297257255
