EMITTER_COEFFICIENT_SOLUTION,PRESSURE_OUTPUT,OUTPUT_DEMAND,FITNESS
0.9183706143173899,26.473860121658085,10.1,15.03798314003811
