EMITTER_COEFFICIENT_SOLUTION,OUTPUT,OUTPUT_DEMAND,FITNESS
0.2679155887152762,26.576627224732185,10.1,27.570368977848176
