EMITTER_COEFFICIENT_SOLUTION,OUTPUT,OUTPUT_DEMAND,FITNESS
0.7574159224145702,26.499611116653107,10.1,24.541512934647432
