EMITTER_COEFFICIENT_SOLUTION,PRESSURE_OUTPUT,OUTPUT_DEMAND,FITNESS
1.0891165279152974,26.44631479900714,10.1,10.633365602171134
