EMITTER_COEFFICIENT_SOLUTION,PRESSURE_OUTPUT,OUTPUT_DEMAND,FITNESS
0.9452316765661991,26.46954230081908,10.1,14.121082646627817
