EMITTER_COEFFICIENT_SOLUTION,PRESSURE_OUTPUT,OUTPUT_DEMAND,FITNESS
1.0496358175998433,26.452704709995196,10.1,11.40853272984415
