EMITTER_COEFFICIENT_SOLUTION,OUTPUT,OUTPUT_DEMAND,FITNESS
0.7362478026671762,26.502982184141977,10.1,26.75498192279251
