EMITTER_COEFFICIENT_SOLUTION,OUTPUT,OUTPUT_DEMAND,FITNESS
0.3525822240834624,26.563447280633824,10.1,43.30714141397004
