EMITTER_COEFFICIENT_SOLUTION,PRESSURE_OUTPUT,OUTPUT_DEMAND,FITNESS
0.10376757598215047,26.602010052242633,10.1,16.219639485706775
