EMITTER_COEFFICIENT_SOLUTION,PRESSURE_OUTPUT,OUTPUT_DEMAND,FITNESS
1.2052755637066568,26.427442558926998,10.1,8.856153253189362
