EMITTER_COEFFICIENT_SOLUTION,PRESSURE_OUTPUT,OUTPUT_DEMAND,FITNESS
0.6848568557279466,26.5111511516251,10.1,34.23807546294359
