EMITTER_COEFFICIENT_SOLUTION,PRESSURE_OUTPUT,OUTPUT_DEMAND,FITNESS
0.5526443800798021,26.53206833862066,10.1,120.62635755929809
