EMITTER_COEFFICIENT_SOLUTION,PRESSURE_OUTPUT,OUTPUT_DEMAND,FITNESS
1.155614308731606,26.43552410497074,10.1,9.53886314069473
