EMITTER_COEFFICIENT_SOLUTION,PRESSURE_OUTPUT,OUTPUT_DEMAND,FITNESS
0.2445867673698997,26.580248346409924,10.1,25.067716897424905
