EMITTER_COEFFICIENT_SOLUTION,PRESSURE_OUTPUT,OUTPUT_DEMAND,FITNESS
0.6370662167529909,26.51872852884243,10.1,46.232358829383784
