EMITTER_COEFFICIENT_SOLUTION,PRESSURE_OUTPUT,OUTPUT_DEMAND,FITNESS
0.8614959130164407,26.482983357678542,10.1,17.429180812162706
