EMITTER_COEFFICIENT_SOLUTION,OUTPUT,OUTPUT_DEMAND,FITNESS
0.05634135324269307,26.60930177843865,10.1,14.504235580287242
