EMITTER_COEFFICIENT_SOLUTION,PRESSURE_OUTPUT,OUTPUT_DEMAND,FITNESS
0.4982659594972981,26.540630042416275,10.1,3654.4143878085983
