EMITTER_COEFFICIENT_SOLUTION,PRESSURE_OUTPUT,OUTPUT_DEMAND,FITNESS
0.7638188732624972,26.498590717058995,10.1,23.94195491233281
