EMITTER_COEFFICIENT_SOLUTION,PRESSURE_OUTPUT,OUTPUT_DEMAND,FITNESS
0.2750269915530311,26.57552248602054,10.1,28.436489095567183
