EMITTER_COEFFICIENT_SOLUTION,OUTPUT,OUTPUT_DEMAND,FITNESS
0.3790598604951452,26.559313330203707,10.1,52.751159044673116
