EMITTER_COEFFICIENT_SOLUTION,OUTPUT,OUTPUT_DEMAND,FITNESS
0.1019877822603561,26.602284034185985,10.1,16.147880109463543
