EMITTER_COEFFICIENT_SOLUTION,PRESSURE_OUTPUT,OUTPUT_DEMAND,FITNESS
0.8657746008377624,26.482297923099004,10.1,17.223420134630985
