EMITTER_COEFFICIENT_SOLUTION,OUTPUT,OUTPUT_DEMAND,FITNESS
0.07025658998790418,26.607164283936513,10.1,14.96829344797
