EMITTER_COEFFICIENT_SOLUTION,PRESSURE_OUTPUT,OUTPUT_DEMAND,FITNESS
0.14885915575554776,26.59505979094118,10.1,18.28040267188154
