EMITTER_COEFFICIENT_SOLUTION,PRESSURE_OUTPUT,OUTPUT_DEMAND,FITNESS
0.5585728771357125,26.531133458773397,10.1,108.40176570002397
