EMITTER_COEFFICIENT_SOLUTION,PRESSURE_OUTPUT,OUTPUT_DEMAND,FITNESS
0.060420202206571294,26.608675402267934,10.1,14.637216264161529
