EMITTER_COEFFICIENT_SOLUTION,OUTPUT,OUTPUT_DEMAND,FITNESS
0.8368778118357951,26.486924241575807,10.1,18.714620296039676
