EMITTER_COEFFICIENT_SOLUTION,PRESSURE_OUTPUT,OUTPUT_DEMAND,FITNESS
0.09678756810048073,26.603084404470685,10.1,15.941843209892204
