EMITTER_COEFFICIENT_SOLUTION,PRESSURE_OUTPUT,OUTPUT_DEMAND,FITNESS
0.08006098618655877,26.605657271970728,10.1,15.313731371167469
