EMITTER_COEFFICIENT_SOLUTION,OUTPUT,OUTPUT_DEMAND,FITNESS
0.0007570437887292059,26.61782374543207,10.1,12.908664989791735
