EMITTER_COEFFICIENT_SOLUTION,PRESSURE_OUTPUT,OUTPUT_DEMAND,FITNESS
0.3813202548802147,26.558960146449095,10.1,53.75261610200335
