EMITTER_COEFFICIENT_SOLUTION,PRESSURE_OUTPUT,OUTPUT_DEMAND,FITNESS
1.0958936733427382,26.445216674005763,10.1,10.510635386789453
