EMITTER_COEFFICIENT_SOLUTION,PRESSURE_OUTPUT,OUTPUT_DEMAND,FITNESS
0.1312081835268296,26.597782478586588,10.1,17.413691442542255
