EMITTER_COEFFICIENT_SOLUTION,OUTPUT,OUTPUT_DEMAND,FITNESS
0.02151278622542807,26.614644657173535,10.1,13.461077810935775
