EMITTER_COEFFICIENT_SOLUTION,PRESSURE_OUTPUT,OUTPUT_DEMAND,FITNESS
0.7554048248103838,26.4999315444974,10.1,24.73603174743774
