EMITTER_COEFFICIENT_SOLUTION,PRESSURE_OUTPUT,OUTPUT_DEMAND,FITNESS
0.6448353855542178,26.517497966916515,10.1,43.743701750246295
