EMITTER_COEFFICIENT_SOLUTION,PRESSURE_OUTPUT,OUTPUT_DEMAND,FITNESS
0.7648862174895025,26.498420588523977,10.1,23.844829919459468
