EMITTER_COEFFICIENT_SOLUTION,OUTPUT,OUTPUT_DEMAND,FITNESS
1.161210669812735,26.43461436945315,10.1,9.456798531570914
