EMITTER_COEFFICIENT_SOLUTION,PRESSURE_OUTPUT,OUTPUT_DEMAND,FITNESS
1.137240443845926,26.438509259260876,10.1,9.818443094024774
