EMITTER_COEFFICIENT_SOLUTION,PRESSURE_OUTPUT,OUTPUT_DEMAND,FITNESS
0.5678063284527174,26.529676838739817,10.1,93.61926635468211
