EMITTER_COEFFICIENT_SOLUTION,PRESSURE_OUTPUT,OUTPUT_DEMAND,FITNESS
1.2930038411579754,26.41311846930654,10.1,7.8591680187543655
