EMITTER_COEFFICIENT_SOLUTION,OUTPUT,OUTPUT_DEMAND,FITNESS
0.28742123108267736,26.573596067329568,10.1,30.08453763983439
