EMITTER_COEFFICIENT_SOLUTION,OUTPUT,OUTPUT_DEMAND,FITNESS
0.018099166160451263,26.61516776900472,10.1,13.366952422926246
