EMITTER_COEFFICIENT_SOLUTION,PRESSURE_OUTPUT,OUTPUT_DEMAND,FITNESS
1.4046870682900607,26.394795251487068,10.1,6.869870602442769
