EMITTER_COEFFICIENT_SOLUTION,OUTPUT,OUTPUT_DEMAND,FITNESS
0.2841256793425846,26.574108414711212,10.1,29.627861658639816
