EMITTER_COEFFICIENT_SOLUTION,PRESSURE_OUTPUT,OUTPUT_DEMAND,FITNESS
1.2493482394511268,26.42025407758762,10.1,8.326094961224305
