EMITTER_COEFFICIENT_SOLUTION,PRESSURE_OUTPUT,OUTPUT_DEMAND,FITNESS
1.3894035125361608,26.397308465963746,10.1,6.990565926599106
