EMITTER_COEFFICIENT_SOLUTION,OUTPUT,OUTPUT_DEMAND,FITNESS
1.3141229089392057,26.40966110633765,10.1,7.651267797146311
