EMITTER_COEFFICIENT_SOLUTION,PRESSURE_OUTPUT,OUTPUT_DEMAND,FITNESS
0.49659669077428237,26.54089239516552,10.1,1865.6911203887155
