EMITTER_COEFFICIENT_SOLUTION,PRESSURE_OUTPUT,OUTPUT_DEMAND,FITNESS
1.4344455234316817,26.389896362141982,10.1,6.6461946759088475
