EMITTER_COEFFICIENT_SOLUTION,PRESSURE_OUTPUT,OUTPUT_DEMAND,FITNESS
0.33917300129263983,26.565538588325765,10.1,39.71060883616266
