EMITTER_COEFFICIENT_SOLUTION,PRESSURE_OUTPUT,OUTPUT_DEMAND,FITNESS
0.26520692506526855,26.577047898324885,10.1,27.254270509804858
