EMITTER_COEFFICIENT_SOLUTION,OUTPUT,OUTPUT_DEMAND,FITNESS
0.05128973482060406,26.610077346040157,10.1,14.34289216826429
