EMITTER_COEFFICIENT_SOLUTION,OUTPUT,OUTPUT_DEMAND,FITNESS
1.263735983571969,26.417904032350343,10.1,8.166307278166373
