EMITTER_COEFFICIENT_SOLUTION,OUTPUT,OUTPUT_DEMAND,FITNESS
1.1357073535555153,26.438758208455006,10.1,9.842501055337458
