EMITTER_COEFFICIENT_SOLUTION,PRESSURE_OUTPUT,OUTPUT_DEMAND,FITNESS
0.6201974535333804,26.521398683122307,10.1,52.7434015118603
