EMITTER_COEFFICIENT_SOLUTION,PRESSURE_OUTPUT,OUTPUT_DEMAND,FITNESS
1.1828430271349424,26.43109550758775,10.1,9.152237973499393
