EMITTER_COEFFICIENT_SOLUTION,PRESSURE_OUTPUT,OUTPUT_DEMAND,FITNESS
0.2321892683909249,26.5821708550406,10.1,23.915175200596728
