EMITTER_COEFFICIENT_SOLUTION,PRESSURE_OUTPUT,OUTPUT_DEMAND,FITNESS
0.30429579101668114,26.57097122810653,10.1,32.66391114125185
