EMITTER_COEFFICIENT_SOLUTION,OUTPUT,OUTPUT_DEMAND,FITNESS
0.06119609634171708,26.608556234794023,10.1,14.662792280761096
