EMITTER_COEFFICIENT_SOLUTION,OUTPUT,OUTPUT_DEMAND,FITNESS
0.06346556028200645,26.60820764496365,10.1,14.738123254187807
