EMITTER_COEFFICIENT_SOLUTION,PRESSURE_OUTPUT,OUTPUT_DEMAND,FITNESS
0.3401577424401723,26.56538505401808,10.1,39.95420727403863
