EMITTER_COEFFICIENT_SOLUTION,PRESSURE_OUTPUT,OUTPUT_DEMAND,FITNESS
0.363432824937841,26.56175387894112,10.1,46.73447925076203
