EMITTER_COEFFICIENT_SOLUTION,PRESSURE_OUTPUT,OUTPUT_DEMAND,FITNESS
0.08181882543898611,26.605386993115175,10.1,15.377377997154381
