EMITTER_COEFFICIENT_SOLUTION,PRESSURE_OUTPUT,OUTPUT_DEMAND,FITNESS
0.42088805652819217,26.552770891196133,10.1,80.55103069049238
