EMITTER_COEFFICIENT_SOLUTION,OUTPUT,OUTPUT_DEMAND,FITNESS
0.21183139069218915,26.58532502077682,10.1,22.237729324609035
