EMITTER_COEFFICIENT_SOLUTION,PRESSURE_OUTPUT,OUTPUT_DEMAND,FITNESS
0.9635971071688109,26.466586784873293,10.1,13.55534900461213
