EMITTER_COEFFICIENT_SOLUTION,PRESSURE_OUTPUT,OUTPUT_DEMAND,FITNESS
0.9603820723740123,26.467104370285327,10.1,13.651125999464155
