EMITTER_COEFFICIENT_SOLUTION,OUTPUT,OUTPUT_DEMAND,FITNESS
1.4683006257476299,26.384314663391613,10.1,6.408459684793671
