EMITTER_COEFFICIENT_SOLUTION,OUTPUT,OUTPUT_DEMAND,FITNESS
0.6253295318173648,26.52058657304847,10.1,50.577013643335626
