EMITTER_COEFFICIENT_SOLUTION,OUTPUT,OUTPUT_DEMAND,FITNESS
0.8331994840543948,26.48751265066528,10.1,18.922997557563534
