EMITTER_COEFFICIENT_SOLUTION,PRESSURE_OUTPUT,OUTPUT_DEMAND,FITNESS
0.10129238454582212,26.602391076690786,10.1,16.120016507240152
