EMITTER_COEFFICIENT_SOLUTION,PRESSURE_OUTPUT,OUTPUT_DEMAND,FITNESS
0.5503245019191486,26.532434087723516,10.1,126.19390415242228
