EMITTER_COEFFICIENT_SOLUTION,PRESSURE_OUTPUT,OUTPUT_DEMAND,FITNESS
0.7069053747384962,26.50764900850875,10.1,30.572258642723593
