EMITTER_COEFFICIENT_SOLUTION,OUTPUT,OUTPUT_DEMAND,FITNESS
0.973633376047065,26.464970521617175,10.1,13.264731828898286
