EMITTER_COEFFICIENT_SOLUTION,PRESSURE_OUTPUT,OUTPUT_DEMAND,FITNESS
0.203656170684669,26.586590683578954,10.1,21.62897181621978
