EMITTER_COEFFICIENT_SOLUTION,PRESSURE_OUTPUT,OUTPUT_DEMAND,FITNESS
0.2279521901638223,26.582827615036607,10.1,23.54535929970216
