EMITTER_COEFFICIENT_SOLUTION,PRESSURE_OUTPUT,OUTPUT_DEMAND,FITNESS
1.022219779414716,26.457134637547114,10.1,12.015798870124934
