EMITTER_COEFFICIENT_SOLUTION,PRESSURE_OUTPUT,OUTPUT_DEMAND,FITNESS
0.03830955831804361,26.612069190014957,10.1,13.944514087534207
