EMITTER_COEFFICIENT_SOLUTION,PRESSURE_OUTPUT,OUTPUT_DEMAND,FITNESS
0.7163787565856169,26.50614306071344,10.1,29.226656774209776
