EMITTER_COEFFICIENT_SOLUTION,PRESSURE_OUTPUT,OUTPUT_DEMAND,FITNESS
0.281935414298902,26.57444887730795,10.1,29.331984687003267
