EMITTER_COEFFICIENT_SOLUTION,PRESSURE_OUTPUT,OUTPUT_DEMAND,FITNESS
0.3855420805510342,26.558300378435007,10.1,55.72900380283132
