EMITTER_COEFFICIENT_SOLUTION,PRESSURE_OUTPUT,OUTPUT_DEMAND,FITNESS
0.9723418728742675,26.465178553508572,10.1,13.301436974652981
