EMITTER_COEFFICIENT_SOLUTION,PRESSURE_OUTPUT,OUTPUT_DEMAND,FITNESS
0.020038036801688475,26.614870663563636,10.1,13.420249525336365
