EMITTER_COEFFICIENT_SOLUTION,OUTPUT,OUTPUT_DEMAND,FITNESS
0.6398850148983686,26.51828211514686,10.1,45.29747519360604
