EMITTER_COEFFICIENT_SOLUTION,OUTPUT,OUTPUT_DEMAND,FITNESS
0.32837138846513225,26.56722217674656,10.1,37.22207765594558
