EMITTER_COEFFICIENT_SOLUTION,PRESSURE_OUTPUT,OUTPUT_DEMAND,FITNESS
0.31639498743440464,26.56908774244807,10.1,34.80519673992325
