EMITTER_COEFFICIENT_SOLUTION,PRESSURE_OUTPUT,OUTPUT_DEMAND,FITNESS
1.0326211373251897,26.455454677294846,10.1,11.778046464496153
