EMITTER_COEFFICIENT_SOLUTION,PRESSURE_OUTPUT,OUTPUT_DEMAND,FITNESS
0.8791487025678221,26.480154474764944,10.1,16.61021243125882
