EMITTER_COEFFICIENT_SOLUTION,PRESSURE_OUTPUT,OUTPUT_DEMAND,FITNESS
1.4726950812336659,26.383589490424086,10.1,6.378815785905191
