EMITTER_COEFFICIENT_SOLUTION,OUTPUT,OUTPUT_DEMAND,FITNESS
0.5908304124255255,26.526041641478656,10.1,69.84820937740629
