EMITTER_COEFFICIENT_SOLUTION,OUTPUT,OUTPUT_DEMAND,FITNESS
0.7848059060054136,26.495243810139478,10.1,22.16577799356008
