EMITTER_COEFFICIENT_SOLUTION,PRESSURE_OUTPUT,OUTPUT_DEMAND,FITNESS
0.14922657052198096,26.59500308899962,10.1,18.299370597613397
