EMITTER_COEFFICIENT_SOLUTION,OUTPUT,OUTPUT_DEMAND,FITNESS
0.9017173470282962,26.476534160393264,10.1,15.668028232363165
