EMITTER_COEFFICIENT_SOLUTION,OUTPUT,OUTPUT_DEMAND,FITNESS
1.4425562320268142,26.38855996557328,10.1,6.587683191592151
