EMITTER_COEFFICIENT_SOLUTION,PRESSURE_OUTPUT,OUTPUT_DEMAND,FITNESS
1.0377510527536185,26.454625807682618,10.1,11.664175363025606
