EMITTER_COEFFICIENT_SOLUTION,PRESSURE_OUTPUT,OUTPUT_DEMAND,FITNESS
0.24273393794033515,26.58053575024814,10.1,24.888406924922553
