EMITTER_COEFFICIENT_SOLUTION,PRESSURE_OUTPUT,OUTPUT_DEMAND,FITNESS
1.088895591995453,26.44635059187401,10.1,10.637414187537159
