EMITTER_COEFFICIENT_SOLUTION,PRESSURE_OUTPUT,OUTPUT_DEMAND,FITNESS
0.6257958826263866,26.520512766126046,10.1,50.388915162692534
