EMITTER_COEFFICIENT_SOLUTION,OUTPUT,OUTPUT_DEMAND,FITNESS
0.7197022014919516,26.50561457232697,10.1,28.782090087794252
