EMITTER_COEFFICIENT_SOLUTION,OUTPUT,OUTPUT_DEMAND,FITNESS
0.5293252628078335,26.535742794042733,10.1,216.65624064445703
