EMITTER_COEFFICIENT_SOLUTION,PRESSURE_OUTPUT,OUTPUT_DEMAND,FITNESS
1.1894175981898862,26.43002530807329,10.1,9.063463876836297
