EMITTER_COEFFICIENT_SOLUTION,OUTPUT,OUTPUT_DEMAND,FITNESS
0.38986092540616246,26.557625296271624,10.1,57.90758299618647
