EMITTER_COEFFICIENT_SOLUTION,PRESSURE_OUTPUT,OUTPUT_DEMAND,FITNESS
0.47031213445229947,26.545021703917804,10.1,214.3483427581992
