EMITTER_COEFFICIENT_SOLUTION,OUTPUT,OUTPUT_DEMAND,FITNESS
0.08096185352302188,26.605518761183326,10.1,15.346282631995754
