EMITTER_COEFFICIENT_SOLUTION,PRESSURE_OUTPUT,OUTPUT_DEMAND,FITNESS
0.1288493946488921,26.598146127655497,10.1,17.304113615829674
