EMITTER_COEFFICIENT_SOLUTION,PRESSURE_OUTPUT,OUTPUT_DEMAND,FITNESS
0.2744187345531449,26.57561699366825,10.1,28.3602718379433
