EMITTER_COEFFICIENT_SOLUTION,PRESSURE_OUTPUT,OUTPUT_DEMAND,FITNESS
1.038715386797683,26.454469971241124,10.1,11.643011818742906
