EMITTER_COEFFICIENT_SOLUTION,OUTPUT,OUTPUT_DEMAND,FITNESS
0.06031401785581547,26.608691710440745,10.1,14.633723102962438
