EMITTER_COEFFICIENT_SOLUTION,PRESSURE_OUTPUT,OUTPUT_DEMAND,FITNESS
0.13697854954469546,26.59689267819499,10.1,17.6877581156263
