EMITTER_COEFFICIENT_SOLUTION,PRESSURE_OUTPUT,OUTPUT_DEMAND,FITNESS
0.7904872078514663,26.49433717069728,10.1,21.729101951483145
