EMITTER_COEFFICIENT_SOLUTION,PRESSURE_OUTPUT,OUTPUT_DEMAND,FITNESS
0.27868269549647484,26.574954417958132,10.1,28.903390454983274
