EMITTER_COEFFICIENT_SOLUTION,OUTPUT,OUTPUT_DEMAND,FITNESS
0.2425668063652131,26.580561673655957,10.1,24.872359469546115
