EMITTER_COEFFICIENT_SOLUTION,OUTPUT,OUTPUT_DEMAND,FITNESS
0.7514141806664598,26.50056727599887,10.1,25.13123230276103
