EMITTER_COEFFICIENT_SOLUTION,OUTPUT,OUTPUT_DEMAND,FITNESS
0.26036552539879687,26.577799648130245,10.1,26.707085263043144
