EMITTER_COEFFICIENT_SOLUTION,PRESSURE_OUTPUT,OUTPUT_DEMAND,FITNESS
0.5215164220656553,26.536972256861468,10.1,295.32117638741875
