EMITTER_COEFFICIENT_SOLUTION,OUTPUT,OUTPUT_DEMAND,FITNESS
0.4242145187626911,26.552249972009463,10.1,84.07903556961485
