EMITTER_COEFFICIENT_SOLUTION,PRESSURE_OUTPUT,OUTPUT_DEMAND,FITNESS
1.182275623941389,26.431187852602093,10.1,9.159979654394073
