EMITTER_COEFFICIENT_SOLUTION,OUTPUT,OUTPUT_DEMAND,FITNESS
0.5005231374551709,26.540275124880424,10.1,12008.278820266807
