EMITTER_COEFFICIENT_SOLUTION,PRESSURE_OUTPUT,OUTPUT_DEMAND,FITNESS
0.4854455837744177,26.54264493010603,10.1,436.96184295309655
