EMITTER_COEFFICIENT_SOLUTION,PRESSURE_OUTPUT,OUTPUT_DEMAND,FITNESS
0.2923245236563211,26.57283360342106,10.1,30.790829200564982
