EMITTER_COEFFICIENT_SOLUTION,OUTPUT,OUTPUT_DEMAND,FITNESS
0.9674913638207112,26.465959741039825,10.1,13.441102349690684
