EMITTER_COEFFICIENT_SOLUTION,OUTPUT,OUTPUT_DEMAND,FITNESS
1.0996107223049387,26.44461423177441,10.1,10.444500282141794
