EMITTER_COEFFICIENT_SOLUTION,PRESSURE_OUTPUT,OUTPUT_DEMAND,FITNESS
0.6360028726168349,26.518896914047282,10.1,46.59509442714953
