EMITTER_COEFFICIENT_SOLUTION,PRESSURE_OUTPUT,OUTPUT_DEMAND,FITNESS
0.5863938988362202,26.526742445534865,10.1,73.44324972790021
