EMITTER_COEFFICIENT_SOLUTION,PRESSURE_OUTPUT,OUTPUT_DEMAND,FITNESS
1.100590390697659,26.444455433273504,10.1,10.427206020754992
