EMITTER_COEFFICIENT_SOLUTION,PRESSURE_OUTPUT,OUTPUT_DEMAND,FITNESS
0.3739703674918188,26.56010840239027,10.1,50.627780353550854
