EMITTER_COEFFICIENT_SOLUTION,OUTPUT,OUTPUT_DEMAND,FITNESS
0.21946676462823134,26.584142432107214,10.1,22.838333808022725
