EMITTER_COEFFICIENT_SOLUTION,PRESSURE_OUTPUT,OUTPUT_DEMAND,FITNESS
0.09783425029931248,26.602923326765612,10.1,15.982885269697348
