EMITTER_COEFFICIENT_SOLUTION,PRESSURE_OUTPUT,OUTPUT_DEMAND,FITNESS
0.841563433299379,26.48617454095136,10.1,18.455680409302975
