EMITTER_COEFFICIENT_SOLUTION,PRESSURE_OUTPUT,OUTPUT_DEMAND,FITNESS
0.6010817286979481,26.524421699182966,10.1,62.748241539614675
