EMITTER_COEFFICIENT_SOLUTION,OUTPUT,OUTPUT_DEMAND,FITNESS
0.08754294853851485,26.604506693473034,10.1,15.588393407619439
