EMITTER_COEFFICIENT_SOLUTION,OUTPUT,OUTPUT_DEMAND,FITNESS
0.3628086469356029,26.56185131784614,10.1,46.52262653846307
