EMITTER_COEFFICIENT_SOLUTION,PRESSURE_OUTPUT,OUTPUT_DEMAND,FITNESS
0.8587136591319336,26.48342898819478,10.1,17.56561248241465
