EMITTER_COEFFICIENT_SOLUTION,OUTPUT,OUTPUT_DEMAND,FITNESS
0.48849079928318906,26.54216643814511,10.1,552.4747770973229
