EMITTER_COEFFICIENT_SOLUTION,PRESSURE_OUTPUT,OUTPUT_DEMAND,FITNESS
0.6291577485968874,26.51998064849964,10.1,49.0731257866668
