EMITTER_COEFFICIENT_SOLUTION,PRESSURE_OUTPUT,OUTPUT_DEMAND,FITNESS
0.8517163862899865,26.48454945744502,10.1,17.918275110992244
