EMITTER_COEFFICIENT_SOLUTION,PRESSURE_OUTPUT,OUTPUT_DEMAND,FITNESS
0.3192377568246211,26.568645031493624,10.1,35.34989054339291
