EMITTER_COEFFICIENT_SOLUTION,PRESSURE_OUTPUT,OUTPUT_DEMAND,FITNESS
0.2799371622333503,26.574759457957988,10.1,29.067184183403743
