EMITTER_COEFFICIENT_SOLUTION,OUTPUT,OUTPUT_DEMAND,FITNESS
1.4623166838095187,26.385301890367415,10.1,6.449261610866205
