EMITTER_COEFFICIENT_SOLUTION,PRESSURE_OUTPUT,OUTPUT_DEMAND,FITNESS
1.004946559005261,26.459922583193816,10.1,12.432272465652028
