EMITTER_COEFFICIENT_SOLUTION,PRESSURE_OUTPUT,OUTPUT_DEMAND,FITNESS
0.13537379532753013,26.59714016203455,10.1,17.610668571124393
