EMITTER_COEFFICIENT_SOLUTION,PRESSURE_OUTPUT,OUTPUT_DEMAND,FITNESS
0.7141502285515923,26.506497387048874,10.1,29.532488557027275
