EMITTER_COEFFICIENT_SOLUTION,PRESSURE_OUTPUT,OUTPUT_DEMAND,FITNESS
1.4441323931686982,26.388300202622617,10.1,6.576429368747865
