EMITTER_COEFFICIENT_SOLUTION,PRESSURE_OUTPUT,OUTPUT_DEMAND,FITNESS
0.3661658656011958,26.561327192674767,10.1,47.68537135554935
