EMITTER_COEFFICIENT_SOLUTION,PRESSURE_OUTPUT,OUTPUT_DEMAND,FITNESS
0.24824075340044416,26.5796814702911,10.1,25.429071377725137
