EMITTER_COEFFICIENT_SOLUTION,OUTPUT,OUTPUT_DEMAND,FITNESS
0.8770181996097115,26.480496024051178,10.1,16.70498324578096
