EMITTER_COEFFICIENT_SOLUTION,PRESSURE_OUTPUT,OUTPUT_DEMAND,FITNESS
0.46951076422654403,26.545147510051898,10.1,208.71993089828456
