EMITTER_COEFFICIENT_SOLUTION,PRESSURE_OUTPUT,OUTPUT_DEMAND,FITNESS
0.5066372266799156,26.539313525848137,10.1,957.0523582567129
