EMITTER_COEFFICIENT_SOLUTION,OUTPUT,OUTPUT_DEMAND,FITNESS
0.38770785719758494,26.55796186338759,10.1,56.80055226285145
