EMITTER_COEFFICIENT_SOLUTION,OUTPUT,OUTPUT_DEMAND,FITNESS
0.4173614382564732,26.553323054833093,10.1,77.12089753341736
