EMITTER_COEFFICIENT_SOLUTION,PRESSURE_OUTPUT,OUTPUT_DEMAND,FITNESS
0.21701237886460512,26.584522627424974,10.1,22.641734998587907
