EMITTER_COEFFICIENT_SOLUTION,PRESSURE_OUTPUT,OUTPUT_DEMAND,FITNESS
1.1290217366809903,26.439843546742033,10.1,9.948778314949053
