EMITTER_COEFFICIENT_SOLUTION,PRESSURE_OUTPUT,OUTPUT_DEMAND,FITNESS
0.7364577937136513,26.502948760490987,10.1,26.731077678550566
