EMITTER_COEFFICIENT_SOLUTION,OUTPUT,OUTPUT_DEMAND,FITNESS
0.18505027895858528,26.589469113170885,10.1,20.36132705654943
