EMITTER_COEFFICIENT_SOLUTION,PRESSURE_OUTPUT,OUTPUT_DEMAND,FITNESS
0.7374796155266897,26.50278611503809,10.1,26.61536238064662
