EMITTER_COEFFICIENT_SOLUTION,PRESSURE_OUTPUT,OUTPUT_DEMAND,FITNESS
0.8624625662080269,26.482828515287004,10.1,17.38226995848654
