EMITTER_COEFFICIENT_SOLUTION,PRESSURE_OUTPUT,OUTPUT_DEMAND,FITNESS
1.2631556804284667,26.417998848782553,10.1,8.172635350702762
