EMITTER_COEFFICIENT_SOLUTION,OUTPUT,OUTPUT_DEMAND,FITNESS
1.2396338130901896,26.421839872620886,10.1,8.437499314983437
