EMITTER_COEFFICIENT_SOLUTION,PRESSURE_OUTPUT,OUTPUT_DEMAND,FITNESS
0.07279114113005603,26.60677478104102,10.1,15.056073270574293
