EMITTER_COEFFICIENT_SOLUTION,PRESSURE_OUTPUT,OUTPUT_DEMAND,FITNESS
0.38442532008354957,26.558474915091693,10.1,55.19216320834313
