EMITTER_COEFFICIENT_SOLUTION,PRESSURE_OUTPUT,OUTPUT_DEMAND,FITNESS
0.4628869031370494,26.546187179509843,10.1,171.5036778404394
