EMITTER_COEFFICIENT_SOLUTION,OUTPUT,OUTPUT_DEMAND,FITNESS
0.9196384950814918,26.473656444802018,10.1,14.992064109876381
