EMITTER_COEFFICIENT_SOLUTION,PRESSURE_OUTPUT,OUTPUT_DEMAND,FITNESS
0.4376734727057777,26.55014132932726,10.1,102.19798675975822
