EMITTER_COEFFICIENT_SOLUTION,OUTPUT,OUTPUT_DEMAND,FITNESS
1.473196341941505,26.383506762789736,10.1,6.375451432515288
