EMITTER_COEFFICIENT_SOLUTION,PRESSURE_OUTPUT,OUTPUT_DEMAND,FITNESS
1.4147754762567817,26.3931352670618,10.1,6.792410777230059
