EMITTER_COEFFICIENT_SOLUTION,PRESSURE_OUTPUT,OUTPUT_DEMAND,FITNESS
0.48469574244099134,26.542762740296702,10.1,415.56895251350653
