EMITTER_COEFFICIENT_SOLUTION,OUTPUT,OUTPUT_DEMAND,FITNESS
0.6135203222889283,26.52245496333815,10.1,55.855195644770596
