EMITTER_COEFFICIENT_SOLUTION,OUTPUT,OUTPUT_DEMAND,FITNESS
0.13763663548548566,26.596791182506713,10.1,17.71956883817202
