EMITTER_COEFFICIENT_SOLUTION,PRESSURE_OUTPUT,OUTPUT_DEMAND,FITNESS
0.13903467863742247,26.596575552210666,10.1,17.787532793086292
