EMITTER_COEFFICIENT_SOLUTION,PRESSURE_OUTPUT,OUTPUT_DEMAND,FITNESS
1.442715255872704,26.388533758156626,10.1,6.586546049720999
