EMITTER_COEFFICIENT_SOLUTION,PRESSURE_OUTPUT,OUTPUT_DEMAND,FITNESS
0.22864709317019727,26.58271991321081,10.1,23.6052192602914
