EMITTER_COEFFICIENT_SOLUTION,PRESSURE_OUTPUT,OUTPUT_DEMAND,FITNESS
0.06998418976751097,26.607206142448653,10.1,14.958920928687078
