EMITTER_COEFFICIENT_SOLUTION,PRESSURE_OUTPUT,OUTPUT_DEMAND,FITNESS
0.5282880852561503,26.53590612126723,10.1,224.60404861555634
