EMITTER_COEFFICIENT_SOLUTION,PRESSURE_OUTPUT,OUTPUT_DEMAND,FITNESS
1.4549945944838334,26.38650950269708,10.1,6.499884058842743
