EMITTER_COEFFICIENT_SOLUTION,OUTPUT,OUTPUT_DEMAND,FITNESS
0.19349049631112303,26.588163724985392,10.1,20.917297009106246
