EMITTER_COEFFICIENT_SOLUTION,OUTPUT,OUTPUT_DEMAND,FITNESS
0.2521858296392041,26.57906930996421,10.1,25.83117674690757
