EMITTER_COEFFICIENT_SOLUTION,OUTPUT,OUTPUT_DEMAND,FITNESS
1.0922811601051667,26.445802067982306,10.1,10.575706254749495
