EMITTER_COEFFICIENT_SOLUTION,PRESSURE_OUTPUT,OUTPUT_DEMAND,FITNESS
0.25548804522445845,26.578556803231827,10.1,26.177734665990204
