EMITTER_COEFFICIENT_SOLUTION,PRESSURE_OUTPUT,OUTPUT_DEMAND,FITNESS
0.22513951563749057,26.583263505548572,10.1,23.30616351218584
