EMITTER_COEFFICIENT_SOLUTION,PRESSURE_OUTPUT,OUTPUT_DEMAND,FITNESS
0.3774540101511067,26.55956421661815,10.1,52.06214009274266
