EMITTER_COEFFICIENT_SOLUTION,PRESSURE_OUTPUT,OUTPUT_DEMAND,FITNESS
1.3453006821862834,26.40455062231208,10.1,7.363348487228239
