EMITTER_COEFFICIENT_SOLUTION,PRESSURE_OUTPUT,OUTPUT_DEMAND,FITNESS
0.4864480262992882,26.54248742563739,10.1,469.2577788998348
