EMITTER_COEFFICIENT_SOLUTION,PRESSURE_OUTPUT,OUTPUT_DEMAND,FITNESS
0.4631268517992305,26.546149523899373,10.1,172.61846092605433
