EMITTER_COEFFICIENT_SOLUTION,PRESSURE_OUTPUT,OUTPUT_DEMAND,FITNESS
0.2284578937035463,26.582749237310324,10.1,23.58889098752148
