EMITTER_COEFFICIENT_SOLUTION,PRESSURE_OUTPUT,OUTPUT_DEMAND,FITNESS
0.06867632380690758,26.60740710763043,10.1,14.914085871698283
