EMITTER_COEFFICIENT_SOLUTION,OUTPUT,OUTPUT_DEMAND,FITNESS
0.708158426162204,26.50744985752717,10.1,30.387246037503374
