EMITTER_COEFFICIENT_SOLUTION,OUTPUT,OUTPUT_DEMAND,FITNESS
0.7240636207280771,26.504920890876015,10.1,28.21868701353563
