EMITTER_COEFFICIENT_SOLUTION,PRESSURE_OUTPUT,OUTPUT_DEMAND,FITNESS
0.4305887144470667,26.551251527146526,10.1,91.78415785816368
