EMITTER_COEFFICIENT_SOLUTION,PRESSURE_OUTPUT,OUTPUT_DEMAND,FITNESS
1.3646528412634784,26.40137467483172,10.1,7.195087002521673
