EMITTER_COEFFICIENT_SOLUTION,OUTPUT,OUTPUT_DEMAND,FITNESS
0.26493575059954644,26.57709001017512,10.1,27.223025887338306
