EMITTER_COEFFICIENT_SOLUTION,PRESSURE_OUTPUT,OUTPUT_DEMAND,FITNESS
1.0960371007217184,26.445193429998376,10.1,10.508068168152004
