EMITTER_COEFFICIENT_SOLUTION,PRESSURE_OUTPUT,OUTPUT_DEMAND,FITNESS
0.8147452848142372,26.490463052863923,10.1,20.041948641204733
