EMITTER_COEFFICIENT_SOLUTION,PRESSURE_OUTPUT,OUTPUT_DEMAND,FITNESS
1.3472497140867872,26.404230893685956,10.1,7.346053868777714
