EMITTER_COEFFICIENT_SOLUTION,PRESSURE_OUTPUT,OUTPUT_DEMAND,FITNESS
1.0515855137680834,26.45238944601202,10.1,11.367646720901146
