EMITTER_COEFFICIENT_SOLUTION,PRESSURE_OUTPUT,OUTPUT_DEMAND,FITNESS
0.0013889500617073613,26.61772701019158,10.1,12.924804487999012
