EMITTER_COEFFICIENT_SOLUTION,OUTPUT,OUTPUT_DEMAND,FITNESS
1.481233245707541,26.382180090722393,10.1,6.321979288767367
