EMITTER_COEFFICIENT_SOLUTION,PRESSURE_OUTPUT,OUTPUT_DEMAND,FITNESS
0.8270650848475861,26.48849370557297,10.1,19.280938533685074
