EMITTER_COEFFICIENT_SOLUTION,PRESSURE_OUTPUT,OUTPUT_DEMAND,FITNESS
0.20681044507708812,26.586102414400266,10.1,21.859828222375842
