EMITTER_COEFFICIENT_SOLUTION,PRESSURE_OUTPUT,OUTPUT_DEMAND,FITNESS
1.0679360451734334,26.449744385359153,10.1,11.035820403265733
