EMITTER_COEFFICIENT_SOLUTION,OUTPUT,OUTPUT_DEMAND,FITNESS
1.0669294075613671,26.44990729298874,10.1,11.055696548364578
