EMITTER_COEFFICIENT_SOLUTION,PRESSURE_OUTPUT,OUTPUT_DEMAND,FITNESS
0.9903228952078779,26.462281014564674,10.1,12.807805802796585
