EMITTER_COEFFICIENT_SOLUTION,PRESSURE_OUTPUT,OUTPUT_DEMAND,FITNESS
1.0030396941664743,26.460230209988097,10.1,12.480002235753238
