EMITTER_COEFFICIENT_SOLUTION,PRESSURE_OUTPUT,OUTPUT_DEMAND,FITNESS
0.15186379975251751,26.594596060746312,10.1,18.436693745528608
