EMITTER_COEFFICIENT_SOLUTION,PRESSURE_OUTPUT,OUTPUT_DEMAND,FITNESS
0.35636440278143466,26.562857124614197,10.1,44.4430146581235
