EMITTER_COEFFICIENT_SOLUTION,PRESSURE_OUTPUT,OUTPUT_DEMAND,FITNESS
1.2386843840867034,26.421994818517042,10.1,8.448544569510942
