EMITTER_COEFFICIENT_SOLUTION,OUTPUT,OUTPUT_DEMAND,FITNESS
0.36406931953248534,26.561654514003408,10.1,46.9525158705777
