EMITTER_COEFFICIENT_SOLUTION,OUTPUT,OUTPUT_DEMAND,FITNESS
0.4880369441562773,26.542237756826474,10.1,531.5314940448036
