EMITTER_COEFFICIENT_SOLUTION,OUTPUT,OUTPUT_DEMAND,FITNESS
0.5795267516931972,26.52782688166601,10.1,79.79878515709564
