EMITTER_COEFFICIENT_SOLUTION,OUTPUT,OUTPUT_DEMAND,FITNESS
0.49457196156356575,26.541210682457972,10.1,1170.5740673479825
