EMITTER_COEFFICIENT_SOLUTION,OUTPUT,OUTPUT_DEMAND,FITNESS
0.4677376254463934,26.545425854160406,10.1,197.25992554398468
