EMITTER_COEFFICIENT_SOLUTION,OUTPUT,OUTPUT_DEMAND,FITNESS
0.7001186002772732,26.508727427728175,10.1,31.614582293871564
