EMITTER_COEFFICIENT_SOLUTION,PRESSURE_OUTPUT,OUTPUT_DEMAND,FITNESS
0.8652518512052417,26.482381674141948,10.1,17.248300452707443
