EMITTER_COEFFICIENT_SOLUTION,OUTPUT,OUTPUT_DEMAND,FITNESS
1.3678088810088196,26.40085644709226,10.1,7.168358389950478
