EMITTER_COEFFICIENT_SOLUTION,OUTPUT,OUTPUT_DEMAND,FITNESS
0.2572122806904906,26.578289164338848,10.1,26.362434626287616
