EMITTER_COEFFICIENT_SOLUTION,PRESSURE_OUTPUT,OUTPUT_DEMAND,FITNESS
0.32048080982951677,26.568451426958944,10.1,35.593488789628736
