EMITTER_COEFFICIENT_SOLUTION,OUTPUT,OUTPUT_DEMAND,FITNESS
0.013007526727750962,26.615947842530204,10.1,13.229010806024213
