EMITTER_COEFFICIENT_SOLUTION,PRESSURE_OUTPUT,OUTPUT_DEMAND,FITNESS
1.1488751364031646,26.436619283556354,10.1,9.639565353362821
