EMITTER_COEFFICIENT_SOLUTION,PRESSURE_OUTPUT,OUTPUT_DEMAND,FITNESS
0.8516290139008588,26.484563445836507,10.1,17.92276741405727
