EMITTER_COEFFICIENT_SOLUTION,PRESSURE_OUTPUT,OUTPUT_DEMAND,FITNESS
0.049052000092446035,26.610420833651865,10.1,14.272576808920952
