EMITTER_COEFFICIENT_SOLUTION,OUTPUT,OUTPUT_DEMAND,FITNESS
0.07658082434518243,26.606192292284433,10.1,15.189283183823315
