EMITTER_COEFFICIENT_SOLUTION,OUTPUT,OUTPUT_DEMAND,FITNESS
0.5745278624311809,26.528616046226546,10.1,85.16179587457628
