EMITTER_COEFFICIENT_SOLUTION,PRESSURE_OUTPUT,OUTPUT_DEMAND,FITNESS
1.282865903608982,26.414776881222082,10.1,7.962955088192181
