EMITTER_COEFFICIENT_SOLUTION,PRESSURE_OUTPUT,OUTPUT_DEMAND,FITNESS
0.18106492629179172,26.590085292551123,10.1,20.10903448707854
