EMITTER_COEFFICIENT_SOLUTION,PRESSURE_OUTPUT,OUTPUT_DEMAND,FITNESS
1.0766247282573587,26.44833792952312,10.1,10.867147130865682
