EMITTER_COEFFICIENT_SOLUTION,PRESSURE_OUTPUT,OUTPUT_DEMAND,FITNESS
1.026991763135361,26.456364005002825,10.1,11.905556209632026
