EMITTER_COEFFICIENT_SOLUTION,OUTPUT,OUTPUT_DEMAND,FITNESS
0.0573275812470222,26.609150339277384,10.1,14.536164400157856
