EMITTER_COEFFICIENT_SOLUTION,PRESSURE_OUTPUT,OUTPUT_DEMAND,FITNESS
0.0858936133065159,26.604760369111965,10.1,15.526993531821983
