EMITTER_COEFFICIENT_SOLUTION,OUTPUT,OUTPUT_DEMAND,FITNESS
1.161838635851014,26.43451227276092,10.1,9.44767672553599
