EMITTER_COEFFICIENT_SOLUTION,PRESSURE_OUTPUT,OUTPUT_DEMAND,FITNESS
1.4234704088114052,26.391703929469166,10.1,6.727009226872767
