EMITTER_COEFFICIENT_SOLUTION,PRESSURE_OUTPUT,OUTPUT_DEMAND,FITNESS
0.8501956243093479,26.484792923890815,10.1,17.99678606782607
