EMITTER_COEFFICIENT_SOLUTION,PRESSURE_OUTPUT,OUTPUT_DEMAND,FITNESS
0.20851945466153798,26.58583783183377,10.1,21.986995053274786
