EMITTER_COEFFICIENT_SOLUTION,PRESSURE_OUTPUT,OUTPUT_DEMAND,FITNESS
1.1028274673687966,26.444092787577233,10.1,10.3879253133199
