EMITTER_COEFFICIENT_SOLUTION,PRESSURE_OUTPUT,OUTPUT_DEMAND,FITNESS
1.2681650743201764,26.417180270138772,10.1,8.118324210180768
