EMITTER_COEFFICIENT_SOLUTION,PRESSURE_OUTPUT,OUTPUT_DEMAND,FITNESS
0.4521169371678956,26.54787684303055,10.1,132.97090307132248
