EMITTER_COEFFICIENT_SOLUTION,OUTPUT,OUTPUT_DEMAND,FITNESS
0.34052938490968954,26.56532710790161,10.1,40.046923556969844
