EMITTER_COEFFICIENT_SOLUTION,PRESSURE_OUTPUT,OUTPUT_DEMAND,FITNESS
0.5709291871635885,26.52918403517978,10.1,89.49053909855486
