EMITTER_COEFFICIENT_SOLUTION,OUTPUT,OUTPUT_DEMAND,FITNESS
0.1261573282868309,26.598561100436974,10.1,17.180743231681745
