EMITTER_COEFFICIENT_SOLUTION,PRESSURE_OUTPUT,OUTPUT_DEMAND,FITNESS
0.36117686530275706,26.562106036065785,10.1,45.977782432376394
