EMITTER_COEFFICIENT_SOLUTION,PRESSURE_OUTPUT,OUTPUT_DEMAND,FITNESS
0.3520683095417788,26.563527460663067,10.1,43.157283449777104
