EMITTER_COEFFICIENT_SOLUTION,OUTPUT,OUTPUT_DEMAND,FITNESS
0.3202164046382965,26.568492608933767,10.1,35.54139185637457
