EMITTER_COEFFICIENT_SOLUTION,OUTPUT,OUTPUT_DEMAND,FITNESS
0.8931323938702147,26.477911786116422,10.1,16.01367833440191
