EMITTER_COEFFICIENT_SOLUTION,OUTPUT,OUTPUT_DEMAND,FITNESS
0.16624372564792456,26.592375649428426,10.1,19.223653275051042
