EMITTER_COEFFICIENT_SOLUTION,PRESSURE_OUTPUT,OUTPUT_DEMAND,FITNESS
0.7627914648219146,26.498754471332468,10.1,24.036191141602092
