EMITTER_COEFFICIENT_SOLUTION,PRESSURE_OUTPUT,OUTPUT_DEMAND,FITNESS
0.41525008880349923,26.553653580312663,10.1,75.20391795559622
