EMITTER_COEFFICIENT_SOLUTION,OUTPUT,OUTPUT_DEMAND,FITNESS
0.04289244998445607,26.611366094373842,10.1,14.082584350531503
