EMITTER_COEFFICIENT_SOLUTION,PRESSURE_OUTPUT,OUTPUT_DEMAND,FITNESS
0.617749775709035,26.521785932664358,10.1,53.84314000513707
