EMITTER_COEFFICIENT_SOLUTION,OUTPUT,OUTPUT_DEMAND,FITNESS
1.4939989053819729,26.380071792574128,10.1,6.238824386566868
