EMITTER_COEFFICIENT_SOLUTION,PRESSURE_OUTPUT,OUTPUT_DEMAND,FITNESS,NODE
0.16438539479682612,27.217040285276923,1.21,25.543160273392445,N7
