EMITTER_COEFFICIENT_SOLUTION,PRESSURE_OUTPUT,OUTPUT_DEMAND,FITNESS,NODE
0.3785562029383833,27.165731825160165,1.21,11.054868405221702,N7
