EMITTER_COEFFICIENT_SOLUTION,PRESSURE_OUTPUT,OUTPUT_DEMAND,FITNESS,NODE
0.09409181946785461,27.233805607411405,1.21,44.67456531073419,N7
