EMITTER_COEFFICIENT_SOLUTION,PRESSURE_OUTPUT,OUTPUT_DEMAND,FITNESS,NODE
0.41248145423127225,27.15757335832963,1.21,10.140306299063605,N7
