EMITTER_COEFFICIENT_SOLUTION,PRESSURE_OUTPUT,OUTPUT_DEMAND,FITNESS,NODE
0.2668924912765729,27.192525477930324,1.21,15.707407222723264,N7
