EMITTER_COEFFICIENT_SOLUTION,PRESSURE_OUTPUT,OUTPUT_DEMAND,FITNESS,NODE
0.9543739706498808,27.026121086205556,1.21,4.346529260120169,N7
