EMITTER_COEFFICIENT_SOLUTION,PRESSURE_OUTPUT,OUTPUT_DEMAND,FITNESS,NODE
0.9722045351567872,27.021760047565344,1.21,4.265671821034636,N7
