EMITTER_COEFFICIENT_SOLUTION,PRESSURE_OUTPUT,OUTPUT_DEMAND,FITNESS,NODE
0.5028756410546498,27.135793187100234,1.21,8.305887792866926,N7
