EMITTER_COEFFICIENT_SOLUTION,PRESSURE_OUTPUT,OUTPUT_DEMAND,FITNESS,NODE
0.9396827860554358,27.029712602822293,1.21,4.415457340044844,N7
