EMITTER_COEFFICIENT_SOLUTION,PRESSURE_OUTPUT,OUTPUT_DEMAND,FITNESS,NODE
0.16378120358888482,27.217184545803732,1.21,25.637631606752084,N7
