EMITTER_COEFFICIENT_SOLUTION,PRESSURE_OUTPUT,OUTPUT_DEMAND,FITNESS,NODE
0.05461925200748419,27.24320364971429,1.21,77.00565601753405,N7
