EMITTER_COEFFICIENT_SOLUTION,PRESSURE_OUTPUT,OUTPUT_DEMAND,FITNESS,NODE
0.9838470553774585,27.018911285190306,1.21,4.214458207919386,N7
