EMITTER_COEFFICIENT_SOLUTION,PRESSURE_OUTPUT,OUTPUT_DEMAND,FITNESS,NODE
0.15446285086875777,27.21940927111148,1.21,27.188365948977673,N7
