EMITTER_COEFFICIENT_SOLUTION,PRESSURE_OUTPUT,OUTPUT_DEMAND,FITNESS,NODE
0.7523538404583872,27.07537400356265,1.21,5.5304930432559285,N7
