EMITTER_COEFFICIENT_SOLUTION,PRESSURE_OUTPUT,OUTPUT_DEMAND,FITNESS,NODE
0.25657610803233877,27.194996216039392,1.21,16.34160683873852,N7
