EMITTER_COEFFICIENT_SOLUTION,PRESSURE_OUTPUT,OUTPUT_DEMAND,FITNESS,NODE
0.5965844727609539,27.113151458032355,1.21,6.991136947917598,N7
