EMITTER_COEFFICIENT_SOLUTION,PRESSURE_OUTPUT,OUTPUT_DEMAND,FITNESS,NODE
0.6522272902149284,27.099677186345993,1.21,6.389265115888941,N7
