EMITTER_COEFFICIENT_SOLUTION,PRESSURE_OUTPUT,OUTPUT_DEMAND,FITNESS,NODE
0.38741895341466703,27.16360125926026,1.21,10.800483265759945,N7
