EMITTER_COEFFICIENT_SOLUTION,PRESSURE_OUTPUT,OUTPUT_DEMAND,FITNESS,NODE
0.024835242243999467,27.250287133495192,1.21,169.41757556844348,N7
