EMITTER_COEFFICIENT_SOLUTION,PRESSURE_OUTPUT,OUTPUT_DEMAND,FITNESS,NODE
0.7532274595052053,27.075161639423328,1.21,5.524005218472079,N7
