EMITTER_COEFFICIENT_SOLUTION,PRESSURE_OUTPUT,OUTPUT_DEMAND,FITNESS,NODE
0.023334381701613394,27.250643902782052,1.21,180.31643991328272,N7
