EMITTER_COEFFICIENT_SOLUTION,PRESSURE_OUTPUT,OUTPUT_DEMAND,FITNESS,NODE
0.2635059800775923,27.19333662305791,1.21,15.910117824479522,N7
