EMITTER_COEFFICIENT_SOLUTION,PRESSURE_OUTPUT,OUTPUT_DEMAND,FITNESS,NODE
0.3757932456123452,27.166395909302814,1.21,11.136626420218297,N7
