EMITTER_COEFFICIENT_SOLUTION,PRESSURE_OUTPUT,OUTPUT_DEMAND,FITNESS,NODE
0.021797869959501393,27.25100912900266,1.21,193.0285868679974,N7
