EMITTER_COEFFICIENT_SOLUTION,PRESSURE_OUTPUT,OUTPUT_DEMAND,FITNESS,NODE
0.43992868243127803,27.15096628006168,1.21,9.503586908964294,N7
