EMITTER_COEFFICIENT_SOLUTION,PRESSURE_OUTPUT,OUTPUT_DEMAND,FITNESS,NODE
0.04043651428310846,27.24657754614026,1.21,104.03486020966892,N7
