EMITTER_COEFFICIENT_SOLUTION,PRESSURE_OUTPUT,OUTPUT_DEMAND,FITNESS,NODE
0.24688663427615687,27.197316089200562,1.21,16.98553624829354,N7
