EMITTER_COEFFICIENT_SOLUTION,PRESSURE_OUTPUT,OUTPUT_DEMAND,FITNESS,NODE
0.5247922008793038,27.130503643675098,1.21,7.956331506604238,N7
