EMITTER_COEFFICIENT_SOLUTION,PRESSURE_OUTPUT,OUTPUT_DEMAND,FITNESS,NODE
0.1700450280038166,27.215688822312266,1.21,24.690817569513257,N7
