EMITTER_COEFFICIENT_SOLUTION,PRESSURE_OUTPUT,OUTPUT_DEMAND,FITNESS,NODE
0.2276733165962379,27.20191410881734,1.21,18.424485405502544,N7
