EMITTER_COEFFICIENT_SOLUTION,PRESSURE_OUTPUT,OUTPUT_DEMAND,FITNESS,NODE
0.07972739497717485,27.237227002844314,1.21,52.735089687978615,N7
