EMITTER_COEFFICIENT_SOLUTION,PRESSURE_OUTPUT,OUTPUT_DEMAND,FITNESS,NODE
0.028304652014204734,27.24946235531648,1.21,148.64686395272963,N7
