EMITTER_COEFFICIENT_SOLUTION,PRESSURE_OUTPUT,OUTPUT_DEMAND,FITNESS,NODE
0.3100681843151407,27.182176457133195,1.21,13.511093990606657,N7
