EMITTER_COEFFICIENT_SOLUTION,PRESSURE_OUTPUT,OUTPUT_DEMAND,FITNESS,NODE
0.6428042267304461,27.101960441087854,1.21,6.483853646898739,N7
