EMITTER_COEFFICIENT_SOLUTION,PRESSURE_OUTPUT,OUTPUT_DEMAND,FITNESS,NODE
0.9400820218846275,27.029615022798964,1.21,4.413555713531178,N7
