EMITTER_COEFFICIENT_SOLUTION,PRESSURE_OUTPUT,OUTPUT_DEMAND,FITNESS,NODE
0.08939466699338294,27.23492457173011,1.21,47.02532582269043,N7
