EMITTER_COEFFICIENT_SOLUTION,PRESSURE_OUTPUT,OUTPUT_DEMAND,FITNESS,NODE
0.23205117153392107,27.200866668396557,1.21,18.075651527239454,N7
