EMITTER_COEFFICIENT_SOLUTION,PRESSURE_OUTPUT,OUTPUT_DEMAND,FITNESS,NODE
0.6411065257554747,27.102371772736397,1.21,6.501192419460071,N7
