EMITTER_COEFFICIENT_SOLUTION,PRESSURE_OUTPUT,OUTPUT_DEMAND,FITNESS,NODE
0.14187114886186958,27.222414241181752,1.21,29.607288073982495,N7
