EMITTER_COEFFICIENT_SOLUTION,PRESSURE_OUTPUT,OUTPUT_DEMAND,FITNESS,NODE
0.35211464408913384,27.172084811458134,1.21,11.889914041240571,N7
