EMITTER_COEFFICIENT_SOLUTION,PRESSURE_OUTPUT,OUTPUT_DEMAND,FITNESS,NODE
0.288481513024084,27.187352418070603,1.21,14.527009840323073,N7
