EMITTER_COEFFICIENT_SOLUTION,PRESSURE_OUTPUT,OUTPUT_DEMAND,FITNESS,NODE
0.6199777815705718,27.107489257463584,1.21,6.7249291506744875,N7
