EMITTER_COEFFICIENT_SOLUTION,PRESSURE_OUTPUT,OUTPUT_DEMAND,FITNESS,NODE
0.7316946588403188,27.080394355964152,1.21,5.688432508555834,N7
