EMITTER_COEFFICIENT_SOLUTION,PRESSURE_OUTPUT,OUTPUT_DEMAND,FITNESS,NODE
0.4137766178389448,27.15726171898941,1.21,10.108362676532959,N7
