EMITTER_COEFFICIENT_SOLUTION,PRESSURE_OUTPUT,OUTPUT_DEMAND,FITNESS,NODE
0.3082874232309203,27.18260357146586,1.21,13.589516124196072,N7
