EMITTER_COEFFICIENT_SOLUTION,PRESSURE_OUTPUT,OUTPUT_DEMAND,FITNESS,NODE
0.28183171693124454,27.188946180460363,1.21,14.871319582632667,N7
