EMITTER_COEFFICIENT_SOLUTION,PRESSURE_OUTPUT,OUTPUT_DEMAND,FITNESS,NODE
0.24563952560069158,27.197614623601886,1.21,17.07210491271377,N7
