EMITTER_COEFFICIENT_SOLUTION,PRESSURE_OUTPUT,OUTPUT_DEMAND,FITNESS,NODE
0.45412415869173883,27.14754705883159,1.21,9.204488294132931,N7
