EMITTER_COEFFICIENT_SOLUTION,PRESSURE_OUTPUT,OUTPUT_DEMAND,FITNESS,NODE
0.7441788753784475,27.077360953973262,1.21,5.591941860214982,N7
