EMITTER_COEFFICIENT_SOLUTION,PRESSURE_OUTPUT,OUTPUT_DEMAND,FITNESS,NODE
0.26381733268510366,27.193262050714445,1.21,15.891263559013161,N7
