EMITTER_COEFFICIENT_SOLUTION,PRESSURE_OUTPUT,OUTPUT_DEMAND,FITNESS,NODE
0.07056020061528168,27.239409679440186,1.21,59.59465134212907,N7
