EMITTER_COEFFICIENT_SOLUTION,PRESSURE_OUTPUT,OUTPUT_DEMAND,FITNESS,NODE
0.3858166338737803,27.16398649269192,1.21,10.845608668181411,N7
