EMITTER_COEFFICIENT_SOLUTION,PRESSURE_OUTPUT,OUTPUT_DEMAND,FITNESS,NODE
0.5334662769163978,27.128409132481977,1.21,7.825915555485355,N7
