EMITTER_COEFFICIENT_SOLUTION,PRESSURE_OUTPUT,OUTPUT_DEMAND,FITNESS,NODE
0.3226449572083021,27.179159256858306,1.21,12.981878914387828,N7
