EMITTER_COEFFICIENT_SOLUTION,PRESSURE_OUTPUT,OUTPUT_DEMAND,FITNESS,NODE
0.39689431258607355,27.161322784044962,1.21,10.54108165139981,N7
