EMITTER_COEFFICIENT_SOLUTION,PRESSURE_OUTPUT,OUTPUT_DEMAND,FITNESS,NODE
0.13159203295165645,27.224866435984516,1.21,31.925144140169053,N7
