EMITTER_COEFFICIENT_SOLUTION,PRESSURE_OUTPUT,OUTPUT_DEMAND,FITNESS,NODE
0.5174575249899831,27.132274381562986,1.21,8.070026704445953,N7
