EMITTER_COEFFICIENT_SOLUTION,PRESSURE_OUTPUT,OUTPUT_DEMAND,FITNESS,NODE
0.8596345886076822,27.049254802098368,1.21,4.832437484206982,N7
