EMITTER_COEFFICIENT_SOLUTION,PRESSURE_OUTPUT,OUTPUT_DEMAND,FITNESS,NODE
0.9428111404341972,27.028947949678233,1.21,4.400599624850335,N7
