EMITTER_COEFFICIENT_SOLUTION,PRESSURE_OUTPUT,OUTPUT_DEMAND,FITNESS,NODE
0.20350195020945905,27.20769474307221,1.21,20.62069711193101,N7
