EMITTER_COEFFICIENT_SOLUTION,PRESSURE_OUTPUT,OUTPUT_DEMAND,FITNESS,NODE
0.18681586086173274,27.211682706920705,1.21,22.468374805693312,N7
