EMITTER_COEFFICIENT_SOLUTION,PRESSURE_OUTPUT,OUTPUT_DEMAND,FITNESS,NODE
0.5964515025680224,27.113183631270935,1.21,6.992709800769981,N7
