EMITTER_COEFFICIENT_SOLUTION,PRESSURE_OUTPUT,OUTPUT_DEMAND,FITNESS,NODE
0.16030630726466732,27.218014180899303,1.21,26.19479165431436,N7
