EMITTER_COEFFICIENT_SOLUTION,PRESSURE_OUTPUT,OUTPUT_DEMAND,FITNESS,NODE
0.48638610328536447,27.13977072516972,1.21,8.589664406122267,N7
