EMITTER_COEFFICIENT_SOLUTION,PRESSURE_OUTPUT,OUTPUT_DEMAND,FITNESS,NODE
0.33034445338921214,27.17731154903683,1.21,12.677780552109239,N7
