EMITTER_COEFFICIENT_SOLUTION,PRESSURE_OUTPUT,OUTPUT_DEMAND,FITNESS,NODE
0.26717777932106546,27.192457141166457,1.21,15.690565074070262,N7
