EMITTER_COEFFICIENT_SOLUTION,PRESSURE_OUTPUT,OUTPUT_DEMAND,FITNESS,NODE
0.020807756673428157,27.251244467749892,1.21,202.21461141787492,N7
