EMITTER_COEFFICIENT_SOLUTION,PRESSURE_OUTPUT,OUTPUT_DEMAND,FITNESS,NODE
0.31728403857401744,27.180445498545204,1.21,13.202329213821358,N7
