EMITTER_COEFFICIENT_SOLUTION,PRESSURE_OUTPUT,OUTPUT_DEMAND,FITNESS,NODE
0.9507912673337409,27.026997081077837,1.21,4.363142086552267,N7
