EMITTER_COEFFICIENT_SOLUTION,PRESSURE_OUTPUT,OUTPUT_DEMAND,FITNESS,NODE
0.07494241090724407,27.238366369887828,1.21,56.106210187822214,N7
