EMITTER_COEFFICIENT_SOLUTION,PRESSURE_OUTPUT,OUTPUT_DEMAND,FITNESS,NODE
0.8024733201633159,27.063182070809432,1.21,5.181142105785906,N7
