EMITTER_COEFFICIENT_SOLUTION,PRESSURE_OUTPUT,OUTPUT_DEMAND,FITNESS,NODE
0.45981601136386874,27.146175664125167,1.21,9.089748521063884,N7
