EMITTER_COEFFICIENT_SOLUTION,PRESSURE_OUTPUT,OUTPUT_DEMAND,FITNESS,NODE
0.5502917193197148,27.124344763368207,1.21,7.584666948166229,N7
