EMITTER_COEFFICIENT_SOLUTION,PRESSURE_OUTPUT,OUTPUT_DEMAND,FITNESS,NODE
0.026930276020640243,27.24978909481831,1.21,156.23501132651054,N7
