EMITTER_COEFFICIENT_SOLUTION,PRESSURE_OUTPUT,OUTPUT_DEMAND,FITNESS,NODE
0.022679337829797808,27.250799607783996,1.21,185.52527950177438,N7
