EMITTER_COEFFICIENT_SOLUTION,PRESSURE_OUTPUT,OUTPUT_DEMAND,FITNESS,NODE
0.21287311121557906,27.20545412824736,1.21,19.710033645930213,N7
