EMITTER_COEFFICIENT_SOLUTION,PRESSURE_OUTPUT,OUTPUT_DEMAND,FITNESS,NODE
0.4785860538105615,27.141651527532552,1.21,8.730713102114642,N7
