EMITTER_COEFFICIENT_SOLUTION,PRESSURE_OUTPUT,OUTPUT_DEMAND,FITNESS,NODE
0.7244851925392979,27.082145594895124,1.21,5.745669747097964,N7
