EMITTER_COEFFICIENT_SOLUTION,PRESSURE_OUTPUT,OUTPUT_DEMAND,FITNESS,NODE
0.16662982798371395,27.216504366173552,1.21,25.19822013578954,N7
