EMITTER_COEFFICIENT_SOLUTION,PRESSURE_OUTPUT,OUTPUT_DEMAND,FITNESS,NODE
0.7844723466198325,27.067562865544915,1.21,5.301472381517232,N7
