EMITTER_COEFFICIENT_SOLUTION,PRESSURE_OUTPUT,OUTPUT_DEMAND,FITNESS,NODE
0.3042600560202884,27.183569445930445,1.21,13.77026136098462,N7
