EMITTER_COEFFICIENT_SOLUTION,PRESSURE_OUTPUT,OUTPUT_DEMAND,FITNESS,NODE
0.9885210164027813,27.017767423408934,1.21,4.194238799045528,N7
