EMITTER_COEFFICIENT_SOLUTION,PRESSURE_OUTPUT,OUTPUT_DEMAND,FITNESS,NODE
0.015519165626608933,27.252501380100036,1.21,271.1255090713767,N7
