EMITTER_COEFFICIENT_SOLUTION,PRESSURE_OUTPUT,OUTPUT_DEMAND,FITNESS,NODE
0.7547434024354389,27.074793377215364,1.21,5.5127906457150795,N7
