EMITTER_COEFFICIENT_SOLUTION,PRESSURE_OUTPUT,OUTPUT_DEMAND,FITNESS,NODE
0.8607924953509345,27.048972443754558,1.21,4.825852709312767,N7
