EMITTER_COEFFICIENT_SOLUTION,PRESSURE_OUTPUT,OUTPUT_DEMAND,FITNESS,NODE
0.2852391069260196,27.188129569424817,1.21,14.69288792214198,N7
