EMITTER_COEFFICIENT_SOLUTION,PRESSURE_OUTPUT,OUTPUT_DEMAND,FITNESS,NODE
0.37152461484118704,27.167421775247533,1.21,11.265329267346049,N7
