EMITTER_COEFFICIENT_SOLUTION,PRESSURE_OUTPUT,OUTPUT_DEMAND,FITNESS,NODE
0.0909599368744829,27.234551708755987,1.21,46.21499202109114,N7
