EMITTER_COEFFICIENT_SOLUTION,PRESSURE_OUTPUT,OUTPUT_DEMAND,FITNESS,NODE
0.7536051579152141,27.075070079337436,1.21,5.521212708385054,N7
