EMITTER_COEFFICIENT_SOLUTION,PRESSURE_OUTPUT,OUTPUT_DEMAND,FITNESS,NODE
0.46689378058443043,27.14447001527217,1.21,8.950973353968722,N7
