EMITTER_COEFFICIENT_SOLUTION,PRESSURE_OUTPUT,OUTPUT_DEMAND,FITNESS,NODE
0.48444605130775353,27.140238565663154,1.21,8.624322044891734,N7
