EMITTER_COEFFICIENT_SOLUTION,PRESSURE_OUTPUT,OUTPUT_DEMAND,FITNESS,NODE
0.25731908479614773,27.194818302169992,1.21,16.2942330100466,N7
