EMITTER_COEFFICIENT_SOLUTION,PRESSURE_OUTPUT,OUTPUT_DEMAND,FITNESS,NODE
0.13324448509564935,27.224472279191367,1.21,31.528406050572386,N7
