EMITTER_COEFFICIENT_SOLUTION,PRESSURE_OUTPUT,OUTPUT_DEMAND,FITNESS,NODE
0.9203407704011319,27.034438843901917,1.21,4.509565274524321,N7
