EMITTER_COEFFICIENT_SOLUTION,PRESSURE_OUTPUT,OUTPUT_DEMAND,FITNESS,NODE
0.39569153173972826,27.161612045263652,1.21,10.573321040811166,N7
