EMITTER_COEFFICIENT_SOLUTION,PRESSURE_OUTPUT,OUTPUT_DEMAND,FITNESS,NODE
0.35067714134145445,27.172430045205118,1.21,11.938920918763095,N7
