EMITTER_COEFFICIENT_SOLUTION,PRESSURE_OUTPUT,OUTPUT_DEMAND,FITNESS,NODE
0.6487885802832856,27.100510555435314,1.21,6.423467614653379,N7
