EMITTER_COEFFICIENT_SOLUTION,PRESSURE_OUTPUT,OUTPUT_DEMAND,FITNESS,NODE
0.29018371874885784,27.186944396099882,1.21,14.441410700807905,N7
