EMITTER_COEFFICIENT_SOLUTION,PRESSURE_OUTPUT,OUTPUT_DEMAND,FITNESS,NODE
0.6090539480924682,27.110133795221074,1.21,6.846692991781668,N7
