EMITTER_COEFFICIENT_SOLUTION,PRESSURE_OUTPUT,OUTPUT_DEMAND,FITNESS,NODE
0.7318670537867809,27.080352475237156,1.21,5.6870776436953925,N7
