EMITTER_COEFFICIENT_SOLUTION,PRESSURE_OUTPUT,OUTPUT_DEMAND,FITNESS,NODE
0.012508486827738752,27.25321681786167,1.21,336.3729165577618,N7
