EMITTER_COEFFICIENT_SOLUTION,PRESSURE_OUTPUT,OUTPUT_DEMAND,FITNESS
0.8834449153687222,26.909621266039025,1.1,5.700991835421197
