EMITTER_COEFFICIENT_SOLUTION,PRESSURE_OUTPUT,OUTPUT_DEMAND,FITNESS
0.5629817643890483,26.974036866780388,1.1,9.009619905483822
