EMITTER_COEFFICIENT_SOLUTION,PRESSURE_OUTPUT,OUTPUT_DEMAND,FITNESS
0.33755863034500433,27.018817115983097,1.1,15.102951279369718
