EMITTER_COEFFICIENT_SOLUTION,PRESSURE_OUTPUT,OUTPUT_DEMAND,FITNESS
0.5067818749397822,26.985242547973144,1.1,10.02136630836643
