EMITTER_COEFFICIENT_SOLUTION,PRESSURE_OUTPUT,OUTPUT_DEMAND,FITNESS
0.35540005211777126,27.015289196819104,1.1,14.338943801200678
