EMITTER_COEFFICIENT_SOLUTION,PRESSURE_OUTPUT,OUTPUT_DEMAND,FITNESS
0.3487952246312874,27.016595547672686,1.1,14.612663709421298
