EMITTER_COEFFICIENT_SOLUTION,PRESSURE_OUTPUT,OUTPUT_DEMAND,FITNESS
0.7130510207915693,26.943980881041753,1.1,7.089761946353434
