EMITTER_COEFFICIENT_SOLUTION,PRESSURE_OUTPUT,OUTPUT_DEMAND,FITNESS
0.5931712732513407,26.96800607838061,1.1,8.545309560186793
