EMITTER_COEFFICIENT_SOLUTION,PRESSURE_OUTPUT,OUTPUT_DEMAND,FITNESS
0.12258403373224891,27.06110257700835,1.1,41.7942026740838
