EMITTER_COEFFICIENT_SOLUTION,PRESSURE_OUTPUT,OUTPUT_DEMAND,FITNESS
0.3058522039357877,27.025079706162202,1.1,16.68066890024536
