EMITTER_COEFFICIENT_SOLUTION,PRESSURE_OUTPUT,OUTPUT_DEMAND,FITNESS
0.6014015471481752,26.96636059580804,1.1,8.426818730923586
