EMITTER_COEFFICIENT_SOLUTION,PRESSURE_OUTPUT,OUTPUT_DEMAND,FITNESS
0.41717852438375613,27.003051555416953,1.1,12.198426680794576
