EMITTER_COEFFICIENT_SOLUTION,PRESSURE_OUTPUT,OUTPUT_DEMAND,FITNESS
0.13280339693042997,27.05910182434291,1.1,38.569062938285946
