EMITTER_COEFFICIENT_SOLUTION,PRESSURE_OUTPUT,OUTPUT_DEMAND,FITNESS
0.1469437317820418,27.056331865736034,1.1,34.84627168349062
