EMITTER_COEFFICIENT_SOLUTION,PRESSURE_OUTPUT,OUTPUT_DEMAND,FITNESS
0.5933743471543972,26.96796548475909,1.1,8.54234634784379
