EMITTER_COEFFICIENT_SOLUTION,PRESSURE_OUTPUT,OUTPUT_DEMAND,FITNESS
0.9540583353070374,26.895310510869038,1.1,5.270958092490468
