EMITTER_COEFFICIENT_SOLUTION,PRESSURE_OUTPUT,OUTPUT_DEMAND,FITNESS
0.9735056482393109,26.891361937740548,1.1,5.16349156381393
