EMITTER_COEFFICIENT_SOLUTION,PRESSURE_OUTPUT,OUTPUT_DEMAND,FITNESS
0.7304780997673602,26.940478054878824,1.1,6.917959920940604
