EMITTER_COEFFICIENT_SOLUTION,PRESSURE_OUTPUT,OUTPUT_DEMAND,FITNESS
0.900089965699083,26.906251684486563,1.1,5.593540169733823
