EMITTER_COEFFICIENT_SOLUTION,PRESSURE_OUTPUT,OUTPUT_DEMAND,FITNESS
0.451112696879323,26.996315278587282,1.1,11.272170151710574
