EMITTER_COEFFICIENT_SOLUTION,PRESSURE_OUTPUT,OUTPUT_DEMAND,FITNESS
0.2213752169630111,27.041721817913306,1.1,23.09067667153244
