EMITTER_COEFFICIENT_SOLUTION,PRESSURE_OUTPUT,OUTPUT_DEMAND,FITNESS
0.31280087067580464,27.023707982691747,1.1,16.30753193988865
