EMITTER_COEFFICIENT_SOLUTION,PRESSURE_OUTPUT,OUTPUT_DEMAND,FITNESS
0.27666453088509513,27.030836901554295,1.1,18.452758736254104
