EMITTER_COEFFICIENT_SOLUTION,PRESSURE_OUTPUT,OUTPUT_DEMAND,FITNESS
0.9047226702082675,26.905313438242374,1.1,5.564337867700804
