EMITTER_COEFFICIENT_SOLUTION,PRESSURE_OUTPUT,OUTPUT_DEMAND,FITNESS
0.24282641729141907,27.03750188160199,1.1,21.04046849017692
