EMITTER_COEFFICIENT_SOLUTION,PRESSURE_OUTPUT,OUTPUT_DEMAND,FITNESS
0.2669391003527405,27.032753533335416,1.1,19.129307713789824
