EMITTER_COEFFICIENT_SOLUTION,PRESSURE_OUTPUT,OUTPUT_DEMAND,FITNESS
0.19241588667872322,27.04741208134655,1.1,26.583542347975662
