EMITTER_COEFFICIENT_SOLUTION,PRESSURE_OUTPUT,OUTPUT_DEMAND,FITNESS
0.18925718573044514,27.048032291077497,1.1,27.02918252559662
