EMITTER_COEFFICIENT_SOLUTION,PRESSURE_OUTPUT,OUTPUT_DEMAND,FITNESS
0.48980536000963515,26.98862208536572,1.1,10.372663336161539
