EMITTER_COEFFICIENT_SOLUTION,PRESSURE_OUTPUT,OUTPUT_DEMAND,FITNESS
0.11683171135973736,27.062228354512527,1.1,43.85775261595742
