EMITTER_COEFFICIENT_SOLUTION,PRESSURE_OUTPUT,OUTPUT_DEMAND,FITNESS
0.5743218166829395,26.97177245324292,1.1,8.829485118212432
