EMITTER_COEFFICIENT_SOLUTION,PRESSURE_OUTPUT,OUTPUT_DEMAND,FITNESS
0.9590070016032207,26.894306034933884,1.1,5.243197717085926
