EMITTER_COEFFICIENT_SOLUTION,PRESSURE_OUTPUT,OUTPUT_DEMAND,FITNESS
0.4034617124724752,27.005771610709196,1.1,12.617065912132828
