EMITTER_COEFFICIENT_SOLUTION,PRESSURE_OUTPUT,OUTPUT_DEMAND,FITNESS
0.4419803897520024,26.99812912757755,1.1,11.507451674913163
