EMITTER_COEFFICIENT_SOLUTION,PRESSURE_OUTPUT,OUTPUT_DEMAND,FITNESS
0.7513496681062536,26.93627948287771,1.1,6.7226955132576665
