EMITTER_COEFFICIENT_SOLUTION,PRESSURE_OUTPUT,OUTPUT_DEMAND,FITNESS
0.04756703748857849,27.075760471695816,1.1,107.8880312267585
