EMITTER_COEFFICIENT_SOLUTION,PRESSURE_OUTPUT,OUTPUT_DEMAND,FITNESS
0.11097452949495634,27.06337434622884,1.1,46.178723968564775
