EMITTER_COEFFICIENT_SOLUTION,PRESSURE_OUTPUT,OUTPUT_DEMAND,FITNESS
0.8768253719327576,26.91096066315994,1.1,5.744858958273216
