EMITTER_COEFFICIENT_SOLUTION,PRESSURE_OUTPUT,OUTPUT_DEMAND,FITNESS
0.8074671336112272,26.924972409876332,1.1,6.247776941041062
