EMITTER_COEFFICIENT_SOLUTION,PRESSURE_OUTPUT,OUTPUT_DEMAND,FITNESS
0.9411870277265467,26.89792216100819,1.1,5.344530354537621
