EMITTER_COEFFICIENT_SOLUTION,PRESSURE_OUTPUT,OUTPUT_DEMAND,FITNESS
0.6016068489422809,26.96631954224496,1.1,8.423904473300267
