EMITTER_COEFFICIENT_SOLUTION,PRESSURE_OUTPUT,OUTPUT_DEMAND,FITNESS
0.9696570886478163,26.89214359744971,1.1,5.184416351989346
