EMITTER_COEFFICIENT_SOLUTION,PRESSURE_OUTPUT,OUTPUT_DEMAND,FITNESS
0.5298522814636492,26.98064586704512,1.1,9.580060593138553
