EMITTER_COEFFICIENT_SOLUTION,PRESSURE_OUTPUT,OUTPUT_DEMAND,FITNESS
0.7012828777585075,26.946344799819528,1.1,7.210609023616157
