EMITTER_COEFFICIENT_SOLUTION,PRESSURE_OUTPUT,OUTPUT_DEMAND,FITNESS
0.220991768715611,27.041797147822564,1.1,23.130911007874193
