EMITTER_COEFFICIENT_SOLUTION,PRESSURE_OUTPUT,OUTPUT_DEMAND,FITNESS
0.07885734170075642,27.069652734875277,1.1,65.03385913736236
