EMITTER_COEFFICIENT_SOLUTION,PRESSURE_OUTPUT,OUTPUT_DEMAND,FITNESS
0.7656669492047893,26.93339724266317,1.1,6.594909749932437
