EMITTER_COEFFICIENT_SOLUTION,PRESSURE_OUTPUT,OUTPUT_DEMAND,FITNESS
0.6345743185718228,26.95972242387461,1.1,7.980405451249202
