EMITTER_COEFFICIENT_SOLUTION,PRESSURE_OUTPUT,OUTPUT_DEMAND,FITNESS
0.9974000438136138,26.886506122145292,1.1,5.03719418118276
