EMITTER_COEFFICIENT_SOLUTION,PRESSURE_OUTPUT,OUTPUT_DEMAND,FITNESS
0.219716515693554,27.04204788099657,1.1,23.26584562411101
