EMITTER_COEFFICIENT_SOLUTION,PRESSURE_OUTPUT,OUTPUT_DEMAND,FITNESS
0.20825200517294606,27.044301314925058,1.1,24.55311760077887
