EMITTER_COEFFICIENT_SOLUTION,PRESSURE_OUTPUT,OUTPUT_DEMAND,FITNESS
0.8218226918884824,26.92207563191981,1.1,6.136712131992198
