EMITTER_COEFFICIENT_SOLUTION,PRESSURE_OUTPUT,OUTPUT_DEMAND,FITNESS
0.18509402269431108,27.04884958959493,1.1,27.63977022430871
