EMITTER_COEFFICIENT_SOLUTION,PRESSURE_OUTPUT,OUTPUT_DEMAND,FITNESS
0.45284587412323984,26.99597095428048,1.1,11.228588830049352
