EMITTER_COEFFICIENT_SOLUTION,PRESSURE_OUTPUT,OUTPUT_DEMAND,FITNESS
0.4244984637130874,27.00159932840443,1.1,11.98609440006136
