EMITTER_COEFFICIENT_SOLUTION,PRESSURE_OUTPUT,OUTPUT_DEMAND,FITNESS
0.17004971674968272,27.051801739103524,1.1,30.095461601807457
