EMITTER_COEFFICIENT_SOLUTION,PRESSURE_OUTPUT,OUTPUT_DEMAND,FITNESS
0.2023720275104669,27.045456610509405,1.1,25.269927090527656
