EMITTER_COEFFICIENT_SOLUTION,PRESSURE_OUTPUT,OUTPUT_DEMAND,FITNESS
0.25760989765977393,27.034591286091704,1.1,19.82630006280911
