EMITTER_COEFFICIENT_SOLUTION,PRESSURE_OUTPUT,OUTPUT_DEMAND,FITNESS
0.3296586262284463,27.020378343105186,1.1,15.467665485409706
