EMITTER_COEFFICIENT_SOLUTION,PRESSURE_OUTPUT,OUTPUT_DEMAND,FITNESS
0.6718634353725493,26.952249230273132,1.1,7.531248458664701
