EMITTER_COEFFICIENT_SOLUTION,PRESSURE_OUTPUT,OUTPUT_DEMAND,FITNESS
0.4669840885182507,26.993161181914118,1.1,10.885164306081704
