EMITTER_COEFFICIENT_SOLUTION,PRESSURE_OUTPUT,OUTPUT_DEMAND,FITNESS
0.40220581447540493,27.006020573613313,1.1,12.656823289665269
