EMITTER_COEFFICIENT_SOLUTION,PRESSURE_OUTPUT,OUTPUT_DEMAND,FITNESS
0.7697150368467865,26.9325819982243,1.1,6.559642073759826
