EMITTER_COEFFICIENT_SOLUTION,PRESSURE_OUTPUT,OUTPUT_DEMAND,FITNESS
0.23409004252935317,27.039220994900568,1.1,21.830083324931188
