EMITTER_COEFFICIENT_SOLUTION,PRESSURE_OUTPUT,OUTPUT_DEMAND,FITNESS
0.5730802956949256,26.972020417932377,1.1,8.848858814438474
