EMITTER_COEFFICIENT_SOLUTION,PRESSURE_OUTPUT,OUTPUT_DEMAND,FITNESS
0.42458628557449585,27.001581902276577,1.1,11.98359137278934
