EMITTER_COEFFICIENT_SOLUTION,PRESSURE_OUTPUT,OUTPUT_DEMAND,FITNESS
0.11139112070196366,27.06329284799355,1.1,46.005582670747906
