EMITTER_COEFFICIENT_SOLUTION,PRESSURE_OUTPUT,OUTPUT_DEMAND,FITNESS
0.6927063777341839,26.948066853406537,1.1,7.30126928689712
