EMITTER_COEFFICIENT_SOLUTION,PRESSURE_OUTPUT,OUTPUT_DEMAND,FITNESS
0.7329128622866313,26.939988463720972,1.1,6.894608076382086
