EMITTER_COEFFICIENT_SOLUTION,PRESSURE_OUTPUT,OUTPUT_DEMAND,FITNESS
0.1028326619469987,27.064966833964576,1.1,49.84422068400332
