EMITTER_COEFFICIENT_SOLUTION,PRESSURE_OUTPUT,OUTPUT_DEMAND,FITNESS
0.18591371349706065,27.048688682900817,1.1,27.51738872780952
