EMITTER_COEFFICIENT_SOLUTION,PRESSURE_OUTPUT,OUTPUT_DEMAND,FITNESS
0.5068858462882132,26.985221842517227,1.1,10.019287336719474
