EMITTER_COEFFICIENT_SOLUTION,PRESSURE_OUTPUT,OUTPUT_DEMAND,FITNESS
0.6012640046973804,26.966388099541824,1.1,8.428772258864347
