EMITTER_COEFFICIENT_SOLUTION,PRESSURE_OUTPUT,OUTPUT_DEMAND,FITNESS
0.900342600497514,26.906200523838258,1.1,5.591939929085553
