EMITTER_COEFFICIENT_SOLUTION,PRESSURE_OUTPUT,OUTPUT_DEMAND,FITNESS
0.9009322191315375,26.906081119078372,1.1,5.588208658444999
