EMITTER_COEFFICIENT_SOLUTION,PRESSURE_OUTPUT,OUTPUT_DEMAND,FITNESS
0.1762760543507781,27.05058018963529,1.1,29.028291751108316
