EMITTER_COEFFICIENT_SOLUTION,PRESSURE_OUTPUT,OUTPUT_DEMAND,FITNESS
0.11627657045955886,27.06233698438036,1.1,44.06770269159236
