EMITTER_COEFFICIENT_SOLUTION,PRESSURE_OUTPUT,OUTPUT_DEMAND,FITNESS
0.41616454940757175,27.00325268413993,1.1,12.22842856754065
