EMITTER_COEFFICIENT_SOLUTION,PRESSURE_OUTPUT,OUTPUT_DEMAND,FITNESS
0.012454608869586159,27.082603650171706,1.1,412.2537881347936
