EMITTER_COEFFICIENT_SOLUTION,PRESSURE_OUTPUT,OUTPUT_DEMAND,FITNESS
0.6355005743576317,26.959536935663152,1.1,7.968609748261894
