EMITTER_COEFFICIENT_SOLUTION,PRESSURE_OUTPUT,OUTPUT_DEMAND,FITNESS
0.9115053101748215,26.90393944834132,1.1,5.522119365343371
