EMITTER_COEFFICIENT_SOLUTION,PRESSURE_OUTPUT,OUTPUT_DEMAND,FITNESS
0.6775776794111731,26.95110297156306,1.1,7.46678946365006
