EMITTER_COEFFICIENT_SOLUTION,PRESSURE_OUTPUT,OUTPUT_DEMAND,FITNESS
0.3292742703093504,27.020454286789004,1.1,15.485856279388157
