EMITTER_COEFFICIENT_SOLUTION,PRESSURE_OUTPUT,OUTPUT_DEMAND,FITNESS
0.5158150522117423,26.983443277473768,1.1,9.843870023576708
