EMITTER_COEFFICIENT_SOLUTION,PRESSURE_OUTPUT,OUTPUT_DEMAND,FITNESS
0.9257058256678402,26.901061538721116,1.1,5.435733811472792
