EMITTER_COEFFICIENT_SOLUTION,PRESSURE_OUTPUT,OUTPUT_DEMAND,FITNESS
0.17725160506078985,27.0503887640563,1.1,28.867879941132916
