EMITTER_COEFFICIENT_SOLUTION,PRESSURE_OUTPUT,OUTPUT_DEMAND,FITNESS
0.5896988565692797,26.968700144768157,1.1,8.59629428592897
