EMITTER_COEFFICIENT_SOLUTION,PRESSURE_OUTPUT,OUTPUT_DEMAND,FITNESS
0.2566793048781374,27.034774560272652,1.1,19.898604605650245
