EMITTER_COEFFICIENT_SOLUTION,PRESSURE_OUTPUT,OUTPUT_DEMAND,FITNESS
0.8652475460610333,26.91330243286574,1.1,5.82319925370499
