EMITTER_COEFFICIENT_SOLUTION,PRESSURE_OUTPUT,OUTPUT_DEMAND,FITNESS
0.792220269040321,26.928047133317747,1.1,6.370148683482984
