EMITTER_COEFFICIENT_SOLUTION,PRESSURE_OUTPUT,OUTPUT_DEMAND,FITNESS
0.12762186796841435,27.0601163849769,1.1,40.13975787299404
