EMITTER_COEFFICIENT_SOLUTION,PRESSURE_OUTPUT,OUTPUT_DEMAND,FITNESS
0.020621686824760288,27.081012945416752,1.1,248.97949414515546
