EMITTER_COEFFICIENT_SOLUTION,PRESSURE_OUTPUT,OUTPUT_DEMAND,FITNESS
0.9357365865570809,26.899027664916375,1.1,5.3762956554569445
