EMITTER_COEFFICIENT_SOLUTION,PRESSURE_OUTPUT,OUTPUT_DEMAND,FITNESS
0.6713604412678903,26.9523501158452,1.1,7.536975009384895
