EMITTER_COEFFICIENT_SOLUTION,PRESSURE_OUTPUT,OUTPUT_DEMAND,FITNESS
0.11739107184975428,27.062118896135495,1.1,43.648215063615886
