EMITTER_COEFFICIENT_SOLUTION,PRESSURE_OUTPUT,OUTPUT_DEMAND,FITNESS
0.7026654601450032,26.946067135752408,1.1,7.196201314466185
