EMITTER_COEFFICIENT_SOLUTION,PRESSURE_OUTPUT,OUTPUT_DEMAND,FITNESS
0.13887418445199484,27.05791283533018,1.1,36.877908717369436
