EMITTER_COEFFICIENT_SOLUTION,PRESSURE_OUTPUT,OUTPUT_DEMAND,FITNESS
0.17270467079386054,27.051280904508005,1.1,29.63100281609861
