EMITTER_COEFFICIENT_SOLUTION,PRESSURE_OUTPUT,OUTPUT_DEMAND,FITNESS
0.3640004615125746,27.013587567093495,1.1,13.997412903175059
