EMITTER_COEFFICIENT_SOLUTION,PRESSURE_OUTPUT,OUTPUT_DEMAND,FITNESS
0.21026911287843875,27.043904922986435,1.1,24.316453874244615
