EMITTER_COEFFICIENT_SOLUTION,PRESSURE_OUTPUT,OUTPUT_DEMAND,FITNESS
0.4972414353865139,26.9871420853084,1.1,10.21583452006914
