EMITTER_COEFFICIENT_SOLUTION,PRESSURE_OUTPUT,OUTPUT_DEMAND,FITNESS
0.8160824771494691,26.92323414683991,1.1,6.1806533171861755
