EMITTER_COEFFICIENT_SOLUTION,PRESSURE_OUTPUT,OUTPUT_DEMAND,FITNESS
0.045624620360697254,27.076139329670447,1.1,112.48580304940056
