EMITTER_COEFFICIENT_SOLUTION,PRESSURE_OUTPUT,OUTPUT_DEMAND,FITNESS
0.7606106366290756,26.934415337991744,1.1,6.639488917206742
