EMITTER_COEFFICIENT_SOLUTION,PRESSURE_OUTPUT,OUTPUT_DEMAND,FITNESS
0.8715044037437717,26.91203703989804,1.1,5.780604089860777
