EMITTER_COEFFICIENT_SOLUTION,PRESSURE_OUTPUT,OUTPUT_DEMAND,FITNESS
0.894862864729599,26.907310095833104,1.1,5.62685263623813
