EMITTER_COEFFICIENT_SOLUTION,PRESSURE_OUTPUT,OUTPUT_DEMAND,FITNESS
0.9368993949166978,26.89879183525307,1.1,5.369487735682647
