EMITTER_COEFFICIENT_SOLUTION,PRESSURE_OUTPUT,OUTPUT_DEMAND,FITNESS
0.7371445348354441,26.939137422963405,1.1,6.854389313189922
