EMITTER_COEFFICIENT_SOLUTION,PRESSURE_OUTPUT,OUTPUT_DEMAND,FITNESS
0.05247272614832588,27.07480349060392,1.1,97.79138325826634
