EMITTER_COEFFICIENT_SOLUTION,PRESSURE_OUTPUT,OUTPUT_DEMAND,FITNESS
0.41966518222931615,27.00255827193446,1.1,12.12546433771595
