EMITTER_COEFFICIENT_SOLUTION,PRESSURE_OUTPUT,OUTPUT_DEMAND,FITNESS
0.07130542803809814,27.071127652011874,1.1,71.93370830527273
