EMITTER_COEFFICIENT_SOLUTION,PRESSURE_OUTPUT,OUTPUT_DEMAND,FITNESS
0.5930369389645672,26.968032931045315,1.1,8.547270853987197
