EMITTER_COEFFICIENT_SOLUTION,PRESSURE_OUTPUT,OUTPUT_DEMAND,FITNESS
0.5593347898056168,26.97476486815465,1.1,9.069104302743588
