EMITTER_COEFFICIENT_SOLUTION,PRESSURE_OUTPUT,OUTPUT_DEMAND,FITNESS
0.6355396416993907,26.959529112034133,1.1,7.96811298863632
