EMITTER_COEFFICIENT_SOLUTION,PRESSURE_OUTPUT,OUTPUT_DEMAND,FITNESS
0.4342148387425607,26.999670937644062,1.1,11.715308245000232
