EMITTER_COEFFICIENT_SOLUTION,PRESSURE_OUTPUT,OUTPUT_DEMAND,FITNESS
0.5935472553808007,26.96793092084897,1.1,8.539824905689214
