EMITTER_COEFFICIENT_SOLUTION,PRESSURE_OUTPUT,OUTPUT_DEMAND,FITNESS
0.9520095496516864,26.895726311813263,1.1,5.282535664005207
