EMITTER_COEFFICIENT_SOLUTION,PRESSURE_OUTPUT,OUTPUT_DEMAND,FITNESS
0.3373859150071322,27.01885125451976,1.1,15.110742267108774
