EMITTER_COEFFICIENT_SOLUTION,PRESSURE_OUTPUT,OUTPUT_DEMAND,FITNESS
0.0427883561180783,27.076692465952263,1.1,119.94902910403214
