EMITTER_COEFFICIENT_SOLUTION,PRESSURE_OUTPUT,OUTPUT_DEMAND,FITNESS
0.3005965002048824,27.026116939979957,1.1,16.974355013056606
