EMITTER_COEFFICIENT_SOLUTION,PRESSURE_OUTPUT,OUTPUT_DEMAND,FITNESS
0.21537710639088525,27.042900962418358,1.1,23.736968928600415
