EMITTER_COEFFICIENT_SOLUTION,PRESSURE_OUTPUT,OUTPUT_DEMAND,FITNESS
0.48012175061235973,26.990548687987733,1.1,10.58417754423508
