EMITTER_COEFFICIENT_SOLUTION,PRESSURE_OUTPUT,OUTPUT_DEMAND,FITNESS
0.05089128254965136,27.075112015902334,1.1,100.83364688510856
