EMITTER_COEFFICIENT_SOLUTION,PRESSURE_OUTPUT,OUTPUT_DEMAND,FITNESS
0.30374951534848293,27.0254947094924,1.1,16.796946317840415
