EMITTER_COEFFICIENT_SOLUTION,PRESSURE_OUTPUT,OUTPUT_DEMAND,FITNESS
0.28579184346825814,27.02903737675355,1.1,17.85970582643283
