EMITTER_COEFFICIENT_SOLUTION,PRESSURE_OUTPUT,OUTPUT_DEMAND,FITNESS
0.3235219778768562,27.021590707759763,1.1,15.763265345186872
