EMITTER_COEFFICIENT_SOLUTION,PRESSURE_OUTPUT,OUTPUT_DEMAND,FITNESS
0.8666790039118902,26.913012962487407,1.1,5.813399932784541
