EMITTER_COEFFICIENT_SOLUTION,PRESSURE_OUTPUT,OUTPUT_DEMAND,FITNESS
0.1057962633382955,27.064387245442795,1.1,48.44469519029383
