EMITTER_COEFFICIENT_SOLUTION,PRESSURE_OUTPUT,OUTPUT_DEMAND,FITNESS
0.6847790417937839,26.94965800327372,1.1,7.387088145598617
