EMITTER_COEFFICIENT_SOLUTION,PRESSURE_OUTPUT,OUTPUT_DEMAND,FITNESS
0.5360722165545525,26.979405778897096,1.1,9.467584556297087
