EMITTER_COEFFICIENT_SOLUTION,PRESSURE_OUTPUT,OUTPUT_DEMAND,FITNESS
0.7190041846955512,26.942784592229543,1.1,7.030136526050486
