EMITTER_COEFFICIENT_SOLUTION,PRESSURE_OUTPUT,OUTPUT_DEMAND,FITNESS
0.6160602187004366,26.963428432592607,1.1,8.223622814508973
