EMITTER_COEFFICIENT_SOLUTION,PRESSURE_OUTPUT,OUTPUT_DEMAND,FITNESS
0.5670696743373113,26.973220709814733,1.1,8.943853389938877
