EMITTER_COEFFICIENT_SOLUTION,PRESSURE_OUTPUT,OUTPUT_DEMAND,FITNESS
0.6330052899668651,26.96003661430693,1.1,8.000465554876694
