EMITTER_COEFFICIENT_SOLUTION,PRESSURE_OUTPUT,OUTPUT_DEMAND,FITNESS
0.7001475995127097,26.946572785568904,1.1,7.222482178363462
