EMITTER_COEFFICIENT_SOLUTION,PRESSURE_OUTPUT,OUTPUT_DEMAND,FITNESS
0.2890824467560805,27.02838842530396,1.1,17.655081978840276
