EMITTER_COEFFICIENT_SOLUTION,PRESSURE_OUTPUT,OUTPUT_DEMAND,FITNESS
0.5483760108792847,26.97695174253996,1.1,9.252611267032115
