EMITTER_COEFFICIENT_SOLUTION,PRESSURE_OUTPUT,OUTPUT_DEMAND,FITNESS
0.2634772155785713,27.033435578081374,1.1,19.38218796955598
