EMITTER_COEFFICIENT_SOLUTION,PRESSURE_OUTPUT,OUTPUT_DEMAND,FITNESS
0.8361680941299517,26.91917916409728,1.1,6.0295383585364215
