EMITTER_COEFFICIENT_SOLUTION,PRESSURE_OUTPUT,OUTPUT_DEMAND,FITNESS
0.21353012579008646,27.04326400783011,1.1,23.943302677691115
