EMITTER_COEFFICIENT_SOLUTION,PRESSURE_OUTPUT,OUTPUT_DEMAND,FITNESS
0.9937973684983726,26.88723856106609,1.1,5.05584741204463
