EMITTER_COEFFICIENT_SOLUTION,PRESSURE_OUTPUT,OUTPUT_DEMAND,FITNESS
0.2696403378107214,27.032221273610396,1.1,18.936500806138255
