EMITTER_COEFFICIENT_SOLUTION,PRESSURE_OUTPUT,OUTPUT_DEMAND,FITNESS
0.054168374556034515,27.07447265968537,1.1,94.72674448439089
