EMITTER_COEFFICIENT_SOLUTION,PRESSURE_OUTPUT,OUTPUT_DEMAND,FITNESS
0.7711934829264008,26.93228421924777,1.1,6.546853950067573
