EMITTER_COEFFICIENT_SOLUTION,PRESSURE_OUTPUT,OUTPUT_DEMAND,FITNESS
0.4355918613934294,26.99939757549278,1.1,11.677909484540852
