EMITTER_COEFFICIENT_SOLUTION,PRESSURE_OUTPUT,OUTPUT_DEMAND,FITNESS
0.10738649735262251,27.064076212186087,1.1,47.725570526136664
