EMITTER_COEFFICIENT_SOLUTION,PRESSURE_OUTPUT,OUTPUT_DEMAND,FITNESS
0.512477161183542,26.984108217004874,1.1,9.908728381225265
