EMITTER_COEFFICIENT_SOLUTION,PRESSURE_OUTPUT,OUTPUT_DEMAND,FITNESS
0.2970957636200112,27.02680768787551,1.1,17.175740571318098
