EMITTER_COEFFICIENT_SOLUTION,PRESSURE_OUTPUT,OUTPUT_DEMAND,FITNESS
0.14978382382432998,27.05577530076833,1.1,34.18331318972802
