EMITTER_COEFFICIENT_SOLUTION,PRESSURE_OUTPUT,OUTPUT_DEMAND,FITNESS
0.5695144248641034,26.972732542760163,1.1,8.904973433820237
