EMITTER_COEFFICIENT_SOLUTION,PRESSURE_OUTPUT,OUTPUT_DEMAND,FITNESS
0.787250091835768,26.929049006973123,1.1,6.4110646374699565
