EMITTER_COEFFICIENT_SOLUTION,PRESSURE_OUTPUT,OUTPUT_DEMAND,FITNESS
0.6362867077886297,26.959379501992146,1.1,7.958625433908366
