EMITTER_COEFFICIENT_SOLUTION,PRESSURE_OUTPUT,OUTPUT_DEMAND,FITNESS
0.04060473228204564,27.07711827250496,1.1,126.4051843326528
