EMITTER_COEFFICIENT_SOLUTION,PRESSURE_OUTPUT,OUTPUT_DEMAND,FITNESS
0.03693089770912639,27.07783457199998,1.1,138.98987979844043
