EMITTER_COEFFICIENT_SOLUTION,PRESSURE_OUTPUT,OUTPUT_DEMAND,FITNESS
0.1231608324942085,27.060989676164915,1.1,41.597918704413594
