EMITTER_COEFFICIENT_SOLUTION,PRESSURE_OUTPUT,OUTPUT_DEMAND,FITNESS
0.2726482833592113,27.031628502665214,1.1,18.72629797131314
