EMITTER_COEFFICIENT_SOLUTION,PRESSURE_OUTPUT,OUTPUT_DEMAND,FITNESS
0.7093494928956884,26.944724550823516,1.1,7.127340433402819
