EMITTER_COEFFICIENT_SOLUTION,PRESSURE_OUTPUT,OUTPUT_DEMAND,FITNESS
0.3866266330082424,28.599290746854216,1.2,3.923005528488891
