EMITTER_COEFFICIENT_SOLUTION,PRESSURE_OUTPUT,OUTPUT_DEMAND,FITNESS
0.12311859033308781,28.68132388556492,1.2,5.784577887708933
