EMITTER_COEFFICIENT_SOLUTION,PRESSURE_OUTPUT,OUTPUT_DEMAND,FITNESS
0.16663715372443777,28.933833518661054,1.2,12.556792477231498
