EMITTER_COEFFICIENT_SOLUTION,PRESSURE_OUTPUT,OUTPUT_DEMAND,FITNESS
0.14078463019460785,28.675985800726323,1.2,5.611308712746431
