EMITTER_COEFFICIENT_SOLUTION,PRESSURE_OUTPUT,OUTPUT_DEMAND,FITNESS
0.3320562116203982,28.616700026654804,1.2,4.210573829993174
