EMITTER_COEFFICIENT_SOLUTION,PRESSURE_OUTPUT,OUTPUT_DEMAND,FITNESS
0.4266272709276413,28.586391669293363,1.2,3.73405078677089
