EMITTER_COEFFICIENT_SOLUTION,PRESSURE_OUTPUT,OUTPUT_DEMAND,FITNESS
0.7361497516523638,28.792269628917936,1.2,16.147858142358388
