EMITTER_COEFFICIENT_SOLUTION,PRESSURE_OUTPUT,OUTPUT_DEMAND,FITNESS
0.2667985159955941,28.910884970416454,1.2,17.63991242927163
