EMITTER_COEFFICIENT_SOLUTION,PRESSURE_OUTPUT,OUTPUT_DEMAND,FITNESS
0.3338462671372482,28.895049508093855,1.2,24.477310587615246
