EMITTER_COEFFICIENT_SOLUTION,PRESSURE_OUTPUT,OUTPUT_DEMAND,FITNESS
0.4778610969466659,28.859770962086998,1.2,179.35239616139123
