EMITTER_COEFFICIENT_SOLUTION,PRESSURE_OUTPUT,OUTPUT_DEMAND,FITNESS
0.5255070262572721,28.847724070447335,1.2,154.4812824951381
