EMITTER_COEFFICIENT_SOLUTION,PRESSURE_OUTPUT,OUTPUT_DEMAND,FITNESS
0.2526196477667231,28.6416513301428,1.2,4.704863524283229
