EMITTER_COEFFICIENT_SOLUTION,PRESSURE_OUTPUT,OUTPUT_DEMAND,FITNESS
0.23921254579157725,28.917290363706073,1.2,15.849112111543315
