EMITTER_COEFFICIENT_SOLUTION,PRESSURE_OUTPUT,OUTPUT_DEMAND,FITNESS
0.7571007596186716,28.786560666065576,1.2,14.784876967510423
