EMITTER_COEFFICIENT_SOLUTION,PRESSURE_OUTPUT,OUTPUT_DEMAND,FITNESS
0.2417442309827591,28.645031061374766,1.2,4.780885212859976
