EMITTER_COEFFICIENT_SOLUTION,PRESSURE_OUTPUT,OUTPUT_DEMAND,FITNESS
0.004359435152808677,28.969182820978432,1.2,8.696599393042016
