EMITTER_COEFFICIENT_SOLUTION,PRESSURE_OUTPUT,OUTPUT_DEMAND,FITNESS
0.01296757537774429,28.96736535915339,1.2,8.836263046390627
