EMITTER_COEFFICIENT_SOLUTION,PRESSURE_OUTPUT,OUTPUT_DEMAND,FITNESS
0.3995910257135391,28.87915712149581,1.2,40.06125380318807
