EMITTER_COEFFICIENT_SOLUTION,PRESSURE_OUTPUT,OUTPUT_DEMAND,FITNESS
0.027796123471234946,28.70972057450959,1.2,6.921527838843393
