EMITTER_COEFFICIENT_SOLUTION,PRESSURE_OUTPUT,OUTPUT_DEMAND,FITNESS
0.25376752593193674,28.64129409502401,1.2,4.696969128741332
