EMITTER_COEFFICIENT_SOLUTION,PRESSURE_OUTPUT,OUTPUT_DEMAND,FITNESS
0.45276709312075325,28.866041177825508,1.2,84.4178833773052
