EMITTER_COEFFICIENT_SOLUTION,PRESSURE_OUTPUT,OUTPUT_DEMAND,FITNESS
0.7377409257976608,28.791837264164414,1.2,16.035899266834285
