EMITTER_COEFFICIENT_SOLUTION,PRESSURE_OUTPUT,OUTPUT_DEMAND,FITNESS
0.13829251801643716,28.94017223972999,1.2,11.63103205342435
