EMITTER_COEFFICIENT_SOLUTION,PRESSURE_OUTPUT,OUTPUT_DEMAND,FITNESS
0.160407721863439,28.935232522313534,1.2,12.34001544395527
