EMITTER_COEFFICIENT_SOLUTION,PRESSURE_OUTPUT,OUTPUT_DEMAND,FITNESS
0.7445640286575894,28.789980976316947,1.2,15.572353214526332
