EMITTER_COEFFICIENT_SOLUTION,PRESSURE_OUTPUT,OUTPUT_DEMAND,FITNESS
0.6987125613078033,28.80238449523653,1.2,19.300231003230294
