EMITTER_COEFFICIENT_SOLUTION,PRESSURE_OUTPUT,OUTPUT_DEMAND,FITNESS
0.20419453679370925,28.925328549537895,1.2,14.058132609187666
