EMITTER_COEFFICIENT_SOLUTION,PRESSURE_OUTPUT,OUTPUT_DEMAND,FITNESS
0.3621052023366278,28.8882625570527,1.2,29.353738868838445
