EMITTER_COEFFICIENT_SOLUTION,PRESSURE_OUTPUT,OUTPUT_DEMAND,FITNESS
0.3432530019075888,28.892797684782103,1.2,25.905166545759776
