EMITTER_COEFFICIENT_SOLUTION,PRESSURE_OUTPUT,OUTPUT_DEMAND,FITNESS
0.15560807661916276,28.936308154816977,1.2,12.178368047031055
