EMITTER_COEFFICIENT_SOLUTION,PRESSURE_OUTPUT,OUTPUT_DEMAND,FITNESS
0.7579419746470069,28.786330719457844,1.2,14.73478265093357
