EMITTER_COEFFICIENT_SOLUTION,PRESSURE_OUTPUT,OUTPUT_DEMAND,FITNESS
0.2864067605614762,28.63109554125458,1.2,4.482258664424664
