EMITTER_COEFFICIENT_SOLUTION,PRESSURE_OUTPUT,OUTPUT_DEMAND,FITNESS
0.4864130093852055,28.857622322291412,1.2,291.8024772428817
