EMITTER_COEFFICIENT_SOLUTION,PRESSURE_OUTPUT,OUTPUT_DEMAND,FITNESS
0.12940653314504225,28.67942656954048,1.2,5.721780362250484
