EMITTER_COEFFICIENT_SOLUTION,PRESSURE_OUTPUT,OUTPUT_DEMAND,FITNESS
0.49014544321524633,28.856682686538015,1.2,402.0359177643194
