EMITTER_COEFFICIENT_SOLUTION,PRESSURE_OUTPUT,OUTPUT_DEMAND,FITNESS
0.42457247728988934,28.873024444858103,1.2,53.109287848077464
