EMITTER_COEFFICIENT_SOLUTION,PRESSURE_OUTPUT,OUTPUT_DEMAND,FITNESS
0.19706630525872804,28.65882334870774,1.2,5.118388377444301
