EMITTER_COEFFICIENT_SOLUTION,PRESSURE_OUTPUT,OUTPUT_DEMAND,FITNESS
0.7021646660285774,28.801456447819945,1.2,18.96061734588292
