EMITTER_COEFFICIENT_SOLUTION,PRESSURE_OUTPUT,OUTPUT_DEMAND,FITNESS
0.08638577005895409,28.95160064253048,1.2,10.266382236343853
