EMITTER_COEFFICIENT_SOLUTION,PRESSURE_OUTPUT,OUTPUT_DEMAND,FITNESS
0.7865262345331276,28.77848409473424,1.2,13.207727518357684
