EMITTER_COEFFICIENT_SOLUTION,PRESSURE_OUTPUT,OUTPUT_DEMAND,FITNESS
0.14926257988755864,28.937727187224795,1.2,11.971482878440122
