EMITTER_COEFFICIENT_SOLUTION,PRESSURE_OUTPUT,OUTPUT_DEMAND,FITNESS
0.761989698680779,28.785223492176094,1.2,14.498247321987353
