EMITTER_COEFFICIENT_SOLUTION,PRESSURE_OUTPUT,OUTPUT_DEMAND,FITNESS
0.4599200133603365,28.57556716395714,1.2,3.588986629379057
