EMITTER_COEFFICIENT_SOLUTION,PRESSURE_OUTPUT,OUTPUT_DEMAND,FITNESS
0.6370374805456798,28.81880502581643,1.2,28.254716792454357
