EMITTER_COEFFICIENT_SOLUTION,PRESSURE_OUTPUT,OUTPUT_DEMAND,FITNESS
0.023458778690766957,28.965141522165396,1.2,9.013379639150735
