EMITTER_COEFFICIENT_SOLUTION,PRESSURE_OUTPUT,OUTPUT_DEMAND,FITNESS
0.02063127152166655,28.71182713675443,1.2,7.023941322949843
