EMITTER_COEFFICIENT_SOLUTION,PRESSURE_OUTPUT,OUTPUT_DEMAND,FITNESS
0.21386011512879555,28.923120283999864,1.2,14.508536932139315
