EMITTER_COEFFICIENT_SOLUTION,PRESSURE_OUTPUT,OUTPUT_DEMAND,FITNESS
0.41511855090903005,28.875351342768695,1.2,47.26792307067095
