EMITTER_COEFFICIENT_SOLUTION,PRESSURE_OUTPUT,OUTPUT_DEMAND,FITNESS
0.04894013194448599,28.703481176669555,1.2,6.634988140607502
