EMITTER_COEFFICIENT_SOLUTION,PRESSURE_OUTPUT,OUTPUT_DEMAND,FITNESS
0.055820251159500955,28.95822101113893,1.2,9.613012368700016
