EMITTER_COEFFICIENT_SOLUTION,PRESSURE_OUTPUT,OUTPUT_DEMAND,FITNESS
0.2639876201666098,28.911540595755802,1.2,17.438236200810707
