EMITTER_COEFFICIENT_SOLUTION,PRESSURE_OUTPUT,OUTPUT_DEMAND,FITNESS
0.1364005391298584,28.67731271429536,1.2,5.653402373312307
