EMITTER_COEFFICIENT_SOLUTION,PRESSURE_OUTPUT,OUTPUT_DEMAND,FITNESS
0.4303860647195088,28.585173577791814,1.2,3.717143672763497
