EMITTER_COEFFICIENT_SOLUTION,PRESSURE_OUTPUT,OUTPUT_DEMAND,FITNESS
0.6256212331529138,28.82181118558428,1.2,30.877386174797728
