EMITTER_COEFFICIENT_SOLUTION,PRESSURE_OUTPUT,OUTPUT_DEMAND,FITNESS
0.19324906827248167,28.927819618076867,1.2,13.582477351067094
