EMITTER_COEFFICIENT_SOLUTION,PRESSURE_OUTPUT,OUTPUT_DEMAND,FITNESS
0.5813846304745867,28.833360851822533,1.2,47.9927171678393
