EMITTER_COEFFICIENT_SOLUTION,PRESSURE_OUTPUT,OUTPUT_DEMAND,FITNESS
0.08752423762065886,28.692007918948285,1.2,6.165629995486366
