EMITTER_COEFFICIENT_SOLUTION,PRESSURE_OUTPUT,OUTPUT_DEMAND,FITNESS
0.1259366887737936,28.942913759700076,1.2,11.271617299166511
