EMITTER_COEFFICIENT_SOLUTION,PRESSURE_OUTPUT,OUTPUT_DEMAND,FITNESS
0.46933318144625846,28.861907613543664,1.2,129.6635613910253
