EMITTER_COEFFICIENT_SOLUTION,PRESSURE_OUTPUT,OUTPUT_DEMAND,FITNESS
0.007960553394856795,28.968423299500536,1.2,8.754424591298624
