EMITTER_COEFFICIENT_SOLUTION,PRESSURE_OUTPUT,OUTPUT_DEMAND,FITNESS
0.9904748413679323,28.720650599213137,1.2,7.488014644044765
