EMITTER_COEFFICIENT_SOLUTION,PRESSURE_OUTPUT,OUTPUT_DEMAND,FITNESS
0.3496692909058412,28.891257491772016,1.2,26.98170856025251
