EMITTER_COEFFICIENT_SOLUTION,PRESSURE_OUTPUT,OUTPUT_DEMAND,FITNESS
0.14500690299726093,28.674706499601356,1.2,5.571314731608618
