EMITTER_COEFFICIENT_SOLUTION,PRESSURE_OUTPUT,OUTPUT_DEMAND,FITNESS
0.7798241106960366,28.7803296511496,1.2,13.53771759195497
