EMITTER_COEFFICIENT_SOLUTION,PRESSURE_OUTPUT,OUTPUT_DEMAND,FITNESS
0.5939847276492838,28.830087151643916,1.2,41.47623038141512
