EMITTER_COEFFICIENT_SOLUTION,PRESSURE_OUTPUT,OUTPUT_DEMAND,FITNESS
0.18414092439420093,28.92988473933925,1.2,13.211890908851364
