EMITTER_COEFFICIENT_SOLUTION,PRESSURE_OUTPUT,OUTPUT_DEMAND,FITNESS
0.030538847983308637,28.70891314202737,1.2,6.883060708706262
