EMITTER_COEFFICIENT_SOLUTION,PRESSURE_OUTPUT,OUTPUT_DEMAND,FITNESS
0.6679011794964491,28.810625710443375,1.2,22.95071033605007
