EMITTER_COEFFICIENT_SOLUTION,PRESSURE_OUTPUT,OUTPUT_DEMAND,FITNESS
0.008454972629001745,28.715398154858484,1.2,7.204652905731461
