EMITTER_COEFFICIENT_SOLUTION,PRESSURE_OUTPUT,OUTPUT_DEMAND,FITNESS
0.06559063715109459,28.956113629625513,1.2,9.811782245410045
