EMITTER_COEFFICIENT_SOLUTION,PRESSURE_OUTPUT,OUTPUT_DEMAND,FITNESS
0.27548953321259284,28.634515533404226,1.2,4.552038175176689
