EMITTER_COEFFICIENT_SOLUTION,PRESSURE_OUTPUT,OUTPUT_DEMAND,FITNESS
0.35590072856518495,28.889758387140574,1.2,28.119080495758315
