EMITTER_COEFFICIENT_SOLUTION,PRESSURE_OUTPUT,OUTPUT_DEMAND,FITNESS
0.2405858615230052,28.916973005994706,1.2,15.929233575044423
