EMITTER_COEFFICIENT_SOLUTION,PRESSURE_OUTPUT,OUTPUT_DEMAND,FITNESS
0.41865297632978704,28.588972424103645,1.2,3.770384738495961
