EMITTER_COEFFICIENT_SOLUTION,PRESSURE_OUTPUT,OUTPUT_DEMAND,FITNESS
0.4239948349598337,28.873166831604756,1.2,52.71068654160858
