EMITTER_COEFFICIENT_SOLUTION,PRESSURE_OUTPUT,OUTPUT_DEMAND,FITNESS
0.11607882473878872,28.945091580520234,1.2,11.001555914125968
