EMITTER_COEFFICIENT_SOLUTION,PRESSURE_OUTPUT,OUTPUT_DEMAND,FITNESS
0.1569197030099072,28.671089844426973,1.2,5.461272685190549
