EMITTER_COEFFICIENT_SOLUTION,PRESSURE_OUTPUT,OUTPUT_DEMAND,FITNESS
0.035725427723878544,28.70738469623543,1.2,6.811402134661712
