EMITTER_COEFFICIENT_SOLUTION,PRESSURE_OUTPUT,OUTPUT_DEMAND,FITNESS
0.09466238156556961,28.689872990438303,1.2,6.085525137217815
