EMITTER_COEFFICIENT_SOLUTION,PRESSURE_OUTPUT,OUTPUT_DEMAND,FITNESS
0.4403359590042648,28.581944259201556,1.2,3.6730529288149496
