EMITTER_COEFFICIENT_SOLUTION,PRESSURE_OUTPUT,OUTPUT_DEMAND,FITNESS
0.359858787369163,28.888804512864198,1.2,28.894079446771343
