EMITTER_COEFFICIENT_SOLUTION,PRESSURE_OUTPUT,OUTPUT_DEMAND,FITNESS
0.6478790434463149,28.81594053288297,1.2,26.139134527420293
