EMITTER_COEFFICIENT_SOLUTION,PRESSURE_OUTPUT,OUTPUT_DEMAND,FITNESS
0.4856887028306991,28.857804533707338,1.2,277.0706994834881
