EMITTER_COEFFICIENT_SOLUTION,PRESSURE_OUTPUT,OUTPUT_DEMAND,FITNESS
0.41688782162378746,28.87491643251675,1.2,48.260018967641194
