EMITTER_COEFFICIENT_SOLUTION,PRESSURE_OUTPUT,OUTPUT_DEMAND,FITNESS
0.45382409926304734,28.865778106544298,1.2,86.33520885232339
