EMITTER_COEFFICIENT_SOLUTION,PRESSURE_OUTPUT,OUTPUT_DEMAND,FITNESS
0.14271327407158685,28.939188168571924,1.2,11.765699463153789
