EMITTER_COEFFICIENT_SOLUTION,PRESSURE_OUTPUT,OUTPUT_DEMAND,FITNESS
0.026487616702997485,28.964497694939986,1.2,9.065990116545752
