EMITTER_COEFFICIENT_SOLUTION,PRESSURE_OUTPUT,OUTPUT_DEMAND,FITNESS
0.45827836798173616,28.864668505415125,1.2,95.48217652482728
