EMITTER_COEFFICIENT_SOLUTION,PRESSURE_OUTPUT,OUTPUT_DEMAND,FITNESS
0.008922736602197778,28.968220169680507,1.2,8.770020183937541
