EMITTER_COEFFICIENT_SOLUTION,PRESSURE_OUTPUT,OUTPUT_DEMAND,FITNESS
0.2456629748526007,28.91579835577351,1.2,16.2329732460358
