EMITTER_COEFFICIENT_SOLUTION,PRESSURE_OUTPUT,OUTPUT_DEMAND,FITNESS
0.1997827811401729,28.926333845465123,1.2,13.862223577585382
