EMITTER_COEFFICIENT_SOLUTION,PRESSURE_OUTPUT,OUTPUT_DEMAND,FITNESS
0.2708300618656645,28.63597250574579,1.2,4.5824297368953895
