EMITTER_COEFFICIENT_SOLUTION,PRESSURE_OUTPUT,OUTPUT_DEMAND,FITNESS
0.05372686168298735,28.95867145266439,1.2,9.57156652889811
