EMITTER_COEFFICIENT_SOLUTION,PRESSURE_OUTPUT,OUTPUT_DEMAND,FITNESS
0.3224986921818802,28.619726663301037,1.2,4.2649255164254765
