EMITTER_COEFFICIENT_SOLUTION,PRESSURE_OUTPUT,OUTPUT_DEMAND,FITNESS
0.3748565170684779,28.88517830549476,1.2,32.2758069355777
