EMITTER_COEFFICIENT_SOLUTION,PRESSURE_OUTPUT,OUTPUT_DEMAND,FITNESS
0.4326654854878851,28.871026656040712,1.2,59.4130838571914
