EMITTER_COEFFICIENT_SOLUTION,PRESSURE_OUTPUT,OUTPUT_DEMAND,FITNESS
0.274438556379053,28.90909960725481,1.2,18.21352273642803
