EMITTER_COEFFICIENT_SOLUTION,PRESSURE_OUTPUT,OUTPUT_DEMAND,FITNESS
0.8929308506783036,28.748713140114184,1.2,9.48009217150197
