EMITTER_COEFFICIENT_SOLUTION,PRESSURE_OUTPUT,OUTPUT_DEMAND,FITNESS
0.02550728267288882,28.96470616846115,1.2,9.048887548214726
