EMITTER_COEFFICIENT_SOLUTION,PRESSURE_OUTPUT,OUTPUT_DEMAND,FITNESS
0.2984176916343344,28.903464119716624,1.2,20.296831775553997
