EMITTER_COEFFICIENT_SOLUTION,PRESSURE_OUTPUT,OUTPUT_DEMAND,FITNESS
0.3158136486278502,28.89934555667088,1.2,22.14829118496003
