EMITTER_COEFFICIENT_SOLUTION,PRESSURE_OUTPUT,OUTPUT_DEMAND,FITNESS
0.2448008600745264,28.915997970060467,1.2,16.18054289279892
