EMITTER_COEFFICIENT_SOLUTION,PRESSURE_OUTPUT,OUTPUT_DEMAND,FITNESS
0.2655065879069307,28.63763514144079,1.2,4.617610904566087
