EMITTER_COEFFICIENT_SOLUTION,PRESSURE_OUTPUT,OUTPUT_DEMAND,FITNESS
0.09701616893854403,28.949279109909128,1.2,10.51704271119477
