EMITTER_COEFFICIENT_SOLUTION,PRESSURE_OUTPUT,OUTPUT_DEMAND,FITNESS
0.2547209723757855,28.913697263304854,1.2,16.806181299027987
