EMITTER_COEFFICIENT_SOLUTION,PRESSURE_OUTPUT,OUTPUT_DEMAND,FITNESS
0.018062668629959644,28.966286555493234,1.2,8.921306226935927
