EMITTER_COEFFICIENT_SOLUTION,PRESSURE_OUTPUT,OUTPUT_DEMAND,FITNESS
0.2622558111167481,28.91194419828573,1.2,17.31636163463136
