EMITTER_COEFFICIENT_SOLUTION,PRESSURE_OUTPUT,OUTPUT_DEMAND,FITNESS
0.2942949493684939,28.90443647323152,1.2,19.90401224628947
