EMITTER_COEFFICIENT_SOLUTION,PRESSURE_OUTPUT,OUTPUT_DEMAND,FITNESS
0.33385216603794654,28.895048098305494,1.2,24.478155275576682
