EMITTER_COEFFICIENT_SOLUTION,PRESSURE_OUTPUT,OUTPUT_DEMAND,FITNESS
0.42185214984298036,28.58793762340838,1.2,3.7557313891187576
