EMITTER_COEFFICIENT_SOLUTION,PRESSURE_OUTPUT,OUTPUT_DEMAND,FITNESS
0.4805866501366909,28.859086825196172,1.2,204.43716100974495
