EMITTER_COEFFICIENT_SOLUTION,PRESSURE_OUTPUT,OUTPUT_DEMAND,FITNESS
0.9657376534290614,28.727836515566985,1.2,7.913844756541976
