EMITTER_COEFFICIENT_SOLUTION,PRESSURE_OUTPUT,OUTPUT_DEMAND,FITNESS
0.3148855060008824,28.89956593883806,1.2,22.04070853795311
