EMITTER_COEFFICIENT_SOLUTION,PRESSURE_OUTPUT,OUTPUT_DEMAND,FITNESS
0.03735752253427038,28.96218050333883,1.2,9.26053200346932
