EMITTER_COEFFICIENT_SOLUTION,PRESSURE_OUTPUT,OUTPUT_DEMAND,FITNESS
0.2516307376459648,28.914414853827807,1.2,16.605914691415492
