EMITTER_COEFFICIENT_SOLUTION,PRESSURE_OUTPUT,OUTPUT_DEMAND,FITNESS
0.9364695273995112,28.736277964334754,1.2,8.480370070637717
