EMITTER_COEFFICIENT_SOLUTION,PRESSURE_OUTPUT,OUTPUT_DEMAND,FITNESS
0.859774138104731,28.758084667691143,1.2,10.404454557796717
