EMITTER_COEFFICIENT_SOLUTION,PRESSURE_OUTPUT,OUTPUT_DEMAND,FITNESS
0.2879925692977201,28.905920136237093,1.2,19.33308973829958
