EMITTER_COEFFICIENT_SOLUTION,PRESSURE_OUTPUT,OUTPUT_DEMAND,FITNESS
0.20026589916601534,28.657840565880512,1.2,5.092770396836024
