EMITTER_COEFFICIENT_SOLUTION,PRESSURE_OUTPUT,OUTPUT_DEMAND,FITNESS
0.43305202314661884,28.584309022964092,1.2,3.7052362494838134
