EMITTER_COEFFICIENT_SOLUTION,PRESSURE_OUTPUT,OUTPUT_DEMAND,FITNESS
0.45537904336211055,28.57704829569169,1.2,3.6081667852355483
