EMITTER_COEFFICIENT_SOLUTION,PRESSURE_OUTPUT,OUTPUT_DEMAND,FITNESS
0.14972959078578474,28.93762286829911,1.2,11.986452186015374
