EMITTER_COEFFICIENT_SOLUTION,PRESSURE_OUTPUT,OUTPUT_DEMAND,FITNESS
0.1253156821591257,28.943051201360404,1.2,11.254182434574483
