EMITTER_COEFFICIENT_SOLUTION,PRESSURE_OUTPUT,OUTPUT_DEMAND,FITNESS
0.2661274121158492,28.91104156214002,1.2,17.591320552679818
