EMITTER_COEFFICIENT_SOLUTION,PRESSURE_OUTPUT,OUTPUT_DEMAND,FITNESS
0.7835127901357024,28.77931434011378,1.2,13.354164677638337
