EMITTER_COEFFICIENT_SOLUTION,PRESSURE_OUTPUT,OUTPUT_DEMAND,FITNESS
0.43228972528969845,28.58455628432103,1.2,3.7086339580343206
