EMITTER_COEFFICIENT_SOLUTION,PRESSURE_OUTPUT,OUTPUT_DEMAND,FITNESS
0.971466601498888,28.726176484133603,1.2,7.8112268644031575
