EMITTER_COEFFICIENT_SOLUTION,PRESSURE_OUTPUT,OUTPUT_DEMAND,FITNESS
0.07668012426533632,28.953711654547575,1.2,10.04860429906741
