EMITTER_COEFFICIENT_SOLUTION,PRESSURE_OUTPUT,OUTPUT_DEMAND,FITNESS
0.37917523562284283,28.88413064431662,1.2,33.405380131241195
