EMITTER_COEFFICIENT_SOLUTION,PRESSURE_OUTPUT,OUTPUT_DEMAND,FITNESS
0.41636726634106336,28.87504441874968,1.2,47.96376511131943
