EMITTER_COEFFICIENT_SOLUTION,PRESSURE_OUTPUT,OUTPUT_DEMAND,FITNESS
0.9283040555311068,28.738621270492892,1.2,8.652309662994526
