EMITTER_COEFFICIENT_SOLUTION,PRESSURE_OUTPUT,OUTPUT_DEMAND,FITNESS
0.2514237127114769,28.914462898705665,1.2,16.592676570486177
