EMITTER_COEFFICIENT_SOLUTION,PRESSURE_OUTPUT,OUTPUT_DEMAND,FITNESS
0.46542125417052027,28.8628857458436,1.2,115.06951182250502
