EMITTER_COEFFICIENT_SOLUTION,PRESSURE_OUTPUT,OUTPUT_DEMAND,FITNESS
0.4882082566125585,28.566306854617267,1.2,3.4735429890652605
