EMITTER_COEFFICIENT_SOLUTION,PRESSURE_OUTPUT,OUTPUT_DEMAND,FITNESS
0.14671589702942045,28.938295724715026,1.2,11.890552958961113
