EMITTER_COEFFICIENT_SOLUTION,PRESSURE_OUTPUT,OUTPUT_DEMAND,FITNESS
0.3215640823062862,28.620022271797467,1.2,4.270309301272895
