EMITTER_COEFFICIENT_SOLUTION,PRESSURE_OUTPUT,OUTPUT_DEMAND,FITNESS
0.517041855912165,28.84987793618351,1.2,231.51307854265775
