EMITTER_COEFFICIENT_SOLUTION,PRESSURE_OUTPUT,OUTPUT_DEMAND,FITNESS
0.7034466522740965,28.80111156383274,1.2,18.837435337992776
