EMITTER_COEFFICIENT_SOLUTION,PRESSURE_OUTPUT,OUTPUT_DEMAND,FITNESS
0.9957188490468221,28.719121246225264,1.2,7.403234157056757
