EMITTER_COEFFICIENT_SOLUTION,PRESSURE_OUTPUT,OUTPUT_DEMAND,FITNESS
0.1412894299909302,28.9395053033508,1.2,11.721961162970508
