EMITTER_COEFFICIENT_SOLUTION,PRESSURE_OUTPUT,OUTPUT_DEMAND,FITNESS
0.7201620067863814,29.79637817462663,1.7,1.260044404002034
