EMITTER_COEFFICIENT_SOLUTION,PRESSURE_OUTPUT,OUTPUT_DEMAND,FITNESS
0.3376155942481056,30.24075399818649,1.7,2.8633030342633607
