EMITTER_COEFFICIENT_SOLUTION,PRESSURE_OUTPUT,OUTPUT_DEMAND,FITNESS
0.3507887550692965,30.226180353617785,1.7,2.7486070676413505
