EMITTER_COEFFICIENT_SOLUTION,PRESSURE_OUTPUT,OUTPUT_DEMAND,FITNESS
0.6407484317844163,29.892135489178617,1.7,1.432940852490342
