EMITTER_COEFFICIENT_SOLUTION,PRESSURE_OUTPUT,OUTPUT_DEMAND,FITNESS
0.05373218744311026,30.541385148285798,1.7,20.569422621220337
