EMITTER_COEFFICIENT_SOLUTION,PRESSURE_OUTPUT,OUTPUT_DEMAND,FITNESS
0.5734699413320201,29.97185437644094,1.7,1.6177391607226959
