EMITTER_COEFFICIENT_SOLUTION,PRESSURE_OUTPUT,OUTPUT_DEMAND,FITNESS
0.00022619480383556656,30.595083588032743,1.7,196.67276750058755
