EMITTER_COEFFICIENT_SOLUTION,PRESSURE_OUTPUT,OUTPUT_DEMAND,FITNESS
0.646959189438562,29.884710823516958,1.7,1.4178561297798593
