EMITTER_COEFFICIENT_SOLUTION,PRESSURE_OUTPUT,OUTPUT_DEMAND,FITNESS
0.242120766899812,30.344774369120355,1.7,4.0778605342043415
