EMITTER_COEFFICIENT_SOLUTION,PRESSURE_OUTPUT,OUTPUT_DEMAND,FITNESS
0.7264205365244893,29.7887563676495,1.7,1.2480582828573101
