EMITTER_COEFFICIENT_SOLUTION,PRESSURE_OUTPUT,OUTPUT_DEMAND,FITNESS
0.5259879893738277,30.02732519528796,1.7,1.7772223216737943
