EMITTER_COEFFICIENT_SOLUTION,PRESSURE_OUTPUT,OUTPUT_DEMAND,FITNESS
0.7189043672921969,29.79790844590591,1.7,1.2624787278093952
