EMITTER_COEFFICIENT_SOLUTION,PRESSURE_OUTPUT,OUTPUT_DEMAND,FITNESS
0.009653149921644344,30.585692668456023,1.7,232.1084136150081
