EMITTER_COEFFICIENT_SOLUTION,PRESSURE_OUTPUT,OUTPUT_DEMAND,FITNESS
0.786248927301799,29.7153489056248,1.7,1.1433117309509697
