EMITTER_COEFFICIENT_SOLUTION,PRESSURE_OUTPUT,OUTPUT_DEMAND,FITNESS
0.3047318879685532,30.276896911190974,1.7,3.1938260653310677
