EMITTER_COEFFICIENT_SOLUTION,PRESSURE_OUTPUT,OUTPUT_DEMAND,FITNESS
0.504405204233793,30.052320083717632,1.7,1.8598391159466796
