EMITTER_COEFFICIENT_SOLUTION,PRESSURE_OUTPUT,OUTPUT_DEMAND,FITNESS
0.011573908973321112,30.583775871820325,1.7,160.63926254002018
