EMITTER_COEFFICIENT_SOLUTION,PRESSURE_OUTPUT,OUTPUT_DEMAND,FITNESS
0.2151527855983446,30.373626759183402,1.7,4.6216222237267885
