EMITTER_COEFFICIENT_SOLUTION,PRESSURE_OUTPUT,OUTPUT_DEMAND,FITNESS
0.6910352979879728,29.831705565601325,1.7,1.3187472252064871
