EMITTER_COEFFICIENT_SOLUTION,PRESSURE_OUTPUT,OUTPUT_DEMAND,FITNESS
0.3315981746448047,30.247392786177336,1.7,2.9187858307378667
