EMITTER_COEFFICIENT_SOLUTION,PRESSURE_OUTPUT,OUTPUT_DEMAND,FITNESS
0.08160107491513191,30.513035428812042,1.7,12.992822434305072
