EMITTER_COEFFICIENT_SOLUTION,PRESSURE_OUTPUT,OUTPUT_DEMAND,FITNESS
0.578827444413186,29.96555413315021,1.7,1.6014172751715465
