EMITTER_COEFFICIENT_SOLUTION,PRESSURE_OUTPUT,OUTPUT_DEMAND,FITNESS
0.4996898756418713,30.057762511816723,1.7,1.87885698272848
