EMITTER_COEFFICIENT_SOLUTION,PRESSURE_OUTPUT,OUTPUT_DEMAND,FITNESS
0.765660846131484,29.74072102382253,1.7,1.1774680058994293
