EMITTER_COEFFICIENT_SOLUTION,PRESSURE_OUTPUT,OUTPUT_DEMAND,FITNESS
0.9898865383628956,29.458272506052854,1.7,0.8836041553679411
