EMITTER_COEFFICIENT_SOLUTION,PRESSURE_OUTPUT,OUTPUT_DEMAND,FITNESS
0.44655002350710826,30.118638006561063,1.7,2.1215072331076983
