EMITTER_COEFFICIENT_SOLUTION,PRESSURE_OUTPUT,OUTPUT_DEMAND,FITNESS
1.002415779835082,29.44210118725122,1.7,0.871156166151282
