EMITTER_COEFFICIENT_SOLUTION,PRESSURE_OUTPUT,OUTPUT_DEMAND,FITNESS
0.47900530896852245,30.081558719219416,1.7,1.9667915863817498
