EMITTER_COEFFICIENT_SOLUTION,PRESSURE_OUTPUT,OUTPUT_DEMAND,FITNESS
0.42537675425865085,30.14265688156469,1.7,2.2354155532383735
