EMITTER_COEFFICIENT_SOLUTION,PRESSURE_OUTPUT,OUTPUT_DEMAND,FITNESS
0.593940263487295,29.947737086156852,1.7,1.5569923491672586
