EMITTER_COEFFICIENT_SOLUTION,PRESSURE_OUTPUT,OUTPUT_DEMAND,FITNESS
0.30606032908071223,30.27544334321935,1.7,3.1790674251408593
