EMITTER_COEFFICIENT_SOLUTION,PRESSURE_OUTPUT,OUTPUT_DEMAND,FITNESS
0.6377140671688462,29.89575892823472,1.7,1.4404197623132462
