EMITTER_COEFFICIENT_SOLUTION,PRESSURE_OUTPUT,OUTPUT_DEMAND,FITNESS
0.8804560168864097,29.597785218458522,1.7,1.0078452878933544
