EMITTER_COEFFICIENT_SOLUTION,PRESSURE_OUTPUT,OUTPUT_DEMAND,FITNESS
0.7538264543751376,29.755252685919483,1.7,1.1979658816100873
