EMITTER_COEFFICIENT_SOLUTION,PRESSURE_OUTPUT,OUTPUT_DEMAND,FITNESS
0.5031480484373256,30.05377173705734,1.7,1.8648739804170853
