EMITTER_COEFFICIENT_SOLUTION,PRESSURE_OUTPUT,OUTPUT_DEMAND,FITNESS
0.6077802578849336,29.93136267811354,1.7,1.5182839606657246
