EMITTER_COEFFICIENT_SOLUTION,PRESSURE_OUTPUT,OUTPUT_DEMAND,FITNESS
0.49914311571834724,30.058393154471545,1.7,1.881085857575958
