EMITTER_COEFFICIENT_SOLUTION,PRESSURE_OUTPUT,OUTPUT_DEMAND,FITNESS
0.6788855768768236,29.846371445956606,1.7,1.3447555904181374
