EMITTER_COEFFICIENT_SOLUTION,PRESSURE_OUTPUT,OUTPUT_DEMAND,FITNESS
0.647792002635089,29.883714399395856,1.7,1.4158558284195393
