EMITTER_COEFFICIENT_SOLUTION,PRESSURE_OUTPUT,OUTPUT_DEMAND,FITNESS
0.41823794711378004,30.150724250349406,1.7,2.276469220816743
