EMITTER_COEFFICIENT_SOLUTION,PRESSURE_OUTPUT,OUTPUT_DEMAND,FITNESS
0.47882500744295675,30.081765580897503,1.7,1.967592108723789
