EMITTER_COEFFICIENT_SOLUTION,PRESSURE_OUTPUT,OUTPUT_DEMAND,FITNESS
0.5386049008863494,30.012649961770133,1.7,1.7320485004512285
