EMITTER_COEFFICIENT_SOLUTION,PRESSURE_OUTPUT,OUTPUT_DEMAND,FITNESS
0.30589784071289294,30.27562116618048,1.7,3.18086560403896
