EMITTER_COEFFICIENT_SOLUTION,PRESSURE_OUTPUT,OUTPUT_DEMAND,FITNESS
0.6331715683093591,29.901178368483368,1.7,1.4517525328664447
