EMITTER_COEFFICIENT_SOLUTION,PRESSURE_OUTPUT,OUTPUT_DEMAND,FITNESS
0.9431515899121228,29.518236491217873,1.7,0.9330407862976595
