EMITTER_COEFFICIENT_SOLUTION,PRESSURE_OUTPUT,OUTPUT_DEMAND,FITNESS
0.549603487739408,29.99981890618113,1.7,1.6943923078542344
