EMITTER_COEFFICIENT_SOLUTION,PRESSURE_OUTPUT,OUTPUT_DEMAND,FITNESS
0.11756564898483068,30.47606879037187,1.7,8.777149177251552
