EMITTER_COEFFICIENT_SOLUTION,PRESSURE_OUTPUT,OUTPUT_DEMAND,FITNESS
0.8945851973826626,29.5799482779788,1.7,0.9900473294096147
