EMITTER_COEFFICIENT_SOLUTION,PRESSURE_OUTPUT,OUTPUT_DEMAND,FITNESS
0.8044392133854321,29.69283540778128,1.7,1.114621435187866
