EMITTER_COEFFICIENT_SOLUTION,PRESSURE_OUTPUT,OUTPUT_DEMAND,FITNESS
0.6229971491727755,29.91329557170887,1.7,1.4777478622053866
