EMITTER_COEFFICIENT_SOLUTION,PRESSURE_OUTPUT,OUTPUT_DEMAND,FITNESS
0.15830706409291206,30.433677519706897,1.7,6.3969916619373235
