EMITTER_COEFFICIENT_SOLUTION,PRESSURE_OUTPUT,OUTPUT_DEMAND,FITNESS
0.33965785085112654,30.238497897474836,1.7,2.8449251025555653
