EMITTER_COEFFICIENT_SOLUTION,PRESSURE_OUTPUT,OUTPUT_DEMAND,FITNESS
0.37806774046210134,30.19583125057088,1.7,2.536978044226655
