EMITTER_COEFFICIENT_SOLUTION,PRESSURE_OUTPUT,OUTPUT_DEMAND,FITNESS
0.005227541552113246,30.590104967981347,1.7,9436.812773905809
