EMITTER_COEFFICIENT_SOLUTION,PRESSURE_OUTPUT,OUTPUT_DEMAND,FITNESS
0.42331455469954116,30.14498897878492,1.7,2.247130307333173
