EMITTER_COEFFICIENT_SOLUTION,PRESSURE_OUTPUT,OUTPUT_DEMAND,FITNESS
0.2248904595033827,30.36323551244396,1.7,4.409842127113261
