EMITTER_COEFFICIENT_SOLUTION,PRESSURE_OUTPUT,OUTPUT_DEMAND,FITNESS
0.5903557136094826,29.951969026389968,1.7,1.567319572312224
