EMITTER_COEFFICIENT_SOLUTION,PRESSURE_OUTPUT,OUTPUT_DEMAND,FITNESS
0.47761413394935825,30.08315457602153,1.7,1.9729842269588178
