EMITTER_COEFFICIENT_SOLUTION,PRESSURE_OUTPUT,OUTPUT_DEMAND,FITNESS
0.8056040415843451,29.691390672591613,1.7,1.1128294094772124
