EMITTER_COEFFICIENT_SOLUTION,PRESSURE_OUTPUT,OUTPUT_DEMAND,FITNESS
0.6846951859335737,29.839363875131454,1.7,1.3322016282836044
