EMITTER_COEFFICIENT_SOLUTION,PRESSURE_OUTPUT,OUTPUT_DEMAND,FITNESS
0.7151145706661666,29.802517130319206,1.7,1.269867280462963
