EMITTER_COEFFICIENT_SOLUTION,PRESSURE_OUTPUT,OUTPUT_DEMAND,FITNESS
0.4287585363751747,30.138829705010956,1.7,2.216453065845608
