EMITTER_COEFFICIENT_SOLUTION,PRESSURE_OUTPUT,OUTPUT_DEMAND,FITNESS
0.5340032309022475,30.018007774755564,1.7,1.7482724547526918
