EMITTER_COEFFICIENT_SOLUTION,PRESSURE_OUTPUT,OUTPUT_DEMAND,FITNESS
0.6188217959171352,29.918259615436334,1.7,1.4886681436927642
