EMITTER_COEFFICIENT_SOLUTION,PRESSURE_OUTPUT,OUTPUT_DEMAND,FITNESS
0.20491614741070618,30.38451762470568,1.7,4.866573748692175
