EMITTER_COEFFICIENT_SOLUTION,PRESSURE_OUTPUT,OUTPUT_DEMAND,FITNESS
0.28396003818742055,30.299553186207287,1.7,3.4429592942768106
