EMITTER_COEFFICIENT_SOLUTION,PRESSURE_OUTPUT,OUTPUT_DEMAND,FITNESS
0.6431576030768908,29.889256744474995,1.7,1.4270541529459841
