EMITTER_COEFFICIENT_SOLUTION,PRESSURE_OUTPUT,OUTPUT_DEMAND,FITNESS
0.21474206967198173,30.374064372770423,1.7,4.630988326666939
