EMITTER_COEFFICIENT_SOLUTION,PRESSURE_OUTPUT,OUTPUT_DEMAND,FITNESS
0.8209750687453301,29.672291549310383,1.7,1.0896695018761613
