EMITTER_COEFFICIENT_SOLUTION,PRESSURE_OUTPUT,OUTPUT_DEMAND,FITNESS
0.04265297341848617,30.552583331709407,1.7,26.72534248349745
