EMITTER_COEFFICIENT_SOLUTION,PRESSURE_OUTPUT,OUTPUT_DEMAND,FITNESS
0.9097132864439854,29.56079185132927,1.7,0.9716198124468146
