EMITTER_COEFFICIENT_SOLUTION,PRESSURE_OUTPUT,OUTPUT_DEMAND,FITNESS
0.8324377195147286,29.658007166306653,1.7,1.0729684723740667
