EMITTER_COEFFICIENT_SOLUTION,PRESSURE_OUTPUT,OUTPUT_DEMAND,FITNESS
0.7124769363172934,29.80572233174241,1.7,1.2750569924612012
