EMITTER_COEFFICIENT_SOLUTION,PRESSURE_OUTPUT,OUTPUT_DEMAND,FITNESS
0.6544514325641808,29.87573958918689,1.7,1.4000476364271253
