EMITTER_COEFFICIENT_SOLUTION,PRESSURE_OUTPUT,OUTPUT_DEMAND,FITNESS
0.9177584593928447,29.55057987158279,1.7,0.9620739589186166
