EMITTER_COEFFICIENT_SOLUTION,PRESSURE_OUTPUT,OUTPUT_DEMAND,FITNESS
0.5104403950524485,30.045344649043695,1.7,1.8360200854065238
