EMITTER_COEFFICIENT_SOLUTION,PRESSURE_OUTPUT,OUTPUT_DEMAND,FITNESS
0.03959323903157741,30.555668658652017,1.7,29.127055153748177
