EMITTER_COEFFICIENT_SOLUTION,PRESSURE_OUTPUT,OUTPUT_DEMAND,FITNESS
0.6649422502326565,29.86315106252147,1.7,1.3757998019082718
