EMITTER_COEFFICIENT_SOLUTION,PRESSURE_OUTPUT,OUTPUT_DEMAND,FITNESS
0.8490094736625808,29.63729346752253,1.7,1.0496400688672494
