EMITTER_COEFFICIENT_SOLUTION,PRESSURE_OUTPUT,OUTPUT_DEMAND,FITNESS
0.6634129747148374,29.86498806987417,1.7,1.379285745740346
