EMITTER_COEFFICIENT_SOLUTION,PRESSURE_OUTPUT,OUTPUT_DEMAND,FITNESS
0.3574455469239559,30.2187955583535,1.7,2.6939260253417827
