EMITTER_COEFFICIENT_SOLUTION,PRESSURE_OUTPUT,OUTPUT_DEMAND,FITNESS
0.16228120862983664,30.429513377072823,1.7,6.231010103836857
