EMITTER_COEFFICIENT_SOLUTION,PRESSURE_OUTPUT,OUTPUT_DEMAND,FITNESS
0.003807361901968731,30.591519468878378,1.7,657.6918569137761
