EMITTER_COEFFICIENT_SOLUTION,PRESSURE_OUTPUT,OUTPUT_DEMAND,FITNESS
0.4832494227193964,30.076686350755647,1.7,1.9481228550014964
