EMITTER_COEFFICIENT_SOLUTION,PRESSURE_OUTPUT,OUTPUT_DEMAND,FITNESS
0.6822917808642925,29.842264024221173,1.7,1.337368663571065
