EMITTER_COEFFICIENT_SOLUTION,PRESSURE_OUTPUT,OUTPUT_DEMAND,FITNESS
0.657219277647402,29.872421327451097,1.7,1.3935734779775966
