EMITTER_COEFFICIENT_SOLUTION,PRESSURE_OUTPUT,OUTPUT_DEMAND,FITNESS
0.6422435944890701,29.890349098000236,1.7,1.4292821861010783
