EMITTER_COEFFICIENT_SOLUTION,PRESSURE_OUTPUT,OUTPUT_DEMAND,FITNESS
0.7355903823827432,29.777569415270264,1.7,1.2308728744619906
