EMITTER_COEFFICIENT_SOLUTION,PRESSURE_OUTPUT,OUTPUT_DEMAND,FITNESS
0.14915608581308493,30.443246404977437,1.7,6.814096688735726
