EMITTER_COEFFICIENT_SOLUTION,PRESSURE_OUTPUT,OUTPUT_DEMAND,FITNESS
0.43462125369259663,30.13218663407788,1.7,2.184291438705335
