EMITTER_COEFFICIENT_SOLUTION,PRESSURE_OUTPUT,OUTPUT_DEMAND,FITNESS
0.8562534721804183,29.628215772292045,1.7,1.0397331661904547
