EMITTER_COEFFICIENT_SOLUTION,PRESSURE_OUTPUT,OUTPUT_DEMAND,FITNESS
0.9514819117516364,29.50758950961393,1.7,0.9238630676798558
