EMITTER_COEFFICIENT_SOLUTION,PRESSURE_OUTPUT,OUTPUT_DEMAND,FITNESS
0.9648356345627407,29.49048458211253,1.7,0.9094907395028498
