EMITTER_COEFFICIENT_SOLUTION,PRESSURE_OUTPUT,OUTPUT_DEMAND,FITNESS
0.7372061924270619,29.77559575436389,1.7,1.2278899299315402
