EMITTER_COEFFICIENT_SOLUTION,PRESSURE_OUTPUT,OUTPUT_DEMAND,FITNESS
0.5840119020292369,29.959449449047057,1.7,1.5859131556947481
