EMITTER_COEFFICIENT_SOLUTION,PRESSURE_OUTPUT,OUTPUT_DEMAND,FITNESS
0.18517461953843006,30.405425468858635,1.7,5.417836231142181
