EMITTER_COEFFICIENT_SOLUTION,PRESSURE_OUTPUT,OUTPUT_DEMAND,FITNESS
0.743974298253308,29.767320866657684,1.7,1.2155392593926924
