EMITTER_COEFFICIENT_SOLUTION,PRESSURE_OUTPUT,OUTPUT_DEMAND,FITNESS
0.6442852575928051,29.88790872947923,1.7,1.4243142133700717
