EMITTER_COEFFICIENT_SOLUTION,PRESSURE_OUTPUT,OUTPUT_DEMAND,FITNESS
0.38360968226816494,30.18963758556249,1.7,2.4977307214870015
