EMITTER_COEFFICIENT_SOLUTION,PRESSURE_OUTPUT,OUTPUT_DEMAND,FITNESS
0.21011973766837766,30.37898568231086,1.7,4.738992462495814
