EMITTER_COEFFICIENT_SOLUTION,PRESSURE_OUTPUT,OUTPUT_DEMAND,FITNESS
0.9776977606096824,29.47396579325178,1.7,0.8960290804030174
