EMITTER_COEFFICIENT_SOLUTION,PRESSURE_OUTPUT,OUTPUT_DEMAND,FITNESS
0.9768010463507775,29.475118822743294,1.7,0.8969557684208511
