EMITTER_COEFFICIENT_SOLUTION,PRESSURE_OUTPUT,OUTPUT_DEMAND,FITNESS
0.5876428909425349,29.95516932820524,1.7,1.5752207150800428
