EMITTER_COEFFICIENT_SOLUTION,PRESSURE_OUTPUT,OUTPUT_DEMAND,FITNESS
0.924621657166107,29.54185479243874,1.7,0.954065370638242
