EMITTER_COEFFICIENT_SOLUTION,PRESSURE_OUTPUT,OUTPUT_DEMAND,FITNESS
0.7552877985389568,29.753460362824097,1.7,1.1953991899017875
