EMITTER_COEFFICIENT_SOLUTION,PRESSURE_OUTPUT,OUTPUT_DEMAND,FITNESS
0.23697365125771497,30.350299100822244,1.7,4.171848464406331
