EMITTER_COEFFICIENT_SOLUTION,PRESSURE_OUTPUT,OUTPUT_DEMAND,FITNESS
0.7896784617925161,29.711111185178446,1.7,1.1377990541431358
