EMITTER_COEFFICIENT_SOLUTION,PRESSURE_OUTPUT,OUTPUT_DEMAND,FITNESS
0.20423199140607107,30.385244303353083,1.7,4.883845150737143
