EMITTER_COEFFICIENT_SOLUTION,PRESSURE_OUTPUT,OUTPUT_DEMAND,FITNESS
0.7532643457888084,29.755941949292158,1.7,1.1989558762671881
