EMITTER_COEFFICIENT_SOLUTION,PRESSURE_OUTPUT,OUTPUT_DEMAND,FITNESS
0.7389874085667161,29.773419216531487,1.7,1.2246170809155201
