EMITTER_COEFFICIENT_SOLUTION,PRESSURE_OUTPUT,OUTPUT_DEMAND,FITNESS
0.8372725977031963,29.651971481954796,1.7,1.0660645328986431
