EMITTER_COEFFICIENT_SOLUTION,PRESSURE_OUTPUT,OUTPUT_DEMAND,FITNESS
0.2223633859334868,30.36593511966684,1.7,4.462973115376236
