EMITTER_COEFFICIENT_SOLUTION,PRESSURE_OUTPUT,OUTPUT_DEMAND,FITNESS
0.15919636715555696,30.43274614736488,1.7,6.35910423902986
