EMITTER_COEFFICIENT_SOLUTION,PRESSURE_OUTPUT,OUTPUT_DEMAND,FITNESS
0.4919118549187178,30.06672545915585,1.7,1.911039064403428
