EMITTER_COEFFICIENT_SOLUTION,PRESSURE_OUTPUT,OUTPUT_DEMAND,FITNESS
0.3026195708035091,30.279207049653163,1.7,3.217565846709787
