EMITTER_COEFFICIENT_SOLUTION,PRESSURE_OUTPUT,OUTPUT_DEMAND,FITNESS
0.720729551550157,29.795687452881936,1.7,1.2589486905117118
