EMITTER_COEFFICIENT_SOLUTION,PRESSURE_OUTPUT,OUTPUT_DEMAND,FITNESS
0.3370356190203392,30.241394381597893,1.7,2.868562864880924
