EMITTER_COEFFICIENT_SOLUTION,PRESSURE_OUTPUT,OUTPUT_DEMAND,FITNESS
0.05640025103564872,30.538682285835083,1.7,19.486068898500143
