EMITTER_COEFFICIENT_SOLUTION,PRESSURE_OUTPUT,OUTPUT_DEMAND,FITNESS
0.6886525163873358,29.83458508680578,1.7,1.3237740727112508
