EMITTER_COEFFICIENT_SOLUTION,PRESSURE_OUTPUT,OUTPUT_DEMAND,FITNESS
0.26664017994116085,30.318340330877152,1.7,3.6810628613588188
