EMITTER_COEFFICIENT_SOLUTION,PRESSURE_OUTPUT,OUTPUT_DEMAND,FITNESS
0.8833945144400275,29.594079958636332,1.7,1.004095664683163
