EMITTER_COEFFICIENT_SOLUTION,PRESSURE_OUTPUT,OUTPUT_DEMAND,FITNESS
0.6939989377482665,29.828121868072667,1.7,1.3125441531260884
