EMITTER_COEFFICIENT_SOLUTION,PRESSURE_OUTPUT,OUTPUT_DEMAND,FITNESS
0.7257255896831223,29.789603230706387,1.7,1.2493787943493957
