EMITTER_COEFFICIENT_SOLUTION,PRESSURE_OUTPUT,OUTPUT_DEMAND,FITNESS
0.057818343812257256,30.53724472708492,1.7,18.95509187333412
