EMITTER_COEFFICIENT_SOLUTION,PRESSURE_OUTPUT,OUTPUT_DEMAND,FITNESS
0.2471043781342559,30.339417088024994,1.7,3.9906791785569444
