EMITTER_COEFFICIENT_SOLUTION,PRESSURE_OUTPUT,OUTPUT_DEMAND,FITNESS
0.30787704106805136,30.27345461841595,1.7,3.1590947114790517
