EMITTER_COEFFICIENT_SOLUTION,PRESSURE_OUTPUT,OUTPUT_DEMAND,FITNESS
0.5817283996689797,29.962139227752207,1.7,1.5927072553245658
