EMITTER_COEFFICIENT_SOLUTION,PRESSURE_OUTPUT,OUTPUT_DEMAND,FITNESS
0.4145078603002128,30.154933492257754,1.7,2.298493870961394
