EMITTER_COEFFICIENT_SOLUTION,PRESSURE_OUTPUT,OUTPUT_DEMAND,FITNESS
0.9832035820678005,29.46688166544813,1.7,0.8903773350131187
