EMITTER_COEFFICIENT_SOLUTION,PRESSURE_OUTPUT,OUTPUT_DEMAND,FITNESS
0.29654315172729584,30.28584472589682,1.7,3.287783567669441
