EMITTER_COEFFICIENT_SOLUTION,PRESSURE_OUTPUT,OUTPUT_DEMAND,FITNESS
0.03910714890199252,30.55615852485277,1.7,29.548666155460843
