EMITTER_COEFFICIENT_SOLUTION,PRESSURE_OUTPUT,OUTPUT_DEMAND,FITNESS
0.06481273229119577,30.530144485589663,1.7,16.706619318737012
