EMITTER_COEFFICIENT_SOLUTION,PRESSURE_OUTPUT,OUTPUT_DEMAND,FITNESS
0.8575439730237031,29.62659712990902,1.7,1.0379862807750222
