EMITTER_COEFFICIENT_SOLUTION,PRESSURE_OUTPUT,OUTPUT_DEMAND,FITNESS
0.1883939960406924,30.40202448587542,1.7,5.319813513177784
