EMITTER_COEFFICIENT_SOLUTION,PRESSURE_OUTPUT,OUTPUT_DEMAND,FITNESS
0.08686076819302113,30.50765595119818,1.7,12.144020976983322
