EMITTER_COEFFICIENT_SOLUTION,PRESSURE_OUTPUT,OUTPUT_DEMAND,FITNESS
0.12911274817677243,30.464109373362803,1.7,7.9433400513750225
