EMITTER_COEFFICIENT_SOLUTION,PRESSURE_OUTPUT,OUTPUT_DEMAND,FITNESS
0.7270352446157584,29.7880071716901,1.7,1.24689238832096
