EMITTER_COEFFICIENT_SOLUTION,PRESSURE_OUTPUT,OUTPUT_DEMAND,FITNESS
0.6294219285340659,29.905647442223405,1.7,1.4612329966529471
