EMITTER_COEFFICIENT_SOLUTION,PRESSURE_OUTPUT,OUTPUT_DEMAND,FITNESS
0.6550481104981938,29.87502443919553,1.7,1.3986472491837105
