EMITTER_COEFFICIENT_SOLUTION,PRESSURE_OUTPUT,OUTPUT_DEMAND,FITNESS
0.534236093522086,30.017736797891736,1.7,1.7474446179158605
