EMITTER_COEFFICIENT_SOLUTION,PRESSURE_OUTPUT,OUTPUT_DEMAND,FITNESS
0.0056116103844841,30.589722317334452,1.7,3588.310733409187
