EMITTER_COEFFICIENT_SOLUTION,PRESSURE_OUTPUT,OUTPUT_DEMAND,FITNESS
0.5960603720076088,29.945232324998383,1.7,1.5509438326815301
