EMITTER_COEFFICIENT_SOLUTION,PRESSURE_OUTPUT,OUTPUT_DEMAND,FITNESS
0.6557248915704357,29.874213158965052,1.7,1.3970620100980111
