EMITTER_COEFFICIENT_SOLUTION,PRESSURE_OUTPUT,OUTPUT_DEMAND,FITNESS
0.5189101981398849,30.035537117353027,1.7,1.8035439841925631
