EMITTER_COEFFICIENT_SOLUTION,PRESSURE_OUTPUT,OUTPUT_DEMAND,FITNESS
0.38733795290595063,30.18546557303158,1.7,2.4719713857794248
