EMITTER_COEFFICIENT_SOLUTION,PRESSURE_OUTPUT,OUTPUT_DEMAND,FITNESS
0.9857433361426287,29.463611237474506,1.7,0.8877921597563941
