EMITTER_COEFFICIENT_SOLUTION,PRESSURE_OUTPUT,OUTPUT_DEMAND,FITNESS
0.7314618628003575,29.782608982165282,1.7,1.2385557175581483
