EMITTER_COEFFICIENT_SOLUTION,PRESSURE_OUTPUT,OUTPUT_DEMAND,FITNESS
0.040428296746558345,30.55482692850803,1.7,28.43003262298887
