EMITTER_COEFFICIENT_SOLUTION,PRESSURE_OUTPUT,OUTPUT_DEMAND,FITNESS
0.4540321496652482,30.11011794561329,1.7,2.083841033474288
