EMITTER_COEFFICIENT_SOLUTION,PRESSURE_OUTPUT,OUTPUT_DEMAND,FITNESS
0.6703253396989186,29.856679481777515,1.7,1.3636583342377895
