EMITTER_COEFFICIENT_SOLUTION,PRESSURE_OUTPUT,OUTPUT_DEMAND,FITNESS
0.9516672827181312,29.5073523821123,1.7,0.9236607182402793
