EMITTER_COEFFICIENT_SOLUTION,PRESSURE_OUTPUT,OUTPUT_DEMAND,FITNESS
0.08527443689842751,30.509279378034385,1.7,12.388254542580633
