EMITTER_COEFFICIENT_SOLUTION,PRESSURE_OUTPUT,OUTPUT_DEMAND,FITNESS
0.3632629836820387,30.212330697470097,1.7,2.6478121083423654
