EMITTER_COEFFICIENT_SOLUTION,PRESSURE_OUTPUT,OUTPUT_DEMAND,FITNESS
0.2877707308473769,30.295406953697167,1.7,3.3945017306019634
