EMITTER_COEFFICIENT_SOLUTION,PRESSURE_OUTPUT,OUTPUT_DEMAND,FITNESS
0.6272831582716083,29.90819477114775,1.7,1.466692379275258
