EMITTER_COEFFICIENT_SOLUTION,PRESSURE_OUTPUT,OUTPUT_DEMAND,FITNESS
0.0070964727494109425,30.588242467209955,1.7,568.6558736130672
