EMITTER_COEFFICIENT_SOLUTION,PRESSURE_OUTPUT,OUTPUT_DEMAND,FITNESS
0.8906474925034431,29.584924619709586,1.7,0.9949492591906826
