EMITTER_COEFFICIENT_SOLUTION,PRESSURE_OUTPUT,OUTPUT_DEMAND,FITNESS
0.45717428992234477,30.10653489716042,1.7,2.0683973377380918
