EMITTER_COEFFICIENT_SOLUTION,PRESSURE_OUTPUT,OUTPUT_DEMAND,FITNESS
0.728381493058947,29.786366019586925,1.7,1.2443460331778888
