EMITTER_COEFFICIENT_SOLUTION,PRESSURE_OUTPUT,OUTPUT_DEMAND,FITNESS
0.31417234294442165,30.2665552592779,1.7,3.091708667325407
