EMITTER_COEFFICIENT_SOLUTION,PRESSURE_OUTPUT,OUTPUT_DEMAND,FITNESS
0.4114227546571547,30.15841170261063,1.7,2.3170176045811894
