EMITTER_COEFFICIENT_SOLUTION,PRESSURE_OUTPUT,OUTPUT_DEMAND,FITNESS
0.8243392659858071,29.668102871553593,1.7,1.0847185487676512
