EMITTER_COEFFICIENT_SOLUTION,PRESSURE_OUTPUT,OUTPUT_DEMAND,FITNESS
0.38910384839278733,30.183488011929168,1.7,2.45994600257583
