EMITTER_COEFFICIENT_SOLUTION,PRESSURE_OUTPUT,OUTPUT_DEMAND,FITNESS
0.613467184842214,29.92461834390154,1.7,1.5028945988216795
