EMITTER_COEFFICIENT_SOLUTION,PRESSURE_OUTPUT,OUTPUT_DEMAND,FITNESS
0.6787528126589499,29.84653147542345,1.7,1.3450450448114335
