EMITTER_COEFFICIENT_SOLUTION,PRESSURE_OUTPUT,OUTPUT_DEMAND,FITNESS
0.8129821838970628,29.68223101926047,1.7,1.101600649082198
