EMITTER_COEFFICIENT_SOLUTION,PRESSURE_OUTPUT,OUTPUT_DEMAND,FITNESS
0.6704861718408559,29.856486002334208,1.7,1.3632986417213315
