EMITTER_COEFFICIENT_SOLUTION,PRESSURE_OUTPUT,OUTPUT_DEMAND,FITNESS
0.7614202713303497,29.745932533885924,1.7,1.1847380161040748
