EMITTER_COEFFICIENT_SOLUTION,PRESSURE_OUTPUT,OUTPUT_DEMAND,FITNESS
0.5812246437372965,29.962732407287017,1.7,1.594213406532801
