EMITTER_COEFFICIENT_SOLUTION,PRESSURE_OUTPUT,OUTPUT_DEMAND,FITNESS
0.6852184754222108,29.83873221472036,1.7,1.3310815244743268
