EMITTER_COEFFICIENT_SOLUTION,PRESSURE_OUTPUT,OUTPUT_DEMAND,FITNESS
0.09477355478192151,30.49954565095355,1.7,11.055178168473923
