EMITTER_COEFFICIENT_SOLUTION,PRESSURE_OUTPUT,OUTPUT_DEMAND,FITNESS
0.057428244293210584,30.537640248568668,1.7,19.098274426245283
