EMITTER_COEFFICIENT_SOLUTION,PRESSURE_OUTPUT,OUTPUT_DEMAND,FITNESS
0.4729250032595693,30.08852934988529,1.7,1.9941306747275882
