EMITTER_COEFFICIENT_SOLUTION,PRESSURE_OUTPUT,OUTPUT_DEMAND,FITNESS
0.6792959897990356,29.84587671675928,1.7,1.3438615329752697
