EMITTER_COEFFICIENT_SOLUTION,PRESSURE_OUTPUT,OUTPUT_DEMAND,FITNESS
0.39838681432195044,30.17307666019715,1.7,2.3985167200189577
