EMITTER_COEFFICIENT_SOLUTION,PRESSURE_OUTPUT,OUTPUT_DEMAND,FITNESS
0.02498428152909038,30.57035661873076,1.7,50.90514108305451
