EMITTER_COEFFICIENT_SOLUTION,PRESSURE_OUTPUT,OUTPUT_DEMAND,FITNESS
0.1562401381761369,30.435841227245735,1.7,6.486776557422858
