EMITTER_COEFFICIENT_SOLUTION,PRESSURE_OUTPUT,OUTPUT_DEMAND,FITNESS
0.9053898217916558,29.566272729081586,1.7,0.9768217098301616
