EMITTER_COEFFICIENT_SOLUTION,PRESSURE_OUTPUT,OUTPUT_DEMAND,FITNESS
0.043850981960714686,30.551374445560228,1.7,25.888925753376167
