EMITTER_COEFFICIENT_SOLUTION,PRESSURE_OUTPUT,OUTPUT_DEMAND,FITNESS
0.022847026374904544,30.572499360958336,1.7,57.13750567129268
