EMITTER_COEFFICIENT_SOLUTION,PRESSURE_OUTPUT,OUTPUT_DEMAND,FITNESS
1.0047130532328667,29.439131777101373,1.7,0.8689084564111975
