EMITTER_COEFFICIENT_SOLUTION,PRESSURE_OUTPUT,OUTPUT_DEMAND,FITNESS
0.3924085229017109,30.179784662490572,1.7,2.437738111727494
