EMITTER_COEFFICIENT_SOLUTION,PRESSURE_OUTPUT,OUTPUT_DEMAND,FITNESS
0.7325351807325238,29.781299268403906,1.7,1.2365498439410416
