EMITTER_COEFFICIENT_SOLUTION,PRESSURE_OUTPUT,OUTPUT_DEMAND,FITNESS
0.9408579176270895,29.521164865913068,1.7,0.9355971117633145
