EMITTER_COEFFICIENT_SOLUTION,PRESSURE_OUTPUT,OUTPUT_DEMAND,FITNESS
0.1405111573200657,30.45226099218231,1.7,7.260054764361453
