EMITTER_COEFFICIENT_SOLUTION,PRESSURE_OUTPUT,OUTPUT_DEMAND,FITNESS
0.09335377900291109,30.50100239542714,1.7,11.236131226993937
