EMITTER_COEFFICIENT_SOLUTION,PRESSURE_OUTPUT,OUTPUT_DEMAND,FITNESS
0.4166725484259939,30.152491250358434,1.7,2.285663349946509
