EMITTER_COEFFICIENT_SOLUTION,PRESSURE_OUTPUT,OUTPUT_DEMAND,FITNESS
0.9920531253812659,29.455478994159105,1.7,0.8814284737111037
