EMITTER_COEFFICIENT_SOLUTION,PRESSURE_OUTPUT,OUTPUT_DEMAND,FITNESS
0.8393389298038694,29.649390031207112,1.7,1.0631387823207374
