EMITTER_COEFFICIENT_SOLUTION,PRESSURE_OUTPUT,OUTPUT_DEMAND,FITNESS
0.8726879513728878,29.60756922073709,1.7,1.0178823823780128
