EMITTER_COEFFICIENT_SOLUTION,PRESSURE_OUTPUT,OUTPUT_DEMAND,FITNESS
0.05060718045707202,30.544547881056825,1.7,22.000690453172222
