EMITTER_COEFFICIENT_SOLUTION,PRESSURE_OUTPUT,OUTPUT_DEMAND,FITNESS
0.056342679904230586,30.53874063301728,1.7,19.50824894283547
