EMITTER_COEFFICIENT_SOLUTION,PRESSURE_OUTPUT,OUTPUT_DEMAND,FITNESS
0.4022391488245778,30.168748321642422,1.7,2.3738721469947683
