EMITTER_COEFFICIENT_SOLUTION,PRESSURE_OUTPUT,OUTPUT_DEMAND,FITNESS
0.739186872920645,29.77317542848237,1.7,1.2242515842666888
