EMITTER_COEFFICIENT_SOLUTION,PRESSURE_OUTPUT,OUTPUT_DEMAND,FITNESS
0.9620781003028875,29.49402051783886,1.7,0.9124250078141182
