EMITTER_COEFFICIENT_SOLUTION,PRESSURE_OUTPUT,OUTPUT_DEMAND,FITNESS
0.2660350926504085,30.318994964073518,1.7,3.6899547147771954
