EMITTER_COEFFICIENT_SOLUTION,PRESSURE_OUTPUT,OUTPUT_DEMAND,FITNESS
0.1506099672693184,30.44172795456862,1.7,6.744314161017184
