EMITTER_COEFFICIENT_SOLUTION,PRESSURE_OUTPUT,OUTPUT_DEMAND,FITNESS
0.32792060160098413,30.251444746004722,1.7,2.9537188818669664
