EMITTER_COEFFICIENT_SOLUTION,PRESSURE_OUTPUT,OUTPUT_DEMAND,FITNESS
0.1934075355859668,30.396721456060316,1.7,5.173853267741914
