EMITTER_COEFFICIENT_SOLUTION,PRESSURE_OUTPUT,OUTPUT_DEMAND,FITNESS
0.18953739981770212,30.400815775284038,1.7,5.285825050562873
