EMITTER_COEFFICIENT_SOLUTION,PRESSURE_OUTPUT,OUTPUT_DEMAND,FITNESS
0.3397920908689229,30.23834957543404,1.7,2.8437251497965335
