EMITTER_COEFFICIENT_SOLUTION,PRESSURE_OUTPUT,OUTPUT_DEMAND,FITNESS
0.3171453875417729,30.26329263026819,1.7,3.0608337362794957
