EMITTER_COEFFICIENT_SOLUTION,PRESSURE_OUTPUT,OUTPUT_DEMAND,FITNESS
0.8365782312305361,29.65283869028737,1.7,1.067051021617205
