EMITTER_COEFFICIENT_SOLUTION,PRESSURE_OUTPUT,OUTPUT_DEMAND,FITNESS
0.48734240810268226,30.071982632863442,1.7,1.9304334815919448
