EMITTER_COEFFICIENT_SOLUTION,PRESSURE_OUTPUT,OUTPUT_DEMAND,FITNESS
0.1893545366799172,30.401009111260077,1.7,5.291232373343429
