EMITTER_COEFFICIENT_SOLUTION,PRESSURE_OUTPUT,OUTPUT_DEMAND,FITNESS
0.7783010840882363,29.725157341712602,1.7,1.1562783520668294
