EMITTER_COEFFICIENT_SOLUTION,PRESSURE_OUTPUT,OUTPUT_DEMAND,FITNESS,NODE
0.8239720023131049,24.098169354741042,1.5,1.0385804999833115,N14
