EMITTER_COEFFICIENT_SOLUTION,PRESSURE_OUTPUT,OUTPUT_DEMAND,FITNESS,NODE
0.3919368568742617,24.645240448167517,1.5,2.405109012817259,N14
