EMITTER_COEFFICIENT_SOLUTION,PRESSURE_OUTPUT,OUTPUT_DEMAND,FITNESS,NODE
0.6864421370873016,24.28155875430353,1.5,1.2829340997723344,N14
