EMITTER_COEFFICIENT_SOLUTION,PRESSURE_OUTPUT,OUTPUT_DEMAND,FITNESS,NODE
0.14948074412586687,24.912249306188773,1.5,6.721662800450553,N14
