EMITTER_COEFFICIENT_SOLUTION,PRESSURE_OUTPUT,OUTPUT_DEMAND,FITNESS,NODE
0.6202110771150958,24.366889568004716,1.5,1.4406472433125257,N14
