EMITTER_COEFFICIENT_SOLUTION,PRESSURE_OUTPUT,OUTPUT_DEMAND,FITNESS,NODE
0.21199597736183484,24.846369385580065,1.5,4.65868967270586,N14
