EMITTER_COEFFICIENT_SOLUTION,PRESSURE_OUTPUT,OUTPUT_DEMAND,FITNESS,NODE
0.8411935299213925,24.074633544324097,1.5,1.0137993570435344,N14
