EMITTER_COEFFICIENT_SOLUTION,PRESSURE_OUTPUT,OUTPUT_DEMAND,FITNESS,NODE
0.5623780262798396,24.439756616778155,1.5,1.6096180451715763,N14
