EMITTER_COEFFICIENT_SOLUTION,PRESSURE_OUTPUT,OUTPUT_DEMAND,FITNESS,NODE
0.4223505386204992,24.609613675309564,1.5,2.2152891435966144,N14
