EMITTER_COEFFICIENT_SOLUTION,PRESSURE_OUTPUT,OUTPUT_DEMAND,FITNESS,NODE
0.20545456961547293,24.853361576179378,1.5,4.815553666214275,N14
