EMITTER_COEFFICIENT_SOLUTION,PRESSURE_OUTPUT,OUTPUT_DEMAND,FITNESS,NODE
0.8514680936395881,24.06053259901104,1.5,0.9995108208266529,N14
