EMITTER_COEFFICIENT_SOLUTION,PRESSURE_OUTPUT,OUTPUT_DEMAND,FITNESS,NODE
0.4311002463186401,24.59927914911198,1.5,2.1657075143993887,N14
