EMITTER_COEFFICIENT_SOLUTION,PRESSURE_OUTPUT,OUTPUT_DEMAND,FITNESS,NODE
0.18494424800686937,24.875136358203655,1.5,5.3796511428555815,N14
