EMITTER_COEFFICIENT_SOLUTION,PRESSURE_OUTPUT,OUTPUT_DEMAND,FITNESS,NODE
0.7853577550607697,24.15048540775142,1.5,1.0982534795264869,N14
