EMITTER_COEFFICIENT_SOLUTION,PRESSURE_OUTPUT,OUTPUT_DEMAND,FITNESS,NODE
0.49044841117847315,24.528190396950603,1.5,1.8767654944828989,N14
