EMITTER_COEFFICIENT_SOLUTION,PRESSURE_OUTPUT,OUTPUT_DEMAND,FITNESS,NODE
0.37317078331880127,24.66699237694827,1.5,2.537880141076826,N14
