EMITTER_COEFFICIENT_SOLUTION,PRESSURE_OUTPUT,OUTPUT_DEMAND,FITNESS,NODE
0.1721702619324771,24.888583364860356,1.5,5.799163842475593,N14
