EMITTER_COEFFICIENT_SOLUTION,PRESSURE_OUTPUT,OUTPUT_DEMAND,FITNESS,NODE
0.2864471892043413,24.76518828446994,1.5,3.3802771219734673,N14
