EMITTER_COEFFICIENT_SOLUTION,PRESSURE_OUTPUT,OUTPUT_DEMAND,FITNESS,NODE
0.44416005926826496,24.58378358992194,1.5,2.095388682068299,N14
