EMITTER_COEFFICIENT_SOLUTION,PRESSURE_OUTPUT,OUTPUT_DEMAND,FITNESS,NODE
0.7595995149107148,24.185028801069016,1.5,1.1415613513111942,N14
