EMITTER_COEFFICIENT_SOLUTION,PRESSURE_OUTPUT,OUTPUT_DEMAND,FITNESS,NODE
0.5572106945701426,24.446191353859444,1.5,1.6264640965038266,N14
