EMITTER_COEFFICIENT_SOLUTION,PRESSURE_OUTPUT,OUTPUT_DEMAND,FITNESS,NODE
0.15552192810395848,24.905975500102315,1.5,6.449677272044064,N14
