EMITTER_COEFFICIENT_SOLUTION,PRESSURE_OUTPUT,OUTPUT_DEMAND,FITNESS,NODE
0.43409826356398973,24.59572940938108,1.5,2.1491852274048955,N14
