EMITTER_COEFFICIENT_SOLUTION,PRESSURE_OUTPUT,OUTPUT_DEMAND,FITNESS,NODE
0.032577633002074946,25.02967228131841,1.5,31.898194966903716,N14
