EMITTER_COEFFICIENT_SOLUTION,PRESSURE_OUTPUT,OUTPUT_DEMAND,FITNESS,NODE
0.36270268008259865,24.67904896576343,1.5,2.617985732757158,N14
