EMITTER_COEFFICIENT_SOLUTION,PRESSURE_OUTPUT,OUTPUT_DEMAND,FITNESS,NODE
0.8665127773475166,24.039805732967174,1.5,0.9792244944093629,N14
