EMITTER_COEFFICIENT_SOLUTION,PRESSURE_OUTPUT,OUTPUT_DEMAND,FITNESS,NODE
0.8146584240918077,24.110845695347873,1.5,1.0524362442879338,N14
