EMITTER_COEFFICIENT_SOLUTION,PRESSURE_OUTPUT,OUTPUT_DEMAND,FITNESS,NODE
0.5408467880659403,24.466485913452793,1.5,1.6819836390561003,N14
