EMITTER_COEFFICIENT_SOLUTION,PRESSURE_OUTPUT,OUTPUT_DEMAND,FITNESS,NODE
0.909746396012128,23.979723672812547,1.5,0.9248141410950107,N14
