EMITTER_COEFFICIENT_SOLUTION,PRESSURE_OUTPUT,OUTPUT_DEMAND,FITNESS,NODE
0.23134239223449804,24.82555605561628,1.5,4.246898326980339,N14
