EMITTER_COEFFICIENT_SOLUTION,PRESSURE_OUTPUT,OUTPUT_DEMAND,FITNESS,NODE
0.03976588179532936,25.02267373879183,1.5,26.07678965359968,N14
