EMITTER_COEFFICIENT_SOLUTION,PRESSURE_OUTPUT,OUTPUT_DEMAND,FITNESS,NODE
0.8578885996620172,24.051698657204486,1.5,0.9907627617083511,N14
