EMITTER_COEFFICIENT_SOLUTION,PRESSURE_OUTPUT,OUTPUT_DEMAND,FITNESS,NODE
0.24199007887288781,24.81401613149181,1.5,4.048486518944903,N14
