EMITTER_COEFFICIENT_SOLUTION,PRESSURE_OUTPUT,OUTPUT_DEMAND,FITNESS,NODE
0.8018008816202117,24.12828519053031,1.5,1.0721137741971865,N14
