EMITTER_COEFFICIENT_SOLUTION,PRESSURE_OUTPUT,OUTPUT_DEMAND,FITNESS,NODE
0.5681898008748262,24.43250440063079,1.5,1.5910452992959494,N14
