EMITTER_COEFFICIENT_SOLUTION,PRESSURE_OUTPUT,OUTPUT_DEMAND,FITNESS,NODE
0.010260413847546501,25.05121315483401,1.5,101.94861770264089,N14
