EMITTER_COEFFICIENT_SOLUTION,PRESSURE_OUTPUT,OUTPUT_DEMAND,FITNESS,NODE
0.06724845669809898,24.995645545839352,1.5,15.29602276022619,N14
