EMITTER_COEFFICIENT_SOLUTION,PRESSURE_OUTPUT,OUTPUT_DEMAND,FITNESS,NODE
0.9102806969173379,23.97897636902956,1.5,0.9241754276478336,N14
