EMITTER_COEFFICIENT_SOLUTION,PRESSURE_OUTPUT,OUTPUT_DEMAND,FITNESS,NODE
0.4049400659455026,24.630064793319825,1.5,2.3204159105940843,N14
