EMITTER_COEFFICIENT_SOLUTION,PRESSURE_OUTPUT,OUTPUT_DEMAND,FITNESS,NODE
0.2529662768208284,24.802057387548302,1.5,3.8615312052807784,N14
