EMITTER_COEFFICIENT_SOLUTION,PRESSURE_OUTPUT,OUTPUT_DEMAND,FITNESS,NODE
0.9016742950598683,23.990999641039647,1.5,0.934559895108589,N14
