EMITTER_COEFFICIENT_SOLUTION,PRESSURE_OUTPUT,OUTPUT_DEMAND,FITNESS,NODE
0.23481941590429367,24.821794279220356,1.5,4.180117267264288,N14
