EMITTER_COEFFICIENT_SOLUTION,PRESSURE_OUTPUT,OUTPUT_DEMAND,FITNESS,NODE
0.27984009424355716,24.77251044495941,1.5,3.466065471326771,N14
