EMITTER_COEFFICIENT_SOLUTION,PRESSURE_OUTPUT,OUTPUT_DEMAND,FITNESS,NODE
0.7051544529298409,24.257092876030573,1.5,1.2438907215760102,N14
