EMITTER_COEFFICIENT_SOLUTION,PRESSURE_OUTPUT,OUTPUT_DEMAND,FITNESS,NODE
0.030683804205791643,25.031511282480324,1.5,33.8859739013724,N14
