EMITTER_COEFFICIENT_SOLUTION,PRESSURE_OUTPUT,OUTPUT_DEMAND,FITNESS,NODE
0.8306853256906702,24.089009415941593,1.5,1.0287932464004472,N14
