EMITTER_COEFFICIENT_SOLUTION,PRESSURE_OUTPUT,OUTPUT_DEMAND,FITNESS,NODE
0.09191999434471876,24.971019599549276,1.5,11.110812594626362,N14
