EMITTER_COEFFICIENT_SOLUTION,PRESSURE_OUTPUT,OUTPUT_DEMAND,FITNESS,NODE
0.829907197603602,24.090072098729127,1.5,1.0299192374053747,N14
