EMITTER_COEFFICIENT_SOLUTION,PRESSURE_OUTPUT,OUTPUT_DEMAND,FITNESS,NODE
0.22581932214618494,24.831518238082772,1.5,4.357226718066593,N14
