EMITTER_COEFFICIENT_SOLUTION,PRESSURE_OUTPUT,OUTPUT_DEMAND,FITNESS,NODE
0.16464061545988373,24.896468175953796,1.5,6.077038311652437,N14
