EMITTER_COEFFICIENT_SOLUTION,PRESSURE_OUTPUT,OUTPUT_DEMAND,FITNESS,NODE
0.6108765743939856,24.37875538736339,1.5,1.4657026383607161,N14
