EMITTER_COEFFICIENT_SOLUTION,PRESSURE_OUTPUT,OUTPUT_DEMAND,FITNESS,NODE
0.7085096490799506,24.252689596834685,1.5,1.2371147987061806,N14
