EMITTER_COEFFICIENT_SOLUTION,PRESSURE_OUTPUT,OUTPUT_DEMAND,FITNESS,NODE
0.604631677795879,24.386671376001367,1.5,1.4829080574946665,N14
