EMITTER_COEFFICIENT_SOLUTION,PRESSURE_OUTPUT,OUTPUT_DEMAND,FITNESS,NODE
0.8853222220926412,24.013760404256395,1.5,0.9548712444538285,N14
