EMITTER_COEFFICIENT_SOLUTION,PRESSURE_OUTPUT,OUTPUT_DEMAND,FITNESS,NODE
0.713979303108487,24.245500672772764,1.5,1.2262094748906693,N14
