EMITTER_COEFFICIENT_SOLUTION,PRESSURE_OUTPUT,OUTPUT_DEMAND,FITNESS,NODE
0.12987975638816274,24.93246759919789,1.5,7.778806924312962,N14
