EMITTER_COEFFICIENT_SOLUTION,PRESSURE_OUTPUT,OUTPUT_DEMAND,FITNESS,NODE
0.9270593588118249,23.955449895815626,1.5,0.9045090594253021,N14
