EMITTER_COEFFICIENT_SOLUTION,PRESSURE_OUTPUT,OUTPUT_DEMAND,FITNESS,NODE
0.846784034370914,24.066966533147813,1.5,1.0059800641342824,N14
