EMITTER_COEFFICIENT_SOLUTION,PRESSURE_OUTPUT,OUTPUT_DEMAND,FITNESS,NODE
0.522257395453852,24.489386726576107,1.5,1.7493671501854655,N14
