EMITTER_COEFFICIENT_SOLUTION,PRESSURE_OUTPUT,OUTPUT_DEMAND,FITNESS,NODE
0.20731344862364998,24.85137692821037,1.5,4.769966245916372,N14
