EMITTER_COEFFICIENT_SOLUTION,PRESSURE_OUTPUT,OUTPUT_DEMAND,FITNESS,NODE
0.24019021818162922,24.81597103268747,1.5,4.080783435194374,N14
