EMITTER_COEFFICIENT_SOLUTION,PRESSURE_OUTPUT,OUTPUT_DEMAND,FITNESS,NODE
0.7336775726416697,24.219501393562556,1.5,1.1883250052801533,N14
