EMITTER_COEFFICIENT_SOLUTION,PRESSURE_OUTPUT,OUTPUT_DEMAND,FITNESS,NODE
0.9352771095679694,23.943885765042577,1.5,0.8951459570958616,N14
