EMITTER_COEFFICIENT_SOLUTION,PRESSURE_OUTPUT,OUTPUT_DEMAND,FITNESS,NODE
0.038613463472827125,25.02379775330493,1.5,26.86419782895259,N14
