EMITTER_COEFFICIENT_SOLUTION,PRESSURE_OUTPUT,OUTPUT_DEMAND,FITNESS,NODE
0.8716910648867037,24.03264995553456,1.5,0.9724107031784923,N14
