EMITTER_COEFFICIENT_SOLUTION,PRESSURE_OUTPUT,OUTPUT_DEMAND,FITNESS,NODE
0.6390245200888468,24.342853009496018,1.5,1.3924298998131115,N14
