EMITTER_COEFFICIENT_SOLUTION,PRESSURE_OUTPUT,OUTPUT_DEMAND,FITNESS,NODE
0.3219940128406614,24.725405659970487,1.5,2.9795925534432834,N14
