EMITTER_COEFFICIENT_SOLUTION,PRESSURE_OUTPUT,OUTPUT_DEMAND,FITNESS,NODE
0.30728183092285877,24.741950206588733,1.5,3.134090714054606,N14
