EMITTER_COEFFICIENT_SOLUTION,PRESSURE_OUTPUT,OUTPUT_DEMAND,FITNESS,NODE
0.39618968187971293,24.64028640225792,1.5,2.3767895170753666,N14
