EMITTER_COEFFICIENT_SOLUTION,PRESSURE_OUTPUT,OUTPUT_DEMAND,FITNESS,NODE
0.5902174095932479,24.404874003134612,1.5,1.5240463705710925,N14
