EMITTER_COEFFICIENT_SOLUTION,PRESSURE_OUTPUT,OUTPUT_DEMAND,FITNESS,NODE
0.0829217086637527,24.980040767532337,1.5,12.348537460116207,N14
