EMITTER_COEFFICIENT_SOLUTION,PRESSURE_OUTPUT,OUTPUT_DEMAND,FITNESS,NODE
0.9330020347408129,23.94709000218795,1.5,0.8977208538459124,N14
