EMITTER_COEFFICIENT_SOLUTION,PRESSURE_OUTPUT,OUTPUT_DEMAND,FITNESS,NODE
0.9699369547021356,23.894814513825683,1.5,0.8574803341305145,N14
