EMITTER_COEFFICIENT_SOLUTION,PRESSURE_OUTPUT,OUTPUT_DEMAND,FITNESS,NODE
0.7290312569278036,24.225649327419916,1.5,1.1970704953104219,N14
