EMITTER_COEFFICIENT_SOLUTION,PRESSURE_OUTPUT,OUTPUT_DEMAND,FITNESS,NODE
0.29510362889064445,24.755560600718148,1.5,3.2737358787086883,N14
