EMITTER_COEFFICIENT_SOLUTION,PRESSURE_OUTPUT,OUTPUT_DEMAND,FITNESS,NODE
0.7719644013793937,24.16848242376335,1.5,1.1203984752137726,N14
