EMITTER_COEFFICIENT_SOLUTION,PRESSURE_OUTPUT,OUTPUT_DEMAND,FITNESS,NODE
0.8186991215569751,24.105350565968692,1.5,1.0463847154745083,N14
