EMITTER_COEFFICIENT_SOLUTION,PRESSURE_OUTPUT,OUTPUT_DEMAND,FITNESS,NODE
0.8599076127087665,24.04891716316448,1.5,0.9880399205870165,N14
