EMITTER_COEFFICIENT_SOLUTION,PRESSURE_OUTPUT,OUTPUT_DEMAND,FITNESS,NODE
0.30878507824674617,24.740264853067934,1.5,3.1176232695092083,N14
