EMITTER_COEFFICIENT_SOLUTION,PRESSURE_OUTPUT,OUTPUT_DEMAND,FITNESS,NODE
0.24090750240797265,24.81519216687032,1.5,4.067854237558452,N14
