EMITTER_COEFFICIENT_SOLUTION,PRESSURE_OUTPUT,OUTPUT_DEMAND,FITNESS,NODE
0.09033033149050362,24.972616595312203,1.5,11.311523367535548,N14
