EMITTER_COEFFICIENT_SOLUTION,PRESSURE_OUTPUT,OUTPUT_DEMAND,FITNESS,NODE
0.010691497921508919,23.83650691180147,1.5,0.8166497867330967,N14
