EMITTER_COEFFICIENT_SOLUTION,PRESSURE_OUTPUT,OUTPUT_DEMAND,FITNESS,NODE
0.4024419414958399,24.632986831476867,1.5,2.336256533166285,N14
