EMITTER_COEFFICIENT_SOLUTION,PRESSURE_OUTPUT,OUTPUT_DEMAND,FITNESS,NODE
0.6738983835396172,24.297871900345978,1.5,1.3103581816918808,N14
