EMITTER_COEFFICIENT_SOLUTION,PRESSURE_OUTPUT,OUTPUT_DEMAND,FITNESS,NODE
0.43685182739554784,24.592465205872482,1.5,2.134212917144189,N14
