EMITTER_COEFFICIENT_SOLUTION,PRESSURE_OUTPUT,OUTPUT_DEMAND,FITNESS,NODE
0.9919090626258081,23.863459855600365,1.5,0.8350297226593312,N14
