EMITTER_COEFFICIENT_SOLUTION,PRESSURE_OUTPUT,OUTPUT_DEMAND,FITNESS,NODE
0.8801464729403364,24.020941778926147,1.5,0.9614642820992255,N14
