EMITTER_COEFFICIENT_SOLUTION,PRESSURE_OUTPUT,OUTPUT_DEMAND,FITNESS,NODE
0.6799511343029886,24.290009098129843,1.5,1.2969951277730862,N14
