EMITTER_COEFFICIENT_SOLUTION,PRESSURE_OUTPUT,OUTPUT_DEMAND,FITNESS,NODE
0.1760026779435987,24.884558174506175,1.5,5.666883269004625,N14
