EMITTER_COEFFICIENT_SOLUTION,PRESSURE_OUTPUT,OUTPUT_DEMAND,FITNESS,NODE
0.4381726417735904,24.590898125352236,1.5,2.1270988700947195,N14
