EMITTER_COEFFICIENT_SOLUTION,PRESSURE_OUTPUT,OUTPUT_DEMAND,FITNESS,NODE
0.5990379291344793,24.393746691468348,1.5,1.4986317653922183,N14
