EMITTER_COEFFICIENT_SOLUTION,PRESSURE_OUTPUT,OUTPUT_DEMAND,FITNESS,NODE
0.7501586635114409,24.197617712056022,1.5,1.1582059454435405,N14
