EMITTER_COEFFICIENT_SOLUTION,PRESSURE_OUTPUT,OUTPUT_DEMAND,FITNESS,NODE
0.7112931315400902,24.249032838647413,1.5,1.2315435056569155,N14
