EMITTER_COEFFICIENT_SOLUTION,PRESSURE_OUTPUT,OUTPUT_DEMAND,FITNESS,NODE
0.650386864065894,24.328258040548096,1.5,1.3646959066223512,N14
