EMITTER_COEFFICIENT_SOLUTION,PRESSURE_OUTPUT,OUTPUT_DEMAND,FITNESS,NODE
0.09959771967821662,24.96328661745391,1.5,10.231707227146973,N14
