EMITTER_COEFFICIENT_SOLUTION,PRESSURE_OUTPUT,OUTPUT_DEMAND,FITNESS,NODE
0.6189324362863972,24.368517314750253,1.5,1.444033514701192,N14
