EMITTER_COEFFICIENT_SOLUTION,PRESSURE_OUTPUT,OUTPUT_DEMAND,FITNESS,NODE
0.6034037816885972,24.388225732465795,1.5,1.4863340094154138,N14
