EMITTER_COEFFICIENT_SOLUTION,PRESSURE_OUTPUT,OUTPUT_DEMAND,FITNESS,NODE
0.40104943250857816,24.634614288076595,1.5,2.3451732479684027,N14
