EMITTER_COEFFICIENT_SOLUTION,PRESSURE_OUTPUT,OUTPUT_DEMAND,FITNESS,NODE
0.2884367364454331,24.762978960161398,1.5,3.3552199088331243,N14
