EMITTER_COEFFICIENT_SOLUTION,PRESSURE_OUTPUT,OUTPUT_DEMAND,FITNESS,NODE
0.8666432316068299,24.03962559696618,1.5,0.9790517959536635,N14
