EMITTER_COEFFICIENT_SOLUTION,PRESSURE_OUTPUT,OUTPUT_DEMAND,FITNESS,NODE
0.8085256751931343,24.11917268572555,1.5,1.0617409453507731,N14
