EMITTER_COEFFICIENT_SOLUTION,PRESSURE_OUTPUT,OUTPUT_DEMAND,FITNESS,NODE
0.041523514310747855,25.020957973227333,1.5,24.960036254801036,N14
