EMITTER_COEFFICIENT_SOLUTION,PRESSURE_OUTPUT,OUTPUT_DEMAND,FITNESS,NODE
0.5070610053786019,24.50798528435642,1.5,1.8081981537446896,N14
