EMITTER_COEFFICIENT_SOLUTION,PRESSURE_OUTPUT,OUTPUT_DEMAND,FITNESS,NODE
0.8595419063861943,24.049421104224287,1.5,0.9885321244572688,N14
