EMITTER_COEFFICIENT_SOLUTION,PRESSURE_OUTPUT,OUTPUT_DEMAND,FITNESS,NODE
0.03201048127711281,25.030223228078043,1.5,32.468808534166094,N14
