EMITTER_COEFFICIENT_SOLUTION,PRESSURE_OUTPUT,OUTPUT_DEMAND,FITNESS,NODE
0.7889113674035958,24.145697392291204,1.5,1.092508572753713,N14
