EMITTER_COEFFICIENT_SOLUTION,PRESSURE_OUTPUT,OUTPUT_DEMAND,FITNESS,NODE
0.720488957854816,24.236927626269644,1.5,1.2134532288083948,N14
