EMITTER_COEFFICIENT_SOLUTION,PRESSURE_OUTPUT,OUTPUT_DEMAND,FITNESS,NODE
0.460033750140025,24.564836608524267,1.5,2.0153756674692347,N14
