EMITTER_COEFFICIENT_SOLUTION,PRESSURE_OUTPUT,OUTPUT_DEMAND,FITNESS,NODE
0.4657527453681928,24.557980184207935,1.5,1.987906240841505,N14
