EMITTER_COEFFICIENT_SOLUTION,PRESSURE_OUTPUT,OUTPUT_DEMAND,FITNESS,NODE
0.8902870961408894,24.006861277876293,1.5,0.9486219343211513,N14
