EMITTER_COEFFICIENT_SOLUTION,PRESSURE_OUTPUT,OUTPUT_DEMAND,FITNESS,NODE
0.5556168400840088,24.448173604627712,1.5,1.6317248749224746,N14
