EMITTER_COEFFICIENT_SOLUTION,PRESSURE_OUTPUT,OUTPUT_DEMAND,FITNESS,NODE
0.6325119192592134,24.351191982086046,1.5,1.4087879491871516,N14
