EMITTER_COEFFICIENT_SOLUTION,PRESSURE_OUTPUT,OUTPUT_DEMAND,FITNESS,NODE
0.9137007186238265,23.974190184727767,1.5,0.9201055487667282,N14
