EMITTER_COEFFICIENT_SOLUTION,PRESSURE_OUTPUT,OUTPUT_DEMAND,FITNESS,NODE
0.6621140536044233,24.313133065334576,1.5,1.3370969005142994,N14
