EMITTER_COEFFICIENT_SOLUTION,PRESSURE_OUTPUT,OUTPUT_DEMAND,FITNESS,NODE
0.29864105510497196,24.751615079084168,1.5,3.231989575941742,N14
