EMITTER_COEFFICIENT_SOLUTION,PRESSURE_OUTPUT,OUTPUT_DEMAND,FITNESS,NODE
0.5860839570175239,24.410076038905213,1.5,1.5362257894403661,N14
