EMITTER_COEFFICIENT_SOLUTION,PRESSURE_OUTPUT,OUTPUT_DEMAND,FITNESS,NODE
0.35726375840267244,24.685291331790268,1.5,2.6614807833724194,N14
