EMITTER_COEFFICIENT_SOLUTION,PRESSURE_OUTPUT,OUTPUT_DEMAND,FITNESS,NODE
0.012373620583326361,25.04918568670962,1.5,84.48564081639807,N14
