EMITTER_COEFFICIENT_SOLUTION,PRESSURE_OUTPUT,OUTPUT_DEMAND,FITNESS,NODE
0.19061935231800764,24.86913404345403,1.5,5.211374003307397,N14
