EMITTER_COEFFICIENT_SOLUTION,PRESSURE_OUTPUT,OUTPUT_DEMAND,FITNESS,NODE
0.8035756881554342,24.125882087840132,1.5,1.0693586790365965,N14
