EMITTER_COEFFICIENT_SOLUTION,PRESSURE_OUTPUT,OUTPUT_DEMAND,FITNESS,NODE
0.036546865742391854,25.02581133094865,1.5,28.400468584018586,N14
