EMITTER_COEFFICIENT_SOLUTION,PRESSURE_OUTPUT,OUTPUT_DEMAND,FITNESS,NODE
0.2714772414129739,24.781745711134597,1.5,3.5806832762301584,N14
