EMITTER_COEFFICIENT_SOLUTION,PRESSURE_OUTPUT,OUTPUT_DEMAND,FITNESS,NODE
0.11552522087539374,24.947139958838957,1.5,8.781014418767134,N14
