EMITTER_COEFFICIENT_SOLUTION,PRESSURE_OUTPUT,OUTPUT_DEMAND,FITNESS,NODE
0.14627461732947988,24.915570784820638,1.5,6.875156579334533,N14
