EMITTER_COEFFICIENT_SOLUTION,PRESSURE_OUTPUT,OUTPUT_DEMAND,FITNESS,NODE
0.13384870572802965,24.928390725965638,1.5,7.539698872673556,N14
