EMITTER_COEFFICIENT_SOLUTION,PRESSURE_OUTPUT,OUTPUT_DEMAND,FITNESS,NODE
0.08228499699636427,24.980677382720547,1.5,12.446381784274264,N14
