EMITTER_COEFFICIENT_SOLUTION,PRESSURE_OUTPUT,OUTPUT_DEMAND,FITNESS,NODE
0.41369919674996536,24.61979474920639,1.5,2.266405708889653,N14
