EMITTER_COEFFICIENT_SOLUTION,PRESSURE_OUTPUT,OUTPUT_DEMAND,FITNESS,NODE
0.19017472347769304,24.869604935396406,1.5,5.224194144533312,N14
