EMITTER_COEFFICIENT_SOLUTION,PRESSURE_OUTPUT,OUTPUT_DEMAND,FITNESS,NODE
0.6155558684805132,24.37281217493966,1.5,1.4530451876968968,N14
