EMITTER_COEFFICIENT_SOLUTION,PRESSURE_OUTPUT,OUTPUT_DEMAND,FITNESS,NODE
0.5324196318991475,24.476887908010923,1.5,1.7119356387307982,N14
