EMITTER_COEFFICIENT_SOLUTION,PRESSURE_OUTPUT,OUTPUT_DEMAND,FITNESS,NODE
0.07400117970367404,24.988939235655128,1.5,13.87293848891349,N14
