EMITTER_COEFFICIENT_SOLUTION,PRESSURE_OUTPUT,OUTPUT_DEMAND,FITNESS,NODE
0.3535572904671972,24.689536728037286,1.5,2.691896632523833,N14
