EMITTER_COEFFICIENT_SOLUTION,PRESSURE_OUTPUT,OUTPUT_DEMAND,FITNESS,NODE
0.7854356580040524,24.150380502017494,1.5,1.0981269609290623,N14
