EMITTER_COEFFICIENT_SOLUTION,PRESSURE_OUTPUT,OUTPUT_DEMAND,FITNESS,NODE
0.745031202947844,24.204438685879595,1.5,1.1674287404053918,N14
