EMITTER_COEFFICIENT_SOLUTION,PRESSURE_OUTPUT,OUTPUT_DEMAND,FITNESS,NODE
0.5471524962615838,24.458680522019602,1.5,1.6601877960277955,N14
