EMITTER_COEFFICIENT_SOLUTION,PRESSURE_OUTPUT,OUTPUT_DEMAND,FITNESS,NODE
0.44292637633406173,24.58525095226252,1.5,2.101851232368156,N14
