EMITTER_COEFFICIENT_SOLUTION,PRESSURE_OUTPUT,OUTPUT_DEMAND,FITNESS,NODE
0.22265735510451823,24.83492429325792,1.5,4.422866275721125,N14
