EMITTER_COEFFICIENT_SOLUTION,PRESSURE_OUTPUT,OUTPUT_DEMAND,FITNESS,NODE
0.6916057060869615,24.274823093505187,1.5,1.2719427225802764,N14
