EMITTER_COEFFICIENT_SOLUTION,PRESSURE_OUTPUT,OUTPUT_DEMAND,FITNESS
0.2970257855104458,27.71647222232999,1.5,7.963898854357555
