EMITTER_COEFFICIENT_SOLUTION,PRESSURE_OUTPUT,OUTPUT_DEMAND,FITNESS
0.2575030595526283,27.734608279854058,1.5,9.308336609981827
