EMITTER_COEFFICIENT_SOLUTION,PRESSURE_OUTPUT,OUTPUT_DEMAND,FITNESS
0.002573113309931263,27.84105838671156,1.5,1019.9158439995119
