EMITTER_COEFFICIENT_SOLUTION,PRESSURE_OUTPUT,OUTPUT_DEMAND,FITNESS
0.5802023597552747,27.574215732675086,1.5,3.7338074977779505
