EMITTER_COEFFICIENT_SOLUTION,PRESSURE_OUTPUT,OUTPUT_DEMAND,FITNESS
0.5273624838178456,27.602370360012998,1.5,4.172429839725264
