EMITTER_COEFFICIENT_SOLUTION,PRESSURE_OUTPUT,OUTPUT_DEMAND,FITNESS
0.9250372215003194,27.37309195440013,1.5,2.1324375714255814
