EMITTER_COEFFICIENT_SOLUTION,PRESSURE_OUTPUT,OUTPUT_DEMAND,FITNESS
0.9373113528450464,27.365392675205037,1.5,2.0979922474926247
