EMITTER_COEFFICIENT_SOLUTION,PRESSURE_OUTPUT,OUTPUT_DEMAND,FITNESS
0.7553328039819737,27.475781476723625,1.5,2.730320387539884
