EMITTER_COEFFICIENT_SOLUTION,PRESSURE_OUTPUT,OUTPUT_DEMAND,FITNESS
0.616688002247289,27.55435327446223,1.5,3.47601705157999
