EMITTER_COEFFICIENT_SOLUTION,PRESSURE_OUTPUT,OUTPUT_DEMAND,FITNESS
0.8554447218590379,27.41605643441664,1.5,2.347514687223079
