EMITTER_COEFFICIENT_SOLUTION,PRESSURE_OUTPUT,OUTPUT_DEMAND,FITNESS
0.4530813255096323,27.64071368866162,1.5,4.967088787399372
