EMITTER_COEFFICIENT_SOLUTION,PRESSURE_OUTPUT,OUTPUT_DEMAND,FITNESS
0.1028258570736521,27.80140227786172,1.5,24.60836894264342
