EMITTER_COEFFICIENT_SOLUTION,PRESSURE_OUTPUT,OUTPUT_DEMAND,FITNESS
0.3915460255632698,27.671369801931107,1.5,5.859292906999685
