EMITTER_COEFFICIENT_SOLUTION,PRESSURE_OUTPUT,OUTPUT_DEMAND,FITNESS
0.3594325720162742,27.68696506416523,1.5,6.448542747946863
