EMITTER_COEFFICIENT_SOLUTION,PRESSURE_OUTPUT,OUTPUT_DEMAND,FITNESS
0.4175359881869839,27.65854531203278,1.5,5.4497829071845825
