EMITTER_COEFFICIENT_SOLUTION,PRESSURE_OUTPUT,OUTPUT_DEMAND,FITNESS
0.4855777098823385,27.624118174278706,1.5,4.588825506751078
