EMITTER_COEFFICIENT_SOLUTION,PRESSURE_OUTPUT,OUTPUT_DEMAND,FITNESS
0.42098984146272345,27.656827430548077,1.5,5.399234832524353
