EMITTER_COEFFICIENT_SOLUTION,PRESSURE_OUTPUT,OUTPUT_DEMAND,FITNESS
0.31345251926380835,27.708808258195447,1.5,7.505783117637085
