EMITTER_COEFFICIENT_SOLUTION,PRESSURE_OUTPUT,OUTPUT_DEMAND,FITNESS
0.08097601366375129,27.81029210393637,1.5,31.499281547197686
