EMITTER_COEFFICIENT_SOLUTION,PRESSURE_OUTPUT,OUTPUT_DEMAND,FITNESS
0.14086517064339488,27.785600670546486,1.5,17.718499014202376
