EMITTER_COEFFICIENT_SOLUTION,PRESSURE_OUTPUT,OUTPUT_DEMAND,FITNESS
0.3260114980781351,27.702899093738374,1.5,7.187017978896525
