EMITTER_COEFFICIENT_SOLUTION,PRESSURE_OUTPUT,OUTPUT_DEMAND,FITNESS
0.8966377317954236,27.390766943287204,1.5,2.2159588564894785
