EMITTER_COEFFICIENT_SOLUTION,PRESSURE_OUTPUT,OUTPUT_DEMAND,FITNESS
0.014071349203601868,27.83665793179611,1.5,185.84155114381443
