EMITTER_COEFFICIENT_SOLUTION,PRESSURE_OUTPUT,OUTPUT_DEMAND,FITNESS
0.8026340876088728,27.44787092777726,1.5,2.536989741812956
