EMITTER_COEFFICIENT_SOLUTION,PRESSURE_OUTPUT,OUTPUT_DEMAND,FITNESS
0.02663421135121158,27.83180600608719,1.5,97.72445025212622
