EMITTER_COEFFICIENT_SOLUTION,PRESSURE_OUTPUT,OUTPUT_DEMAND,FITNESS
0.3211066683076499,27.70521199942646,1.5,7.308506513551602
