EMITTER_COEFFICIENT_SOLUTION,PRESSURE_OUTPUT,OUTPUT_DEMAND,FITNESS
0.051319233688070676,27.822138928110753,1.5,50.25142887243149
