EMITTER_COEFFICIENT_SOLUTION,PRESSURE_OUTPUT,OUTPUT_DEMAND,FITNESS
0.27572055335958157,27.72630210183773,1.5,8.640297325797151
