EMITTER_COEFFICIENT_SOLUTION,PRESSURE_OUTPUT,OUTPUT_DEMAND,FITNESS
0.8807385171399466,27.40057683531338,1.5,2.2652005033643183
