EMITTER_COEFFICIENT_SOLUTION,PRESSURE_OUTPUT,OUTPUT_DEMAND,FITNESS
0.09260175143192584,27.805579067685116,1.5,27.427474020090386
