EMITTER_COEFFICIENT_SOLUTION,PRESSURE_OUTPUT,OUTPUT_DEMAND,FITNESS
0.11074326773416254,27.79814731259551,1.5,22.783430171168987
