EMITTER_COEFFICIENT_SOLUTION,PRESSURE_OUTPUT,OUTPUT_DEMAND,FITNESS
0.05140157136576995,27.82210638811842,1.5,50.16939282896666
