EMITTER_COEFFICIENT_SOLUTION,PRESSURE_OUTPUT,OUTPUT_DEMAND,FITNESS
0.5183656816427814,27.607091629125613,1.5,4.256274897500099
