EMITTER_COEFFICIENT_SOLUTION,PRESSURE_OUTPUT,OUTPUT_DEMAND,FITNESS
0.34810418488351014,27.69240000670296,1.5,6.682756380104883
