EMITTER_COEFFICIENT_SOLUTION,PRESSURE_OUTPUT,OUTPUT_DEMAND,FITNESS
0.7645241798025041,27.470401561444532,1.5,2.6907955808635937
