EMITTER_COEFFICIENT_SOLUTION,PRESSURE_OUTPUT,OUTPUT_DEMAND,FITNESS
0.3607249030471932,27.68634284394524,1.5,6.422771929945201
