EMITTER_COEFFICIENT_SOLUTION,PRESSURE_OUTPUT,OUTPUT_DEMAND,FITNESS
0.9103505485914537,27.382256840181135,1.5,2.1749436850726562
