EMITTER_COEFFICIENT_SOLUTION,PRESSURE_OUTPUT,OUTPUT_DEMAND,FITNESS
0.494971590159886,27.619268885446942,1.5,4.488935293318595
