EMITTER_COEFFICIENT_SOLUTION,PRESSURE_OUTPUT,OUTPUT_DEMAND,FITNESS
0.6261484440111446,27.549147207384777,1.5,3.414231822175393
