EMITTER_COEFFICIENT_SOLUTION,PRESSURE_OUTPUT,OUTPUT_DEMAND,FITNESS
0.2362680239594933,27.744174525614568,1.5,10.218227188682194
