EMITTER_COEFFICIENT_SOLUTION,PRESSURE_OUTPUT,OUTPUT_DEMAND,FITNESS
0.4346554995152282,27.649999167968076,1.5,5.207256847020752
