EMITTER_COEFFICIENT_SOLUTION,PRESSURE_OUTPUT,OUTPUT_DEMAND,FITNESS
0.13108724816467732,27.78970171107825,1.5,19.106887270824306
