EMITTER_COEFFICIENT_SOLUTION,PRESSURE_OUTPUT,OUTPUT_DEMAND,FITNESS
0.047159594271917515,27.82378027517445,1.5,54.768757958118066
