EMITTER_COEFFICIENT_SOLUTION,PRESSURE_OUTPUT,OUTPUT_DEMAND,FITNESS
0.31863981938461416,27.706372780138665,1.5,7.371039266170613
