EMITTER_COEFFICIENT_SOLUTION,PRESSURE_OUTPUT,OUTPUT_DEMAND,FITNESS
0.2732395912764992,27.727438665087867,1.5,8.725988667234768
