EMITTER_COEFFICIENT_SOLUTION,PRESSURE_OUTPUT,OUTPUT_DEMAND,FITNESS
0.90542325168931,27.385319934349255,1.5,2.1895304625128427
