EMITTER_COEFFICIENT_SOLUTION,PRESSURE_OUTPUT,OUTPUT_DEMAND,FITNESS
0.5968400387545713,27.56520087085954,1.5,3.6122210104190144
