EMITTER_COEFFICIENT_SOLUTION,PRESSURE_OUTPUT,OUTPUT_DEMAND,FITNESS
0.4790054119244348,27.627497084115106,1.5,4.661096874858492
