EMITTER_COEFFICIENT_SOLUTION,PRESSURE_OUTPUT,OUTPUT_DEMAND,FITNESS
0.49026850871653893,27.62169960501935,1.5,4.538455942235338
