EMITTER_COEFFICIENT_SOLUTION,PRESSURE_OUTPUT,OUTPUT_DEMAND,FITNESS
0.8649027140825335,27.410286485394877,1.5,2.316142444990642
