EMITTER_COEFFICIENT_SOLUTION,PRESSURE_OUTPUT,OUTPUT_DEMAND,FITNESS
0.2798691556620164,27.724397784874952,1.5,8.500432361314298
