EMITTER_COEFFICIENT_SOLUTION,PRESSURE_OUTPUT,OUTPUT_DEMAND,FITNESS
0.28572609522210646,27.72170123282421,1.5,8.309952800605299
