EMITTER_COEFFICIENT_SOLUTION,PRESSURE_OUTPUT,OUTPUT_DEMAND,FITNESS
0.7856856792941392,27.45793533923662,1.5,2.603464812374083
