EMITTER_COEFFICIENT_SOLUTION,PRESSURE_OUTPUT,OUTPUT_DEMAND,FITNESS
0.6797278816104785,27.519231159445262,1.5,3.0978195347107085
