EMITTER_COEFFICIENT_SOLUTION,PRESSURE_OUTPUT,OUTPUT_DEMAND,FITNESS
0.5824686245476182,27.572991998708865,1.5,3.7168246307768102
