EMITTER_COEFFICIENT_SOLUTION,PRESSURE_OUTPUT,OUTPUT_DEMAND,FITNESS
0.24709747661543602,27.73931153251307,1.5,9.734508107710758
