EMITTER_COEFFICIENT_SOLUTION,PRESSURE_OUTPUT,OUTPUT_DEMAND,FITNESS
0.46657338963150885,27.63385736615318,1.5,4.80350093881634
