EMITTER_COEFFICIENT_SOLUTION,PRESSURE_OUTPUT,OUTPUT_DEMAND,FITNESS
0.6724364148038228,27.52334528693264,1.5,3.137810377279287
