EMITTER_COEFFICIENT_SOLUTION,PRESSURE_OUTPUT,OUTPUT_DEMAND,FITNESS
0.5344859672445551,27.598617147086856,1.5,4.108096968858075
