EMITTER_COEFFICIENT_SOLUTION,PRESSURE_OUTPUT,OUTPUT_DEMAND,FITNESS
0.002266196832937273,27.841175317028977,1.5,1158.0202812785062
