EMITTER_COEFFICIENT_SOLUTION,PRESSURE_OUTPUT,OUTPUT_DEMAND,FITNESS
0.8399405137741988,27.425467610306313,1.5,2.4005497290168987
