EMITTER_COEFFICIENT_SOLUTION,PRESSURE_OUTPUT,OUTPUT_DEMAND,FITNESS
0.013578630630875277,27.83684728929446,1.5,192.61994150292196
