EMITTER_COEFFICIENT_SOLUTION,PRESSURE_OUTPUT,OUTPUT_DEMAND,FITNESS
0.6763884364780425,27.52111707693475,1.5,3.116024070371389
