EMITTER_COEFFICIENT_SOLUTION,PRESSURE_OUTPUT,OUTPUT_DEMAND,FITNESS
0.08638653745003932,27.808103518009858,1.5,29.467804015883676
