EMITTER_COEFFICIENT_SOLUTION,PRESSURE_OUTPUT,OUTPUT_DEMAND,FITNESS
0.7847018930459791,27.458517352188906,1.5,2.6074156996429774
