EMITTER_COEFFICIENT_SOLUTION,PRESSURE_OUTPUT,OUTPUT_DEMAND,FITNESS
0.3594944447721372,27.68693528450863,1.5,6.447304637295381
