EMITTER_COEFFICIENT_SOLUTION,PRESSURE_OUTPUT,OUTPUT_DEMAND,FITNESS
0.9196102172409751,27.376484617777272,1.5,2.1479774209214315
