EMITTER_COEFFICIENT_SOLUTION,PRESSURE_OUTPUT,OUTPUT_DEMAND,FITNESS
0.9683068131202369,27.34578893470313,1.5,2.0151136544331334
