EMITTER_COEFFICIENT_SOLUTION,PRESSURE_OUTPUT,OUTPUT_DEMAND,FITNESS
0.03977707483925441,27.82668101141509,1.5,65.11328783383811
