EMITTER_COEFFICIENT_SOLUTION,PRESSURE_OUTPUT,OUTPUT_DEMAND,FITNESS
0.8709062184267936,27.406612655499032,1.5,2.296600411750308
