EMITTER_COEFFICIENT_SOLUTION,PRESSURE_OUTPUT,OUTPUT_DEMAND,FITNESS
0.22027630296396172,27.751296119171165,1.5,11.020165287884165
