EMITTER_COEFFICIENT_SOLUTION,PRESSURE_OUTPUT,OUTPUT_DEMAND,FITNESS
0.22277208429878115,27.750189356467317,1.5,10.887375153009028
