EMITTER_COEFFICIENT_SOLUTION,PRESSURE_OUTPUT,OUTPUT_DEMAND,FITNESS
0.49821704427194635,27.61758812561063,1.5,4.4553206910884136
