EMITTER_COEFFICIENT_SOLUTION,PRESSURE_OUTPUT,OUTPUT_DEMAND,FITNESS
0.5396672889850368,27.595878897187852,1.5,4.062399057660885
