EMITTER_COEFFICIENT_SOLUTION,PRESSURE_OUTPUT,OUTPUT_DEMAND,FITNESS
0.05496804750744999,27.82069503133036,1.5,46.85195081781004
