EMITTER_COEFFICIENT_SOLUTION,PRESSURE_OUTPUT,OUTPUT_DEMAND,FITNESS
0.45310152585682195,27.640703459433844,1.5,4.966836425010509
