EMITTER_COEFFICIENT_SOLUTION,PRESSURE_OUTPUT,OUTPUT_DEMAND,FITNESS
0.8227657356544821,27.4358239971667,1.5,2.4617513835117277
