EMITTER_COEFFICIENT_SOLUTION,PRESSURE_OUTPUT,OUTPUT_DEMAND,FITNESS
0.004108584444008634,27.84047298336654,1.5,638.6200099327668
