EMITTER_COEFFICIENT_SOLUTION,PRESSURE_OUTPUT,OUTPUT_DEMAND,FITNESS
0.43113307204502627,27.651763968475308,1.5,5.255554178648197
