EMITTER_COEFFICIENT_SOLUTION,PRESSURE_OUTPUT,OUTPUT_DEMAND,FITNESS
0.6024147526805758,27.56216433286403,1.5,3.5730297111326808
