EMITTER_COEFFICIENT_SOLUTION,PRESSURE_OUTPUT,OUTPUT_DEMAND,FITNESS
0.5644092918936817,27.58270673838922,1.5,3.8560591518774765
