EMITTER_COEFFICIENT_SOLUTION,PRESSURE_OUTPUT,OUTPUT_DEMAND,FITNESS
0.30544266284224497,27.712554512433876,1.5,7.722941194247363
