EMITTER_COEFFICIENT_SOLUTION,PRESSURE_OUTPUT,OUTPUT_DEMAND,FITNESS
0.6747001077425167,27.522069467154893,1.5,3.1252989289013184
