EMITTER_COEFFICIENT_SOLUTION,PRESSURE_OUTPUT,OUTPUT_DEMAND,FITNESS
0.3074483338487143,27.711618094859446,1.5,7.667490684768178
