EMITTER_COEFFICIENT_SOLUTION,PRESSURE_OUTPUT,OUTPUT_DEMAND,FITNESS
0.012991391173773681,27.837072879873936,1.5,201.37012680189494
