EMITTER_COEFFICIENT_SOLUTION,PRESSURE_OUTPUT,OUTPUT_DEMAND,FITNESS
0.021200008036676432,27.833910394399815,1.5,123.024452377266
