EMITTER_COEFFICIENT_SOLUTION,PRESSURE_OUTPUT,OUTPUT_DEMAND,FITNESS
0.1295627665597826,27.79033866276764,1.5,19.34228606683118
