EMITTER_COEFFICIENT_SOLUTION,PRESSURE_OUTPUT,OUTPUT_DEMAND,FITNESS
0.8023210377816264,27.448057469317725,1.5,2.5381909507686555
