EMITTER_COEFFICIENT_SOLUTION,PRESSURE_OUTPUT,OUTPUT_DEMAND,FITNESS
0.15518977539033874,27.779543787234573,1.5,16.001261532125856
