EMITTER_COEFFICIENT_SOLUTION,PRESSURE_OUTPUT,OUTPUT_DEMAND,FITNESS
0.8170574288013152,27.439250041659186,1.5,2.482690568986262
