EMITTER_COEFFICIENT_SOLUTION,PRESSURE_OUTPUT,OUTPUT_DEMAND,FITNESS
0.7279614785144081,27.491677493393063,1.5,2.8541959701787096
