EMITTER_COEFFICIENT_SOLUTION,PRESSURE_OUTPUT,OUTPUT_DEMAND,FITNESS
0.5502631301376958,27.590257371435932,1.5,3.971697866445705
