EMITTER_COEFFICIENT_SOLUTION,PRESSURE_OUTPUT,OUTPUT_DEMAND,FITNESS
0.4608164448698998,27.636788798139698,1.5,4.872105723574667
