EMITTER_COEFFICIENT_SOLUTION,PRESSURE_OUTPUT,OUTPUT_DEMAND,FITNESS
0.21779510904930677,27.752394693667384,1.5,11.155215599093918
