EMITTER_COEFFICIENT_SOLUTION,PRESSURE_OUTPUT,OUTPUT_DEMAND,FITNESS
0.8912887036719944,27.394074170025966,1.5,2.2323188030434755
