EMITTER_COEFFICIENT_SOLUTION,PRESSURE_OUTPUT,OUTPUT_DEMAND,FITNESS
0.8122171321760746,27.442148828124495,1.5,2.500687491263708
