EMITTER_COEFFICIENT_SOLUTION,PRESSURE_OUTPUT,OUTPUT_DEMAND,FITNESS
0.6110452254776703,27.55744755145337,1.5,3.5138107552858355
