EMITTER_COEFFICIENT_SOLUTION,PRESSURE_OUTPUT,OUTPUT_DEMAND,FITNESS
0.04288733725275817,27.825460851406575,1.5,60.32087681988544
