EMITTER_COEFFICIENT_SOLUTION,PRESSURE_OUTPUT,OUTPUT_DEMAND,FITNESS
0.7872590502541,27.457004026073037,1.5,2.5971676131636823
