EMITTER_COEFFICIENT_SOLUTION,PRESSURE_OUTPUT,OUTPUT_DEMAND,FITNESS
0.24132280286829355,27.741908714057026,1.5,9.987002345270433
