EMITTER_COEFFICIENT_SOLUTION,PRESSURE_OUTPUT,OUTPUT_DEMAND,FITNESS
0.655351240429563,27.532932518718198,1.5,3.2351325974718805
