EMITTER_COEFFICIENT_SOLUTION,PRESSURE_OUTPUT,OUTPUT_DEMAND,FITNESS
0.5735095562355174,27.577821946991172,1.5,3.7847690729122943
