EMITTER_COEFFICIENT_SOLUTION,PRESSURE_OUTPUT,OUTPUT_DEMAND,FITNESS
0.17244346622288187,27.772171489051523,1.5,14.312832869101115
