EMITTER_COEFFICIENT_SOLUTION,PRESSURE_OUTPUT,OUTPUT_DEMAND,FITNESS
0.3379491116605339,27.697242463353128,1.5,6.906249221616147
