EMITTER_COEFFICIENT_SOLUTION,PRESSURE_OUTPUT,OUTPUT_DEMAND,FITNESS
0.16731632110786154,27.774371017137454,1.5,14.778068299450801
