EMITTER_COEFFICIENT_SOLUTION,PRESSURE_OUTPUT,OUTPUT_DEMAND,FITNESS
0.6578121095977233,27.531556194946795,1.5,3.2207917327405946
