EMITTER_COEFFICIENT_SOLUTION,PRESSURE_OUTPUT,OUTPUT_DEMAND,FITNESS
0.27065758072912594,27.728619720067876,1.5,8.816854039680914
