EMITTER_COEFFICIENT_SOLUTION,PRESSURE_OUTPUT,OUTPUT_DEMAND,FITNESS
0.605594098489603,27.560428965279833,1.5,3.5510115929502786
