EMITTER_COEFFICIENT_SOLUTION,PRESSURE_OUTPUT,OUTPUT_DEMAND,FITNESS
0.050289106459371014,27.82254587062097,1.5,51.30049540902728
