EMITTER_COEFFICIENT_SOLUTION,PRESSURE_OUTPUT,OUTPUT_DEMAND,FITNESS
0.5176337240986894,27.60747480808952,1.5,4.263227859787774
