EMITTER_COEFFICIENT_SOLUTION,PRESSURE_OUTPUT,OUTPUT_DEMAND,FITNESS
0.9120675154789665,27.38118809452336,1.5,2.1698998361856567
