EMITTER_COEFFICIENT_SOLUTION,PRESSURE_OUTPUT,OUTPUT_DEMAND,FITNESS
0.5505838111106324,27.590086781416275,1.5,3.969008735950916
