EMITTER_COEFFICIENT_SOLUTION,PRESSURE_OUTPUT,OUTPUT_DEMAND,FITNESS
0.44979778675338034,27.64237499603574,1.5,5.008417554039309
