EMITTER_COEFFICIENT_SOLUTION,PRESSURE_OUTPUT,OUTPUT_DEMAND,FITNESS
0.2149314689651719,27.75366046795854,1.5,11.314982990526412
