EMITTER_COEFFICIENT_SOLUTION,PRESSURE_OUTPUT,OUTPUT_DEMAND,FITNESS
0.3551146178331438,27.689040757856965,1.5,6.5360287973555575
