EMITTER_COEFFICIENT_SOLUTION,PRESSURE_OUTPUT,OUTPUT_DEMAND,FITNESS
0.9747915976271383,27.341658416522606,1.5,1.9984793840536725
