EMITTER_COEFFICIENT_SOLUTION,PRESSURE_OUTPUT,OUTPUT_DEMAND,FITNESS
0.3382604349690924,27.69709442454819,1.5,6.899195533215826
