EMITTER_COEFFICIENT_SOLUTION,PRESSURE_OUTPUT,OUTPUT_DEMAND,FITNESS
0.23272325184570908,27.74575924996136,1.5,10.386415171997443
