EMITTER_COEFFICIENT_SOLUTION,PRESSURE_OUTPUT,OUTPUT_DEMAND,FITNESS
0.5919304310014247,27.56786849413269,1.5,3.6473672043301817
