EMITTER_COEFFICIENT_SOLUTION,PRESSURE_OUTPUT,OUTPUT_DEMAND,FITNESS
0.338955010309793,27.696764048868737,1.5,6.883505776692062
