EMITTER_COEFFICIENT_SOLUTION,PRESSURE_OUTPUT,OUTPUT_DEMAND,FITNESS
0.38483915105053124,27.67464981789626,1.5,5.974106720766188
