EMITTER_COEFFICIENT_SOLUTION,PRESSURE_OUTPUT,OUTPUT_DEMAND,FITNESS
0.6070141209731276,27.55965304079819,1.5,3.5412543153374343
