EMITTER_COEFFICIENT_SOLUTION,PRESSURE_OUTPUT,OUTPUT_DEMAND,FITNESS
0.27347808649352745,27.727329480735285,1.5,8.717682969554788
