EMITTER_COEFFICIENT_SOLUTION,PRESSURE_OUTPUT,OUTPUT_DEMAND,FITNESS
0.4145183343591684,27.660043626323564,1.5,5.494649398779919
