EMITTER_COEFFICIENT_SOLUTION,PRESSURE_OUTPUT,OUTPUT_DEMAND,FITNESS
0.842864030971798,27.423697517319823,1.5,2.3903924822713694
