EMITTER_COEFFICIENT_SOLUTION,PRESSURE_OUTPUT,OUTPUT_DEMAND,FITNESS
0.6733600747693628,27.522824868209945,1.5,3.132694764205271
