EMITTER_COEFFICIENT_SOLUTION,PRESSURE_OUTPUT,OUTPUT_DEMAND,FITNESS
0.548182322824298,27.591363631299664,1.5,3.9892254457260776
