EMITTER_COEFFICIENT_SOLUTION,PRESSURE_OUTPUT,OUTPUT_DEMAND,FITNESS
0.8175329339050813,27.438964956717236,1.5,2.480934618796008
