EMITTER_COEFFICIENT_SOLUTION,PRESSURE_OUTPUT,OUTPUT_DEMAND,FITNESS
0.054208314569594074,27.82099598728888,1.5,47.52202919157825
