EMITTER_COEFFICIENT_SOLUTION,PRESSURE_OUTPUT,OUTPUT_DEMAND,FITNESS
0.9535843578083708,27.355129170185748,1.5,2.0537689460807034
