EMITTER_COEFFICIENT_SOLUTION,PRESSURE_OUTPUT,OUTPUT_DEMAND,FITNESS
0.018677753863278856,27.834884216065078,1.5,139.7693640928777
