EMITTER_COEFFICIENT_SOLUTION,PRESSURE_OUTPUT,OUTPUT_DEMAND,FITNESS
0.7925186732362467,27.453886284539784,1.5,2.576306493456524
