EMITTER_COEFFICIENT_SOLUTION,PRESSURE_OUTPUT,OUTPUT_DEMAND,FITNESS
0.20904080455040852,27.756257045215072,1.5,11.657482477696474
