EMITTER_COEFFICIENT_SOLUTION,PRESSURE_OUTPUT,OUTPUT_DEMAND,FITNESS
0.3114072074136667,26.54563664482518,1.1,2.9382224471572824
