EMITTER_COEFFICIENT_SOLUTION,PRESSURE_OUTPUT,OUTPUT_DEMAND,FITNESS
0.14583018442014128,26.616696440750843,1.1,3.7135786249807143
