EMITTER_COEFFICIENT_SOLUTION,PRESSURE_OUTPUT,OUTPUT_DEMAND,FITNESS
0.06708132688473789,27.058835637156108,1.1,5.785056328132935
