EMITTER_COEFFICIENT_SOLUTION,PRESSURE_OUTPUT,OUTPUT_DEMAND,FITNESS
0.1350561511584345,26.621292930078084,1.1,3.778068072763531
