EMITTER_COEFFICIENT_SOLUTION,PRESSURE_OUTPUT,OUTPUT_DEMAND,FITNESS
0.25379833380257855,26.985080282924017,1.1,10.09042945314643
