EMITTER_COEFFICIENT_SOLUTION,PRESSURE_OUTPUT,OUTPUT_DEMAND,FITNESS
0.5797261428453395,26.853449363446025,1.1,30.74169584911738
