EMITTER_COEFFICIENT_SOLUTION,PRESSURE_OUTPUT,OUTPUT_DEMAND,FITNESS
0.8490649225160283,26.74204268291426,1.1,6.947542356424673
