EMITTER_COEFFICIENT_SOLUTION,PRESSURE_OUTPUT,OUTPUT_DEMAND,FITNESS
0.22746759243735615,26.995555843188093,1.1,9.12580534651304
