EMITTER_COEFFICIENT_SOLUTION,PRESSURE_OUTPUT,OUTPUT_DEMAND,FITNESS
0.26995302578696223,26.563500658215276,1.1,3.1009885125766314
