EMITTER_COEFFICIENT_SOLUTION,PRESSURE_OUTPUT,OUTPUT_DEMAND,FITNESS
0.10541236409815391,27.04379572982743,1.1,6.336362378840046
