EMITTER_COEFFICIENT_SOLUTION,PRESSURE_OUTPUT,OUTPUT_DEMAND,FITNESS
0.44539831314965883,26.90813329105145,1.1,45.13283492247976
