EMITTER_COEFFICIENT_SOLUTION,PRESSURE_OUTPUT,OUTPUT_DEMAND,FITNESS
0.3131652638647979,26.96137296651063,1.1,13.263216322459535
