EMITTER_COEFFICIENT_SOLUTION,PRESSURE_OUTPUT,OUTPUT_DEMAND,FITNESS
0.42863980898895293,26.914913397609013,1.1,34.557922873116446
