EMITTER_COEFFICIENT_SOLUTION,PRESSURE_OUTPUT,OUTPUT_DEMAND,FITNESS
0.31798856481622795,26.95944149976838,1.1,13.611919133007545
