EMITTER_COEFFICIENT_SOLUTION,PRESSURE_OUTPUT,OUTPUT_DEMAND,FITNESS
0.8190733593765371,26.75456146491875,1.1,7.609365124481453
