EMITTER_COEFFICIENT_SOLUTION,PRESSURE_OUTPUT,OUTPUT_DEMAND,FITNESS
0.28772283119811015,26.97154797992315,1.1,11.686132907321625
