EMITTER_COEFFICIENT_SOLUTION,PRESSURE_OUTPUT,OUTPUT_DEMAND,FITNESS
0.6978804752810692,26.80486156346894,1.1,12.327885796357855
