EMITTER_COEFFICIENT_SOLUTION,PRESSURE_OUTPUT,OUTPUT_DEMAND,FITNESS
0.23004741837710885,26.994530542917886,1.1,9.211999173393258
