EMITTER_COEFFICIENT_SOLUTION,PRESSURE_OUTPUT,OUTPUT_DEMAND,FITNESS
0.6724889268224252,26.815341105206265,1.1,14.156812854429845
