EMITTER_COEFFICIENT_SOLUTION,PRESSURE_OUTPUT,OUTPUT_DEMAND,FITNESS
0.1586775170157384,27.022808721116867,1.1,7.308218754192135
