EMITTER_COEFFICIENT_SOLUTION,PRESSURE_OUTPUT,OUTPUT_DEMAND,FITNESS
0.9615999277367513,26.694822637225556,1.1,5.231333872769009
