EMITTER_COEFFICIENT_SOLUTION,PRESSURE_OUTPUT,OUTPUT_DEMAND,FITNESS
0.06300569011904744,27.060431674405606,1.1,5.7321306180981
