EMITTER_COEFFICIENT_SOLUTION,PRESSURE_OUTPUT,OUTPUT_DEMAND,FITNESS
0.2520526121798292,26.985775559227882,1.1,10.02013185045568
