EMITTER_COEFFICIENT_SOLUTION,PRESSURE_OUTPUT,OUTPUT_DEMAND,FITNESS
0.4557092927256159,26.4830782477423,1.1,2.482004071173379
