EMITTER_COEFFICIENT_SOLUTION,PRESSURE_OUTPUT,OUTPUT_DEMAND,FITNESS
0.3445056590841362,26.53133871943924,1.1,2.819762841699362
