EMITTER_COEFFICIENT_SOLUTION,PRESSURE_OUTPUT,OUTPUT_DEMAND,FITNESS
0.10550215090706261,27.04376043825271,1.1,6.337779634429615
