EMITTER_COEFFICIENT_SOLUTION,PRESSURE_OUTPUT,OUTPUT_DEMAND,FITNESS
0.09079298262583668,27.04953815897065,1.1,6.113901282116128
