EMITTER_COEFFICIENT_SOLUTION,PRESSURE_OUTPUT,OUTPUT_DEMAND,FITNESS
0.33407406930031347,26.535848283185857,1.1,2.8560804762411305
