EMITTER_COEFFICIENT_SOLUTION,PRESSURE_OUTPUT,OUTPUT_DEMAND,FITNESS
0.31185032183110506,26.961899389474894,1.1,13.171253816278346
