EMITTER_COEFFICIENT_SOLUTION,PRESSURE_OUTPUT,OUTPUT_DEMAND,FITNESS
0.7041729677572215,26.80226135498804,1.1,11.944988321352724
