EMITTER_COEFFICIENT_SOLUTION,PRESSURE_OUTPUT,OUTPUT_DEMAND,FITNESS
0.9739733680475304,26.68960717226873,1.1,5.092393822192325
