EMITTER_COEFFICIENT_SOLUTION,PRESSURE_OUTPUT,OUTPUT_DEMAND,FITNESS
0.8966134778626005,26.72213845206145,1.1,6.103514835466817
