EMITTER_COEFFICIENT_SOLUTION,PRESSURE_OUTPUT,OUTPUT_DEMAND,FITNESS
0.09473532994991696,26.63846476091618,1.1,4.040180200722759
