EMITTER_COEFFICIENT_SOLUTION,PRESSURE_OUTPUT,OUTPUT_DEMAND,FITNESS
0.6746679124432711,26.814442608977828,1.1,13.97900214249022
