EMITTER_COEFFICIENT_SOLUTION,PRESSURE_OUTPUT,OUTPUT_DEMAND,FITNESS
0.9339747737063384,26.70645004894027,1.1,5.570148592431804
