EMITTER_COEFFICIENT_SOLUTION,PRESSURE_OUTPUT,OUTPUT_DEMAND,FITNESS
0.01878297734041623,26.670681148659455,1.1,4.644739556690192
