EMITTER_COEFFICIENT_SOLUTION,PRESSURE_OUTPUT,OUTPUT_DEMAND,FITNESS
0.17195093912243187,27.017563140422396,1.1,7.599554130589232
