EMITTER_COEFFICIENT_SOLUTION,PRESSURE_OUTPUT,OUTPUT_DEMAND,FITNESS
0.40306253498305233,26.925243133000016,1.1,25.466897528383562
