EMITTER_COEFFICIENT_SOLUTION,PRESSURE_OUTPUT,OUTPUT_DEMAND,FITNESS
0.20274149123796614,26.59236069955972,1.1,3.405788373822048
