EMITTER_COEFFICIENT_SOLUTION,PRESSURE_OUTPUT,OUTPUT_DEMAND,FITNESS
0.14608074464618093,27.027781109219916,1.1,7.051955623296354
