EMITTER_COEFFICIENT_SOLUTION,PRESSURE_OUTPUT,OUTPUT_DEMAND,FITNESS
0.12180006648560426,27.03734959963574,1.1,6.606192419431837
