EMITTER_COEFFICIENT_SOLUTION,PRESSURE_OUTPUT,OUTPUT_DEMAND,FITNESS
0.022089307247163292,27.07642134298758,1.1,5.25086341998021
