EMITTER_COEFFICIENT_SOLUTION,PRESSURE_OUTPUT,OUTPUT_DEMAND,FITNESS
0.17268100429793587,27.017274441672456,1.1,7.6162640751836435
