EMITTER_COEFFICIENT_SOLUTION,PRESSURE_OUTPUT,OUTPUT_DEMAND,FITNESS
0.5280398253060528,26.874561168574502,1.1,87.5863461609963
