EMITTER_COEFFICIENT_SOLUTION,PRESSURE_OUTPUT,OUTPUT_DEMAND,FITNESS
0.7530543226702022,26.782019552401024,1.1,9.619184114093738
