EMITTER_COEFFICIENT_SOLUTION,PRESSURE_OUTPUT,OUTPUT_DEMAND,FITNESS
0.12456717846762833,26.62576455280024,1.1,3.8429919439018616
