EMITTER_COEFFICIENT_SOLUTION,PRESSURE_OUTPUT,OUTPUT_DEMAND,FITNESS
0.047650248480343826,27.066439533613448,1.1,5.541300241808636
