EMITTER_COEFFICIENT_SOLUTION,PRESSURE_OUTPUT,OUTPUT_DEMAND,FITNESS
0.5678828054994574,26.85829463880696,1.1,36.12216370767677
