EMITTER_COEFFICIENT_SOLUTION,PRESSURE_OUTPUT,OUTPUT_DEMAND,FITNESS
0.23150215938711916,26.993952282413538,1.1,9.26133369868728
