EMITTER_COEFFICIENT_SOLUTION,PRESSURE_OUTPUT,OUTPUT_DEMAND,FITNESS
0.374609388024149,26.936708307950077,1.1,19.71148896973379
