EMITTER_COEFFICIENT_SOLUTION,PRESSURE_OUTPUT,OUTPUT_DEMAND,FITNESS
0.829863927983344,26.750060589152525,1.1,7.357383515797491
