EMITTER_COEFFICIENT_SOLUTION,PRESSURE_OUTPUT,OUTPUT_DEMAND,FITNESS
0.8188544650819232,26.75465273086531,1.1,7.614653317779701
