EMITTER_COEFFICIENT_SOLUTION,PRESSURE_OUTPUT,OUTPUT_DEMAND,FITNESS
0.7559042057048673,26.78083708029459,1.1,9.511002012056784
