EMITTER_COEFFICIENT_SOLUTION,PRESSURE_OUTPUT,OUTPUT_DEMAND,FITNESS
0.4762576588287355,26.895623669476485,1.1,103.65706025616089
