EMITTER_COEFFICIENT_SOLUTION,PRESSURE_OUTPUT,OUTPUT_DEMAND,FITNESS
0.13589717156486403,26.62093425010911,1.1,3.7729552756497484
