EMITTER_COEFFICIENT_SOLUTION,PRESSURE_OUTPUT,OUTPUT_DEMAND,FITNESS
0.01556537814892045,26.672042157099334,1.1,4.674288208603441
