EMITTER_COEFFICIENT_SOLUTION,PRESSURE_OUTPUT,OUTPUT_DEMAND,FITNESS
0.4965446294619764,26.88738251002087,1.1,711.2189556514586
