EMITTER_COEFFICIENT_SOLUTION,PRESSURE_OUTPUT,OUTPUT_DEMAND,FITNESS
0.053106326391796355,27.064305806205702,1.1,5.607602425554161
