EMITTER_COEFFICIENT_SOLUTION,PRESSURE_OUTPUT,OUTPUT_DEMAND,FITNESS
0.49294617243273975,26.88884530750598,1.1,348.5736409381673
