EMITTER_COEFFICIENT_SOLUTION,PRESSURE_OUTPUT,OUTPUT_DEMAND,FITNESS
0.4708982731213909,26.897798517960013,1.1,84.5877362994031
