EMITTER_COEFFICIENT_SOLUTION,PRESSURE_OUTPUT,OUTPUT_DEMAND,FITNESS
0.06472097234063412,26.65121625143231,1.1,4.259629135533974
