EMITTER_COEFFICIENT_SOLUTION,PRESSURE_OUTPUT,OUTPUT_DEMAND,FITNESS
0.11973989359093351,26.627821424160068,1.1,3.873611057705488
