EMITTER_COEFFICIENT_SOLUTION,PRESSURE_OUTPUT,OUTPUT_DEMAND,FITNESS
0.6234813051791792,26.83550884700272,1.1,19.813897471619192
