EMITTER_COEFFICIENT_SOLUTION,PRESSURE_OUTPUT,OUTPUT_DEMAND,FITNESS
0.36392160223797254,26.941007832545758,1.1,18.171457381642842
