EMITTER_COEFFICIENT_SOLUTION,PRESSURE_OUTPUT,OUTPUT_DEMAND,FITNESS
0.9596167635421766,26.695658120356114,1.1,5.254298790259104
