EMITTER_COEFFICIENT_SOLUTION,PRESSURE_OUTPUT,OUTPUT_DEMAND,FITNESS
0.22046651027837139,26.584762266006265,1.1,3.3198744819635784
