EMITTER_COEFFICIENT_SOLUTION,PRESSURE_OUTPUT,OUTPUT_DEMAND,FITNESS
0.03490858943498343,27.071418251542127,1.1,5.392528098244414
