EMITTER_COEFFICIENT_SOLUTION,PRESSURE_OUTPUT,OUTPUT_DEMAND,FITNESS
0.5569403796302743,26.862767255187677,1.1,43.08261621969251
