EMITTER_COEFFICIENT_SOLUTION,PRESSURE_OUTPUT,OUTPUT_DEMAND,FITNESS
0.2448042974492961,26.988661240919527,1.1,9.738542753197551
