EMITTER_COEFFICIENT_SOLUTION,PRESSURE_OUTPUT,OUTPUT_DEMAND,FITNESS
0.28185372385589336,26.973891993655613,1.1,11.374555885546531
