EMITTER_COEFFICIENT_SOLUTION,PRESSURE_OUTPUT,OUTPUT_DEMAND,FITNESS
0.27643006460209696,26.976057042164044,1.1,11.101173228749376
