EMITTER_COEFFICIENT_SOLUTION,PRESSURE_OUTPUT,OUTPUT_DEMAND,FITNESS
0.37864872282713136,26.51655752551322,1.1,2.7069390788800463
