EMITTER_COEFFICIENT_SOLUTION,PRESSURE_OUTPUT,OUTPUT_DEMAND,FITNESS
0.8007487704791498,26.762196560381433,1.1,8.078724724659942
