EMITTER_COEFFICIENT_SOLUTION,PRESSURE_OUTPUT,OUTPUT_DEMAND,FITNESS
0.4070690578398859,26.504229186864315,1.1,2.6195202863476865
