EMITTER_COEFFICIENT_SOLUTION,PRESSURE_OUTPUT,OUTPUT_DEMAND,FITNESS
0.40377847464684,26.50565773554642,1.1,2.6293596452933925
