EMITTER_COEFFICIENT_SOLUTION,PRESSURE_OUTPUT,OUTPUT_DEMAND,FITNESS
0.9594103428550196,26.69574507606361,1.1,5.256700530833795
