EMITTER_COEFFICIENT_SOLUTION,PRESSURE_OUTPUT,OUTPUT_DEMAND,FITNESS
0.2642236859840643,26.980925921739782,1.1,10.531920047578552
