EMITTER_COEFFICIENT_SOLUTION,PRESSURE_OUTPUT,OUTPUT_DEMAND,FITNESS
0.21464311961332205,27.000649211147994,1.1,8.720468512193017
