EMITTER_COEFFICIENT_SOLUTION,PRESSURE_OUTPUT,OUTPUT_DEMAND,FITNESS
0.14252275578397677,26.61810783748252,1.1,3.7331452815461064
