EMITTER_COEFFICIENT_SOLUTION,PRESSURE_OUTPUT,OUTPUT_DEMAND,FITNESS
0.31245039052083246,26.54518647734691,1.1,2.9343412169479053
