EMITTER_COEFFICIENT_SOLUTION,PRESSURE_OUTPUT,OUTPUT_DEMAND,FITNESS
0.00890418983700414,26.67485878108309,1.1,4.7366495740443915
