EMITTER_COEFFICIENT_SOLUTION,PRESSURE_OUTPUT,OUTPUT_DEMAND,FITNESS
0.7698244821783387,26.77505760707497,1.1,9.015436269439485
