EMITTER_COEFFICIENT_SOLUTION,PRESSURE_OUTPUT,OUTPUT_DEMAND,FITNESS
0.2233312952396509,26.997199245233247,1.1,8.990964549943838
