EMITTER_COEFFICIENT_SOLUTION,PRESSURE_OUTPUT,OUTPUT_DEMAND,FITNESS
0.1720780540220479,27.01751287515404,1.1,7.602458221185065
