EMITTER_COEFFICIENT_SOLUTION,PRESSURE_OUTPUT,OUTPUT_DEMAND,FITNESS
0.38461702513234886,26.51397041096594,1.1,2.6881137840020846
