EMITTER_COEFFICIENT_SOLUTION,PRESSURE_OUTPUT,OUTPUT_DEMAND,FITNESS
0.12427611661351712,27.03637480537205,1.1,6.6490099054017
