EMITTER_COEFFICIENT_SOLUTION,PRESSURE_OUTPUT,OUTPUT_DEMAND,FITNESS
0.3598987340333488,26.94262515902475,1.1,17.652660188273888
