EMITTER_COEFFICIENT_SOLUTION,PRESSURE_OUTPUT,OUTPUT_DEMAND,FITNESS
0.48720843974130434,26.46934660923928,1.1,2.4002004800129626
