EMITTER_COEFFICIENT_SOLUTION,PRESSURE_OUTPUT,OUTPUT_DEMAND,FITNESS
0.3235940506081272,26.957195805090656,1.1,14.041131448861629
