EMITTER_COEFFICIENT_SOLUTION,PRESSURE_OUTPUT,OUTPUT_DEMAND,FITNESS
0.7992777439215111,26.762809021537258,1.1,8.118896252692577
