EMITTER_COEFFICIENT_SOLUTION,PRESSURE_OUTPUT,OUTPUT_DEMAND,FITNESS
0.17408392812301954,27.016719613088156,1.1,7.648584860961661
