EMITTER_COEFFICIENT_SOLUTION,PRESSURE_OUTPUT,OUTPUT_DEMAND,FITNESS
0.19950808022939515,26.593745838227342,1.1,3.4219312976603367
