EMITTER_COEFFICIENT_SOLUTION,PRESSURE_OUTPUT,OUTPUT_DEMAND,FITNESS
0.0033914116011763973,26.677188805386166,1.1,4.7895090317719715
