EMITTER_COEFFICIENT_SOLUTION,PRESSURE_OUTPUT,OUTPUT_DEMAND,FITNESS
0.5187884124576885,26.878330721695214,1.1,130.7573856368419
