EMITTER_COEFFICIENT_SOLUTION,PRESSURE_OUTPUT,OUTPUT_DEMAND,FITNESS
0.27075934288174297,26.978319623039944,1.1,10.82917360229081
