EMITTER_COEFFICIENT_SOLUTION,PRESSURE_OUTPUT,OUTPUT_DEMAND,FITNESS
0.16214406074343746,27.021439365623202,1.1,7.382095439718543
