EMITTER_COEFFICIENT_SOLUTION,PRESSURE_OUTPUT,OUTPUT_DEMAND,FITNESS
0.5062763259565461,26.883424354347312,1.1,391.52444972839857
