EMITTER_COEFFICIENT_SOLUTION,PRESSURE_OUTPUT,OUTPUT_DEMAND,FITNESS
0.6748171012925075,26.814381085968172,1.1,13.966990108023937
