EMITTER_COEFFICIENT_SOLUTION,PRESSURE_OUTPUT,OUTPUT_DEMAND,FITNESS
0.7020647780600202,26.803132650082645,1.1,12.07061456696095
