EMITTER_COEFFICIENT_SOLUTION,PRESSURE_OUTPUT,OUTPUT_DEMAND,FITNESS
0.12497616284774127,27.036099164974246,1.1,6.661218157960546
