EMITTER_COEFFICIENT_SOLUTION,PRESSURE_OUTPUT,OUTPUT_DEMAND,FITNESS
0.3705680633411308,26.52005872393771,1.1,2.7328396509476445
