EMITTER_COEFFICIENT_SOLUTION,PRESSURE_OUTPUT,OUTPUT_DEMAND,FITNESS
0.9419669724010387,26.703088517205387,1.1,5.467768824478037
