EMITTER_COEFFICIENT_SOLUTION,PRESSURE_OUTPUT,OUTPUT_DEMAND,FITNESS
0.8781748796105753,26.729865268734137,1.1,6.4056080526121715
