EMITTER_COEFFICIENT_SOLUTION,PRESSURE_OUTPUT,OUTPUT_DEMAND,FITNESS
0.06755528517792397,27.05864999403841,1.1,5.791275903015821
