EMITTER_COEFFICIENT_SOLUTION,PRESSURE_OUTPUT,OUTPUT_DEMAND,FITNESS
0.11973835249276088,27.038161106969824,1.1,6.570965646084927
