EMITTER_COEFFICIENT_SOLUTION,PRESSURE_OUTPUT,OUTPUT_DEMAND,FITNESS
0.07339078240677965,27.05636364295121,1.1,5.8689865075218295
