EMITTER_COEFFICIENT_SOLUTION,PRESSURE_OUTPUT,OUTPUT_DEMAND,FITNESS
0.60813647814785,26.841807630887907,1.1,22.639369013656445
