EMITTER_COEFFICIENT_SOLUTION,PRESSURE_OUTPUT,OUTPUT_DEMAND,FITNESS
0.1194936699684106,27.038257405901973,1.1,6.566810319716022
