EMITTER_COEFFICIENT_SOLUTION,PRESSURE_OUTPUT,OUTPUT_DEMAND,FITNESS
0.18936895614753602,27.010670176959344,1.1,8.019651115453668
