EMITTER_COEFFICIENT_SOLUTION,PRESSURE_OUTPUT,OUTPUT_DEMAND,FITNESS
0.008356733605445088,27.08177422681603,1.1,5.10731089511684
