EMITTER_COEFFICIENT_SOLUTION,PRESSURE_OUTPUT,OUTPUT_DEMAND,FITNESS
0.4776186140152703,26.89507123878574,1.1,109.95335686837254
