EMITTER_COEFFICIENT_SOLUTION,PRESSURE_OUTPUT,OUTPUT_DEMAND,FITNESS
0.6367290932673795,26.830064724787476,1.1,17.884688961160357
