EMITTER_COEFFICIENT_SOLUTION,PRESSURE_OUTPUT,OUTPUT_DEMAND,FITNESS
0.665332010586893,26.818291159727245,1.1,14.773817246937659
