EMITTER_COEFFICIENT_SOLUTION,PRESSURE_OUTPUT,OUTPUT_DEMAND,FITNESS
0.12418510255265458,27.036410640507064,1.1,6.647426035380451
