EMITTER_COEFFICIENT_SOLUTION,PRESSURE_OUTPUT,OUTPUT_DEMAND,FITNESS
0.06040699798759985,27.061449020054944,1.1,5.698897167896819
