EMITTER_COEFFICIENT_SOLUTION,PRESSURE_OUTPUT,OUTPUT_DEMAND,FITNESS
0.43462354766140465,26.912493598104298,1.1,37.71147911756601
