EMITTER_COEFFICIENT_SOLUTION,PRESSURE_OUTPUT,OUTPUT_DEMAND,FITNESS
0.09094064090894594,26.640078387407748,1.1,4.066692358211954
