EMITTER_COEFFICIENT_SOLUTION,PRESSURE_OUTPUT,OUTPUT_DEMAND,FITNESS
0.4316462966743444,26.91369773688391,1.1,36.07339165335669
