EMITTER_COEFFICIENT_SOLUTION,PRESSURE_OUTPUT,OUTPUT_DEMAND,FITNESS
0.46852432554983814,26.89876156372452,1.1,78.2161066759231
