EMITTER_COEFFICIENT_SOLUTION,PRESSURE_OUTPUT,OUTPUT_DEMAND,FITNESS
0.7578190330226411,26.780042437167744,1.1,9.439658466862754
