EMITTER_COEFFICIENT_SOLUTION,PRESSURE_OUTPUT,OUTPUT_DEMAND,FITNESS
0.9360520553499636,26.705576527620273,1.1,5.54317746673854
