EMITTER_COEFFICIENT_SOLUTION,PRESSURE_OUTPUT,OUTPUT_DEMAND,FITNESS
0.44132656426810457,26.909781495409995,1.1,42.007942420829664
