EMITTER_COEFFICIENT_SOLUTION,PRESSURE_OUTPUT,OUTPUT_DEMAND,FITNESS
0.023366513757710372,27.075923145049593,1.1,5.2646355450918065
