EMITTER_COEFFICIENT_SOLUTION,PRESSURE_OUTPUT,OUTPUT_DEMAND,FITNESS
0.41000379745061477,26.502954870031722,1.1,2.6108051607885394
