EMITTER_COEFFICIENT_SOLUTION,PRESSURE_OUTPUT,OUTPUT_DEMAND,FITNESS
0.34966623269952524,26.946736473410418,1.1,16.458196139687665
