EMITTER_COEFFICIENT_SOLUTION,PRESSURE_OUTPUT,OUTPUT_DEMAND,FITNESS
0.30025038552715677,26.96654071690908,1.1,12.412454392270252
