EMITTER_COEFFICIENT_SOLUTION,PRESSURE_OUTPUT,OUTPUT_DEMAND,FITNESS
0.25881554547689234,26.568291893806624,1.1,3.1477565144091364
