EMITTER_COEFFICIENT_SOLUTION,PRESSURE_OUTPUT,OUTPUT_DEMAND,FITNESS
0.17835034149476603,27.015031903109417,1.1,7.748608494277002
