EMITTER_COEFFICIENT_SOLUTION,PRESSURE_OUTPUT,OUTPUT_DEMAND,FITNESS
0.46374650462995715,26.90069922440734,1.1,67.92208804419107
