EMITTER_COEFFICIENT_SOLUTION,PRESSURE_OUTPUT,OUTPUT_DEMAND,FITNESS
0.2906595142566426,26.55458359084922,1.1,3.017548106776621
