EMITTER_COEFFICIENT_SOLUTION,PRESSURE_OUTPUT,OUTPUT_DEMAND,FITNESS
0.12420486498179928,26.625918955620904,1.1,3.8452736092733835
