EMITTER_COEFFICIENT_SOLUTION,PRESSURE_OUTPUT,OUTPUT_DEMAND,FITNESS
0.6134163909638062,26.839641180979335,1.1,21.58088983801478
