EMITTER_COEFFICIENT_SOLUTION,PRESSURE_OUTPUT,OUTPUT_DEMAND,FITNESS
0.29028563694100273,26.970524068201357,1.1,11.8276575535744
