EMITTER_COEFFICIENT_SOLUTION,PRESSURE_OUTPUT,OUTPUT_DEMAND,FITNESS
0.3651912439510623,26.522387395836297,1.1,2.750342519675021
