EMITTER_COEFFICIENT_SOLUTION,PRESSURE_OUTPUT,OUTPUT_DEMAND,FITNESS
0.8669293149806137,26.734572664892426,1.1,6.604766427475124
