EMITTER_COEFFICIENT_SOLUTION,PRESSURE_OUTPUT,OUTPUT_DEMAND,FITNESS
0.12347937524446961,27.036688497780844,1.1,6.635170638495848
