EMITTER_COEFFICIENT_SOLUTION,PRESSURE_OUTPUT,OUTPUT_DEMAND,FITNESS
0.5512963039565355,26.86507268333559,1.1,47.83363861587929
