EMITTER_COEFFICIENT_SOLUTION,PRESSURE_OUTPUT,OUTPUT_DEMAND,FITNESS
0.014929986599823142,27.07921286674327,1.1,5.175008609661204
