EMITTER_COEFFICIENT_SOLUTION,PRESSURE_OUTPUT,OUTPUT_DEMAND,FITNESS
0.6042087286235351,26.84341867462217,1.1,23.496351771294457
