EMITTER_COEFFICIENT_SOLUTION,PRESSURE_OUTPUT,OUTPUT_DEMAND,FITNESS
0.7197302463666686,26.795827301388385,1.1,11.092479213425953
