EMITTER_COEFFICIENT_SOLUTION,PRESSURE_OUTPUT,OUTPUT_DEMAND,FITNESS
0.37418885905767807,26.9368775535331,1.1,19.64594846598134
