EMITTER_COEFFICIENT_SOLUTION,PRESSURE_OUTPUT,OUTPUT_DEMAND,FITNESS
0.12000788327902123,27.03805502610647,1.1,6.575549157012257
