EMITTER_COEFFICIENT_SOLUTION,PRESSURE_OUTPUT,OUTPUT_DEMAND,FITNESS
0.29911511295894067,26.96699470885023,1.1,12.342900245322921
