EMITTER_COEFFICIENT_SOLUTION,PRESSURE_OUTPUT,OUTPUT_DEMAND,FITNESS
0.12812407137857895,27.034859472220354,1.1,6.7166836170117445
