EMITTER_COEFFICIENT_SOLUTION,PRESSURE_OUTPUT,OUTPUT_DEMAND,FITNESS
0.12284677746322137,27.03693754754049,1.1,6.624224189813305
