EMITTER_COEFFICIENT_SOLUTION,PRESSURE_OUTPUT,OUTPUT_DEMAND,FITNESS
0.5226300384928952,26.876765767630054,1.1,108.54574548188772
