EMITTER_COEFFICIENT_SOLUTION,PRESSURE_OUTPUT,OUTPUT_DEMAND,FITNESS
0.7103618933145461,26.799702711796655,1.1,11.590740934567904
