EMITTER_COEFFICIENT_SOLUTION,PRESSURE_OUTPUT,OUTPUT_DEMAND,FITNESS
0.35584581568219154,26.526432940383927,1.1,2.7812889010574464
