EMITTER_COEFFICIENT_SOLUTION,PRESSURE_OUTPUT,OUTPUT_DEMAND,FITNESS
0.002811120877672435,27.083933924469612,1.1,5.051590601242394
