EMITTER_COEFFICIENT_SOLUTION,PRESSURE_OUTPUT,OUTPUT_DEMAND,FITNESS
0.4017821902920966,26.925759636881445,1.1,25.136261394340394
