EMITTER_COEFFICIENT_SOLUTION,PRESSURE_OUTPUT,OUTPUT_DEMAND,FITNESS
0.19189614523869292,27.009669183035598,1.1,8.084550833888121
