EMITTER_COEFFICIENT_SOLUTION,PRESSURE_OUTPUT,OUTPUT_DEMAND,FITNESS
0.8886040380911575,26.7254961431576,1.1,6.231215607294958
