EMITTER_COEFFICIENT_SOLUTION,PRESSURE_OUTPUT,OUTPUT_DEMAND,FITNESS
0.2132479364201667,27.001202974042073,1.1,8.678559126348086
