EMITTER_COEFFICIENT_SOLUTION,PRESSURE_OUTPUT,OUTPUT_DEMAND,FITNESS
0.2710741441112039,26.978194048680635,1.1,10.843919886073305
