EMITTER_COEFFICIENT_SOLUTION,PRESSURE_OUTPUT,OUTPUT_DEMAND,FITNESS
0.5401129484977927,26.869637640187037,1.1,61.19639040562385
