EMITTER_COEFFICIENT_SOLUTION,PRESSURE_OUTPUT,OUTPUT_DEMAND,FITNESS
0.02847568553652069,27.07392962405992,1.1,5.320474787036851
