EMITTER_COEFFICIENT_SOLUTION,PRESSURE_OUTPUT,OUTPUT_DEMAND,FITNESS
0.9728850186637215,26.690066102199026,1.1,5.104322889914082
