EMITTER_COEFFICIENT_SOLUTION,PRESSURE_OUTPUT,OUTPUT_DEMAND,FITNESS
0.24180369975717353,26.989855294997547,1.1,9.626601295897569
