EMITTER_COEFFICIENT_SOLUTION,PRESSURE_OUTPUT,OUTPUT_DEMAND,FITNESS,NODE
0.4604470114564625,24.000135283798187,13.000000000000002,42.532874827893686,N5
