EMITTER_COEFFICIENT_SOLUTION,PRESSURE_OUTPUT,OUTPUT_DEMAND,FITNESS,NODE
0.6719545191857792,23.989258792545712,13.000000000000002,29.080151348350842,N5
