EMITTER_COEFFICIENT_SOLUTION,PRESSURE_OUTPUT,OUTPUT_DEMAND,FITNESS,NODE
0.31896218088753137,24.007383966231238,13.000000000000002,61.49099880233721,N5
