EMITTER_COEFFICIENT_SOLUTION,PRESSURE_OUTPUT,OUTPUT_DEMAND,FITNESS,NODE
0.7628102322797616,23.984571873573294,13.000000000000002,25.59204937455618,N5
