EMITTER_COEFFICIENT_SOLUTION,PRESSURE_OUTPUT,OUTPUT_DEMAND,FITNESS,NODE
0.043769829602352095,24.021420570069807,13.000000000000002,449.24861649033363,N5
