EMITTER_COEFFICIENT_SOLUTION,PRESSURE_OUTPUT,OUTPUT_DEMAND,FITNESS,NODE
0.6064199133879118,23.992633977950177,13.000000000000002,32.24503015574958,N5
