EMITTER_COEFFICIENT_SOLUTION,PRESSURE_OUTPUT,OUTPUT_DEMAND,FITNESS,NODE
0.8929629893453495,23.97784233992011,13.000000000000002,21.832073790405744,N5
