EMITTER_COEFFICIENT_SOLUTION,PRESSURE_OUTPUT,OUTPUT_DEMAND,FITNESS,NODE
0.8489430392972623,23.980120416048962,13.000000000000002,22.97472461740549,N5
