EMITTER_COEFFICIENT_SOLUTION,PRESSURE_OUTPUT,OUTPUT_DEMAND,FITNESS,NODE
0.9234168651472763,23.976265109307356,13.000000000000002,21.105328372987486,N5
