EMITTER_COEFFICIENT_SOLUTION,PRESSURE_OUTPUT,OUTPUT_DEMAND,FITNESS,NODE
0.5859621461610875,23.993686653715486,13.000000000000002,33.37799830382183,N5
