EMITTER_COEFFICIENT_SOLUTION,PRESSURE_OUTPUT,OUTPUT_DEMAND,FITNESS,NODE
0.5217007511682061,23.99699035606487,13.000000000000002,37.51479071877795,N5
