EMITTER_COEFFICIENT_SOLUTION,PRESSURE_OUTPUT,OUTPUT_DEMAND,FITNESS,NODE
0.510017274142873,23.997590529257863,13.000000000000002,38.37890605520723,N5
