EMITTER_COEFFICIENT_SOLUTION,PRESSURE_OUTPUT,OUTPUT_DEMAND,FITNESS,NODE
0.4199425688679497,24.002212660106608,13.000000000000002,46.65517627717196,N5
