EMITTER_COEFFICIENT_SOLUTION,PRESSURE_OUTPUT,OUTPUT_DEMAND,FITNESS,NODE
0.8169645936694614,23.981774032085426,13.000000000000002,23.88203595481338,N5
