EMITTER_COEFFICIENT_SOLUTION,PRESSURE_OUTPUT,OUTPUT_DEMAND,FITNESS,NODE
0.2981915745997046,24.008446278158665,13.000000000000002,65.78847441263588,N5
