EMITTER_COEFFICIENT_SOLUTION,PRESSURE_OUTPUT,OUTPUT_DEMAND,FITNESS,NODE
0.7491378373210433,23.9852777496751,13.000000000000002,26.062870332846156,N5
