EMITTER_COEFFICIENT_SOLUTION,PRESSURE_OUTPUT,OUTPUT_DEMAND,FITNESS,NODE
0.826987063676373,23.98125588463865,13.000000000000002,23.590121973117093,N5
