EMITTER_COEFFICIENT_SOLUTION,PRESSURE_OUTPUT,OUTPUT_DEMAND,FITNESS,NODE
0.9347213864359669,23.975679386966718,13.000000000000002,20.847613050453596,N5
