EMITTER_COEFFICIENT_SOLUTION,PRESSURE_OUTPUT,OUTPUT_DEMAND,FITNESS,NODE
0.30352627026118406,24.00817348004241,13.000000000000002,64.62858697876302,N5
