EMITTER_COEFFICIENT_SOLUTION,PRESSURE_OUTPUT,OUTPUT_DEMAND,FITNESS,NODE
0.6336550912965841,23.991231863928093,13.000000000000002,30.85025292538416,N5
