EMITTER_COEFFICIENT_SOLUTION,PRESSURE_OUTPUT,OUTPUT_DEMAND,FITNESS,NODE
0.00544763512228208,24.023368696870826,13.000000000000002,3599.554422016095,N5
