EMITTER_COEFFICIENT_SOLUTION,PRESSURE_OUTPUT,OUTPUT_DEMAND,FITNESS,NODE
0.4771062479820156,23.9992803562728,13.000000000000002,41.04053724876012,N5
