EMITTER_COEFFICIENT_SOLUTION,PRESSURE_OUTPUT,OUTPUT_DEMAND,FITNESS,NODE
0.8665102723860558,23.979211542809125,13.000000000000002,22.50479937223341,N5
