EMITTER_COEFFICIENT_SOLUTION,PRESSURE_OUTPUT,OUTPUT_DEMAND,FITNESS,NODE
0.9445924953015603,23.975167822581433,13.000000000000002,20.627621604000737,N5
