EMITTER_COEFFICIENT_SOLUTION,PRESSURE_OUTPUT,OUTPUT_DEMAND,FITNESS,NODE
0.24769099451085363,24.011027173552073,13.000000000000002,79.24347533528382,N5
