EMITTER_COEFFICIENT_SOLUTION,PRESSURE_OUTPUT,OUTPUT_DEMAND,FITNESS,NODE
0.9913117143901151,23.972745216047066,13.000000000000002,19.645866368446136,N5
