EMITTER_COEFFICIENT_SOLUTION,PRESSURE_OUTPUT,OUTPUT_DEMAND,FITNESS,NODE
0.17652668454707676,24.014659405888267,13.000000000000002,111.27056002339621,N5
