EMITTER_COEFFICIENT_SOLUTION,PRESSURE_OUTPUT,OUTPUT_DEMAND,FITNESS,NODE
0.6844637028909248,23.988614015230212,13.000000000000002,28.544927620750553,N5
