EMITTER_COEFFICIENT_SOLUTION,PRESSURE_OUTPUT,OUTPUT_DEMAND,FITNESS,NODE
0.9702615300018969,23.97383705319197,13.000000000000002,20.07650923097799,N5
