EMITTER_COEFFICIENT_SOLUTION,PRESSURE_OUTPUT,OUTPUT_DEMAND,FITNESS,NODE
0.9970010463805734,23.972450039000826,13.000000000000002,19.53259666837257,N5
