EMITTER_COEFFICIENT_SOLUTION,PRESSURE_OUTPUT,OUTPUT_DEMAND,FITNESS,NODE
0.2476838177724574,24.011027540131266,13.000000000000002,79.24577734660629,N5
