EMITTER_COEFFICIENT_SOLUTION,PRESSURE_OUTPUT,OUTPUT_DEMAND,FITNESS,NODE
0.5255729290008959,23.996791412100748,13.000000000000002,37.236879184986435,N5
