EMITTER_COEFFICIENT_SOLUTION,PRESSURE_OUTPUT,OUTPUT_DEMAND,FITNESS,NODE
0.7663570074783768,23.984388728504037,13.000000000000002,25.472657559942803,N5
