EMITTER_COEFFICIENT_SOLUTION,PRESSURE_OUTPUT,OUTPUT_DEMAND,FITNESS,NODE
0.012762163169516727,24.022996983473078,13.000000000000002,1539.5852917177986,N5
