EMITTER_COEFFICIENT_SOLUTION,PRESSURE_OUTPUT,OUTPUT_DEMAND,FITNESS,NODE
0.09217203416892206,24.0189577341638,13.000000000000002,213.27532835530812,N5
