EMITTER_COEFFICIENT_SOLUTION,PRESSURE_OUTPUT,OUTPUT_DEMAND,FITNESS,NODE
0.0016834093169049158,24.023559975911226,13.000000000000002,11556.268505882124,N5
