EMITTER_COEFFICIENT_SOLUTION,PRESSURE_OUTPUT,OUTPUT_DEMAND,FITNESS,NODE
0.684297764209022,23.988622569526967,13.000000000000002,28.55189947443597,N5
