EMITTER_COEFFICIENT_SOLUTION,PRESSURE_OUTPUT,OUTPUT_DEMAND,FITNESS,NODE
0.49885176867462677,23.99816395680967,13.000000000000002,39.2425370583587,N5
