EMITTER_COEFFICIENT_SOLUTION,PRESSURE_OUTPUT,OUTPUT_DEMAND,FITNESS,NODE
0.3800033222261445,24.00425930987705,13.000000000000002,51.5804264407045,N5
