EMITTER_COEFFICIENT_SOLUTION,PRESSURE_OUTPUT,OUTPUT_DEMAND,FITNESS,NODE
0.9063544055219974,23.977148909823548,13.000000000000002,21.506486721530866,N5
