EMITTER_COEFFICIENT_SOLUTION,PRESSURE_OUTPUT,OUTPUT_DEMAND,FITNESS,NODE
0.0032326860392084544,24.023481245725797,13.000000000000002,6050.949915155635,N5
