EMITTER_COEFFICIENT_SOLUTION,PRESSURE_OUTPUT,OUTPUT_DEMAND,FITNESS,NODE
0.2906435994823897,24.008832203023303,13.000000000000002,67.50231831894544,N5
