EMITTER_COEFFICIENT_SOLUTION,PRESSURE_OUTPUT,OUTPUT_DEMAND,FITNESS,NODE
0.004591645590069637,24.02341219315371,13.000000000000002,4267.74318194231,N5
