EMITTER_COEFFICIENT_SOLUTION,PRESSURE_OUTPUT,OUTPUT_DEMAND,FITNESS,NODE
0.8265140286142341,23.981280342297417,13.000000000000002,23.603740367178865,N5
