EMITTER_COEFFICIENT_SOLUTION,PRESSURE_OUTPUT,OUTPUT_DEMAND,FITNESS,NODE
0.33306901471004213,24.00666220567011,13.000000000000002,58.87789322777819,N5
