EMITTER_COEFFICIENT_SOLUTION,PRESSURE_OUTPUT,OUTPUT_DEMAND,FITNESS,NODE
0.5096121419128126,23.997611338012867,13.000000000000002,38.409580608977684,N5
