EMITTER_COEFFICIENT_SOLUTION,PRESSURE_OUTPUT,OUTPUT_DEMAND,FITNESS,NODE
0.9732407758397752,23.97368255350227,13.000000000000002,20.01442818848576,N5
