EMITTER_COEFFICIENT_SOLUTION,PRESSURE_OUTPUT,OUTPUT_DEMAND,FITNESS,NODE
0.6342108239700066,23.99120324553602,13.000000000000002,30.8230397372349,N5
