EMITTER_COEFFICIENT_SOLUTION,PRESSURE_OUTPUT,OUTPUT_DEMAND,FITNESS,NODE
0.9630056483807665,23.974213293861588,13.000000000000002,20.229313357723647,N5
