EMITTER_COEFFICIENT_SOLUTION,PRESSURE_OUTPUT,OUTPUT_DEMAND,FITNESS,NODE
0.4731866878716957,23.99948152932587,13.000000000000002,41.38219903692523,N5
