EMITTER_COEFFICIENT_SOLUTION,PRESSURE_OUTPUT,OUTPUT_DEMAND,FITNESS,NODE
0.5539282345506928,23.99533408587549,13.000000000000002,35.32018416105911,N5
