EMITTER_COEFFICIENT_SOLUTION,PRESSURE_OUTPUT,OUTPUT_DEMAND,FITNESS,NODE
0.1696625352533767,24.015009461017478,13.000000000000002,115.78029878973989,N5
