EMITTER_COEFFICIENT_SOLUTION,PRESSURE_OUTPUT,OUTPUT_DEMAND,FITNESS,NODE
0.27741163552928216,24.009508598552507,13.000000000000002,70.73181014392448,N5
