EMITTER_COEFFICIENT_SOLUTION,PRESSURE_OUTPUT,OUTPUT_DEMAND,FITNESS,NODE
0.27353145316843386,24.00970691081315,13.000000000000002,71.73807911573573,N5
