EMITTER_COEFFICIENT_SOLUTION,PRESSURE_OUTPUT,OUTPUT_DEMAND,FITNESS,NODE
0.5981515369419528,23.99305949018443,13.000000000000002,32.6936078642412,N5
