EMITTER_COEFFICIENT_SOLUTION,PRESSURE_OUTPUT,OUTPUT_DEMAND,FITNESS,NODE
0.8618682477551618,23.97945173862025,13.000000000000002,22.62711154828489,N5
