EMITTER_COEFFICIENT_SOLUTION,PRESSURE_OUTPUT,OUTPUT_DEMAND,FITNESS,NODE
0.9944580687616029,23.972581979426614,13.000000000000002,19.58306495117083,N5
