EMITTER_COEFFICIENT_SOLUTION,PRESSURE_OUTPUT,OUTPUT_DEMAND,FITNESS,NODE
0.6003063398383379,23.992948605498604,13.000000000000002,32.57551444355115,N5
