EMITTER_COEFFICIENT_SOLUTION,PRESSURE_OUTPUT,OUTPUT_DEMAND,FITNESS,NODE
0.9648532711928428,23.97411749403932,13.000000000000002,20.190185492481362,N5
