EMITTER_COEFFICIENT_SOLUTION,PRESSURE_OUTPUT,OUTPUT_DEMAND,FITNESS,NODE
0.04622735001490352,24.021295586052815,13.000000000000002,425.3648494893091,N5
