EMITTER_COEFFICIENT_SOLUTION,PRESSURE_OUTPUT,OUTPUT_DEMAND,FITNESS,NODE
0.944288637629551,23.975183571377478,13.000000000000002,20.634324875020727,N5
