EMITTER_COEFFICIENT_SOLUTION,PRESSURE_OUTPUT,OUTPUT_DEMAND,FITNESS,NODE
0.9238106236852657,23.976244709749167,13.000000000000002,21.096245608604537,N5
