EMITTER_COEFFICIENT_SOLUTION,PRESSURE_OUTPUT,OUTPUT_DEMAND,FITNESS,NODE
0.8968595406242088,23.97764058969878,13.000000000000002,21.73633337736874,N5
