EMITTER_COEFFICIENT_SOLUTION,PRESSURE_OUTPUT,OUTPUT_DEMAND,FITNESS,NODE
0.9035430461378715,23.977294502643694,13.000000000000002,21.574039138288732,N5
