EMITTER_COEFFICIENT_SOLUTION,PRESSURE_OUTPUT,OUTPUT_DEMAND,FITNESS,NODE
0.8675246425373795,23.97915905241407,13.000000000000002,22.47824613904217,N5
