EMITTER_COEFFICIENT_SOLUTION,PRESSURE_OUTPUT,OUTPUT_DEMAND,FITNESS,NODE
0.2320516833043531,24.01182587785712,13.000000000000002,84.5978514215361,N5
