EMITTER_COEFFICIENT_SOLUTION,PRESSURE_OUTPUT,OUTPUT_DEMAND,FITNESS,NODE
0.4566314528369917,24.000331050422623,13.000000000000002,42.88999914920642,N5
