EMITTER_COEFFICIENT_SOLUTION,PRESSURE_OUTPUT,OUTPUT_DEMAND,FITNESS,NODE
0.8257358269213217,23.981320577676087,13.000000000000002,23.62617827701874,N5
