EMITTER_COEFFICIENT_SOLUTION,PRESSURE_OUTPUT,OUTPUT_DEMAND,FITNESS,NODE
0.2778731421883678,24.009485010317533,13.000000000000002,70.61399503189132,N5
