EMITTER_COEFFICIENT_SOLUTION,PRESSURE_OUTPUT,OUTPUT_DEMAND,FITNESS,NODE
0.4247764087718271,24.001964837270165,13.000000000000002,46.12190475430527,N5
