EMITTER_COEFFICIENT_SOLUTION,PRESSURE_OUTPUT,OUTPUT_DEMAND,FITNESS,NODE
0.43913345999885767,24.001228626318294,13.000000000000002,44.60724559438086,N5
