EMITTER_COEFFICIENT_SOLUTION,PRESSURE_OUTPUT,OUTPUT_DEMAND,FITNESS,NODE
0.7736242822186639,23.984013425606783,13.000000000000002,25.23144589139851,N5
