EMITTER_COEFFICIENT_SOLUTION,PRESSURE_OUTPUT,OUTPUT_DEMAND,FITNESS,NODE
0.5447081652808534,23.99580804824165,13.000000000000002,35.92152624613515,N5
