EMITTER_COEFFICIENT_SOLUTION,PRESSURE_OUTPUT,OUTPUT_DEMAND,FITNESS,NODE
0.2543205662819026,24.010688519053645,13.000000000000002,77.17246282220829,N5
