EMITTER_COEFFICIENT_SOLUTION,PRESSURE_OUTPUT,OUTPUT_DEMAND,FITNESS,NODE
0.12908609474328658,24.01707772056986,13.000000000000002,152.23507431815054,N5
