EMITTER_COEFFICIENT_SOLUTION,PRESSURE_OUTPUT,OUTPUT_DEMAND,FITNESS,NODE
0.7310810828950409,23.98620967335338,13.000000000000002,26.711659300867197,N5
