EMITTER_COEFFICIENT_SOLUTION,PRESSURE_OUTPUT,OUTPUT_DEMAND,FITNESS,NODE
0.22149021398366187,24.01236510473217,13.000000000000002,88.64144686744487,N5
