EMITTER_COEFFICIENT_SOLUTION,PRESSURE_OUTPUT,OUTPUT_DEMAND,FITNESS,NODE
0.9682111136545875,23.97394337953085,13.000000000000002,20.11945746674033,N5
