EMITTER_COEFFICIENT_SOLUTION,PRESSURE_OUTPUT,OUTPUT_DEMAND,FITNESS,NODE
0.03693126329877894,24.021768329568907,13.000000000000002,532.4304831627265,N5
