EMITTER_COEFFICIENT_SOLUTION,PRESSURE_OUTPUT,OUTPUT_DEMAND,FITNESS,NODE
0.2482744386462603,24.010997371738007,13.000000000000002,79.05677490958671,N5
