EMITTER_COEFFICIENT_SOLUTION,PRESSURE_OUTPUT,OUTPUT_DEMAND,FITNESS,NODE
0.06995641403531816,24.020088446785735,13.000000000000002,281.05185639242745,N5
