EMITTER_COEFFICIENT_SOLUTION,PRESSURE_OUTPUT,OUTPUT_DEMAND,FITNESS,NODE
0.4289290010761675,24.001751920655877,13.000000000000002,45.67338662574964,N5
