EMITTER_COEFFICIENT_SOLUTION,PRESSURE_OUTPUT,OUTPUT_DEMAND,FITNESS,NODE
0.6155566979379308,23.992163689522016,13.000000000000002,31.763355871708754,N5
