EMITTER_COEFFICIENT_SOLUTION,PRESSURE_OUTPUT,OUTPUT_DEMAND,FITNESS,NODE
0.33045304188165514,24.006796065339053,13.000000000000002,59.34561831788399,N5
