EMITTER_COEFFICIENT_SOLUTION,PRESSURE_OUTPUT,OUTPUT_DEMAND,FITNESS,NODE
0.6620330340956206,23.98977006906359,13.000000000000002,29.519040397310754,N5
