EMITTER_COEFFICIENT_SOLUTION,PRESSURE_OUTPUT,OUTPUT_DEMAND,FITNESS,NODE
0.549519462082882,23.995560732515642,13.000000000000002,35.60521103451639,N5
