EMITTER_COEFFICIENT_SOLUTION,PRESSURE_OUTPUT,OUTPUT_DEMAND,FITNESS,NODE
0.019141027891492746,24.022672771292555,13.000000000000002,1026.9705666774544,N5
