EMITTER_COEFFICIENT_SOLUTION,PRESSURE_OUTPUT,OUTPUT_DEMAND,FITNESS,NODE
0.6456655031598226,23.99061329346481,13.000000000000002,30.272559990692372,N5
