EMITTER_COEFFICIENT_SOLUTION,PRESSURE_OUTPUT,OUTPUT_DEMAND,FITNESS,NODE
0.6184274763702597,23.99201590629901,13.000000000000002,31.614952404864557,N5
