EMITTER_COEFFICIENT_SOLUTION,PRESSURE_OUTPUT,OUTPUT_DEMAND,FITNESS,NODE
0.11611369951023298,24.017738567296107,13.000000000000002,169.26368681107976,N5
