EMITTER_COEFFICIENT_SOLUTION,PRESSURE_OUTPUT,OUTPUT_DEMAND,FITNESS,NODE
0.16289386644747972,24.015354596590285,13.000000000000002,120.59944033452307,N5
