EMITTER_COEFFICIENT_SOLUTION,PRESSURE_OUTPUT,OUTPUT_DEMAND,FITNESS,NODE
0.682362201542758,23.988722347435754,13.000000000000002,28.633471907132623,N5
