EMITTER_COEFFICIENT_SOLUTION,PRESSURE_OUTPUT,OUTPUT_DEMAND,FITNESS,NODE
0.2150962350091017,24.012691497034133,13.000000000000002,91.28241940980344,N5
