EMITTER_COEFFICIENT_SOLUTION,PRESSURE_OUTPUT,OUTPUT_DEMAND,FITNESS,NODE
0.4914556860147774,23.998543723735544,13.000000000000002,39.8362169024499,N5
