EMITTER_COEFFICIENT_SOLUTION,PRESSURE_OUTPUT,OUTPUT_DEMAND,FITNESS,NODE
0.34283003440662796,24.006162667487395,13.000000000000002,57.1956682026346,N5
