EMITTER_COEFFICIENT_SOLUTION,PRESSURE_OUTPUT,OUTPUT_DEMAND,FITNESS,NODE
0.06625321753086677,24.020276876647408,13.000000000000002,296.7682777550755,N5
