EMITTER_COEFFICIENT_SOLUTION,PRESSURE_OUTPUT,OUTPUT_DEMAND,FITNESS,NODE
0.3781595107012625,24.004353752564903,13.000000000000002,51.832925046671654,N5
