EMITTER_COEFFICIENT_SOLUTION,PRESSURE_OUTPUT,OUTPUT_DEMAND,FITNESS,NODE
0.8745768877113518,23.97879409096994,13.000000000000002,22.295341994149506,N5
