EMITTER_COEFFICIENT_SOLUTION,PRESSURE_OUTPUT,OUTPUT_DEMAND,FITNESS,NODE
0.061600372592355956,24.020513606255456,13.000000000000002,319.19279681704876,N5
