EMITTER_COEFFICIENT_SOLUTION,PRESSURE_OUTPUT,OUTPUT_DEMAND,FITNESS,NODE
0.9550971954641323,23.97462330846453,13.000000000000002,20.39850496063448,N5
