EMITTER_COEFFICIENT_SOLUTION,PRESSURE_OUTPUT,OUTPUT_DEMAND,FITNESS,NODE
0.8530208851799763,23.979909470590954,13.000000000000002,22.863916616233915,N5
