EMITTER_COEFFICIENT_SOLUTION,PRESSURE_OUTPUT,OUTPUT_DEMAND,FITNESS,NODE
0.11412280447812728,24.01783997228592,13.000000000000002,172.21969711151453,N5
