EMITTER_COEFFICIENT_SOLUTION,PRESSURE_OUTPUT,OUTPUT_DEMAND,FITNESS,NODE
0.3979601672648143,24.003339341726253,13.000000000000002,49.24369730408397,N5
