EMITTER_COEFFICIENT_SOLUTION,PRESSURE_OUTPUT,OUTPUT_DEMAND,FITNESS,NODE
0.8749048228523255,23.97877711867151,13.000000000000002,22.28690855667861,N5
