EMITTER_COEFFICIENT_SOLUTION,PRESSURE_OUTPUT,OUTPUT_DEMAND,FITNESS,NODE
0.9731284762381207,23.97368837738057,13.000000000000002,20.0167613740973,N5
