EMITTER_COEFFICIENT_SOLUTION,PRESSURE_OUTPUT,OUTPUT_DEMAND,FITNESS,NODE
0.6849468103175766,23.988589110414722,13.000000000000002,28.5246492719977,N5
