EMITTER_COEFFICIENT_SOLUTION,PRESSURE_OUTPUT,OUTPUT_DEMAND,FITNESS,NODE
0.9449133770775178,23.975151191327342,13.000000000000002,20.62054745267194,N5
