EMITTER_COEFFICIENT_SOLUTION,PRESSURE_OUTPUT,OUTPUT_DEMAND,FITNESS,NODE
0.28288155357281264,24.009229008694767,13.000000000000002,69.36015096093752,N5
