EMITTER_COEFFICIENT_SOLUTION,PRESSURE_OUTPUT,OUTPUT_DEMAND,FITNESS,NODE
0.28077102679278076,24.009336890192678,13.000000000000002,69.88306335043131,N5
