EMITTER_COEFFICIENT_SOLUTION,PRESSURE_OUTPUT,OUTPUT_DEMAND,FITNESS,NODE
0.32618942647398286,24.00701421917801,13.000000000000002,60.124012307741474,N5
