EMITTER_COEFFICIENT_SOLUTION,PRESSURE_OUTPUT,OUTPUT_DEMAND,FITNESS,NODE
0.0684495918014334,24.020165120276083,13.000000000000002,287.2416927760036,N5
