EMITTER_COEFFICIENT_SOLUTION,PRESSURE_OUTPUT,OUTPUT_DEMAND,FITNESS,NODE
0.7193213745176337,23.986816413199676,13.000000000000002,27.151707790871615,N5
