EMITTER_COEFFICIENT_SOLUTION,PRESSURE_OUTPUT,OUTPUT_DEMAND,FITNESS,NODE
0.3349104039340356,24.006567977091784,13.000000000000002,58.55304211103472,N5
