EMITTER_COEFFICIENT_SOLUTION,PRESSURE_OUTPUT,OUTPUT_DEMAND,FITNESS,NODE
0.027953765862352098,24.02222478182614,13.000000000000002,703.3698128290339,N5
