EMITTER_COEFFICIENT_SOLUTION,PRESSURE_OUTPUT,OUTPUT_DEMAND,FITNESS,NODE
0.5374815886893756,23.99617946998444,13.000000000000002,36.40727339412762,N5
