EMITTER_COEFFICIENT_SOLUTION,PRESSURE_OUTPUT,OUTPUT_DEMAND,FITNESS,NODE
0.7969397062237069,23.98280896802806,13.000000000000002,24.487272626370064,N5
