EMITTER_COEFFICIENT_SOLUTION,PRESSURE_OUTPUT,OUTPUT_DEMAND,FITNESS,NODE
0.7472422432577552,23.985375599254617,13.000000000000002,26.12950687004406,N5
