EMITTER_COEFFICIENT_SOLUTION,PRESSURE_OUTPUT,OUTPUT_DEMAND,FITNESS,NODE
0.7492125124869973,23.98527389490294,13.000000000000002,26.060252152426404,N5
