EMITTER_COEFFICIENT_SOLUTION,PRESSURE_OUTPUT,OUTPUT_DEMAND,FITNESS,NODE
0.08906393381041533,24.01911596017078,13.000000000000002,220.72380857546327,N5
