EMITTER_COEFFICIENT_SOLUTION,PRESSURE_OUTPUT,OUTPUT_DEMAND,FITNESS,NODE
0.13742180528458947,24.01665298143312,13.000000000000002,142.98935488459395,N5
