EMITTER_COEFFICIENT_SOLUTION,PRESSURE_OUTPUT,OUTPUT_DEMAND,FITNESS,NODE
0.3495212424032934,24.005820172869818,13.000000000000002,56.09677674631752,N5
