EMITTER_COEFFICIENT_SOLUTION,PRESSURE_OUTPUT,OUTPUT_DEMAND,FITNESS,NODE
0.1637616502657515,24.01531035093646,13.000000000000002,119.95933718074417,N5
