EMITTER_COEFFICIENT_SOLUTION,PRESSURE_OUTPUT,OUTPUT_DEMAND,FITNESS,NODE
0.18326896942595505,24.014315515572704,13.000000000000002,107.16972465591917,N5
