EMITTER_COEFFICIENT_SOLUTION,PRESSURE_OUTPUT,OUTPUT_DEMAND,FITNESS,NODE
0.34155280387301135,24.006228037992877,13.000000000000002,57.41032020813864,N5
