EMITTER_COEFFICIENT_SOLUTION,PRESSURE_OUTPUT,OUTPUT_DEMAND,FITNESS,NODE
0.9805881731013824,23.973301486881127,13.000000000000002,19.862936934776595,N5
