EMITTER_COEFFICIENT_SOLUTION,PRESSURE_OUTPUT,OUTPUT_DEMAND,FITNESS,NODE
0.0874212033497892,24.019199583415073,13.000000000000002,224.87446063221572,N5
