EMITTER_COEFFICIENT_SOLUTION,PRESSURE_OUTPUT,OUTPUT_DEMAND,FITNESS,NODE
0.6405681201606059,23.99087584218762,13.000000000000002,30.515094632999013,N5
