EMITTER_COEFFICIENT_SOLUTION,PRESSURE_OUTPUT,OUTPUT_DEMAND,FITNESS,NODE
0.26979597902083974,24.009897811722745,13.000000000000002,72.73416363529442,N5
