EMITTER_COEFFICIENT_SOLUTION,PRESSURE_OUTPUT,OUTPUT_DEMAND,FITNESS,NODE
0.4200865108906058,24.002205280806734,13.000000000000002,46.6391192429038,N5
