EMITTER_COEFFICIENT_SOLUTION,PRESSURE_OUTPUT,OUTPUT_DEMAND,FITNESS,NODE
0.40765431077779457,24.00284254452842,13.000000000000002,48.06776130278983,N5
