EMITTER_COEFFICIENT_SOLUTION,PRESSURE_OUTPUT,OUTPUT_DEMAND,FITNESS,NODE
0.3566622889875466,24.005454599354287,13.000000000000002,54.96949015319566,N5
