EMITTER_COEFFICIENT_SOLUTION,PRESSURE_OUTPUT,OUTPUT_DEMAND,FITNESS,NODE
0.28504179426426446,24.009118581013077,13.000000000000002,68.83294015280697,N5
