EMITTER_COEFFICIENT_SOLUTION,PRESSURE_OUTPUT,OUTPUT_DEMAND,FITNESS,NODE
0.9122379374223666,23.97684419003494,13.000000000000002,21.366462632389975,N5
