EMITTER_COEFFICIENT_SOLUTION,PRESSURE_OUTPUT,OUTPUT_DEMAND,FITNESS,NODE
0.8826077016941978,23.978378422744342,13.000000000000002,22.090617959946492,N5
