EMITTER_COEFFICIENT_SOLUTION,PRESSURE_OUTPUT,OUTPUT_DEMAND,FITNESS,NODE
0.14225195517405287,24.016406830515493,13.000000000000002,138.12768031904886,N5
