EMITTER_COEFFICIENT_SOLUTION,PRESSURE_OUTPUT,OUTPUT_DEMAND,FITNESS,NODE
0.42272885255618187,24.002069815118986,13.000000000000002,46.34630328188916,N5
