EMITTER_COEFFICIENT_SOLUTION,PRESSURE_OUTPUT,OUTPUT_DEMAND,FITNESS,NODE
0.6090738634336106,23.99249738314103,13.000000000000002,32.10362959910865,N5
