EMITTER_COEFFICIENT_SOLUTION,PRESSURE_OUTPUT,OUTPUT_DEMAND,FITNESS,NODE
0.08536955025617954,24.019304018739298,13.000000000000002,230.2826102452078,N5
