EMITTER_COEFFICIENT_SOLUTION,PRESSURE_OUTPUT,OUTPUT_DEMAND,FITNESS,NODE
0.9672154560282411,23.973995008710197,13.000000000000002,20.140378306415315,N5
