EMITTER_COEFFICIENT_SOLUTION,PRESSURE_OUTPUT,OUTPUT_DEMAND,FITNESS,NODE
0.48243415926390365,23.99900687238336,13.000000000000002,40.585014064284195,N5
