EMITTER_COEFFICIENT_SOLUTION,PRESSURE_OUTPUT,OUTPUT_DEMAND,FITNESS,NODE
0.7668653423082457,23.9843624784788,13.000000000000002,25.45563644743647,N5
