EMITTER_COEFFICIENT_SOLUTION,PRESSURE_OUTPUT,OUTPUT_DEMAND,FITNESS,NODE
0.6807807212067585,23.988803869474346,13.000000000000002,28.700466228783803,N5
