EMITTER_COEFFICIENT_SOLUTION,PRESSURE_OUTPUT,OUTPUT_DEMAND,FITNESS,NODE
0.895906006972425,23.977689961939838,13.000000000000002,21.759685251238466,N5
