EMITTER_COEFFICIENT_SOLUTION,PRESSURE_OUTPUT,OUTPUT_DEMAND,FITNESS,NODE
0.32380850621035373,24.00713603370548,13.000000000000002,60.56760814632611,N5
