EMITTER_COEFFICIENT_SOLUTION,PRESSURE_OUTPUT,OUTPUT_DEMAND,FITNESS,NODE
0.35269456286003087,24.005657727050632,13.000000000000002,55.59020065568986,N5
