EMITTER_COEFFICIENT_SOLUTION,PRESSURE_OUTPUT,OUTPUT_DEMAND,FITNESS,NODE
0.7713161499470649,23.98413263031056,13.000000000000002,25.307563628522246,N5
