EMITTER_COEFFICIENT_SOLUTION,PRESSURE_OUTPUT,OUTPUT_DEMAND,FITNESS,NODE
0.0959630558691067,24.01876472797226,13.000000000000002,204.84327080188643,N5
