EMITTER_COEFFICIENT_SOLUTION,PRESSURE_OUTPUT,OUTPUT_DEMAND,FITNESS,NODE
0.3389420152924081,24.00636165642159,13.000000000000002,57.854123632452875,N5
