EMITTER_COEFFICIENT_SOLUTION,PRESSURE_OUTPUT,OUTPUT_DEMAND,FITNESS,NODE
0.38634879294065994,24.003934257551883,13.000000000000002,50.72987227833757,N5
