EMITTER_COEFFICIENT_SOLUTION,PRESSURE_OUTPUT,OUTPUT_DEMAND,FITNESS,NODE
0.4239401068436084,24.00200771487188,13.000000000000002,46.213296014260166,N5
