EMITTER_COEFFICIENT_SOLUTION,PRESSURE_OUTPUT,OUTPUT_DEMAND,FITNESS,NODE
0.2679134347603567,24.009994013149445,13.000000000000002,73.2466802015545,N5
