EMITTER_COEFFICIENT_SOLUTION,PRESSURE_OUTPUT,OUTPUT_DEMAND,FITNESS,NODE
0.2641136226887404,24.010188178704603,13.000000000000002,74.303422158159,N5
