EMITTER_COEFFICIENT_SOLUTION,PRESSURE_OUTPUT,OUTPUT_DEMAND,FITNESS,NODE
0.8899838148882282,23.977996580530572,13.000000000000002,21.90583934710029,N5
