EMITTER_COEFFICIENT_SOLUTION,PRESSURE_OUTPUT,OUTPUT_DEMAND,FITNESS,NODE
0.8874611684179323,23.978127177928165,13.000000000000002,21.968688372807208,N5
