EMITTER_COEFFICIENT_SOLUTION,PRESSURE_OUTPUT,OUTPUT_DEMAND,FITNESS,NODE
0.9195229295307121,23.97646683459748,13.000000000000002,21.195568048019002,N5
