EMITTER_COEFFICIENT_SOLUTION,PRESSURE_OUTPUT,OUTPUT_DEMAND,FITNESS,NODE
0.4511686263534489,24.00061130677055,13.000000000000002,43.4118176419106,N5
