EMITTER_COEFFICIENT_SOLUTION,PRESSURE_OUTPUT,OUTPUT_DEMAND,FITNESS,NODE
0.18036553523284593,24.014463611337803,13.000000000000002,108.89808784732027,N5
