EMITTER_COEFFICIENT_SOLUTION,PRESSURE_OUTPUT,OUTPUT_DEMAND,FITNESS,NODE
0.7333058347665549,23.986094871015595,13.000000000000002,26.629996793033882,N5
