EMITTER_COEFFICIENT_SOLUTION,PRESSURE_OUTPUT,OUTPUT_DEMAND,FITNESS,NODE
0.44453071292445556,24.000951804510144,13.000000000000002,44.06314252535385,N5
