EMITTER_COEFFICIENT_SOLUTION,PRESSURE_OUTPUT,OUTPUT_DEMAND,FITNESS,NODE
0.6795381664101379,23.988867918716686,13.000000000000002,28.753321824712057,N5
