EMITTER_COEFFICIENT_SOLUTION,PRESSURE_OUTPUT,OUTPUT_DEMAND,FITNESS,NODE
0.6365292390492832,23.991083851252128,13.000000000000002,30.710023939154777,N5
