EMITTER_COEFFICIENT_SOLUTION,PRESSURE_OUTPUT,OUTPUT_DEMAND,FITNESS,NODE
0.3185945425372263,24.007402773153416,13.000000000000002,61.56219279598634,N5
