EMITTER_COEFFICIENT_SOLUTION,PRESSURE_OUTPUT,OUTPUT_DEMAND,FITNESS,NODE
0.5519101756497122,23.995437833062553,13.000000000000002,35.45008638535839,N5
