EMITTER_COEFFICIENT_SOLUTION,PRESSURE_OUTPUT,OUTPUT_DEMAND,FITNESS,NODE
0.44804178482731616,24.00077170685678,13.000000000000002,43.716225052267994,N5
