EMITTER_COEFFICIENT_SOLUTION,PRESSURE_OUTPUT,OUTPUT_DEMAND,FITNESS,NODE
0.5860725907509483,23.993680971884572,13.000000000000002,33.37166942869964,N5
