EMITTER_COEFFICIENT_SOLUTION,PRESSURE_OUTPUT,OUTPUT_DEMAND,FITNESS,NODE
0.3560523319827358,24.005485827207053,13.000000000000002,55.064011887648604,N5
