EMITTER_COEFFICIENT_SOLUTION,PRESSURE_OUTPUT,OUTPUT_DEMAND,FITNESS,NODE
0.9557674574180495,23.974588561248908,13.000000000000002,20.38405691944566,N5
