EMITTER_COEFFICIENT_SOLUTION,PRESSURE_OUTPUT,OUTPUT_DEMAND,FITNESS,NODE
0.6340235517842625,23.991212889470468,13.000000000000002,30.83220477581829,N5
