EMITTER_COEFFICIENT_SOLUTION,PRESSURE_OUTPUT,OUTPUT_DEMAND,FITNESS,NODE
0.9968210892032989,23.97245937616635,13.000000000000002,19.536159655357007,N5
