EMITTER_COEFFICIENT_SOLUTION,PRESSURE_OUTPUT,OUTPUT_DEMAND,FITNESS,NODE
0.7733143605179442,23.984029432007887,13.000000000000002,25.241640097374617,N5
