EMITTER_COEFFICIENT_SOLUTION,PRESSURE_OUTPUT,OUTPUT_DEMAND,FITNESS,NODE
0.46743233023090336,23.999776844037356,13.000000000000002,41.89417824446968,N5
