EMITTER_COEFFICIENT_SOLUTION,PRESSURE_OUTPUT,OUTPUT_DEMAND,FITNESS,NODE
0.9247625567405828,23.97619539200432,13.000000000000002,21.074319480764608,N5
