EMITTER_COEFFICIENT_SOLUTION,PRESSURE_OUTPUT,OUTPUT_DEMAND,FITNESS,NODE
0.703344228581736,23.98764051295104,13.000000000000002,27.773151941119366,N5
