EMITTER_COEFFICIENT_SOLUTION,PRESSURE_OUTPUT,OUTPUT_DEMAND,FITNESS,NODE
0.46702519901386763,23.999797736731665,13.000000000000002,41.93087959950338,N5
