EMITTER_COEFFICIENT_SOLUTION,PRESSURE_OUTPUT,OUTPUT_DEMAND,FITNESS,NODE
0.09028378616493993,24.019053861642533,13.000000000000002,217.73933742111936,N5
