EMITTER_COEFFICIENT_SOLUTION,PRESSURE_OUTPUT,OUTPUT_DEMAND,FITNESS,NODE
0.022794789810245186,24.022487045132763,13.000000000000002,862.4675585327154,N5
