EMITTER_COEFFICIENT_SOLUTION,PRESSURE_OUTPUT,OUTPUT_DEMAND,FITNESS,NODE
0.4365830617018851,24.001359423724956,13.000000000000002,44.86903451658437,N5
