EMITTER_COEFFICIENT_SOLUTION,PRESSURE_OUTPUT,OUTPUT_DEMAND,FITNESS,NODE
0.4089040982768295,24.002778489078587,13.000000000000002,47.92021486190452,N5
