EMITTER_COEFFICIENT_SOLUTION,PRESSURE_OUTPUT,OUTPUT_DEMAND,FITNESS,NODE
0.033806367374278556,24.021927221910744,13.000000000000002,581.636415782549,N5
