EMITTER_COEFFICIENT_SOLUTION,PRESSURE_OUTPUT,OUTPUT_DEMAND,FITNESS,NODE
0.8534223748372702,23.979888700717375,13.000000000000002,22.853064138106795,N5
