EMITTER_COEFFICIENT_SOLUTION,PRESSURE_OUTPUT,OUTPUT_DEMAND,FITNESS,NODE
0.8685245129349608,23.979107311257565,13.000000000000002,22.45213317541716,N5
