EMITTER_COEFFICIENT_SOLUTION,PRESSURE_OUTPUT,OUTPUT_DEMAND,FITNESS,NODE
0.5134256904871302,23.99741545618611,13.000000000000002,38.1227549577826,N5
