EMITTER_COEFFICIENT_SOLUTION,PRESSURE_OUTPUT,OUTPUT_DEMAND,FITNESS,NODE
0.9366553965098847,23.97557916623129,13.000000000000002,20.80414563598932,N5
