EMITTER_COEFFICIENT_SOLUTION,PRESSURE_OUTPUT,OUTPUT_DEMAND,FITNESS,NODE
0.7378482752192637,23.98586045409217,13.000000000000002,26.464789762855542,N5
