EMITTER_COEFFICIENT_SOLUTION,PRESSURE_OUTPUT,OUTPUT_DEMAND,FITNESS,NODE
0.1429102812749352,24.01637327936396,13.000000000000002,137.49050220926426,N5
