EMITTER_COEFFICIENT_SOLUTION,PRESSURE_OUTPUT,OUTPUT_DEMAND,FITNESS,NODE
0.38432814989647746,24.004037771505843,13.000000000000002,50.99767379569112,N5
