EMITTER_COEFFICIENT_SOLUTION,PRESSURE_OUTPUT,OUTPUT_DEMAND,FITNESS,NODE
0.8945280171789696,23.97776131003222,13.000000000000002,21.793519953219068,N5
