EMITTER_COEFFICIENT_SOLUTION,PRESSURE_OUTPUT,OUTPUT_DEMAND,FITNESS,NODE
0.1376687620134165,24.0166403968042,13.000000000000002,142.73251230033952,N5
