EMITTER_COEFFICIENT_SOLUTION,PRESSURE_OUTPUT,OUTPUT_DEMAND,FITNESS,NODE
0.22169288819711852,24.01235475813027,13.000000000000002,88.56022494091255,N5
