EMITTER_COEFFICIENT_SOLUTION,PRESSURE_OUTPUT,OUTPUT_DEMAND,FITNESS,NODE
0.004675277324283966,24.02340794352311,13.000000000000002,4191.720742830151,N5
