EMITTER_COEFFICIENT_SOLUTION,PRESSURE_OUTPUT,OUTPUT_DEMAND,FITNESS,NODE
0.34886562966158907,24.005853733057215,13.000000000000002,56.202584763146845,N5
