EMITTER_COEFFICIENT_SOLUTION,PRESSURE_OUTPUT,OUTPUT_DEMAND,FITNESS,NODE
0.33179394440972776,24.00672745211037,13.000000000000002,59.10494920142705,N5
