EMITTER_COEFFICIENT_SOLUTION,PRESSURE_OUTPUT,OUTPUT_DEMAND,FITNESS,NODE
0.8923591483690534,23.97787360330733,13.000000000000002,21.84698533176233,N5
