EMITTER_COEFFICIENT_SOLUTION,PRESSURE_OUTPUT,OUTPUT_DEMAND,FITNESS,NODE
0.2403412697826819,24.011402559330158,13.000000000000002,81.67299149360842,N5
