EMITTER_COEFFICIENT_SOLUTION,PRESSURE_OUTPUT,OUTPUT_DEMAND,FITNESS,NODE
0.6602199475469881,23.9898634900647,13.000000000000002,29.6006701151364,N5
