EMITTER_COEFFICIENT_SOLUTION,PRESSURE_OUTPUT,OUTPUT_DEMAND,FITNESS,NODE
0.6205147067697785,23.991908453342347,13.000000000000002,31.50791622899869,N5
