EMITTER_COEFFICIENT_SOLUTION,PRESSURE_OUTPUT,OUTPUT_DEMAND,FITNESS,NODE
0.45634928890808957,24.00034552691217,13.000000000000002,42.916645949804646,N5
