EMITTER_COEFFICIENT_SOLUTION,PRESSURE_OUTPUT,OUTPUT_DEMAND,FITNESS,NODE
0.5142582014235242,23.997372692412696,13.000000000000002,38.06070562256536,N5
