EMITTER_COEFFICIENT_SOLUTION,PRESSURE_OUTPUT,OUTPUT_DEMAND,FITNESS,NODE
0.36911024043905294,24.004817215832873,13.000000000000002,53.108738035195046,N5
