EMITTER_COEFFICIENT_SOLUTION,PRESSURE_OUTPUT,OUTPUT_DEMAND,FITNESS,NODE
0.06279283684321801,24.02045293775973,13.000000000000002,313.12906904408896,N5
