EMITTER_COEFFICIENT_SOLUTION,PRESSURE_OUTPUT,OUTPUT_DEMAND,FITNESS,NODE
0.8433444197605549,23.980410001576658,13.000000000000002,23.12860262798687,N5
