EMITTER_COEFFICIENT_SOLUTION,PRESSURE_OUTPUT,OUTPUT_DEMAND,FITNESS,NODE
0.8015449990072308,23.98257099309521,13.000000000000002,24.345403268778316,N5
