EMITTER_COEFFICIENT_SOLUTION,PRESSURE_OUTPUT,OUTPUT_DEMAND,FITNESS,NODE
0.5157526112722894,23.997295926854044,13.000000000000002,37.94982566894994,N5
