EMITTER_COEFFICIENT_SOLUTION,PRESSURE_OUTPUT,OUTPUT_DEMAND,FITNESS,NODE
0.7648863969853696,23.98446466815431,13.000000000000002,25.52202697861231,N5
