EMITTER_COEFFICIENT_SOLUTION,PRESSURE_OUTPUT,OUTPUT_DEMAND,FITNESS,NODE
0.13259658770248195,24.016898855585524,13.000000000000002,148.19966787774192,N5
