EMITTER_COEFFICIENT_SOLUTION,PRESSURE_OUTPUT,OUTPUT_DEMAND,FITNESS,NODE
0.6174219718502676,23.99206766912264,13.000000000000002,31.66677442271049,N5
