EMITTER_COEFFICIENT_SOLUTION,PRESSURE_OUTPUT,OUTPUT_DEMAND,FITNESS,NODE
0.030872408406661833,24.02207639591319,13.000000000000002,636.8967858582728,N5
