EMITTER_COEFFICIENT_SOLUTION,PRESSURE_OUTPUT,OUTPUT_DEMAND,FITNESS,NODE
0.27208207887903524,24.009780982694018,13.000000000000002,72.1213155194361,N5
