EMITTER_COEFFICIENT_SOLUTION,PRESSURE_OUTPUT,OUTPUT_DEMAND,FITNESS,NODE
0.9501209528897385,23.97488126809288,13.000000000000002,20.506409497903146,N5
