EMITTER_COEFFICIENT_SOLUTION,PRESSURE_OUTPUT,OUTPUT_DEMAND,FITNESS,NODE
0.31980298745403113,24.007340953345377,13.000000000000002,61.328789959934305,N5
