EMITTER_COEFFICIENT_SOLUTION,PRESSURE_OUTPUT,OUTPUT_DEMAND,FITNESS,NODE
0.7440512311828065,23.985540308929103,13.000000000000002,26.242448663222454,N5
