EMITTER_COEFFICIENT_SOLUTION,PRESSURE_OUTPUT,OUTPUT_DEMAND,FITNESS,NODE
0.871622184571957,23.978947006581535,13.000000000000002,22.371613667650987,N5
