EMITTER_COEFFICIENT_SOLUTION,PRESSURE_OUTPUT,OUTPUT_DEMAND,FITNESS,NODE
0.5399952547567528,23.99605028239037,13.000000000000002,36.23683820684007,N5
