EMITTER_COEFFICIENT_SOLUTION,PRESSURE_OUTPUT,OUTPUT_DEMAND,FITNESS,NODE
0.18492891517838417,24.01423084242367,13.000000000000002,106.20596941231801,N5
