EMITTER_COEFFICIENT_SOLUTION,PRESSURE_OUTPUT,OUTPUT_DEMAND,FITNESS,NODE
0.04972526304928726,24.021117678594813,13.000000000000002,395.43971970306126,N5
