EMITTER_COEFFICIENT_SOLUTION,PRESSURE_OUTPUT,OUTPUT_DEMAND,FITNESS,NODE
0.694383652582601,23.988102578628656,13.000000000000002,28.134198683134834,N5
