EMITTER_COEFFICIENT_SOLUTION,PRESSURE_OUTPUT,OUTPUT_DEMAND,FITNESS,NODE
0.9310688064978667,23.975868653394976,13.000000000000002,20.93019844921204,N5
