EMITTER_COEFFICIENT_SOLUTION,PRESSURE_OUTPUT,OUTPUT_DEMAND,FITNESS,NODE
0.24866515241947895,24.010977414214615,13.000000000000002,78.93223740654702,N5
