EMITTER_COEFFICIENT_SOLUTION,PRESSURE_OUTPUT,OUTPUT_DEMAND,FITNESS,NODE
0.011349744702655595,24.02306876503325,13.000000000000002,1730.870418243704,N5
