EMITTER_COEFFICIENT_SOLUTION,PRESSURE_OUTPUT,OUTPUT_DEMAND,FITNESS,NODE
0.9240809738349935,23.976230703547827,13.000000000000002,21.090013967899825,N5
