EMITTER_COEFFICIENT_SOLUTION,PRESSURE_OUTPUT,OUTPUT_DEMAND,FITNESS,NODE
0.15293752957771,24.01586218114437,13.000000000000002,128.463242324124,N5
