EMITTER_COEFFICIENT_SOLUTION,PRESSURE_OUTPUT,OUTPUT_DEMAND,FITNESS,NODE
0.5639801489493765,23.994817257608773,13.000000000000002,34.68699153004119,N5
