EMITTER_COEFFICIENT_SOLUTION,PRESSURE_OUTPUT,OUTPUT_DEMAND,FITNESS,NODE
0.46253320659193586,24.00002823976599,13.000000000000002,42.34010496948798,N5
