EMITTER_COEFFICIENT_SOLUTION,PRESSURE_OUTPUT,OUTPUT_DEMAND,FITNESS,NODE
0.027454344381988127,24.022250171844313,13.000000000000002,716.1593972243517,N5
