EMITTER_COEFFICIENT_SOLUTION,PRESSURE_OUTPUT,OUTPUT_DEMAND,FITNESS,NODE
0.5728850379871311,23.994359313669257,13.000000000000002,34.14461465327106,N5
