EMITTER_COEFFICIENT_SOLUTION,PRESSURE_OUTPUT,OUTPUT_DEMAND,FITNESS,NODE
0.13900382359355956,24.01657236246021,13.000000000000002,141.3598077996313,N5
