EMITTER_COEFFICIENT_SOLUTION,PRESSURE_OUTPUT,OUTPUT_DEMAND,FITNESS,NODE
0.43229048423526883,24.0015795530553,13.000000000000002,45.316626406055725,N5
