EMITTER_COEFFICIENT_SOLUTION,PRESSURE_OUTPUT,OUTPUT_DEMAND,FITNESS,NODE
0.30039570365484414,24.008333570273386,13.000000000000002,65.30425123753194,N5
