EMITTER_COEFFICIENT_SOLUTION,PRESSURE_OUTPUT,OUTPUT_DEMAND,FITNESS,NODE
0.1763025861586036,24.014670835178606,13.000000000000002,111.41224782948198,N5
