EMITTER_COEFFICIENT_SOLUTION,PRESSURE_OUTPUT,OUTPUT_DEMAND,FITNESS,NODE
0.40411164358149154,24.003024107915834,13.000000000000002,48.490958655882245,N5
