EMITTER_COEFFICIENT_SOLUTION,PRESSURE_OUTPUT,OUTPUT_DEMAND,FITNESS,NODE
0.8369041806844018,23.980743077920593,13.000000000000002,23.30815913905743,N5
