EMITTER_COEFFICIENT_SOLUTION,PRESSURE_OUTPUT,OUTPUT_DEMAND,FITNESS,NODE
0.13660581340183442,24.016694562961533,13.000000000000002,143.84461409707907,N5
