EMITTER_COEFFICIENT_SOLUTION,PRESSURE_OUTPUT,OUTPUT_DEMAND,FITNESS,NODE
0.5825915066221898,23.99386005021789,13.000000000000002,33.5723023061505,N5
