EMITTER_COEFFICIENT_SOLUTION,PRESSURE_OUTPUT,OUTPUT_DEMAND,FITNESS,NODE
0.010982763723958122,24.023087415286795,13.000000000000002,1788.6088070576138,N5
