EMITTER_COEFFICIENT_SOLUTION,PRESSURE_OUTPUT,OUTPUT_DEMAND,FITNESS,NODE
0.6813468300533805,23.98877468804377,13.000000000000002,28.67644911011897,N5
