EMITTER_COEFFICIENT_SOLUTION,PRESSURE_OUTPUT,OUTPUT_DEMAND,FITNESS,NODE
0.3804101022457065,24.004238473521205,13.000000000000002,51.525049990098985,N5
