EMITTER_COEFFICIENT_SOLUTION,PRESSURE_OUTPUT,OUTPUT_DEMAND,FITNESS,NODE
0.11999905306672898,24.01754065679117,13.000000000000002,163.77730089921485,N5
