EMITTER_COEFFICIENT_SOLUTION,PRESSURE_OUTPUT,OUTPUT_DEMAND,FITNESS,NODE
0.5469456417343679,23.99569303804998,13.000000000000002,35.77373273523083,N5
