EMITTER_COEFFICIENT_SOLUTION,PRESSURE_OUTPUT,OUTPUT_DEMAND,FITNESS,NODE
0.8937924064495137,23.977799396872584,13.000000000000002,21.811624611860896,N5
