EMITTER_COEFFICIENT_SOLUTION,PRESSURE_OUTPUT,OUTPUT_DEMAND,FITNESS,NODE
0.9764102032738731,23.97351818085734,13.000000000000002,19.948800137086362,N5
