EMITTER_COEFFICIENT_SOLUTION,PRESSURE_OUTPUT,OUTPUT_DEMAND,FITNESS,NODE
0.9714594826917893,23.97377493011173,13.000000000000002,20.051500706666776,N5
