EMITTER_COEFFICIENT_SOLUTION,PRESSURE_OUTPUT,OUTPUT_DEMAND,FITNESS,NODE
0.013901659340341599,24.022939070706947,13.000000000000002,1413.5507816494571,N5
