EMITTER_COEFFICIENT_SOLUTION,PRESSURE_OUTPUT,OUTPUT_DEMAND,FITNESS,NODE
0.9947364467021993,23.9725675363386,13.000000000000002,19.57752764460957,N5
