EMITTER_COEFFICIENT_SOLUTION,PRESSURE_OUTPUT,OUTPUT_DEMAND,FITNESS,NODE
0.3934461968072367,24.00357063510139,13.000000000000002,49.81103205583557,N5
