EMITTER_COEFFICIENT_SOLUTION,PRESSURE_OUTPUT,OUTPUT_DEMAND,FITNESS,NODE
0.7156996391815911,23.98700324601412,13.000000000000002,27.290146062069102,N5
