EMITTER_COEFFICIENT_SOLUTION,PRESSURE_OUTPUT,OUTPUT_DEMAND,FITNESS,NODE
0.3492524601061606,24.00583393163418,13.000000000000002,56.14010693460692,N5
