EMITTER_COEFFICIENT_SOLUTION,PRESSURE_OUTPUT,OUTPUT_DEMAND,FITNESS,NODE
0.5473948308182421,23.995669948296715,13.000000000000002,35.74420778146976,N5
