EMITTER_COEFFICIENT_SOLUTION,PRESSURE_OUTPUT,OUTPUT_DEMAND,FITNESS,NODE
0.8860002750211942,23.97820280526272,13.000000000000002,22.005248626646285,N5
