EMITTER_COEFFICIENT_SOLUTION,PRESSURE_OUTPUT,OUTPUT_DEMAND,FITNESS,NODE
0.27011199159714083,24.009881662529267,13.000000000000002,72.64883045845271,N5
