EMITTER_COEFFICIENT_SOLUTION,PRESSURE_OUTPUT,OUTPUT_DEMAND,FITNESS,NODE
0.6008945408705196,23.99291833620599,13.000000000000002,32.543425396658726,N5
