EMITTER_COEFFICIENT_SOLUTION,PRESSURE_OUTPUT,OUTPUT_DEMAND,FITNESS,NODE
0.30140639087363885,24.0082818871346,13.000000000000002,65.0845823968587,N5
