EMITTER_COEFFICIENT_SOLUTION,PRESSURE_OUTPUT,OUTPUT_DEMAND,FITNESS,NODE
0.4966337517676851,23.998277851608442,13.000000000000002,39.41871984906127,N5
