EMITTER_COEFFICIENT_SOLUTION,PRESSURE_OUTPUT,OUTPUT_DEMAND,FITNESS,NODE
0.022387589148297193,24.022507744472065,13.000000000000002,878.1446433576738,N5
