EMITTER_COEFFICIENT_SOLUTION,PRESSURE_OUTPUT,OUTPUT_DEMAND,FITNESS,NODE
0.8222141869236264,23.981502648995978,13.000000000000002,23.728248886094626,N5
