EMITTER_COEFFICIENT_SOLUTION,PRESSURE_OUTPUT,OUTPUT_DEMAND,FITNESS,NODE
0.6069804305881767,23.99260512960656,13.000000000000002,32.21506319786738,N5
