EMITTER_COEFFICIENT_SOLUTION,PRESSURE_OUTPUT,OUTPUT_DEMAND,FITNESS,NODE
0.7354866616058557,23.985982330154066,13.000000000000002,26.550426154014293,N5
