EMITTER_COEFFICIENT_SOLUTION,PRESSURE_OUTPUT,OUTPUT_DEMAND,FITNESS,NODE
0.02810951108876858,24.02221686386074,13.000000000000002,699.4742603208751,N5
