EMITTER_COEFFICIENT_SOLUTION,PRESSURE_OUTPUT,OUTPUT_DEMAND,FITNESS,NODE
0.1878132416774163,24.01408370697807,13.000000000000002,104.5718602313657,N5
