EMITTER_COEFFICIENT_SOLUTION,PRESSURE_OUTPUT,OUTPUT_DEMAND,FITNESS,NODE
0.05941646435104153,24.020624711995175,13.000000000000002,330.92890991443164,N5
