EMITTER_COEFFICIENT_SOLUTION,PRESSURE_OUTPUT,OUTPUT_DEMAND,FITNESS,NODE
0.3641927940941527,24.005069028282215,13.000000000000002,53.828611821360056,N5
