EMITTER_COEFFICIENT_SOLUTION,PRESSURE_OUTPUT,OUTPUT_DEMAND,FITNESS,NODE
0.40605340452767047,24.00292459342225,13.000000000000002,48.25808669150905,N5
