EMITTER_COEFFICIENT_SOLUTION,PRESSURE_OUTPUT,OUTPUT_DEMAND,FITNESS,NODE
0.5561110074595152,23.995221865895658,13.000000000000002,35.18074070929851,N5
