EMITTER_COEFFICIENT_SOLUTION,PRESSURE_OUTPUT,OUTPUT_DEMAND,FITNESS,NODE
0.6206938223729435,23.99189923205212,13.000000000000002,31.498764463315755,N5
