EMITTER_COEFFICIENT_SOLUTION,PRESSURE_OUTPUT,OUTPUT_DEMAND,FITNESS,NODE
0.3160786530477113,24.007531472159584,13.000000000000002,62.05384497725094,N5
