EMITTER_COEFFICIENT_SOLUTION,PRESSURE_OUTPUT,OUTPUT_DEMAND,FITNESS,NODE
0.9373892285926564,23.97554113788115,13.000000000000002,20.787699502934924,N5
