EMITTER_COEFFICIENT_SOLUTION,PRESSURE_OUTPUT,OUTPUT_DEMAND,FITNESS,NODE
0.7369450955491579,23.985907065294903,13.000000000000002,26.497475874751633,N5
