EMITTER_COEFFICIENT_SOLUTION,PRESSURE_OUTPUT,OUTPUT_DEMAND,FITNESS,NODE
0.07858789025061563,24.019649192950276,13.000000000000002,250.1678574037497,N5
