EMITTER_COEFFICIENT_SOLUTION,PRESSURE_OUTPUT,OUTPUT_DEMAND,FITNESS,NODE
0.08236117001761434,24.019457146044374,13.000000000000002,238.69977428686465,N5
