EMITTER_COEFFICIENT_SOLUTION,PRESSURE_OUTPUT,OUTPUT_DEMAND,FITNESS,NODE
0.957733380830952,23.974486642562198,13.000000000000002,20.34179650540969,N5
