EMITTER_COEFFICIENT_SOLUTION,PRESSURE_OUTPUT,OUTPUT_DEMAND,FITNESS,NODE
0.40716938911264533,24.00286739779844,13.000000000000002,48.125253706452746,N5
