EMITTER_COEFFICIENT_SOLUTION,PRESSURE_OUTPUT,OUTPUT_DEMAND,FITNESS,NODE
0.7932538023566487,23.98299941787662,13.000000000000002,24.602006478918067,N5
