EMITTER_COEFFICIENT_SOLUTION,PRESSURE_OUTPUT,OUTPUT_DEMAND,FITNESS,NODE
0.13961462829255877,24.016541235384906,13.000000000000002,140.7405329342863,N5
