EMITTER_COEFFICIENT_SOLUTION,PRESSURE_OUTPUT,OUTPUT_DEMAND,FITNESS,NODE
0.09944564899191977,24.018587410478823,13.000000000000002,197.66367251356016,N5
