EMITTER_COEFFICIENT_SOLUTION,PRESSURE_OUTPUT,OUTPUT_DEMAND,FITNESS,NODE
0.9589375103302513,23.974424215256967,13.000000000000002,20.31599755452891,N5
