EMITTER_COEFFICIENT_SOLUTION,PRESSURE_OUTPUT,OUTPUT_DEMAND,FITNESS,NODE
0.2098074727157695,24.01296143791128,13.000000000000002,93.58852070578871,N5
