EMITTER_COEFFICIENT_SOLUTION,PRESSURE_OUTPUT,OUTPUT_DEMAND,FITNESS,NODE
0.9404192704782619,23.975384110185033,13.000000000000002,20.720064146251108,N5
