EMITTER_COEFFICIENT_SOLUTION,PRESSURE_OUTPUT,OUTPUT_DEMAND,FITNESS,NODE
0.600261447346929,23.992950915686585,13.000000000000002,32.577966116697645,N5
