EMITTER_COEFFICIENT_SOLUTION,PRESSURE_OUTPUT,OUTPUT_DEMAND,FITNESS,NODE
0.07198794147642973,24.0199850701472,13.000000000000002,273.1166710549003,N5
