EMITTER_COEFFICIENT_SOLUTION,PRESSURE_OUTPUT,OUTPUT_DEMAND,FITNESS
0.8740504371273391,27.045738783686694,1.21,4.75170161118807
