EMITTER_COEFFICIENT_SOLUTION,PRESSURE_OUTPUT,OUTPUT_DEMAND,FITNESS
0.4808368763349208,27.141108839230263,1.21,8.689541568667522
