EMITTER_COEFFICIENT_SOLUTION,PRESSURE_OUTPUT,OUTPUT_DEMAND,FITNESS
0.849578959901243,27.051706490437702,1.21,4.890376862923299
