EMITTER_COEFFICIENT_SOLUTION,PRESSURE_OUTPUT,OUTPUT_DEMAND,FITNESS
0.2784796336341605,27.189749452494993,1.21,15.051115926005558
