EMITTER_COEFFICIENT_SOLUTION,PRESSURE_OUTPUT,OUTPUT_DEMAND,FITNESS
0.49448237509973036,27.137818024547514,1.21,8.44796630378972
