EMITTER_COEFFICIENT_SOLUTION,PRESSURE_OUTPUT,OUTPUT_DEMAND,FITNESS
0.871359014736847,27.046395332381124,1.21,4.766571997812345
