EMITTER_COEFFICIENT_SOLUTION,PRESSURE_OUTPUT,OUTPUT_DEMAND,FITNESS
0.8293292861368969,27.05664156988145,1.21,5.0113221068006935
