EMITTER_COEFFICIENT_SOLUTION,PRESSURE_OUTPUT,OUTPUT_DEMAND,FITNESS
0.15226943656841307,27.219932808239015,1.21,27.580956567200445
