EMITTER_COEFFICIENT_SOLUTION,PRESSURE_OUTPUT,OUTPUT_DEMAND,FITNESS
0.5680596188424957,27.120050341451922,1.21,7.345413890059452
