EMITTER_COEFFICIENT_SOLUTION,PRESSURE_OUTPUT,OUTPUT_DEMAND,FITNESS
0.5122914851799215,27.13352127712742,1.21,8.152056615192803
