EMITTER_COEFFICIENT_SOLUTION,PRESSURE_OUTPUT,OUTPUT_DEMAND,FITNESS
0.5309596359125625,27.129014462294627,1.21,7.863165414453185
