EMITTER_COEFFICIENT_SOLUTION,PRESSURE_OUTPUT,OUTPUT_DEMAND,FITNESS
0.6621517644809664,27.09727130388422,1.21,6.292537358693074
