EMITTER_COEFFICIENT_SOLUTION,PRESSURE_OUTPUT,OUTPUT_DEMAND,FITNESS
0.8196147559294776,27.059007870909035,1.21,5.071460995741584
