EMITTER_COEFFICIENT_SOLUTION,PRESSURE_OUTPUT,OUTPUT_DEMAND,FITNESS
0.7497165216582361,27.07601506437775,1.21,5.550170520013629
