EMITTER_COEFFICIENT_SOLUTION,PRESSURE_OUTPUT,OUTPUT_DEMAND,FITNESS
0.8932934200863788,27.04104313018157,1.21,4.647993969320001
