EMITTER_COEFFICIENT_SOLUTION,PRESSURE_OUTPUT,OUTPUT_DEMAND,FITNESS
0.3693059475417205,27.167954927085077,1.21,11.333399147293479
