EMITTER_COEFFICIENT_SOLUTION,PRESSURE_OUTPUT,OUTPUT_DEMAND,FITNESS
0.10979421842637282,27.230063744653833,1.21,38.27609935836763
