EMITTER_COEFFICIENT_SOLUTION,PRESSURE_OUTPUT,OUTPUT_DEMAND,FITNESS
0.5726914631753636,27.118930508089868,1.21,7.285486107522237
