EMITTER_COEFFICIENT_SOLUTION,PRESSURE_OUTPUT,OUTPUT_DEMAND,FITNESS
0.6700529806490806,27.09535555988421,1.21,6.217585050554439
