EMITTER_COEFFICIENT_SOLUTION,PRESSURE_OUTPUT,OUTPUT_DEMAND,FITNESS
0.863275104660966,27.048367021382354,1.21,4.811794190335399
