EMITTER_COEFFICIENT_SOLUTION,PRESSURE_OUTPUT,OUTPUT_DEMAND,FITNESS
0.05062117007101585,27.244154897733267,1.21,83.0922889733673
