EMITTER_COEFFICIENT_SOLUTION,PRESSURE_OUTPUT,OUTPUT_DEMAND,FITNESS
0.8750810319189156,27.045487365579902,1.21,4.746031698814083
