EMITTER_COEFFICIENT_SOLUTION,PRESSURE_OUTPUT,OUTPUT_DEMAND,FITNESS
0.6922580485980997,27.089969265542948,1.21,6.0161071666357735
