EMITTER_COEFFICIENT_SOLUTION,PRESSURE_OUTPUT,OUTPUT_DEMAND,FITNESS
0.18624651217113442,27.211818744074733,1.21,22.537260703987982
