EMITTER_COEFFICIENT_SOLUTION,PRESSURE_OUTPUT,OUTPUT_DEMAND,FITNESS
0.0001913390876059351,27.256143066180904,1.21,21439.61327093425
