EMITTER_COEFFICIENT_SOLUTION,PRESSURE_OUTPUT,OUTPUT_DEMAND,FITNESS
0.9351592057352195,27.030818164081566,1.21,4.43711738849034
