EMITTER_COEFFICIENT_SOLUTION,PRESSURE_OUTPUT,OUTPUT_DEMAND,FITNESS
0.16275047060498482,27.217430643827043,1.21,25.80041598927107
