EMITTER_COEFFICIENT_SOLUTION,PRESSURE_OUTPUT,OUTPUT_DEMAND,FITNESS
0.22269430214242003,27.20310520796931,1.21,18.837890233522444
