EMITTER_COEFFICIENT_SOLUTION,PRESSURE_OUTPUT,OUTPUT_DEMAND,FITNESS
0.6832532776667132,27.09215398575587,1.21,6.09623307265848
