EMITTER_COEFFICIENT_SOLUTION,PRESSURE_OUTPUT,OUTPUT_DEMAND,FITNESS
0.45138355833587884,27.148207294155547,1.21,9.260767164447014
