EMITTER_COEFFICIENT_SOLUTION,PRESSURE_OUTPUT,OUTPUT_DEMAND,FITNESS
0.7455535787854065,27.077026861605503,1.21,5.581514335058051
