EMITTER_COEFFICIENT_SOLUTION,PRESSURE_OUTPUT,OUTPUT_DEMAND,FITNESS
0.12108330845626958,27.227372419590203,1.21,34.701390275089956
