EMITTER_COEFFICIENT_SOLUTION,PRESSURE_OUTPUT,OUTPUT_DEMAND,FITNESS
0.01646559017368754,27.25227646382325,1.21,255.54239577351623
