EMITTER_COEFFICIENT_SOLUTION,PRESSURE_OUTPUT,OUTPUT_DEMAND,FITNESS
0.3385902215635651,27.175332260971174,1.21,12.36744451732877
