EMITTER_COEFFICIENT_SOLUTION,PRESSURE_OUTPUT,OUTPUT_DEMAND,FITNESS
0.9573518623528084,27.02539290287835,1.21,4.3328155948655525
