EMITTER_COEFFICIENT_SOLUTION,PRESSURE_OUTPUT,OUTPUT_DEMAND,FITNESS
0.04499739160682459,27.245492736502335,1.21,93.4843964190846
