EMITTER_COEFFICIENT_SOLUTION,PRESSURE_OUTPUT,OUTPUT_DEMAND,FITNESS
0.8042890636556564,27.06274003251709,1.21,5.169303041215371
