EMITTER_COEFFICIENT_SOLUTION,PRESSURE_OUTPUT,OUTPUT_DEMAND,FITNESS
0.3107023406904238,27.182024349475768,1.21,13.483383737807294
