EMITTER_COEFFICIENT_SOLUTION,PRESSURE_OUTPUT,OUTPUT_DEMAND,FITNESS
0.3832841370080503,27.164595322913762,1.21,10.917699705930334
