EMITTER_COEFFICIENT_SOLUTION,PRESSURE_OUTPUT,OUTPUT_DEMAND,FITNESS
0.23202953131785942,27.20087184636116,1.21,18.077343477716802
