EMITTER_COEFFICIENT_SOLUTION,PRESSURE_OUTPUT,OUTPUT_DEMAND,FITNESS
0.9993601417769463,27.01511402639332,1.21,4.148074952902092
