EMITTER_COEFFICIENT_SOLUTION,PRESSURE_OUTPUT,OUTPUT_DEMAND,FITNESS
0.5056490139411799,27.13512401021284,1.21,8.259977942227872
