EMITTER_COEFFICIENT_SOLUTION,PRESSURE_OUTPUT,OUTPUT_DEMAND,FITNESS
0.6300804205171405,27.10504275226652,1.21,6.61607764289093
