EMITTER_COEFFICIENT_SOLUTION,PRESSURE_OUTPUT,OUTPUT_DEMAND,FITNESS
0.667567866654159,27.095958153956254,1.21,6.240967959727506
