EMITTER_COEFFICIENT_SOLUTION,PRESSURE_OUTPUT,OUTPUT_DEMAND,FITNESS
0.09155878139102136,27.234409053098602,1.21,45.91230002897837
