EMITTER_COEFFICIENT_SOLUTION,PRESSURE_OUTPUT,OUTPUT_DEMAND,FITNESS
0.3456425423038135,27.173639044779428,1.21,12.113772938155485
