EMITTER_COEFFICIENT_SOLUTION,PRESSURE_OUTPUT,OUTPUT_DEMAND,FITNESS
0.32185438608323536,27.17934895146572,1.21,13.013926912210424
