EMITTER_COEFFICIENT_SOLUTION,PRESSURE_OUTPUT,OUTPUT_DEMAND,FITNESS
0.023014894236618955,27.25071984588287,1.21,182.81993766992701
