EMITTER_COEFFICIENT_SOLUTION,PRESSURE_OUTPUT,OUTPUT_DEMAND,FITNESS
0.5162828349320895,27.132557926471044,1.21,8.088535011424835
