EMITTER_COEFFICIENT_SOLUTION,PRESSURE_OUTPUT,OUTPUT_DEMAND,FITNESS
0.25826371260098757,27.194592094825182,1.21,16.23439505616708
