EMITTER_COEFFICIENT_SOLUTION,PRESSURE_OUTPUT,OUTPUT_DEMAND,FITNESS
0.30036962897375286,27.184502363986702,1.21,13.949463499020618
