EMITTER_COEFFICIENT_SOLUTION,PRESSURE_OUTPUT,OUTPUT_DEMAND,FITNESS
0.11645686583908821,27.228475482085194,1.21,36.08255102375745
