EMITTER_COEFFICIENT_SOLUTION,PRESSURE_OUTPUT,OUTPUT_DEMAND,FITNESS
0.03925633707685405,27.246858226903903,1.21,107.1641149510815
