EMITTER_COEFFICIENT_SOLUTION,PRESSURE_OUTPUT,OUTPUT_DEMAND,FITNESS
0.8624841394921602,27.0485599151301,1.21,4.816264478526144
