EMITTER_COEFFICIENT_SOLUTION,PRESSURE_OUTPUT,OUTPUT_DEMAND,FITNESS
0.01688604396605442,27.252176541471712,1.21,249.17974130883525
