EMITTER_COEFFICIENT_SOLUTION,PRESSURE_OUTPUT,OUTPUT_DEMAND,FITNESS
0.8097102652965743,27.061420114224596,1.21,5.134271610062273
