EMITTER_COEFFICIENT_SOLUTION,PRESSURE_OUTPUT,OUTPUT_DEMAND,FITNESS
0.019908961278230275,27.2514580948232,1.21,211.34437468846582
