EMITTER_COEFFICIENT_SOLUTION,PRESSURE_OUTPUT,OUTPUT_DEMAND,FITNESS
0.581736392005764,27.116743280883433,1.21,7.171212736285445
