EMITTER_COEFFICIENT_SOLUTION,PRESSURE_OUTPUT,OUTPUT_DEMAND,FITNESS
0.6616906552258691,27.09738309139911,1.21,6.296966815885287
