EMITTER_COEFFICIENT_SOLUTION,PRESSURE_OUTPUT,OUTPUT_DEMAND,FITNESS
0.7358528692799008,27.079384122557272,1.21,5.655929889862514
