EMITTER_COEFFICIENT_SOLUTION,PRESSURE_OUTPUT,OUTPUT_DEMAND,FITNESS
0.6100555115195364,27.109891363946645,1.21,6.835347323386453
