EMITTER_COEFFICIENT_SOLUTION,PRESSURE_OUTPUT,OUTPUT_DEMAND,FITNESS
0.4084180881659406,27.158550848189265,1.21,10.241823732978663
