EMITTER_COEFFICIENT_SOLUTION,PRESSURE_OUTPUT,OUTPUT_DEMAND,FITNESS
0.11185511299456385,27.229572497944297,1.21,37.56967643688838
