EMITTER_COEFFICIENT_SOLUTION,PRESSURE_OUTPUT,OUTPUT_DEMAND,FITNESS
0.9012502191813062,27.03910075252898,1.21,4.6064065953240805
