EMITTER_COEFFICIENT_SOLUTION,PRESSURE_OUTPUT,OUTPUT_DEMAND,FITNESS
0.960240430369787,27.024686502081863,1.21,4.3195945927443935
