EMITTER_COEFFICIENT_SOLUTION,PRESSURE_OUTPUT,OUTPUT_DEMAND,FITNESS
0.8587245270940719,27.04947671609738,1.21,4.837625283546597
