EMITTER_COEFFICIENT_SOLUTION,PRESSURE_OUTPUT,OUTPUT_DEMAND,FITNESS
0.5254567925238761,27.13034318552682,1.21,7.946186941722288
