EMITTER_COEFFICIENT_SOLUTION,PRESSURE_OUTPUT,OUTPUT_DEMAND,FITNESS
0.11480227780219121,27.228869939136274,1.21,36.60352967184041
