EMITTER_COEFFICIENT_SOLUTION,PRESSURE_OUTPUT,OUTPUT_DEMAND,FITNESS
0.9032322966162932,27.038616826984082,1.21,4.596161027021059
