EMITTER_COEFFICIENT_SOLUTION,PRESSURE_OUTPUT,OUTPUT_DEMAND,FITNESS
0.9712141714522936,27.02200233168665,1.21,4.270084973278878
