EMITTER_COEFFICIENT_SOLUTION,PRESSURE_OUTPUT,OUTPUT_DEMAND,FITNESS
0.16597276186368404,27.216661262387895,1.21,25.2982368504594
