EMITTER_COEFFICIENT_SOLUTION,PRESSURE_OUTPUT,OUTPUT_DEMAND,FITNESS
0.6995272972729264,27.088205188307825,1.21,5.952929454399025
