EMITTER_COEFFICIENT_SOLUTION,PRESSURE_OUTPUT,OUTPUT_DEMAND,FITNESS
0.8972099403292316,27.04008710312997,1.21,4.627431477922476
