EMITTER_COEFFICIENT_SOLUTION,PRESSURE_OUTPUT,OUTPUT_DEMAND,FITNESS
0.7848249164298885,27.06747708050529,1.21,5.299062436711809
