EMITTER_COEFFICIENT_SOLUTION,PRESSURE_OUTPUT,OUTPUT_DEMAND,FITNESS
0.9865849824583682,27.018241273773867,1.21,4.202591203570554
