EMITTER_COEFFICIENT_SOLUTION,PRESSURE_OUTPUT,OUTPUT_DEMAND,FITNESS
0.9938819658893566,27.016455176602243,1.21,4.171280585976322
