EMITTER_COEFFICIENT_SOLUTION,PRESSURE_OUTPUT,OUTPUT_DEMAND,FITNESS
0.9593040067320832,27.02491551141223,1.21,4.32387188556938
