EMITTER_COEFFICIENT_SOLUTION,PRESSURE_OUTPUT,OUTPUT_DEMAND,FITNESS
0.021380170572877444,27.25110841233726,1.21,196.80016797286623
