EMITTER_COEFFICIENT_SOLUTION,PRESSURE_OUTPUT,OUTPUT_DEMAND,FITNESS
0.6334325212063651,27.104230827660132,1.21,6.580727578483533
