EMITTER_COEFFICIENT_SOLUTION,PRESSURE_OUTPUT,OUTPUT_DEMAND,FITNESS
0.20888684657390966,27.206407311742836,1.21,20.087421635905624
