EMITTER_COEFFICIENT_SOLUTION,PRESSURE_OUTPUT,OUTPUT_DEMAND,FITNESS
0.6165687011971935,27.108314650474213,1.21,6.762465633028504
