EMITTER_COEFFICIENT_SOLUTION,PRESSURE_OUTPUT,OUTPUT_DEMAND,FITNESS
0.9484231337943784,27.027576055800182,1.21,4.374191947069421
