EMITTER_COEFFICIENT_SOLUTION,PRESSURE_OUTPUT,OUTPUT_DEMAND,FITNESS
0.6395246779653351,27.102755015852075,1.21,6.517430841099736
