EMITTER_COEFFICIENT_SOLUTION,PRESSURE_OUTPUT,OUTPUT_DEMAND,FITNESS
0.36867545214971986,27.168106430222117,1.21,11.352892580685236
