EMITTER_COEFFICIENT_SOLUTION,PRESSURE_OUTPUT,OUTPUT_DEMAND,FITNESS
0.9936598722606241,27.01650954443044,1.21,4.172226778027093
