EMITTER_COEFFICIENT_SOLUTION,PRESSURE_OUTPUT,OUTPUT_DEMAND,FITNESS
0.13431356316852783,27.224217262744936,1.21,31.276931325883982
