EMITTER_COEFFICIENT_SOLUTION,PRESSURE_OUTPUT,OUTPUT_DEMAND,FITNESS
0.888679232099956,27.04216931917714,1.21,4.672452011231922
