EMITTER_COEFFICIENT_SOLUTION,PRESSURE_OUTPUT,OUTPUT_DEMAND,FITNESS
0.14522429490943367,27.221614139855106,1.21,28.922156023225547
