EMITTER_COEFFICIENT_SOLUTION,PRESSURE_OUTPUT,OUTPUT_DEMAND,FITNESS
0.5083100735070872,27.134481880139845,1.21,8.216398327861183
