EMITTER_COEFFICIENT_SOLUTION,PRESSURE_OUTPUT,OUTPUT_DEMAND,FITNESS
0.5434961903152725,27.12598654590925,1.21,7.680304976439804
