EMITTER_COEFFICIENT_SOLUTION,PRESSURE_OUTPUT,OUTPUT_DEMAND,FITNESS
0.47698188944983333,27.14203827959659,1.21,8.760293295161198
