EMITTER_COEFFICIENT_SOLUTION,PRESSURE_OUTPUT,OUTPUT_DEMAND,FITNESS
0.2947411290630556,27.185851870109076,1.21,14.217098768209397
