EMITTER_COEFFICIENT_SOLUTION,PRESSURE_OUTPUT,OUTPUT_DEMAND,FITNESS
0.38394125080769503,27.164437352638778,1.21,10.898902673389232
