EMITTER_COEFFICIENT_SOLUTION,PRESSURE_OUTPUT,OUTPUT_DEMAND,FITNESS
0.13917936016472277,27.223056473441773,1.21,30.18117575261151
