EMITTER_COEFFICIENT_SOLUTION,PRESSURE_OUTPUT,OUTPUT_DEMAND,FITNESS
0.9364519693653411,27.030502227912677,1.21,4.430905941302242
