EMITTER_COEFFICIENT_SOLUTION,PRESSURE_OUTPUT,OUTPUT_DEMAND,FITNESS
0.284303225111706,27.1883538703485,1.21,14.741470329422555
