EMITTER_COEFFICIENT_SOLUTION,PRESSURE_OUTPUT,OUTPUT_DEMAND,FITNESS
0.3903221036586929,27.16290322880819,1.21,10.719666986528786
