EMITTER_COEFFICIENT_SOLUTION,PRESSURE_OUTPUT,OUTPUT_DEMAND,FITNESS
0.3345644498332342,27.1762986573828,1.21,12.517046428788715
