EMITTER_COEFFICIENT_SOLUTION,PRESSURE_OUTPUT,OUTPUT_DEMAND,FITNESS
0.9685901746686271,27.02264423693267,1.21,4.281821402691225
