EMITTER_COEFFICIENT_SOLUTION,PRESSURE_OUTPUT,OUTPUT_DEMAND,FITNESS
0.2938112189855203,27.186074805500233,1.21,14.262303058955727
