EMITTER_COEFFICIENT_SOLUTION,PRESSURE_OUTPUT,OUTPUT_DEMAND,FITNESS
0.5530486910413425,27.123678590074036,1.21,7.546536543607564
