EMITTER_COEFFICIENT_SOLUTION,PRESSURE_OUTPUT,OUTPUT_DEMAND,FITNESS
0.6980652139473652,27.08856003242508,1.21,5.965530814986455
