EMITTER_COEFFICIENT_SOLUTION,PRESSURE_OUTPUT,OUTPUT_DEMAND,FITNESS
0.626863737449311,27.105821800400292,1.21,6.6503551891771355
