EMITTER_COEFFICIENT_SOLUTION,PRESSURE_OUTPUT,OUTPUT_DEMAND,FITNESS
0.2077599430923157,27.20667675193281,1.21,20.196733602766013
