EMITTER_COEFFICIENT_SOLUTION,PRESSURE_OUTPUT,OUTPUT_DEMAND,FITNESS
0.46430857136568815,27.145093059116824,1.21,9.001171527064843
