EMITTER_COEFFICIENT_SOLUTION,PRESSURE_OUTPUT,OUTPUT_DEMAND,FITNESS
0.6511535992769159,27.099937403815538,1.21,6.399905588685393
