EMITTER_COEFFICIENT_SOLUTION,PRESSURE_OUTPUT,OUTPUT_DEMAND,FITNESS
0.09392672836397964,27.233844938541985,1.21,44.75320121258086
