EMITTER_COEFFICIENT_SOLUTION,PRESSURE_OUTPUT,OUTPUT_DEMAND,FITNESS
0.13463499830543524,27.22414058635797,1.21,31.202102378762234
