EMITTER_COEFFICIENT_SOLUTION,PRESSURE_OUTPUT,OUTPUT_DEMAND,FITNESS
0.40115030536759433,27.160299158961436,1.21,10.428556323277874
