EMITTER_COEFFICIENT_SOLUTION,PRESSURE_OUTPUT,OUTPUT_DEMAND,FITNESS
0.7722546523043646,27.070535047755698,1.21,5.3863447020587385
