EMITTER_COEFFICIENT_SOLUTION,PRESSURE_OUTPUT,OUTPUT_DEMAND,FITNESS
0.3956961972323606,27.161610923262664,1.21,10.573195608066534
