EMITTER_COEFFICIENT_SOLUTION,PRESSURE_OUTPUT,OUTPUT_DEMAND,FITNESS
0.8132075146756544,27.0605685157677,1.21,5.1119205666382515
