EMITTER_COEFFICIENT_SOLUTION,PRESSURE_OUTPUT,OUTPUT_DEMAND,FITNESS
0.8852819228229744,27.042998406974334,1.21,4.6906228883365095
