EMITTER_COEFFICIENT_SOLUTION,PRESSURE_OUTPUT,OUTPUT_DEMAND,FITNESS
0.9485024701661352,27.027556659834858,1.21,4.373820864779668
