EMITTER_COEFFICIENT_SOLUTION,PRESSURE_OUTPUT,OUTPUT_DEMAND,FITNESS
0.028534215160694543,27.249407778353735,1.21,147.45064196184893
