EMITTER_COEFFICIENT_SOLUTION,PRESSURE_OUTPUT,OUTPUT_DEMAND,FITNESS
0.061688456218094045,27.241521405476135,1.21,68.17421054198648
