EMITTER_COEFFICIENT_SOLUTION,PRESSURE_OUTPUT,OUTPUT_DEMAND,FITNESS
0.43941350299385695,27.151090341937547,1.21,9.514805176537434
