EMITTER_COEFFICIENT_SOLUTION,PRESSURE_OUTPUT,OUTPUT_DEMAND,FITNESS
0.696789092824838,27.088869731382132,1.21,5.976572644539853
