EMITTER_COEFFICIENT_SOLUTION,PRESSURE_OUTPUT,OUTPUT_DEMAND,FITNESS
0.7614143839768787,27.073171504921113,1.21,5.463937350129465
