EMITTER_COEFFICIENT_SOLUTION,PRESSURE_OUTPUT,OUTPUT_DEMAND,FITNESS
0.9349921798472919,27.030858982375136,1.21,4.437921165068134
