EMITTER_COEFFICIENT_SOLUTION,PRESSURE_OUTPUT,OUTPUT_DEMAND,FITNESS
0.726377440466042,27.081685988377416,1.21,5.730536847594334
