EMITTER_COEFFICIENT_SOLUTION,PRESSURE_OUTPUT,OUTPUT_DEMAND,FITNESS
0.9330171750349675,27.031341671756728,1.21,4.447448210315056
