EMITTER_COEFFICIENT_SOLUTION,PRESSURE_OUTPUT,OUTPUT_DEMAND,FITNESS
0.237046717784276,27.199671265070663,1.21,17.693339267337635
