EMITTER_COEFFICIENT_SOLUTION,PRESSURE_OUTPUT,OUTPUT_DEMAND,FITNESS
0.2049445867689651,27.207349856037695,1.21,20.475082195578768
