EMITTER_COEFFICIENT_SOLUTION,PRESSURE_OUTPUT,OUTPUT_DEMAND,FITNESS
0.48007384507197204,27.141292815307196,1.21,8.703455502450806
