EMITTER_COEFFICIENT_SOLUTION,PRESSURE_OUTPUT,OUTPUT_DEMAND,FITNESS
0.5887677356420385,27.115042780304478,1.21,7.084815876370016
