EMITTER_COEFFICIENT_SOLUTION,PRESSURE_OUTPUT,OUTPUT_DEMAND,FITNESS
0.25647600259014836,27.19502018706215,1.21,16.348010763735616
