EMITTER_COEFFICIENT_SOLUTION,PRESSURE_OUTPUT,OUTPUT_DEMAND,FITNESS
0.08731480936135438,27.235419986046395,1.21,48.14700760448106
