EMITTER_COEFFICIENT_SOLUTION,PRESSURE_OUTPUT,OUTPUT_DEMAND,FITNESS
0.8437525434257355,27.053126714670135,1.21,4.924580198473239
