EMITTER_COEFFICIENT_SOLUTION,PRESSURE_OUTPUT,OUTPUT_DEMAND,FITNESS
0.735638799073412,27.079436133748224,1.21,5.657594193678753
