EMITTER_COEFFICIENT_SOLUTION,PRESSURE_OUTPUT,OUTPUT_DEMAND,FITNESS
0.7753517822034777,27.069781714153642,1.21,5.364576781301236
