EMITTER_COEFFICIENT_SOLUTION,PRESSURE_OUTPUT,OUTPUT_DEMAND,FITNESS
0.1122394175347089,27.22948088935764,1.21,37.44081619410264
