EMITTER_COEFFICIENT_SOLUTION,PRESSURE_OUTPUT,OUTPUT_DEMAND,FITNESS
0.5708170110565819,27.11938371007981,1.21,7.309620990730486
