EMITTER_COEFFICIENT_SOLUTION,PRESSURE_OUTPUT,OUTPUT_DEMAND,FITNESS
0.00952056876762375,27.253926936400966,1.21,441.9357397851399
