EMITTER_COEFFICIENT_SOLUTION,PRESSURE_OUTPUT,OUTPUT_DEMAND,FITNESS
0.0037209233080947035,27.255304642491062,1.21,1129.8588308025712
