EMITTER_COEFFICIENT_SOLUTION,PRESSURE_OUTPUT,OUTPUT_DEMAND,FITNESS
0.43412666105025555,27.152363369199676,1.21,9.631467349437525
