EMITTER_COEFFICIENT_SOLUTION,PRESSURE_OUTPUT,OUTPUT_DEMAND,FITNESS
0.16662436574817685,27.216505670475854,1.21,25.19904833014423
