EMITTER_COEFFICIENT_SOLUTION,PRESSURE_OUTPUT,OUTPUT_DEMAND,FITNESS
0.6817768854347189,27.092512129439363,1.21,6.109572269000579
