EMITTER_COEFFICIENT_SOLUTION,PRESSURE_OUTPUT,OUTPUT_DEMAND,FITNESS
0.50468234281133,27.135357261098285,1.21,8.27592272531556
