EMITTER_COEFFICIENT_SOLUTION,PRESSURE_OUTPUT,OUTPUT_DEMAND,FITNESS,NODE
0.44197467676130087,9.363721365901618,1.0,145.11510975641897,N1
