EMITTER_COEFFICIENT_SOLUTION,PRESSURE_OUTPUT,OUTPUT_DEMAND,FITNESS,NODE
0.24057077904967894,9.366864764509728,1.0,266.83156432894657,N1
