EMITTER_COEFFICIENT_SOLUTION,PRESSURE_OUTPUT,OUTPUT_DEMAND,FITNESS,NODE
0.002277104325450807,9.370576024078368,1.0,27455.186194968977,N1
