EMITTER_COEFFICIENT_SOLUTION,PRESSURE_OUTPUT,OUTPUT_DEMAND,FITNESS,NODE
0.22235975020500098,9.367148690916736,1.0,288.70392600726854,N1
