EMITTER_COEFFICIENT_SOLUTION,PRESSURE_OUTPUT,OUTPUT_DEMAND,FITNESS,NODE
0.43638843026753715,9.363808635174308,1.0,146.97643253842605,N1
