EMITTER_COEFFICIENT_SOLUTION,PRESSURE_OUTPUT,OUTPUT_DEMAND,FITNESS,NODE
0.43361671875782504,9.363851933571588,1.0,147.91775807071397,N1
