EMITTER_COEFFICIENT_SOLUTION,PRESSURE_OUTPUT,OUTPUT_DEMAND,FITNESS,NODE
0.22766665507798156,9.367065956630242,1.0,281.96889774875007,N1
