EMITTER_COEFFICIENT_SOLUTION,PRESSURE_OUTPUT,OUTPUT_DEMAND,FITNESS,NODE
0.05766162527914487,9.369714212660625,1.0,1113.2951379443255,N1
