EMITTER_COEFFICIENT_SOLUTION,PRESSURE_OUTPUT,OUTPUT_DEMAND,FITNESS,NODE
0.0008826511857231711,9.370597716502452,1.0,67886.04980080035,N1
