EMITTER_COEFFICIENT_SOLUTION,PRESSURE_OUTPUT,OUTPUT_DEMAND,FITNESS,NODE
0.46387775779450724,9.363379147069374,1.0,138.24948502056492,N1
