EMITTER_COEFFICIENT_SOLUTION,PRESSURE_OUTPUT,OUTPUT_DEMAND,FITNESS,NODE
0.14820950330341298,9.368304244204431,1.0,433.23748323244706,N1
