EMITTER_COEFFICIENT_SOLUTION,PRESSURE_OUTPUT,OUTPUT_DEMAND,FITNESS,NODE
0.47733131805310114,9.363168909768532,1.0,134.34472880068145,N1
