EMITTER_COEFFICIENT_SOLUTION,PRESSURE_OUTPUT,OUTPUT_DEMAND,FITNESS,NODE
0.41680784072474086,9.364114489359878,1.0,153.89450727538585,N1
