EMITTER_COEFFICIENT_SOLUTION,PRESSURE_OUTPUT,OUTPUT_DEMAND,FITNESS,NODE
0.47892330717958154,9.363144030130464,1.0,133.89718439383364,N1
