EMITTER_COEFFICIENT_SOLUTION,PRESSURE_OUTPUT,OUTPUT_DEMAND,FITNESS,NODE
0.17500114932723299,9.367886820336587,1.0,366.88809511912314,N1
