EMITTER_COEFFICIENT_SOLUTION,PRESSURE_OUTPUT,OUTPUT_DEMAND,FITNESS,NODE
0.012033736179463794,9.370424239520275,1.0,5313.2831534267825,N1
