EMITTER_COEFFICIENT_SOLUTION,PRESSURE_OUTPUT,OUTPUT_DEMAND,FITNESS,NODE
0.004114747729965229,9.370547436839082,1.0,15382.194393659354,N1
