EMITTER_COEFFICIENT_SOLUTION,PRESSURE_OUTPUT,OUTPUT_DEMAND,FITNESS,NODE
0.34019601988322434,9.365310632847823,1.0,188.61468135458512,N1
