EMITTER_COEFFICIENT_SOLUTION,PRESSURE_OUTPUT,OUTPUT_DEMAND,FITNESS,NODE
0.24745627055902175,9.366757400453217,1.0,259.40023547511885,N1
