EMITTER_COEFFICIENT_SOLUTION,PRESSURE_OUTPUT,OUTPUT_DEMAND,FITNESS,NODE
0.005057351172943703,9.370532773061655,1.0,12551.144702765396,N1
