EMITTER_COEFFICIENT_SOLUTION,PRESSURE_OUTPUT,OUTPUT_DEMAND,FITNESS,NODE
0.36204653753205207,9.364969569830272,1.0,177.21455874844924,N1
