EMITTER_COEFFICIENT_SOLUTION,PRESSURE_OUTPUT,OUTPUT_DEMAND,FITNESS,NODE
0.16552518650784753,9.368034471753063,1.0,387.90130908972503,N1
