EMITTER_COEFFICIENT_SOLUTION,PRESSURE_OUTPUT,OUTPUT_DEMAND,FITNESS,NODE
0.13584997745869498,9.368496773754721,1.0,472.66276559415843,N1
