EMITTER_COEFFICIENT_SOLUTION,PRESSURE_OUTPUT,OUTPUT_DEMAND,FITNESS,NODE
0.02618646544280967,9.370204039034782,1.0,2448.5316528752996,N1
