EMITTER_COEFFICIENT_SOLUTION,PRESSURE_OUTPUT,OUTPUT_DEMAND,FITNESS,NODE
0.35712297306168495,9.365046427632599,1.0,179.66160760992767,N1
