EMITTER_COEFFICIENT_SOLUTION,PRESSURE_OUTPUT,OUTPUT_DEMAND,FITNESS,NODE
0.21021793588274607,9.367337965014407,1.0,305.39180951735113,N1
