EMITTER_COEFFICIENT_SOLUTION,PRESSURE_OUTPUT,OUTPUT_DEMAND,FITNESS,NODE
0.34083783627667796,9.365300615810234,1.0,188.25899227849405,N1
