EMITTER_COEFFICIENT_SOLUTION,PRESSURE_OUTPUT,OUTPUT_DEMAND,FITNESS,NODE
0.12590992058117956,9.368651597499365,1.0,509.98302740429233,N1
