EMITTER_COEFFICIENT_SOLUTION,PRESSURE_OUTPUT,OUTPUT_DEMAND,FITNESS,NODE
0.44166553213099324,9.363726195533125,1.0,145.21688537448279,N1
