EMITTER_COEFFICIENT_SOLUTION,PRESSURE_OUTPUT,OUTPUT_DEMAND,FITNESS,NODE
0.28409487803606126,9.366185982059697,1.0,225.91390597525404,N1
