EMITTER_COEFFICIENT_SOLUTION,PRESSURE_OUTPUT,OUTPUT_DEMAND,FITNESS,NODE
0.23067290413340502,9.367019087528789,1.0,278.29110577553917,N1
