EMITTER_COEFFICIENT_SOLUTION,PRESSURE_OUTPUT,OUTPUT_DEMAND,FITNESS,NODE
0.23816588915104808,9.366902261781519,1.0,269.52831797160627,N1
