EMITTER_COEFFICIENT_SOLUTION,PRESSURE_OUTPUT,OUTPUT_DEMAND,FITNESS,NODE
0.19767497930419142,9.367533469033845,1.0,324.78308986260276,N1
