EMITTER_COEFFICIENT_SOLUTION,PRESSURE_OUTPUT,OUTPUT_DEMAND,FITNESS,NODE
0.19959444502571455,9.367503552324308,1.0,321.65772147335804,N1
