EMITTER_COEFFICIENT_SOLUTION,PRESSURE_OUTPUT,OUTPUT_DEMAND,FITNESS,NODE
0.39059302534393625,9.364523881711271,1.0,164.24230359428597,N1
