EMITTER_COEFFICIENT_SOLUTION,PRESSURE_OUTPUT,OUTPUT_DEMAND,FITNESS,NODE
0.030084560914258818,9.370143383758077,1.0,2131.908371224059,N1
