EMITTER_COEFFICIENT_SOLUTION,PRESSURE_OUTPUT,OUTPUT_DEMAND,FITNESS,NODE
0.27538609880782294,9.366321823132665,1.0,233.06633598047137,N1
