EMITTER_COEFFICIENT_SOLUTION,PRESSURE_OUTPUT,OUTPUT_DEMAND,FITNESS,NODE
0.26347819075311163,9.366507546293974,1.0,243.61124780203914,N1
