EMITTER_COEFFICIENT_SOLUTION,PRESSURE_OUTPUT,OUTPUT_DEMAND,FITNESS,NODE
0.41774592639437746,9.364099837518879,1.0,153.54828079984566,N1
