EMITTER_COEFFICIENT_SOLUTION,PRESSURE_OUTPUT,OUTPUT_DEMAND,FITNESS,NODE
0.05528001474120692,9.369751281266296,1.0,1161.2165699338516,N1
