EMITTER_COEFFICIENT_SOLUTION,PRESSURE_OUTPUT,OUTPUT_DEMAND,FITNESS,NODE
0.44541270721106097,9.363667654085532,1.0,143.99277304966327,N1
