EMITTER_COEFFICIENT_SOLUTION,PRESSURE_OUTPUT,OUTPUT_DEMAND,FITNESS,NODE
0.08490797272358974,25.13359863529208,23.0,38.98919094327321,N8
