EMITTER_COEFFICIENT_SOLUTION,PRESSURE_OUTPUT,OUTPUT_DEMAND,FITNESS,NODE
0.2905291724200447,25.07123749982047,23.0,11.362439481838496,N8
