EMITTER_COEFFICIENT_SOLUTION,PRESSURE_OUTPUT,OUTPUT_DEMAND,FITNESS,NODE
0.17683538780390062,25.105762668328474,23.0,18.69714511492401,N8
