EMITTER_COEFFICIENT_SOLUTION,PRESSURE_OUTPUT,OUTPUT_DEMAND,FITNESS,NODE
0.0006645024313545189,25.159044980329774,23.0,4955.668579409157,N8
