EMITTER_COEFFICIENT_SOLUTION,PRESSURE_OUTPUT,OUTPUT_DEMAND,FITNESS,NODE
0.9379090974825959,24.872628052944677,23.0,3.488955683685705,N8
