EMITTER_COEFFICIENT_SOLUTION,PRESSURE_OUTPUT,OUTPUT_DEMAND,FITNESS,NODE
0.08969935607946766,25.132149551260724,23.0,36.90415721036582,N8
