EMITTER_COEFFICIENT_SOLUTION,PRESSURE_OUTPUT,OUTPUT_DEMAND,FITNESS,NODE
0.9036794056944897,24.88321363296803,23.0,3.6227534590483508,N8
