EMITTER_COEFFICIENT_SOLUTION,PRESSURE_OUTPUT,OUTPUT_DEMAND,FITNESS,NODE
0.7892048451189038,24.918547715954123,23.0,4.154565568407811,N8
