EMITTER_COEFFICIENT_SOLUTION,PRESSURE_OUTPUT,OUTPUT_DEMAND,FITNESS,NODE
0.39231792001691246,25.040236121726252,23.0,8.402609507058013,N8
