EMITTER_COEFFICIENT_SOLUTION,PRESSURE_OUTPUT,OUTPUT_DEMAND,FITNESS,NODE
0.3955504679138886,25.039250192326595,23.0,8.333571039915983,N8
