EMITTER_COEFFICIENT_SOLUTION,PRESSURE_OUTPUT,OUTPUT_DEMAND,FITNESS,NODE
0.9038202558847979,24.883170093776602,23.0,3.6221821258998226,N8
