EMITTER_COEFFICIENT_SOLUTION,PRESSURE_OUTPUT,OUTPUT_DEMAND,FITNESS,NODE
0.1154457209732056,25.124359609279093,23.0,28.663840654188064,N8
