EMITTER_COEFFICIENT_SOLUTION,PRESSURE_OUTPUT,OUTPUT_DEMAND,FITNESS,NODE
0.8491005962397533,24.900073067804342,23.0,3.858416165114454,N8
