EMITTER_COEFFICIENT_SOLUTION,PRESSURE_OUTPUT,OUTPUT_DEMAND,FITNESS,NODE
0.8430497426644217,24.90194072830738,23.0,3.8864225478790493,N8
