EMITTER_COEFFICIENT_SOLUTION,PRESSURE_OUTPUT,OUTPUT_DEMAND,FITNESS,NODE
0.47004812601394486,25.01650475658914,23.0,7.005645919948415,N8
