EMITTER_COEFFICIENT_SOLUTION,PRESSURE_OUTPUT,OUTPUT_DEMAND,FITNESS,NODE
0.8490656775354983,24.90008384666809,23.0,3.8585766407784674,N8
