EMITTER_COEFFICIENT_SOLUTION,PRESSURE_OUTPUT,OUTPUT_DEMAND,FITNESS,NODE
0.27755178799134517,25.075183780461042,23.0,11.895841583006344,N8
