EMITTER_COEFFICIENT_SOLUTION,PRESSURE_OUTPUT,OUTPUT_DEMAND,FITNESS,NODE
0.07261465172842696,25.137315680533977,23.0,45.59737110430741,N8
