EMITTER_COEFFICIENT_SOLUTION,PRESSURE_OUTPUT,OUTPUT_DEMAND,FITNESS,NODE
0.4610549855330184,25.019252716519564,23.0,7.143160577691781,N8
