EMITTER_COEFFICIENT_SOLUTION,PRESSURE_OUTPUT,OUTPUT_DEMAND,FITNESS,NODE
0.5583458647037969,24.989486431545572,23.0,5.890657454783536,N8
