EMITTER_COEFFICIENT_SOLUTION,PRESSURE_OUTPUT,OUTPUT_DEMAND,FITNESS,NODE
0.43995019059235396,25.02569952650314,23.0,7.487986857220923,N8
