EMITTER_COEFFICIENT_SOLUTION,PRESSURE_OUTPUT,OUTPUT_DEMAND,FITNESS,NODE
0.6035487321029285,24.975630297496195,23.0,5.446134485443273,N8
