EMITTER_COEFFICIENT_SOLUTION,PRESSURE_OUTPUT,OUTPUT_DEMAND,FITNESS,NODE
0.7729964813944548,24.923542221122464,23.0,4.242599504752725,N8
