EMITTER_COEFFICIENT_SOLUTION,PRESSURE_OUTPUT,OUTPUT_DEMAND,FITNESS,NODE
0.8028971082676581,24.914326898941557,23.0,4.082968025119086,N8
