EMITTER_COEFFICIENT_SOLUTION,PRESSURE_OUTPUT,OUTPUT_DEMAND,FITNESS,NODE
0.9737905465560401,24.86152176899823,23.0,3.3588042605910493,N8
