EMITTER_COEFFICIENT_SOLUTION,PRESSURE_OUTPUT,OUTPUT_DEMAND,FITNESS,NODE
0.9928195747684576,24.855627668362413,23.0,3.293600423753848,N8
