EMITTER_COEFFICIENT_SOLUTION,PRESSURE_OUTPUT,OUTPUT_DEMAND,FITNESS,NODE
0.2045984696355081,25.097341901389846,23.0,16.153818453135457,N8
