EMITTER_COEFFICIENT_SOLUTION,PRESSURE_OUTPUT,OUTPUT_DEMAND,FITNESS,NODE
0.7407466651406727,24.933473556206085,23.0,4.4292234035847295,N8
