EMITTER_COEFFICIENT_SOLUTION,PRESSURE_OUTPUT,OUTPUT_DEMAND,FITNESS,NODE
0.6469425561067901,24.962313109778453,23.0,5.077852113603496,N8
