EMITTER_COEFFICIENT_SOLUTION,PRESSURE_OUTPUT,OUTPUT_DEMAND,FITNESS,NODE
0.0007260640731567847,25.159026407264715,23.0,4537.9836891823925,N8
