EMITTER_COEFFICIENT_SOLUTION,PRESSURE_OUTPUT,OUTPUT_DEMAND,FITNESS,NODE
0.05354460980507625,25.14307921704406,23.0,61.85228134267376,N8
