EMITTER_COEFFICIENT_SOLUTION,PRESSURE_OUTPUT,OUTPUT_DEMAND,FITNESS,NODE
0.15702496603357097,25.111767366331772,23.0,21.061764351200555,N8
