EMITTER_COEFFICIENT_SOLUTION,PRESSURE_OUTPUT,OUTPUT_DEMAND,FITNESS,NODE
0.12892129451568035,25.120280140655336,23.0,25.66298473711594,N8
