EMITTER_COEFFICIENT_SOLUTION,PRESSURE_OUTPUT,OUTPUT_DEMAND,FITNESS,NODE
0.019035130646521736,25.153501403282544,23.0,174.05331025924357,N8
