EMITTER_COEFFICIENT_SOLUTION,PRESSURE_OUTPUT,OUTPUT_DEMAND,FITNESS,NODE
0.1931771394243973,25.100806867100097,23.0,17.111596012295855,N8
