EMITTER_COEFFICIENT_SOLUTION,PRESSURE_OUTPUT,OUTPUT_DEMAND,FITNESS,NODE
0.1541293709641589,25.11264476760465,23.0,21.458305660999407,N8
