EMITTER_COEFFICIENT_SOLUTION,PRESSURE_OUTPUT,OUTPUT_DEMAND,FITNESS,NODE
0.49729394729909737,25.008174653546526,23.0,6.619355226629881,N8
