EMITTER_COEFFICIENT_SOLUTION,PRESSURE_OUTPUT,OUTPUT_DEMAND,FITNESS,NODE
0.38524930016049597,25.042391755122754,23.0,8.557613087995827,N8
