EMITTER_COEFFICIENT_SOLUTION,PRESSURE_OUTPUT,OUTPUT_DEMAND,FITNESS,NODE
0.08303057183328666,25.134166374751832,23.0,39.87178080954647,N8
