EMITTER_COEFFICIENT_SOLUTION,PRESSURE_OUTPUT,OUTPUT_DEMAND,FITNESS,NODE
0.13587475485810718,25.11817451535464,23.0,24.34733671280395,N8
