EMITTER_COEFFICIENT_SOLUTION,PRESSURE_OUTPUT,OUTPUT_DEMAND,FITNESS,NODE
0.6985380243130297,24.946459124498332,23.0,4.699520971857952,N8
