EMITTER_COEFFICIENT_SOLUTION,PRESSURE_OUTPUT,OUTPUT_DEMAND,FITNESS,NODE
0.01284359690839465,25.155370186181816,23.0,257.9591178529261,N8
