EMITTER_COEFFICIENT_SOLUTION,PRESSURE_OUTPUT,OUTPUT_DEMAND,FITNESS,NODE
0.19307923612115818,25.100836563948107,23.0,17.120295869822883,N8
