EMITTER_COEFFICIENT_SOLUTION,PRESSURE_OUTPUT,OUTPUT_DEMAND,FITNESS,NODE
0.07018392074147584,25.138050491792317,23.0,47.178094954982846,N8
