EMITTER_COEFFICIENT_SOLUTION,PRESSURE_OUTPUT,OUTPUT_DEMAND,FITNESS,NODE
0.26184115884738146,25.079959331408286,23.0,12.612338407011435,N8
