EMITTER_COEFFICIENT_SOLUTION,PRESSURE_OUTPUT,OUTPUT_DEMAND,FITNESS,NODE
0.28514361215102224,25.07287536017152,23.0,11.577905331870204,N8
