EMITTER_COEFFICIENT_SOLUTION,PRESSURE_OUTPUT,OUTPUT_DEMAND,FITNESS,NODE
0.4536117476249537,25.021526794791775,23.0,7.261110833673358,N8
