EMITTER_COEFFICIENT_SOLUTION,PRESSURE_OUTPUT,OUTPUT_DEMAND,FITNESS,NODE
0.003035062622245288,25.158329762123657,23.0,1090.5038290118694,N8
