EMITTER_COEFFICIENT_SOLUTION,PRESSURE_OUTPUT,OUTPUT_DEMAND,FITNESS,NODE
0.7436579641148591,24.932577362964977,23.0,4.411711379623436,N8
