EMITTER_COEFFICIENT_SOLUTION,PRESSURE_OUTPUT,OUTPUT_DEMAND,FITNESS,NODE
0.2632732451876374,25.079524106281212,23.0,12.543484628578238,N8
