EMITTER_COEFFICIENT_SOLUTION,PRESSURE_OUTPUT,OUTPUT_DEMAND,FITNESS,NODE
0.7553494540514851,24.928977655902557,23.0,4.342744819731947,N8
