EMITTER_COEFFICIENT_SOLUTION,PRESSURE_OUTPUT,OUTPUT_DEMAND,FITNESS,NODE
0.18208582441097443,25.104170665173072,23.0,18.15669450733202,N8
