EMITTER_COEFFICIENT_SOLUTION,PRESSURE_OUTPUT,OUTPUT_DEMAND,FITNESS,NODE
0.875680957706108,24.891865318343147,23.0,3.7399752146698484,N8
