EMITTER_COEFFICIENT_SOLUTION,PRESSURE_OUTPUT,OUTPUT_DEMAND,FITNESS,NODE
0.9924276655807498,24.855749087938644,23.0,3.294918086431657,N8
