EMITTER_COEFFICIENT_SOLUTION,PRESSURE_OUTPUT,OUTPUT_DEMAND,FITNESS,NODE
0.4577487373663929,25.020262906598173,23.0,7.195079914206569,N8
