EMITTER_COEFFICIENT_SOLUTION,PRESSURE_OUTPUT,OUTPUT_DEMAND,FITNESS,NODE
0.033228737354356275,25.149216131700488,23.0,99.6945583150315,N8
