EMITTER_COEFFICIENT_SOLUTION,PRESSURE_OUTPUT,OUTPUT_DEMAND,FITNESS,NODE
0.11394742234720434,25.124813095318594,23.0,29.041338899822417,N8
