EMITTER_COEFFICIENT_SOLUTION,PRESSURE_OUTPUT,OUTPUT_DEMAND,FITNESS,NODE
0.14525609927366245,25.11533303901133,23.0,22.771920991984494,N8
