EMITTER_COEFFICIENT_SOLUTION,PRESSURE_OUTPUT,OUTPUT_DEMAND,FITNESS,NODE
0.5012262859660606,25.006971883344868,23.0,6.567071075090191,N8
