EMITTER_COEFFICIENT_SOLUTION,PRESSURE_OUTPUT,OUTPUT_DEMAND,FITNESS,NODE
0.47835601770469727,25.01396535679374,23.0,6.8831929819534095,N8
