EMITTER_COEFFICIENT_SOLUTION,PRESSURE_OUTPUT,OUTPUT_DEMAND,FITNESS,NODE
0.7323586555884478,24.936055280885213,23.0,4.480457594655225,N8
