EMITTER_COEFFICIENT_SOLUTION,PRESSURE_OUTPUT,OUTPUT_DEMAND,FITNESS,NODE
0.6482428679718995,24.961913820410718,23.0,5.067577436365006,N8
