EMITTER_COEFFICIENT_SOLUTION,PRESSURE_OUTPUT,OUTPUT_DEMAND,FITNESS,NODE
0.9342063478674039,24.873773578597717,23.0,3.502955906354807,N8
