EMITTER_COEFFICIENT_SOLUTION,PRESSURE_OUTPUT,OUTPUT_DEMAND,FITNESS,NODE
0.23937987362760915,25.086783294749605,23.0,13.800055878389381,N8
