EMITTER_COEFFICIENT_SOLUTION,PRESSURE_OUTPUT,OUTPUT_DEMAND,FITNESS,NODE
0.18355571257091752,25.103724933737034,23.0,18.010931864353562,N8
