EMITTER_COEFFICIENT_SOLUTION,PRESSURE_OUTPUT,OUTPUT_DEMAND,FITNESS,NODE
0.6881212425142893,24.949661665899892,23.0,4.771331469001973,N8
