EMITTER_COEFFICIENT_SOLUTION,PRESSURE_OUTPUT,OUTPUT_DEMAND,FITNESS,NODE
0.26256142985696607,25.079740436103357,23.0,12.57761435994144,N8
