EMITTER_COEFFICIENT_SOLUTION,PRESSURE_OUTPUT,OUTPUT_DEMAND,FITNESS,NODE
0.9024694716363602,24.883587637731925,23.0,3.627668685486376,N8
