EMITTER_COEFFICIENT_SOLUTION,PRESSURE_OUTPUT,OUTPUT_DEMAND,FITNESS,NODE
0.03277978938198434,25.149351702387115,23.0,101.06045706423845,N8
