EMITTER_COEFFICIENT_SOLUTION,PRESSURE_OUTPUT,OUTPUT_DEMAND,FITNESS,NODE
0.9178598523990238,24.878829430245673,23.0,3.566113289711163,N8
