EMITTER_COEFFICIENT_SOLUTION,PRESSURE_OUTPUT,OUTPUT_DEMAND,FITNESS,NODE
0.4770581191093539,25.01436211127713,23.0,6.9020420285679895,N8
