EMITTER_COEFFICIENT_SOLUTION,PRESSURE_OUTPUT,OUTPUT_DEMAND,FITNESS,NODE
0.07779183468835571,25.13575044828294,23.0,42.559854068804206,N8
