EMITTER_COEFFICIENT_SOLUTION,PRESSURE_OUTPUT,OUTPUT_DEMAND,FITNESS,NODE
0.8898697140289744,24.887481683213718,23.0,3.679648529732845,N8
