EMITTER_COEFFICIENT_SOLUTION,PRESSURE_OUTPUT,OUTPUT_DEMAND,FITNESS,NODE
0.2768501475847316,25.07539710162637,23.0,11.926105683686789,N8
