EMITTER_COEFFICIENT_SOLUTION,PRESSURE_OUTPUT,OUTPUT_DEMAND,FITNESS,NODE
0.6104267943437183,24.97352049642718,23.0,5.3842678460475195,N8
