EMITTER_COEFFICIENT_SOLUTION,PRESSURE_OUTPUT,OUTPUT_DEMAND,FITNESS,NODE
0.8757504861737508,24.891843841312532,23.0,3.739674830666045,N8
