EMITTER_COEFFICIENT_SOLUTION,PRESSURE_OUTPUT,OUTPUT_DEMAND,FITNESS,NODE
0.9101295987719358,24.88121960793385,23.0,3.5967708857967953,N8
