EMITTER_COEFFICIENT_SOLUTION,PRESSURE_OUTPUT,OUTPUT_DEMAND,FITNESS,NODE
0.25517462564998805,25.08198513096519,23.0,12.943033821420162,N8
