EMITTER_COEFFICIENT_SOLUTION,PRESSURE_OUTPUT,OUTPUT_DEMAND,FITNESS,NODE
0.9075105082460768,24.882029318174105,23.0,3.607276509467601,N8
