EMITTER_COEFFICIENT_SOLUTION,PRESSURE_OUTPUT,OUTPUT_DEMAND,FITNESS,NODE
0.3893072495167973,25.041154300757672,23.0,8.467940513717915,N8
