EMITTER_COEFFICIENT_SOLUTION,PRESSURE_OUTPUT,OUTPUT_DEMAND,FITNESS,NODE
0.7859195555101572,24.919560226615804,23.0,4.172115748250766,N8
