EMITTER_COEFFICIENT_SOLUTION,PRESSURE_OUTPUT,OUTPUT_DEMAND,FITNESS,NODE
0.15163942941244546,25.11339919431564,23.0,21.811404356317876,N8
