EMITTER_COEFFICIENT_SOLUTION,PRESSURE_OUTPUT,OUTPUT_DEMAND,FITNESS,NODE
0.43246395618167677,25.027985441361597,23.0,7.618390081584189,N8
