EMITTER_COEFFICIENT_SOLUTION,PRESSURE_OUTPUT,OUTPUT_DEMAND,FITNESS,NODE
0.29574288786570646,25.069651670861777,23.0,11.161324846599184,N8
