EMITTER_COEFFICIENT_SOLUTION,PRESSURE_OUTPUT,OUTPUT_DEMAND,FITNESS,NODE
0.3422899076121546,25.055483684920766,23.0,9.637338794835522,N8
