EMITTER_COEFFICIENT_SOLUTION,PRESSURE_OUTPUT,OUTPUT_DEMAND,FITNESS,NODE
0.40995145997436944,25.034856831712148,23.0,8.039235473466972,N8
