EMITTER_COEFFICIENT_SOLUTION,PRESSURE_OUTPUT,OUTPUT_DEMAND,FITNESS,NODE
0.12397106674689251,25.12177890444971,23.0,26.68953782146752,N8
