EMITTER_COEFFICIENT_SOLUTION,PRESSURE_OUTPUT,OUTPUT_DEMAND,FITNESS,NODE
0.9698529863702343,24.862741044700012,23.0,3.372616163971471,N8
