EMITTER_COEFFICIENT_SOLUTION,PRESSURE_OUTPUT,OUTPUT_DEMAND,FITNESS,NODE
0.05477122021645453,25.142708591690436,23.0,60.46615380315906,N8
