EMITTER_COEFFICIENT_SOLUTION,PRESSURE_OUTPUT,OUTPUT_DEMAND,FITNESS,NODE
0.16264528018297097,25.110064139709007,23.0,20.33238168185756,N8
