EMITTER_COEFFICIENT_SOLUTION,PRESSURE_OUTPUT,OUTPUT_DEMAND,FITNESS,NODE
0.002272277851874005,25.15855990602231,23.0,1455.8935015348977,N8
