EMITTER_COEFFICIENT_SOLUTION,PRESSURE_OUTPUT,OUTPUT_DEMAND,FITNESS,NODE
0.5162497106472015,25.002375558451195,23.0,6.374655959092333,N8
