EMITTER_COEFFICIENT_SOLUTION,PRESSURE_OUTPUT,OUTPUT_DEMAND,FITNESS,NODE
0.8702491289322225,24.893543067561858,23.0,3.7635907700792552,N8
