EMITTER_COEFFICIENT_SOLUTION,PRESSURE_OUTPUT,OUTPUT_DEMAND,FITNESS,NODE
0.5408534537719347,24.994843959366264,23.0,6.082621090807781,N8
