EMITTER_COEFFICIENT_SOLUTION,PRESSURE_OUTPUT,OUTPUT_DEMAND,FITNESS,NODE
0.5810581148004856,24.982526470293383,23.0,5.658659501911087,N8
