EMITTER_COEFFICIENT_SOLUTION,PRESSURE_OUTPUT,OUTPUT_DEMAND,FITNESS,NODE
0.7955868314874066,24.916580572097335,23.0,4.120887090627656,N8
