EMITTER_COEFFICIENT_SOLUTION,PRESSURE_OUTPUT,OUTPUT_DEMAND,FITNESS,NODE
0.2062131424661695,25.09685195889689,23.0,16.026973896455505,N8
