EMITTER_COEFFICIENT_SOLUTION,PRESSURE_OUTPUT,OUTPUT_DEMAND,FITNESS,NODE
0.889800775372156,24.887502985750892,23.0,3.6799369847198404,N8
