EMITTER_COEFFICIENT_SOLUTION,PRESSURE_OUTPUT,OUTPUT_DEMAND,FITNESS,NODE
0.25820035141338027,27.034474996065896,1.1,19.780693676755803,N3
