EMITTER_COEFFICIENT_SOLUTION,PRESSURE_OUTPUT,OUTPUT_DEMAND,FITNESS,NODE
0.4416677328766966,26.998191214205335,1.1,11.515679154016173,N3
