EMITTER_COEFFICIENT_SOLUTION,PRESSURE_OUTPUT,OUTPUT_DEMAND,FITNESS,NODE
0.41804775234344616,27.002879131039172,1.1,12.172823506489927,N3
