EMITTER_COEFFICIENT_SOLUTION,PRESSURE_OUTPUT,OUTPUT_DEMAND,FITNESS,NODE
0.29157926362239095,27.027895954963107,1.1,17.502901180030026,N3
