EMITTER_COEFFICIENT_SOLUTION,PRESSURE_OUTPUT,OUTPUT_DEMAND,FITNESS,NODE
0.9561579356110449,26.894884360779635,1.1,5.2591448999127675,N3
