EMITTER_COEFFICIENT_SOLUTION,PRESSURE_OUTPUT,OUTPUT_DEMAND,FITNESS,NODE
0.42721596725525657,27.00106007406113,1.1,11.909119171581235,N3
