EMITTER_COEFFICIENT_SOLUTION,PRESSURE_OUTPUT,OUTPUT_DEMAND,FITNESS,NODE
0.17003164970016915,27.051805283182695,1.1,30.098671947184034,N3
