EMITTER_COEFFICIENT_SOLUTION,PRESSURE_OUTPUT,OUTPUT_DEMAND,FITNESS,NODE
0.07568460826006385,27.070272444762807,1.1,67.76492984668958,N3
