EMITTER_COEFFICIENT_SOLUTION,PRESSURE_OUTPUT,OUTPUT_DEMAND,FITNESS,NODE
0.3967598505223625,27.007099993460876,1.1,12.832136272468244,N3
