EMITTER_COEFFICIENT_SOLUTION,PRESSURE_OUTPUT,OUTPUT_DEMAND,FITNESS,NODE
0.40343786500036793,27.00577633824146,1.1,12.617818534551281,N3
