EMITTER_COEFFICIENT_SOLUTION,PRESSURE_OUTPUT,OUTPUT_DEMAND,FITNESS,NODE
0.3176420702066832,27.022752037008097,1.1,16.057214185088196,N3
