EMITTER_COEFFICIENT_SOLUTION,PRESSURE_OUTPUT,OUTPUT_DEMAND,FITNESS,NODE
0.40254964818295924,27.005952415128156,1.1,12.645914040235503,N3
