EMITTER_COEFFICIENT_SOLUTION,PRESSURE_OUTPUT,OUTPUT_DEMAND,FITNESS,NODE
0.023968806366908013,27.080360849700696,1.1,214.20198879098473,N3
