EMITTER_COEFFICIENT_SOLUTION,PRESSURE_OUTPUT,OUTPUT_DEMAND,FITNESS,NODE
0.12399343277581976,27.060826700200337,1.1,41.31780625141341,N3
