EMITTER_COEFFICIENT_SOLUTION,PRESSURE_OUTPUT,OUTPUT_DEMAND,FITNESS,NODE
0.13759732466463948,27.058162941279264,1.1,37.221214283049456,N3
