EMITTER_COEFFICIENT_SOLUTION,PRESSURE_OUTPUT,OUTPUT_DEMAND,FITNESS,NODE
0.46779983298531735,26.992999010734344,1.1,10.865983021571624,N3
