EMITTER_COEFFICIENT_SOLUTION,PRESSURE_OUTPUT,OUTPUT_DEMAND,FITNESS,NODE
0.15578352895863656,27.05459931599816,1.1,32.862280543560495,N3
