EMITTER_COEFFICIENT_SOLUTION,PRESSURE_OUTPUT,OUTPUT_DEMAND,FITNESS,NODE
0.1256609535500809,27.060500275255947,1.1,40.767962117145075,N3
