EMITTER_COEFFICIENT_SOLUTION,PRESSURE_OUTPUT,OUTPUT_DEMAND,FITNESS,NODE
0.019034020593530543,27.08132222346535,1.1,269.75140199552317,N3
