EMITTER_COEFFICIENT_SOLUTION,PRESSURE_OUTPUT,OUTPUT_DEMAND,FITNESS,NODE
0.16481777776212148,27.052827926975723,1.1,31.054537443083728,N3
