EMITTER_COEFFICIENT_SOLUTION,PRESSURE_OUTPUT,OUTPUT_DEMAND,FITNESS,NODE
0.031746492947663074,27.078845182884308,1.1,161.70351284839379,N3
