EMITTER_COEFFICIENT_SOLUTION,PRESSURE_OUTPUT,OUTPUT_DEMAND,FITNESS,NODE
0.003043266830553004,27.084435944592705,1.1,1685.215716480741,N3
