EMITTER_COEFFICIENT_SOLUTION,PRESSURE_OUTPUT,OUTPUT_DEMAND,FITNESS,NODE
0.1690437478732737,27.051999068086822,1.1,30.275257480482093,N3
