EMITTER_COEFFICIENT_SOLUTION,PRESSURE_OUTPUT,OUTPUT_DEMAND,FITNESS,NODE
0.48372653301825974,26.989831594138387,1.1,10.504450356222815,N3
