EMITTER_COEFFICIENT_SOLUTION,PRESSURE_OUTPUT,OUTPUT_DEMAND,FITNESS,NODE
0.4433195472356447,26.997863191303715,1.1,11.472343449412293,N3
