EMITTER_COEFFICIENT_SOLUTION,PRESSURE_OUTPUT,OUTPUT_DEMAND,FITNESS,NODE
0.05765693541434247,27.073791938746396,1.1,88.98854269748672,N3
