EMITTER_COEFFICIENT_SOLUTION,PRESSURE_OUTPUT,OUTPUT_DEMAND,FITNESS,NODE
0.45746990935040655,26.99505218451813,1.1,11.113932084281428,N3
