EMITTER_COEFFICIENT_SOLUTION,PRESSURE_OUTPUT,OUTPUT_DEMAND,FITNESS,NODE
0.4021263712312694,27.006036321575678,1.1,12.659346540196859,N3
