EMITTER_COEFFICIENT_SOLUTION,PRESSURE_OUTPUT,OUTPUT_DEMAND,FITNESS,NODE
0.05359960885337489,27.074583632117125,1.1,95.73309626711084,N3
