EMITTER_COEFFICIENT_SOLUTION,PRESSURE_OUTPUT,OUTPUT_DEMAND,FITNESS,NODE
0.21455226341528533,27.04306309862983,1.1,23.828676502315272,N3
