EMITTER_COEFFICIENT_SOLUTION,PRESSURE_OUTPUT,OUTPUT_DEMAND,FITNESS,NODE
0.05073966253462625,27.075141594395276,1.1,101.13528360804278,N3
