EMITTER_COEFFICIENT_SOLUTION,PRESSURE_OUTPUT,OUTPUT_DEMAND,FITNESS,NODE
0.45356369342803127,26.995828339905046,1.1,11.210636585416577,N3
