EMITTER_COEFFICIENT_SOLUTION,PRESSURE_OUTPUT,OUTPUT_DEMAND,FITNESS,NODE
0.3894714587353595,27.008544183839184,1.1,13.074432275543723,N3
