EMITTER_COEFFICIENT_SOLUTION,PRESSURE_OUTPUT,OUTPUT_DEMAND,FITNESS,NODE
0.31958504298292134,27.022368318130717,1.1,15.958884218957001,N3
