EMITTER_COEFFICIENT_SOLUTION,PRESSURE_OUTPUT,OUTPUT_DEMAND,FITNESS,NODE
0.03404536457951768,27.078397087498793,1.1,150.7783266977998,N3
