EMITTER_COEFFICIENT_SOLUTION,PRESSURE_OUTPUT,OUTPUT_DEMAND,FITNESS,NODE
0.34298366169232064,27.01774468165035,1.1,14.862228895243627,N3
