EMITTER_COEFFICIENT_SOLUTION,PRESSURE_OUTPUT,OUTPUT_DEMAND,FITNESS,NODE
0.2784322445170663,27.030488440203428,1.1,18.334864216560927,N3
