EMITTER_COEFFICIENT_SOLUTION,PRESSURE_OUTPUT,OUTPUT_DEMAND,FITNESS,NODE
0.4517106319543428,26.996196491874755,1.1,11.257097078438006,N3
