EMITTER_COEFFICIENT_SOLUTION,PRESSURE_OUTPUT,OUTPUT_DEMAND,FITNESS,NODE
0.9008116884173655,26.906105528213168,1.1,5.5889710127494014,N3
