EMITTER_COEFFICIENT_SOLUTION,PRESSURE_OUTPUT,OUTPUT_DEMAND,FITNESS,NODE
0.45705493440537726,26.995134645350753,1.1,11.124126947198752,N3
