EMITTER_COEFFICIENT_SOLUTION,PRESSURE_OUTPUT,OUTPUT_DEMAND,FITNESS,NODE
0.022800658039033084,27.08058844343003,1.1,225.17973256713012,N3
