EMITTER_COEFFICIENT_SOLUTION,PRESSURE_OUTPUT,OUTPUT_DEMAND,FITNESS,NODE
0.019389336569263338,27.081253009763827,1.1,264.807318797503,N3
