EMITTER_COEFFICIENT_SOLUTION,PRESSURE_OUTPUT,OUTPUT_DEMAND,FITNESS,NODE
0.10453243631400821,27.064634420544976,1.1,49.03181799088435,N3
