EMITTER_COEFFICIENT_SOLUTION,PRESSURE_OUTPUT,OUTPUT_DEMAND,FITNESS,NODE
0.1673411317039809,27.052333029345526,1.1,30.584490013412736,N3
