EMITTER_COEFFICIENT_SOLUTION,PRESSURE_OUTPUT,OUTPUT_DEMAND,FITNESS,NODE
0.050886279331788464,27.075112991948608,1.1,100.84357173853434,N3
