EMITTER_COEFFICIENT_SOLUTION,PRESSURE_OUTPUT,OUTPUT_DEMAND,FITNESS,NODE
0.09712736454506421,27.066082389098064,1.1,52.77893958780571,N3
