EMITTER_COEFFICIENT_SOLUTION,PRESSURE_OUTPUT,OUTPUT_DEMAND,FITNESS,NODE
0.4384086311559324,26.998838347507807,1.1,11.602140386542144,N3
