EMITTER_COEFFICIENT_SOLUTION,PRESSURE_OUTPUT,OUTPUT_DEMAND,FITNESS,NODE
0.23304749936965174,27.039426097303178,1.1,21.928264994295226,N3
