EMITTER_COEFFICIENT_SOLUTION,PRESSURE_OUTPUT,OUTPUT_DEMAND,FITNESS,NODE
0.25536050745964933,27.03503427558347,1.1,20.001974254141082,N3
