EMITTER_COEFFICIENT_SOLUTION,PRESSURE_OUTPUT,OUTPUT_DEMAND,FITNESS,NODE
0.33457621214767996,27.01940657713537,1.1,15.238614616544048,N3
