EMITTER_COEFFICIENT_SOLUTION,PRESSURE_OUTPUT,OUTPUT_DEMAND,FITNESS,NODE
0.032882320058651104,27.078623793821777,1.1,156.11470188851965,N3
