EMITTER_COEFFICIENT_SOLUTION,PRESSURE_OUTPUT,OUTPUT_DEMAND,FITNESS,NODE
0.725404381480877,26.561867936141255,10.1,17.833968265480344,N6
