EMITTER_COEFFICIENT_SOLUTION,PRESSURE_OUTPUT,OUTPUT_DEMAND,FITNESS,NODE
0.2254012691402134,26.600634493699744,10.1,57.78271853355755,N6
