EMITTER_COEFFICIENT_SOLUTION,PRESSURE_OUTPUT,OUTPUT_DEMAND,FITNESS,NODE
0.45402184954874225,26.582973493731508,10.1,28.59821908205737,N6
