EMITTER_COEFFICIENT_SOLUTION,PRESSURE_OUTPUT,OUTPUT_DEMAND,FITNESS,NODE
0.4682388231771122,26.581871627412355,10.1,27.72457840309051,N6
