EMITTER_COEFFICIENT_SOLUTION,PRESSURE_OUTPUT,OUTPUT_DEMAND,FITNESS,NODE
0.8173259761883187,26.554684534903103,10.1,15.808734248061652,N6
