EMITTER_COEFFICIENT_SOLUTION,PRESSURE_OUTPUT,OUTPUT_DEMAND,FITNESS,NODE
0.7281312694129365,26.56165508926147,10.1,17.766528221066118,N6
