EMITTER_COEFFICIENT_SOLUTION,PRESSURE_OUTPUT,OUTPUT_DEMAND,FITNESS,NODE
0.7451736026774007,26.560324503780194,10.1,17.356228972731834,N6
