EMITTER_COEFFICIENT_SOLUTION,PRESSURE_OUTPUT,OUTPUT_DEMAND,FITNESS,NODE
0.7572900982120416,26.559378139369883,10.1,17.075754288746047,N6
