EMITTER_COEFFICIENT_SOLUTION,PRESSURE_OUTPUT,OUTPUT_DEMAND,FITNESS,NODE
0.18299763843945138,26.60389816866585,10.1,71.21220112082341,N6
