EMITTER_COEFFICIENT_SOLUTION,PRESSURE_OUTPUT,OUTPUT_DEMAND,FITNESS,NODE
0.34002308156083894,26.591793573554334,10.1,38.245111514903115,N6
