EMITTER_COEFFICIENT_SOLUTION,PRESSURE_OUTPUT,OUTPUT_DEMAND,FITNESS,NODE
0.8737170520450606,26.550269047681965,10.1,14.777235010617435,N6
