EMITTER_COEFFICIENT_SOLUTION,PRESSURE_OUTPUT,OUTPUT_DEMAND,FITNESS,NODE
0.27327180594271705,26.596945522669436,10.1,47.62997205107462,N6
