EMITTER_COEFFICIENT_SOLUTION,PRESSURE_OUTPUT,OUTPUT_DEMAND,FITNESS,NODE
0.19111127738931866,26.603273978769664,10.1,68.18153617260666,N6
