EMITTER_COEFFICIENT_SOLUTION,PRESSURE_OUTPUT,OUTPUT_DEMAND,FITNESS,NODE
0.3798319051624459,26.588716646733104,10.1,34.21838107598123,N6
