EMITTER_COEFFICIENT_SOLUTION,PRESSURE_OUTPUT,OUTPUT_DEMAND,FITNESS,NODE
0.024951749530763845,26.616029282614285,10.1,523.1703008399825,N6
