EMITTER_COEFFICIENT_SOLUTION,PRESSURE_OUTPUT,OUTPUT_DEMAND,FITNESS,NODE
0.30197443385734646,26.594731358425037,10.1,43.08608815762574,N6
