EMITTER_COEFFICIENT_SOLUTION,PRESSURE_OUTPUT,OUTPUT_DEMAND,FITNESS,NODE
0.2563444309774181,26.598250518207955,10.1,50.786716992642724,N6
