EMITTER_COEFFICIENT_SOLUTION,PRESSURE_OUTPUT,OUTPUT_DEMAND,FITNESS,NODE
0.3706741027062539,26.589424769888986,10.1,35.06811042792885,N6
