EMITTER_COEFFICIENT_SOLUTION,PRESSURE_OUTPUT,OUTPUT_DEMAND,FITNESS,NODE
0.45938512493524164,26.58255787013863,10.1,28.26229082074346,N6
