EMITTER_COEFFICIENT_SOLUTION,PRESSURE_OUTPUT,OUTPUT_DEMAND,FITNESS,NODE
0.3296585098958291,26.592594135171325,10.1,39.45306853609766,N6
