EMITTER_COEFFICIENT_SOLUTION,PRESSURE_OUTPUT,OUTPUT_DEMAND,FITNESS,NODE
0.6323035218394344,26.569125617555088,10.1,20.485469345857428,N6
