EMITTER_COEFFICIENT_SOLUTION,PRESSURE_OUTPUT,OUTPUT_DEMAND,FITNESS,NODE
0.20093662714319538,26.60251792061019,10.1,64.83913043252736,N6
