EMITTER_COEFFICIENT_SOLUTION,PRESSURE_OUTPUT,OUTPUT_DEMAND,FITNESS,NODE
0.20034731799381755,26.602563273502966,10.1,65.03036145316007,N6
