EMITTER_COEFFICIENT_SOLUTION,PRESSURE_OUTPUT,OUTPUT_DEMAND,FITNESS,NODE
0.5333637033229539,26.576818839917742,10.1,24.317962506136478,N6
