EMITTER_COEFFICIENT_SOLUTION,PRESSURE_OUTPUT,OUTPUT_DEMAND,FITNESS,NODE
0.44135796256053683,26.583954635812944,10.1,29.42381956951061,N6
