EMITTER_COEFFICIENT_SOLUTION,PRESSURE_OUTPUT,OUTPUT_DEMAND,FITNESS,NODE
0.08480929002803905,26.611440940575513,10.1,153.85170376507895,N6
