EMITTER_COEFFICIENT_SOLUTION,PRESSURE_OUTPUT,OUTPUT_DEMAND,FITNESS,NODE
0.9680214842341692,26.542870359048422,10.1,13.320838910126705,N6
