EMITTER_COEFFICIENT_SOLUTION,PRESSURE_OUTPUT,OUTPUT_DEMAND,FITNESS,NODE
0.5129207365000239,26.578405880564688,10.1,25.294154873895327,N6
