EMITTER_COEFFICIENT_SOLUTION,PRESSURE_OUTPUT,OUTPUT_DEMAND,FITNESS,NODE
0.7322370382777721,26.56133458499903,10.1,17.665934011237326,N6
