EMITTER_COEFFICIENT_SOLUTION,PRESSURE_OUTPUT,OUTPUT_DEMAND,FITNESS,NODE
0.02700186766991841,26.615872258781557,10.1,483.45442068255346,N6
