EMITTER_COEFFICIENT_SOLUTION,PRESSURE_OUTPUT,OUTPUT_DEMAND,FITNESS,NODE
0.06789239111721335,26.61273850087821,10.1,192.2261728220524,N6
