EMITTER_COEFFICIENT_SOLUTION,PRESSURE_OUTPUT,OUTPUT_DEMAND,FITNESS,NODE
0.4458092317191287,26.583609809193348,10.1,29.12828064824748,N6
