EMITTER_COEFFICIENT_SOLUTION,PRESSURE_OUTPUT,OUTPUT_DEMAND,FITNESS,NODE
0.41078911537808227,26.586321598421222,10.1,31.62644595041626,N6
