EMITTER_COEFFICIENT_SOLUTION,PRESSURE_OUTPUT,OUTPUT_DEMAND,FITNESS,NODE
0.2560658095465753,26.598271993174983,10.1,50.842167650600295,N6
