EMITTER_COEFFICIENT_SOLUTION,PRESSURE_OUTPUT,OUTPUT_DEMAND,FITNESS,NODE
0.8326557873172156,26.553484857763266,10.1,15.51449598145608,N6
