EMITTER_COEFFICIENT_SOLUTION,PRESSURE_OUTPUT,OUTPUT_DEMAND,FITNESS,NODE
0.16890659356966187,26.604981878008708,10.1,77.16747170062023,N6
