EMITTER_COEFFICIENT_SOLUTION,PRESSURE_OUTPUT,OUTPUT_DEMAND,FITNESS,NODE
0.3386657031001443,26.591898430510284,10.1,38.399102127575375,N6
