EMITTER_COEFFICIENT_SOLUTION,PRESSURE_OUTPUT,OUTPUT_DEMAND,FITNESS,NODE
0.8778779148769433,26.549942991847814,10.1,14.706376692204426,N6
