EMITTER_COEFFICIENT_SOLUTION,PRESSURE_OUTPUT,OUTPUT_DEMAND,FITNESS,NODE
0.7111747121554848,26.56297838153482,10.1,18.194281408457556,N6
