EMITTER_COEFFICIENT_SOLUTION,PRESSURE_OUTPUT,OUTPUT_DEMAND,FITNESS,NODE
0.6057099411907734,26.571195440138254,10.1,21.392540601235787,N6
