EMITTER_COEFFICIENT_SOLUTION,PRESSURE_OUTPUT,OUTPUT_DEMAND,FITNESS,NODE
0.6215110673335107,26.569965789068995,10.1,20.844225730622483,N6
