EMITTER_COEFFICIENT_SOLUTION,PRESSURE_OUTPUT,OUTPUT_DEMAND,FITNESS,NODE
0.8055808685829573,26.555603352947188,10.1,16.041746231192725,N6
