EMITTER_COEFFICIENT_SOLUTION,PRESSURE_OUTPUT,OUTPUT_DEMAND,FITNESS,NODE
0.6162536963486751,26.570375046843147,10.1,21.02357069418922,N6
