EMITTER_COEFFICIENT_SOLUTION,PRESSURE_OUTPUT,OUTPUT_DEMAND,FITNESS,NODE
0.7004395009519986,26.563815851470743,10.1,18.47580020032719,N6
