EMITTER_COEFFICIENT_SOLUTION,PRESSURE_OUTPUT,OUTPUT_DEMAND,FITNESS,NODE
0.4825429223864439,26.580762583887214,10.1,26.897539210812365,N6
