EMITTER_COEFFICIENT_SOLUTION,PRESSURE_OUTPUT,OUTPUT_DEMAND,FITNESS,NODE
0.8965235218686092,26.548481436393473,10.1,14.396926489820585,N6
