EMITTER_COEFFICIENT_SOLUTION,PRESSURE_OUTPUT,OUTPUT_DEMAND,FITNESS,NODE
0.15424030770179975,26.606109385485162,10.1,84.52141840823883,N6
