EMITTER_COEFFICIENT_SOLUTION,PRESSURE_OUTPUT,OUTPUT_DEMAND,FITNESS,NODE
0.7655830279744136,26.558730241387693,10.1,16.888906460379285,N6
