EMITTER_COEFFICIENT_SOLUTION,PRESSURE_OUTPUT,OUTPUT_DEMAND,FITNESS,NODE
0.994367584410794,26.540800178099246,10.1,12.963354360130536,N6
