EMITTER_COEFFICIENT_SOLUTION,PRESSURE_OUTPUT,OUTPUT_DEMAND,FITNESS,NODE
0.8080960106385957,26.555406617712876,10.1,15.991278129954448,N6
