EMITTER_COEFFICIENT_SOLUTION,PRESSURE_OUTPUT,OUTPUT_DEMAND,FITNESS,NODE
0.009820378960373244,26.539585160580636,10.1,12.762338560379057,N6
