EMITTER_COEFFICIENT_SOLUTION,PRESSURE_OUTPUT,OUTPUT_DEMAND,FITNESS,NODE
0.05423743940184167,26.613785376891464,10.1,240.6548193511656,N6
