EMITTER_COEFFICIENT_SOLUTION,PRESSURE_OUTPUT,OUTPUT_DEMAND,FITNESS,NODE
0.39855238320249975,26.58726854937523,10.1,32.60285897000018,N6
