EMITTER_COEFFICIENT_SOLUTION,PRESSURE_OUTPUT,OUTPUT_DEMAND,FITNESS,NODE
0.27263602266405407,26.596994548449615,10.1,47.741452952664154,N6
