EMITTER_COEFFICIENT_SOLUTION,PRESSURE_OUTPUT,OUTPUT_DEMAND,FITNESS,NODE
0.08390432778406232,26.611510365085174,10.1,155.51274772370513,N6
