EMITTER_COEFFICIENT_SOLUTION,PRESSURE_OUTPUT,OUTPUT_DEMAND,FITNESS,NODE
0.7018451960347123,26.563706204658814,10.1,18.438447361525927,N6
