EMITTER_COEFFICIENT_SOLUTION,PRESSURE_OUTPUT,OUTPUT_DEMAND,FITNESS,NODE
0.9547216272056225,26.543914912713532,10.1,13.508804894270849,N6
