EMITTER_COEFFICIENT_SOLUTION,PRESSURE_OUTPUT,OUTPUT_DEMAND,FITNESS,NODE
0.01296866687370124,26.616946861572117,10.1,1006.193596733269,N6
