EMITTER_COEFFICIENT_SOLUTION,PRESSURE_OUTPUT,OUTPUT_DEMAND,FITNESS,NODE
0.6477369225879415,26.567923737855608,10.1,19.99321500487372,N6
