EMITTER_COEFFICIENT_SOLUTION,PRESSURE_OUTPUT,OUTPUT_DEMAND,FITNESS,NODE
0.8289017056261594,26.553778688732265,10.1,15.585544860135347,N6
