EMITTER_COEFFICIENT_SOLUTION,PRESSURE_OUTPUT,OUTPUT_DEMAND,FITNESS,NODE
0.11935801832373372,26.608789235373038,10.1,109.27205362359194,N6
