EMITTER_COEFFICIENT_SOLUTION,PRESSURE_OUTPUT,OUTPUT_DEMAND,FITNESS,NODE
0.18060267717336775,26.604082388911678,10.1,72.1588333142016,N6
