EMITTER_COEFFICIENT_SOLUTION,PRESSURE_OUTPUT,OUTPUT_DEMAND,FITNESS,NODE
0.9779759211488137,26.542088312400104,10.1,13.183499573629547,N6
