EMITTER_COEFFICIENT_SOLUTION,PRESSURE_OUTPUT,OUTPUT_DEMAND,FITNESS,NODE
0.9893209502495957,26.541196768836585,10.1,13.030345271040204,N6
