EMITTER_COEFFICIENT_SOLUTION,PRESSURE_OUTPUT,OUTPUT_DEMAND,FITNESS,NODE
0.2697775908339586,26.597214954070253,10.1,48.249153930324475,N6
