EMITTER_COEFFICIENT_SOLUTION,PRESSURE_OUTPUT,OUTPUT_DEMAND,FITNESS,NODE
0.47673446060359237,26.581212984254236,10.1,27.2273898229317,N6
