EMITTER_COEFFICIENT_SOLUTION,PRESSURE_OUTPUT,OUTPUT_DEMAND,FITNESS,NODE
0.21435307952908467,26.601485201278507,10.1,60.76993752875685,N6
