EMITTER_COEFFICIENT_SOLUTION,PRESSURE_OUTPUT,OUTPUT_DEMAND,FITNESS,NODE
0.8483770387231617,26.552254043832093,10.1,15.223790728215354,N6
