EMITTER_COEFFICIENT_SOLUTION,PRESSURE_OUTPUT,OUTPUT_DEMAND,FITNESS,NODE
0.7709801503272125,26.558308506500303,10.1,16.76946359038583,N6
