EMITTER_COEFFICIENT_SOLUTION,PRESSURE_OUTPUT,OUTPUT_DEMAND,FITNESS,NODE
0.9023940144676317,26.548021123441224,10.1,14.302144863788893,N6
