EMITTER_COEFFICIENT_SOLUTION,PRESSURE_OUTPUT,OUTPUT_DEMAND,FITNESS,NODE
0.681276718052662,26.565310116551082,10.1,19.000357179592363,N6
