EMITTER_COEFFICIENT_SOLUTION,PRESSURE_OUTPUT,OUTPUT_DEMAND,FITNESS,NODE
0.6905268400605225,26.564588881854476,10.1,18.743501541764775,N6
