EMITTER_COEFFICIENT_SOLUTION,PRESSURE_OUTPUT,OUTPUT_DEMAND,FITNESS,NODE
0.9756294015016214,26.542272679481997,10.1,13.215621507478826,N6
