EMITTER_COEFFICIENT_SOLUTION,PRESSURE_OUTPUT,OUTPUT_DEMAND,FITNESS,NODE
0.46176803290809554,26.58237318899218,10.1,28.115541407387457,N6
