EMITTER_COEFFICIENT_SOLUTION,PRESSURE_OUTPUT,OUTPUT_DEMAND,FITNESS,NODE
0.3242467183588311,26.59301205387134,10.1,40.114483159041775,N6
