EMITTER_COEFFICIENT_SOLUTION,PRESSURE_OUTPUT,OUTPUT_DEMAND,FITNESS,NODE
0.018253580643338152,26.61654219175785,10.1,715.0445082583432,N6
