EMITTER_COEFFICIENT_SOLUTION,PRESSURE_OUTPUT,OUTPUT_DEMAND,FITNESS,NODE
0.09933994521868872,26.61032598036602,10.1,131.32449348126667,N6
