EMITTER_COEFFICIENT_SOLUTION,PRESSURE_OUTPUT,OUTPUT_DEMAND,FITNESS,NODE
0.49347008653573043,26.579915078271803,10.1,26.298053631640336,N6
