EMITTER_COEFFICIENT_SOLUTION,PRESSURE_OUTPUT,OUTPUT_DEMAND,FITNESS,NODE
0.07014241832180557,26.61256596176095,10.1,186.05536132273033,N6
