EMITTER_COEFFICIENT_SOLUTION,PRESSURE_OUTPUT,OUTPUT_DEMAND,FITNESS,NODE
0.8988752517823995,26.54829704271699,10.1,14.358808130208512,N6
