EMITTER_COEFFICIENT_SOLUTION,PRESSURE_OUTPUT,OUTPUT_DEMAND,FITNESS,NODE
0.29714590739016944,26.5951039588043,10.1,43.789073244809046,N6
