EMITTER_COEFFICIENT_SOLUTION,PRESSURE_OUTPUT,OUTPUT_DEMAND,FITNESS,NODE
0.0018564405467296208,26.617797541247697,10.1,6984.954649376634,N6
