EMITTER_COEFFICIENT_SOLUTION,PRESSURE_OUTPUT,OUTPUT_DEMAND,FITNESS,NODE
0.575395293259074,26.573553089914682,10.1,22.528806138796565,N6
