EMITTER_COEFFICIENT_SOLUTION,PRESSURE_OUTPUT,OUTPUT_DEMAND,FITNESS,NODE
0.8537330179185041,26.551834608778478,10.1,15.12719764922492,N6
