EMITTER_COEFFICIENT_SOLUTION,PRESSURE_OUTPUT,OUTPUT_DEMAND,FITNESS,NODE
0.5795942893290194,26.573226636773335,10.1,22.364325481017172,N6
