EMITTER_COEFFICIENT_SOLUTION,PRESSURE_OUTPUT,OUTPUT_DEMAND,FITNESS,NODE
0.13632705503008014,26.607485899400395,10.1,95.64978375426513,N6
