EMITTER_COEFFICIENT_SOLUTION,PRESSURE_OUTPUT,OUTPUT_DEMAND,FITNESS,NODE
0.10617303939857803,26.609801512850893,10.1,122.86229966618208,N6
