EMITTER_COEFFICIENT_SOLUTION,PRESSURE_OUTPUT,OUTPUT_DEMAND,FITNESS,NODE
0.08466782076135337,26.61145179355558,10.1,154.10902723230888,N6
