EMITTER_COEFFICIENT_SOLUTION,PRESSURE_OUTPUT,OUTPUT_DEMAND,FITNESS,NODE
0.8214524183179122,26.554361656358118,10.1,15.728451495601556,N6
