EMITTER_COEFFICIENT_SOLUTION,PRESSURE_OUTPUT,OUTPUT_DEMAND,FITNESS,NODE
0.2922603688881136,26.595480908990112,10.1,44.52399970987919,N6
