EMITTER_COEFFICIENT_SOLUTION,PRESSURE_OUTPUT,OUTPUT_DEMAND,FITNESS,NODE
0.07744526608936964,26.612005824377157,10.1,168.4953545356149,N6
