EMITTER_COEFFICIENT_SOLUTION,PRESSURE_OUTPUT,OUTPUT_DEMAND,FITNESS,NODE
0.17167981828170253,26.604768628685605,10.1,75.91816905927088,N6
