EMITTER_COEFFICIENT_SOLUTION,PRESSURE_OUTPUT,OUTPUT_DEMAND,FITNESS,NODE
0.6128303830703787,26.570641388108996,10.1,21.141953890167617,N6
