EMITTER_COEFFICIENT_SOLUTION,PRESSURE_OUTPUT,OUTPUT_DEMAND,FITNESS,NODE
0.11431535818753691,26.609176428999085,10.1,114.09954163902289,N6
