EMITTER_COEFFICIENT_SOLUTION,PRESSURE_OUTPUT,OUTPUT_DEMAND,FITNESS,NODE
0.04773891270056896,26.614283457818395,10.1,273.42961785177346,N6
