EMITTER_COEFFICIENT_SOLUTION,PRESSURE_OUTPUT,OUTPUT_DEMAND,FITNESS,NODE
0.8533343742602979,26.551865829220326,10.1,15.134345264428022,N6
