EMITTER_COEFFICIENT_SOLUTION,PRESSURE_OUTPUT,OUTPUT_DEMAND,FITNESS,NODE
0.4820197459142761,26.580803154970788,10.1,26.926923547637692,N6
