EMITTER_COEFFICIENT_SOLUTION,PRESSURE_OUTPUT,OUTPUT_DEMAND,FITNESS,NODE
0.8284621324548127,26.553813092105088,10.1,15.593906239532831,N6
