EMITTER_COEFFICIENT_SOLUTION,PRESSURE_OUTPUT,OUTPUT_DEMAND,FITNESS,NODE
0.05210808610476625,26.613948591401844,10.1,250.49380482172361,N6
