EMITTER_COEFFICIENT_SOLUTION,PRESSURE_OUTPUT,OUTPUT_DEMAND,FITNESS,NODE
0.04745998944737795,26.614304833960638,10.1,275.0371744931434,N6
