EMITTER_COEFFICIENT_SOLUTION,PRESSURE_OUTPUT,OUTPUT_DEMAND,FITNESS,NODE
0.12105319791494984,26.60865906137895,10.1,107.73952570532511,N6
