EMITTER_COEFFICIENT_SOLUTION,PRESSURE_OUTPUT,OUTPUT_DEMAND,FITNESS,NODE
0.21955623574913985,26.601084591526003,10.1,59.32565275444963,N6
