EMITTER_COEFFICIENT_SOLUTION,PRESSURE_OUTPUT,OUTPUT_DEMAND,FITNESS,NODE
0.6262679536663962,26.569595504522063,10.1,20.684576077111664,N6
