EMITTER_COEFFICIENT_SOLUTION,PRESSURE_OUTPUT,OUTPUT_DEMAND,FITNESS,NODE
0.5056385651659407,26.578971004548173,10.1,25.660961212975007,N6
