EMITTER_COEFFICIENT_SOLUTION,PRESSURE_OUTPUT,OUTPUT_DEMAND,FITNESS,NODE
0.40637445384903903,26.586663267130184,10.1,31.97192714430228,N6
