EMITTER_COEFFICIENT_SOLUTION,PRESSURE_OUTPUT,OUTPUT_DEMAND,FITNESS,NODE
0.29332949500663097,26.595398423415816,10.1,44.3610797546331,N6
