EMITTER_COEFFICIENT_SOLUTION,PRESSURE_OUTPUT,OUTPUT_DEMAND,FITNESS,NODE
0.48283238156317054,26.58074013677591,10.1,26.881309027578965,N6
