EMITTER_COEFFICIENT_SOLUTION,PRESSURE_OUTPUT,OUTPUT_DEMAND,FITNESS,NODE
0.2206421007660031,26.601000979711408,10.1,59.03283070023794,N6
