EMITTER_COEFFICIENT_SOLUTION,PRESSURE_OUTPUT,OUTPUT_DEMAND,FITNESS,NODE
0.5941322115378531,26.572096095690313,10.1,21.81281487760117,N6
