EMITTER_COEFFICIENT_SOLUTION,PRESSURE_OUTPUT,OUTPUT_DEMAND,FITNESS,NODE
0.39396444203387015,26.587623511006058,10.1,32.98458174988696,N6
