EMITTER_COEFFICIENT_SOLUTION,PRESSURE_OUTPUT,OUTPUT_DEMAND,FITNESS,NODE
0.049362933518246166,26.61415899273237,10.1,264.43040569577715,N6
