EMITTER_COEFFICIENT_SOLUTION,PRESSURE_OUTPUT,OUTPUT_DEMAND,FITNESS,NODE
0.46944375302671104,26.581778221693448,10.1,27.652967333783746,N6
