EMITTER_COEFFICIENT_SOLUTION,PRESSURE_OUTPUT,OUTPUT_DEMAND,FITNESS,NODE
0.5738689826130423,26.573671744660892,10.1,22.589190428102537,N6
