EMITTER_COEFFICIENT_SOLUTION,PRESSURE_OUTPUT,OUTPUT_DEMAND,FITNESS,NODE
0.8364003967159475,26.55319173922365,10.1,15.444261866158746,N6
