EMITTER_COEFFICIENT_SOLUTION,PRESSURE_OUTPUT,OUTPUT_DEMAND,FITNESS,NODE
0.9705691632016453,26.542670226109642,10.1,13.285420793509973,N6
