EMITTER_COEFFICIENT_SOLUTION,PRESSURE_OUTPUT,OUTPUT_DEMAND,FITNESS,NODE
0.31717367629927784,26.593558168273752,10.1,41.012958008322535,N6
