EMITTER_COEFFICIENT_SOLUTION,PRESSURE_OUTPUT,OUTPUT_DEMAND,FITNESS,NODE
0.42999768901549706,26.58483449540128,10.1,30.205812713015714,N6
