EMITTER_COEFFICIENT_SOLUTION,PRESSURE_OUTPUT,OUTPUT_DEMAND,FITNESS,NODE
0.48937906125421904,26.580232405328864,10.1,26.51935991685434,N6
