EMITTER_COEFFICIENT_SOLUTION,PRESSURE_OUTPUT,OUTPUT_DEMAND,FITNESS,NODE
0.7209839557637661,26.562212939213317,10.1,17.94437595239134,N6
