EMITTER_COEFFICIENT_SOLUTION,PRESSURE_OUTPUT,OUTPUT_DEMAND,FITNESS,NODE
0.22829135771153153,26.600411915481708,10.1,57.04900137048453,N6
