EMITTER_COEFFICIENT_SOLUTION,PRESSURE_OUTPUT,OUTPUT_DEMAND,FITNESS,NODE
0.07118002840872184,26.612486332095116,10.1,183.3390961315826,N6
