EMITTER_COEFFICIENT_SOLUTION,PRESSURE_OUTPUT,OUTPUT_DEMAND,FITNESS,NODE
0.019773533655797593,26.61642579692687,10.1,660.1055811164217,N6
