EMITTER_COEFFICIENT_SOLUTION,PRESSURE_OUTPUT,OUTPUT_DEMAND,FITNESS,NODE
0.23871827558792158,26.599608748054273,10.1,54.549546617510074,N6
