EMITTER_COEFFICIENT_SOLUTION,PRESSURE_OUTPUT,OUTPUT_DEMAND,FITNESS,NODE
0.4669198317119303,26.581973871680503,10.1,27.803392101163183,N6
