EMITTER_COEFFICIENT_SOLUTION,PRESSURE_OUTPUT,OUTPUT_DEMAND,FITNESS,NODE
0.08728286395927376,26.611251170663984,10.1,149.48721171749395,N6
