EMITTER_COEFFICIENT_SOLUTION,PRESSURE_OUTPUT,OUTPUT_DEMAND,FITNESS,NODE
0.9723168304246739,26.542532930382187,10.1,13.261231888651869,N6
