EMITTER_COEFFICIENT_SOLUTION,PRESSURE_OUTPUT,OUTPUT_DEMAND,FITNESS,NODE
0.047986365926062424,26.6142644933416,10.1,272.0190766280868,N6
