EMITTER_COEFFICIENT_SOLUTION,PRESSURE_OUTPUT,OUTPUT_DEMAND,FITNESS,NODE
0.22263483656686212,30.365645234095823,1.7,4.3541811839352516,N13
