EMITTER_COEFFICIENT_SOLUTION,PRESSURE_OUTPUT,OUTPUT_DEMAND,FITNESS,NODE
0.2183032934665966,30.370268124314535,1.7,4.443626504619284,N13
