EMITTER_COEFFICIENT_SOLUTION,PRESSURE_OUTPUT,OUTPUT_DEMAND,FITNESS,NODE
0.11336452100486094,30.480409036113695,1.7,8.703182013625225,N13
