EMITTER_COEFFICIENT_SOLUTION,PRESSURE_OUTPUT,OUTPUT_DEMAND,FITNESS,NODE
0.6335295784349003,29.900751457586583,1.7,1.4397643985703623,N13
