EMITTER_COEFFICIENT_SOLUTION,PRESSURE_OUTPUT,OUTPUT_DEMAND,FITNESS,NODE
0.6828078893835826,29.841641381808213,1.7,1.3268439019809262,N13
