EMITTER_COEFFICIENT_SOLUTION,PRESSURE_OUTPUT,OUTPUT_DEMAND,FITNESS,NODE
0.2561639254438711,30.329658009514095,1.7,3.7643299010666786,N13
