EMITTER_COEFFICIENT_SOLUTION,PRESSURE_OUTPUT,OUTPUT_DEMAND,FITNESS,NODE
0.6169233048519961,29.920515061352113,1.7,1.4819326942270847,N13
