EMITTER_COEFFICIENT_SOLUTION,PRESSURE_OUTPUT,OUTPUT_DEMAND,FITNESS,NODE
0.46364525641120247,30.099146570518336,1.7,2.015466814788917,N13
