EMITTER_COEFFICIENT_SOLUTION,PRESSURE_OUTPUT,OUTPUT_DEMAND,FITNESS,NODE
0.04999996570384713,30.54516204636565,1.7,19.941176013613624,N13
