EMITTER_COEFFICIENT_SOLUTION,PRESSURE_OUTPUT,OUTPUT_DEMAND,FITNESS,NODE
0.6043128605865936,29.935470221369986,1.7,1.5155204783245673,N13
