EMITTER_COEFFICIENT_SOLUTION,PRESSURE_OUTPUT,OUTPUT_DEMAND,FITNESS,NODE
0.2371084445337447,30.350154526303218,1.7,4.079051798079622,N13
