EMITTER_COEFFICIENT_SOLUTION,PRESSURE_OUTPUT,OUTPUT_DEMAND,FITNESS,NODE
0.9058680607849169,29.56566670502848,1.7,0.9712105653524906,N13
