EMITTER_COEFFICIENT_SOLUTION,PRESSURE_OUTPUT,OUTPUT_DEMAND,FITNESS,NODE
0.0527669250155699,30.542362412941216,1.7,18.88676596639005,N13
