EMITTER_COEFFICIENT_SOLUTION,PRESSURE_OUTPUT,OUTPUT_DEMAND,FITNESS,NODE
0.36740677587515924,30.207719372187864,1.7,2.580044806820177,N13
