EMITTER_COEFFICIENT_SOLUTION,PRESSURE_OUTPUT,OUTPUT_DEMAND,FITNESS,NODE
0.8840925465840445,29.593199447706958,1.7,0.9978943506814466,N13
