EMITTER_COEFFICIENT_SOLUTION,PRESSURE_OUTPUT,OUTPUT_DEMAND,FITNESS,NODE
0.6952478084497716,29.826610967778368,1.7,1.3009000354033253,N13
