EMITTER_COEFFICIENT_SOLUTION,PRESSURE_OUTPUT,OUTPUT_DEMAND,FITNESS,NODE
0.521426333588089,30.032619495468474,1.7,1.7771773456262063,N13
