EMITTER_COEFFICIENT_SOLUTION,PRESSURE_OUTPUT,OUTPUT_DEMAND,FITNESS,NODE
0.7614018246456328,29.74595519337623,1.7,1.1773649052482988,N13
