EMITTER_COEFFICIENT_SOLUTION,PRESSURE_OUTPUT,OUTPUT_DEMAND,FITNESS,NODE
0.19271269909150013,30.397456898489942,1.7,5.054266608012548,N13
