EMITTER_COEFFICIENT_SOLUTION,PRESSURE_OUTPUT,OUTPUT_DEMAND,FITNESS,NODE
0.42769533786669756,30.140033304737802,1.7,2.1964686979897667,N13
