EMITTER_COEFFICIENT_SOLUTION,PRESSURE_OUTPUT,OUTPUT_DEMAND,FITNESS,NODE
0.15653359737356431,30.435534111998646,1.7,6.25878466815314,N13
