EMITTER_COEFFICIENT_SOLUTION,PRESSURE_OUTPUT,OUTPUT_DEMAND,FITNESS,NODE
0.4396119727907525,30.12652343384939,1.7,2.1331690222483664,N13
