EMITTER_COEFFICIENT_SOLUTION,PRESSURE_OUTPUT,OUTPUT_DEMAND,FITNESS,NODE
0.6230474107406415,29.913235785677134,1.7,1.4661171075072377,N13
