EMITTER_COEFFICIENT_SOLUTION,PRESSURE_OUTPUT,OUTPUT_DEMAND,FITNESS,NODE
0.44960167004110263,30.11516506620004,1.7,2.0827064649808182,N13
