EMITTER_COEFFICIENT_SOLUTION,PRESSURE_OUTPUT,OUTPUT_DEMAND,FITNESS,NODE
0.7841519273677288,29.71793849111812,1.7,1.1397686316577174,N13
