EMITTER_COEFFICIENT_SOLUTION,PRESSURE_OUTPUT,OUTPUT_DEMAND,FITNESS,NODE
0.004343008346970545,30.590986044665144,1.7,231.29433250665156,N13
