EMITTER_COEFFICIENT_SOLUTION,PRESSURE_OUTPUT,OUTPUT_DEMAND,FITNESS,NODE
0.6462617976343031,29.885545070020026,1.7,1.408918087757586,N13
