EMITTER_COEFFICIENT_SOLUTION,PRESSURE_OUTPUT,OUTPUT_DEMAND,FITNESS,NODE
0.6813088696130344,29.843449618087043,1.7,1.3300349848003885,N13
