EMITTER_COEFFICIENT_SOLUTION,PRESSURE_OUTPUT,OUTPUT_DEMAND,FITNESS,NODE
0.9957903837753265,29.450657496029454,1.7,0.873627933610927,N13
