EMITTER_COEFFICIENT_SOLUTION,PRESSURE_OUTPUT,OUTPUT_DEMAND,FITNESS,NODE
0.1169127682050023,30.476743672749418,1.7,8.434130513329313,N13
