EMITTER_COEFFICIENT_SOLUTION,PRESSURE_OUTPUT,OUTPUT_DEMAND,FITNESS,NODE
0.4673961897346791,30.09485812958354,1.7,1.9981959864748322,N13
