EMITTER_COEFFICIENT_SOLUTION,PRESSURE_OUTPUT,OUTPUT_DEMAND,FITNESS,NODE
0.5236968046425473,30.029985133035098,1.7,1.7688958541888582,N13
