EMITTER_COEFFICIENT_SOLUTION,PRESSURE_OUTPUT,OUTPUT_DEMAND,FITNESS,NODE
0.5954510193439156,29.945952365951747,1.7,1.5399845258501401,N13
