EMITTER_COEFFICIENT_SOLUTION,PRESSURE_OUTPUT,OUTPUT_DEMAND,FITNESS,NODE
0.8447151032215731,29.642668250578776,1.7,1.0497130566956352,N13
