EMITTER_COEFFICIENT_SOLUTION,PRESSURE_OUTPUT,OUTPUT_DEMAND,FITNESS,NODE
0.6266255459534947,29.90897774061719,1.7,1.4570212260235864,N13
