EMITTER_COEFFICIENT_SOLUTION,PRESSURE_OUTPUT,OUTPUT_DEMAND,FITNESS,NODE
0.9332019539935371,29.530929459668474,1.7,0.9395140122847865,N13
