EMITTER_COEFFICIENT_SOLUTION,PRESSURE_OUTPUT,OUTPUT_DEMAND,FITNESS,NODE
0.5102373212831898,30.04557953587765,1.7,1.8190748044423484,N13
