EMITTER_COEFFICIENT_SOLUTION,PRESSURE_OUTPUT,OUTPUT_DEMAND,FITNESS,NODE
0.6086479406015982,29.930334263268993,1.7,1.5038153067962432,N13
