EMITTER_COEFFICIENT_SOLUTION,PRESSURE_OUTPUT,OUTPUT_DEMAND,FITNESS,NODE
0.4244828416860361,30.143667946534105,1.7,2.214145052530637,N13
