EMITTER_COEFFICIENT_SOLUTION,PRESSURE_OUTPUT,OUTPUT_DEMAND,FITNESS,NODE
0.5225859205364735,30.03127425008919,1.7,1.7729387108199426,N13
