EMITTER_COEFFICIENT_SOLUTION,PRESSURE_OUTPUT,OUTPUT_DEMAND,FITNESS,NODE
0.30571652197885035,30.275819586825747,1.7,3.129988876413116,N13
