EMITTER_COEFFICIENT_SOLUTION,PRESSURE_OUTPUT,OUTPUT_DEMAND,FITNESS,NODE
0.1590431806347158,30.432906598890796,1.7,6.157523948191628,N13
