EMITTER_COEFFICIENT_SOLUTION,PRESSURE_OUTPUT,OUTPUT_DEMAND,FITNESS,NODE
0.4814220487049635,30.078785114576622,1.7,1.936016866789779,N13
