EMITTER_COEFFICIENT_SOLUTION,PRESSURE_OUTPUT,OUTPUT_DEMAND,FITNESS,NODE
0.03809871106738949,30.557174543038332,1.7,26.222632122630426,N13
