EMITTER_COEFFICIENT_SOLUTION,PRESSURE_OUTPUT,OUTPUT_DEMAND,FITNESS,NODE
0.07148523431570253,30.523355768451594,1.7,13.897812116474205,N13
