EMITTER_COEFFICIENT_SOLUTION,PRESSURE_OUTPUT,OUTPUT_DEMAND,FITNESS,NODE
0.5006839048270987,30.05661575333548,1.7,1.8563421826925448,N13
