EMITTER_COEFFICIENT_SOLUTION,PRESSURE_OUTPUT,OUTPUT_DEMAND,FITNESS,NODE
0.19809531957391713,30.391755646224397,1.7,4.9127038582401426,N13
