EMITTER_COEFFICIENT_SOLUTION,PRESSURE_OUTPUT,OUTPUT_DEMAND,FITNESS,NODE
0.7582011102834209,29.749885460391944,1.7,1.182838322156338,N13
