EMITTER_COEFFICIENT_SOLUTION,PRESSURE_OUTPUT,OUTPUT_DEMAND,FITNESS,NODE
0.3087158792687422,30.272536007065735,1.7,3.0981474548883776,N13
