EMITTER_COEFFICIENT_SOLUTION,PRESSURE_OUTPUT,OUTPUT_DEMAND,FITNESS,NODE
0.7767712689110745,29.727043303723736,1.7,1.1517204724293153,N13
