EMITTER_COEFFICIENT_SOLUTION,PRESSURE_OUTPUT,OUTPUT_DEMAND,FITNESS,NODE
0.43374227964328205,30.133183266521144,1.7,2.1639107254575096,N13
