EMITTER_COEFFICIENT_SOLUTION,PRESSURE_OUTPUT,OUTPUT_DEMAND,FITNESS,NODE
0.12783719686317963,30.46543262602956,1.7,7.699597783391103,N13
