EMITTER_COEFFICIENT_SOLUTION,PRESSURE_OUTPUT,OUTPUT_DEMAND,FITNESS,NODE
0.7674554403620492,29.738514045055787,1.7,1.1671396567059116,N13
