EMITTER_COEFFICIENT_SOLUTION,PRESSURE_OUTPUT,OUTPUT_DEMAND,FITNESS,NODE
0.8317020728391932,29.658924969091892,1.7,1.0679372887151126,N13
