EMITTER_COEFFICIENT_SOLUTION,PRESSURE_OUTPUT,OUTPUT_DEMAND,FITNESS,NODE
0.7388784063344102,29.773552435886348,1.7,1.2169045996967485,N13
