EMITTER_COEFFICIENT_SOLUTION,PRESSURE_OUTPUT,OUTPUT_DEMAND,FITNESS,NODE
0.02512798537341865,30.57021249061886,1.7,39.84532122588789,N13
