EMITTER_COEFFICIENT_SOLUTION,PRESSURE_OUTPUT,OUTPUT_DEMAND,FITNESS,NODE
0.4994840554269485,30.057999918949662,1.7,1.861124313732276,N13
