EMITTER_COEFFICIENT_SOLUTION,PRESSURE_OUTPUT,OUTPUT_DEMAND,FITNESS,NODE
0.23647786431772067,30.350830814514623,1.7,4.0903354573742865,N13
