EMITTER_COEFFICIENT_SOLUTION,PRESSURE_OUTPUT,OUTPUT_DEMAND,FITNESS,NODE
0.040740352233650357,30.554512319402164,1.7,24.51147362270067,N13
