EMITTER_COEFFICIENT_SOLUTION,PRESSURE_OUTPUT,OUTPUT_DEMAND,FITNESS,NODE
0.6786100870612967,29.84670350645294,1.7,1.3358161102101873,N13
