EMITTER_COEFFICIENT_SOLUTION,PRESSURE_OUTPUT,OUTPUT_DEMAND,FITNESS,NODE
0.8700475101728614,29.610891246052265,1.7,1.015828338426498,N13
