EMITTER_COEFFICIENT_SOLUTION,PRESSURE_OUTPUT,OUTPUT_DEMAND,FITNESS,NODE
0.736696833049043,29.776217998874063,1.7,1.2208647625077553,N13
