EMITTER_COEFFICIENT_SOLUTION,PRESSURE_OUTPUT,OUTPUT_DEMAND,FITNESS,NODE
0.43950194299605994,30.126648370915436,1.7,2.1337376886891213,N13
