EMITTER_COEFFICIENT_SOLUTION,PRESSURE_OUTPUT,OUTPUT_DEMAND,FITNESS,NODE
0.7297090697006047,29.784747136173078,1.7,1.2337113035414784,N13
