EMITTER_COEFFICIENT_SOLUTION,PRESSURE_OUTPUT,OUTPUT_DEMAND,FITNESS,NODE
0.5950439868633645,29.946433275682875,1.7,1.5411258737231222,N13
