EMITTER_COEFFICIENT_SOLUTION,PRESSURE_OUTPUT,OUTPUT_DEMAND,FITNESS,NODE
0.06138237821451542,30.533628798714616,1.7,16.212515882390722,N13
