EMITTER_COEFFICIENT_SOLUTION,PRESSURE_OUTPUT,OUTPUT_DEMAND,FITNESS,NODE
0.033154826562214246,30.562150890388676,1.7,30.158043451508686,N13
