EMITTER_COEFFICIENT_SOLUTION,PRESSURE_OUTPUT,OUTPUT_DEMAND,FITNESS,NODE
0.5449636330497437,30.005236131389584,1.7,1.694704396385742,N13
