EMITTER_COEFFICIENT_SOLUTION,PRESSURE_OUTPUT,OUTPUT_DEMAND,FITNESS,NODE
0.2783982424752097,30.305596491190695,1.7,3.4516912635656705,N13
