EMITTER_COEFFICIENT_SOLUTION,PRESSURE_OUTPUT,OUTPUT_DEMAND,FITNESS,NODE
0.010330305097388304,30.58501696398114,1.7,97.15740593468298,N13
