EMITTER_COEFFICIENT_SOLUTION,PRESSURE_OUTPUT,OUTPUT_DEMAND,FITNESS,NODE
0.911486026739201,29.558543118790027,1.7,0.9645374111342285,N13
