EMITTER_COEFFICIENT_SOLUTION,PRESSURE_OUTPUT,OUTPUT_DEMAND,FITNESS,NODE
0.035246666318825004,30.560046425585366,1.7,28.358243808692542,N13
