EMITTER_COEFFICIENT_SOLUTION,PRESSURE_OUTPUT,OUTPUT_DEMAND,FITNESS,NODE
0.014900277745012125,30.5804529728625,1.7,67.31029997088137,N13
