EMITTER_COEFFICIENT_SOLUTION,PRESSURE_OUTPUT,OUTPUT_DEMAND,FITNESS,NODE
0.45493967165813165,30.109083384239458,1.7,2.056656121568516,N13
