EMITTER_COEFFICIENT_SOLUTION,PRESSURE_OUTPUT,OUTPUT_DEMAND,FITNESS,NODE
0.5873289944404817,29.955539492585807,1.7,1.5630616091244427,N13
