EMITTER_COEFFICIENT_SOLUTION,PRESSURE_OUTPUT,OUTPUT_DEMAND,FITNESS,NODE
0.545474928601703,30.004639481728624,1.7,1.6929925357807718,N13
