EMITTER_COEFFICIENT_SOLUTION,PRESSURE_OUTPUT,OUTPUT_DEMAND,FITNESS,NODE
0.7706322297303559,29.73460508421931,1.7,1.1618389949312722,N13
