EMITTER_COEFFICIENT_SOLUTION,PRESSURE_OUTPUT,OUTPUT_DEMAND,FITNESS,NODE
0.3734585341377302,30.200975303188713,1.7,2.5359198017670748,N13
