EMITTER_COEFFICIENT_SOLUTION,PRESSURE_OUTPUT,OUTPUT_DEMAND,FITNESS,NODE
0.22011211533397124,30.368338369676433,1.7,4.405845896448829,N13
