EMITTER_COEFFICIENT_SOLUTION,PRESSURE_OUTPUT,OUTPUT_DEMAND,FITNESS,NODE
0.4896231125945084,30.06935944731951,1.7,1.9013210828368745,N13
