EMITTER_COEFFICIENT_SOLUTION,PRESSURE_OUTPUT,OUTPUT_DEMAND,FITNESS,NODE
0.46270431464612105,30.100221686708704,1.7,2.0198435349784947,N13
