EMITTER_COEFFICIENT_SOLUTION,PRESSURE_OUTPUT,OUTPUT_DEMAND,FITNESS,NODE
0.9040923510015925,29.567916579726496,1.7,0.9733374069424434,N13
