EMITTER_COEFFICIENT_SOLUTION,PRESSURE_OUTPUT,OUTPUT_DEMAND,FITNESS,NODE
0.33101588116979264,30.248034639285507,1.7,2.8795631286304912,N13
