EMITTER_COEFFICIENT_SOLUTION,PRESSURE_OUTPUT,OUTPUT_DEMAND,FITNESS,NODE
0.37825545461351673,30.195621615898354,1.7,2.5019519964153285,N13
