EMITTER_COEFFICIENT_SOLUTION,PRESSURE_OUTPUT,OUTPUT_DEMAND,FITNESS,NODE
0.7949541190914421,29.704586030695516,1.7,1.1226828408553375,N13
