EMITTER_COEFFICIENT_SOLUTION,PRESSURE_OUTPUT,OUTPUT_DEMAND,FITNESS,NODE
0.9076906069362928,29.563356624329145,1.7,0.9690364595889079,N13
