EMITTER_COEFFICIENT_SOLUTION,PRESSURE_OUTPUT,OUTPUT_DEMAND,FITNESS,NODE
0.6594237702232241,29.86977689124891,1.7,1.3782977258544133,N13
