EMITTER_COEFFICIENT_SOLUTION,PRESSURE_OUTPUT,OUTPUT_DEMAND,FITNESS,NODE
0.34170074785630555,30.236240091490007,1.7,2.7849765658403007,N13
