EMITTER_COEFFICIENT_SOLUTION,PRESSURE_OUTPUT,OUTPUT_DEMAND,FITNESS,NODE
0.3401322140566928,30.237973747650727,1.7,2.798488203583594,N13
