EMITTER_COEFFICIENT_SOLUTION,PRESSURE_OUTPUT,OUTPUT_DEMAND,FITNESS,NODE
0.7546335029362911,29.754262922234687,1.7,1.188994734311313,N13
