EMITTER_COEFFICIENT_SOLUTION,PRESSURE_OUTPUT,OUTPUT_DEMAND,FITNESS,NODE
0.6664378302361861,29.861353890510223,1.7,1.3624801450934283,N13
