EMITTER_COEFFICIENT_SOLUTION,PRESSURE_OUTPUT,OUTPUT_DEMAND,FITNESS,NODE
0.02124241836917251,30.574107074689564,1.7,47.164326352894015,N13
