EMITTER_COEFFICIENT_SOLUTION,PRESSURE_OUTPUT,OUTPUT_DEMAND,FITNESS,NODE
0.1015242528375434,30.492610037662764,1.7,9.737145515575001,N13
