EMITTER_COEFFICIENT_SOLUTION,PRESSURE_OUTPUT,OUTPUT_DEMAND,FITNESS,NODE
0.7342160816638227,29.779247510371217,1.7,1.225397045225938,N13
