EMITTER_COEFFICIENT_SOLUTION,PRESSURE_OUTPUT,OUTPUT_DEMAND,FITNESS,NODE
0.8297002200365916,29.661421769752955,1.7,1.0707924781853984,N13
