EMITTER_COEFFICIENT_SOLUTION,PRESSURE_OUTPUT,OUTPUT_DEMAND,FITNESS,NODE
0.28538215894746555,30.29800637983993,1.7,3.363570030638085,N13
