EMITTER_COEFFICIENT_SOLUTION,PRESSURE_OUTPUT,OUTPUT_DEMAND,FITNESS,NODE
0.03143200255257794,30.563883005494397,1.7,31.820243983959546,N13
