EMITTER_COEFFICIENT_SOLUTION,PRESSURE_OUTPUT,OUTPUT_DEMAND,FITNESS,NODE
0.8655412653529154,29.616556413262472,1.7,1.021708102420112,N13
