EMITTER_COEFFICIENT_SOLUTION,PRESSURE_OUTPUT,OUTPUT_DEMAND,FITNESS,NODE
0.8608295692405542,29.622474081908063,1.7,1.027923058866729,N13
