EMITTER_COEFFICIENT_SOLUTION,PRESSURE_OUTPUT,OUTPUT_DEMAND,FITNESS,NODE
0.3255933359076456,30.25400675685003,1.7,2.9299497365944283,N13
