EMITTER_COEFFICIENT_SOLUTION,PRESSURE_OUTPUT,OUTPUT_DEMAND,FITNESS,NODE
0.04365872806497284,30.55156847755071,1.7,22.861813152205915,N13
