EMITTER_COEFFICIENT_SOLUTION,PRESSURE_OUTPUT,OUTPUT_DEMAND,FITNESS,NODE
0.10897639146313598,30.484936258810773,1.7,9.060163727626138,N13
