EMITTER_COEFFICIENT_SOLUTION,PRESSURE_OUTPUT,OUTPUT_DEMAND,FITNESS,NODE
0.5507035256922416,29.998533912480234,1.7,1.6756716488592516,N13
