EMITTER_COEFFICIENT_SOLUTION,PRESSURE_OUTPUT,OUTPUT_DEMAND,FITNESS,NODE
0.5534954772866915,29.995269982116874,1.7,1.666556790512661,N13
