EMITTER_COEFFICIENT_SOLUTION,PRESSURE_OUTPUT,OUTPUT_DEMAND,FITNESS,NODE
0.6126820663622013,29.925549998164016,1.7,1.4930731663029446,N13
