EMITTER_COEFFICIENT_SOLUTION,PRESSURE_OUTPUT,OUTPUT_DEMAND,FITNESS,NODE
0.4338759239450011,30.133031747826216,1.7,2.1632014702553075,N13
