EMITTER_COEFFICIENT_SOLUTION,PRESSURE_OUTPUT,OUTPUT_DEMAND,FITNESS,NODE
0.07603355029127934,30.51871972232768,1.7,13.056565853803002,N13
