EMITTER_COEFFICIENT_SOLUTION,PRESSURE_OUTPUT,OUTPUT_DEMAND,FITNESS,NODE
0.5761131771322338,29.968747062716385,1.7,1.5960100325694715,N13
