EMITTER_COEFFICIENT_SOLUTION,PRESSURE_OUTPUT,OUTPUT_DEMAND,FITNESS,NODE
0.5086892074696964,30.04736977208405,1.7,1.8250181101976788,N13
