EMITTER_COEFFICIENT_SOLUTION,PRESSURE_OUTPUT,OUTPUT_DEMAND,FITNESS,NODE
0.2774386839843431,30.30663813534617,1.7,3.4641463733253683,N13
