EMITTER_COEFFICIENT_SOLUTION,PRESSURE_OUTPUT,OUTPUT_DEMAND,FITNESS,NODE
0.3096758234550211,30.271484502210082,1.7,3.0880873399782813,N13
