EMITTER_COEFFICIENT_SOLUTION,PRESSURE_OUTPUT,OUTPUT_DEMAND,FITNESS,NODE
0.6571159598562178,29.872545230213067,1.7,1.3835768953516938,N13
