EMITTER_COEFFICIENT_SOLUTION,PRESSURE_OUTPUT,OUTPUT_DEMAND,FITNESS,NODE
0.06822188873493562,30.526677808577528,1.7,14.570519746930074,N13
