EMITTER_COEFFICIENT_SOLUTION,PRESSURE_OUTPUT,OUTPUT_DEMAND,FITNESS,NODE
0.9465325842545663,29.513917417020693,1.7,0.9247339412046767,N13
