EMITTER_COEFFICIENT_SOLUTION,PRESSURE_OUTPUT,OUTPUT_DEMAND,FITNESS,NODE
0.46930042605149314,26.581789332506247,10.1,27.661466234734295,N6
