EMITTER_COEFFICIENT_SOLUTION,PRESSURE_OUTPUT,OUTPUT_DEMAND,FITNESS,NODE
0.8813151111695533,26.549673617462716,10.1,14.648346955510345,N6
