EMITTER_COEFFICIENT_SOLUTION,PRESSURE_OUTPUT,OUTPUT_DEMAND,FITNESS,NODE
0.16696784581060986,26.605130949981636,10.1,78.06549873142725,N6
