EMITTER_COEFFICIENT_SOLUTION,PRESSURE_OUTPUT,OUTPUT_DEMAND,FITNESS,NODE
0.9051974738414773,26.547801275509087,10.1,14.257315629406254,N6
