EMITTER_COEFFICIENT_SOLUTION,PRESSURE_OUTPUT,OUTPUT_DEMAND,FITNESS,NODE
0.23792922744796374,26.599669535028113,10.1,54.73102933967438,N6
