EMITTER_COEFFICIENT_SOLUTION,PRESSURE_OUTPUT,OUTPUT_DEMAND,FITNESS,NODE
0.9432596941210167,26.54481482633293,10.1,13.675049150680508,N6
