EMITTER_COEFFICIENT_SOLUTION,PRESSURE_OUTPUT,OUTPUT_DEMAND,FITNESS,NODE
0.3430209662887219,26.591561974495853,10.1,37.909328432104154,N6
