EMITTER_COEFFICIENT_SOLUTION,PRESSURE_OUTPUT,OUTPUT_DEMAND,FITNESS,NODE
0.03492187020012372,26.615265562274296,10.1,373.8116771255544,N6
