EMITTER_COEFFICIENT_SOLUTION,PRESSURE_OUTPUT,OUTPUT_DEMAND,FITNESS,NODE
0.8651993096411849,26.550936466804096,10.1,14.92442881987428,N6
