EMITTER_COEFFICIENT_SOLUTION,PRESSURE_OUTPUT,OUTPUT_DEMAND,FITNESS,NODE
0.8162162830560635,26.554771358213927,10.1,15.830462613056397,N6
