EMITTER_COEFFICIENT_SOLUTION,PRESSURE_OUTPUT,OUTPUT_DEMAND,FITNESS,NODE
0.6601422468846677,26.566957312435285,10.1,19.61422981330722,N6
