EMITTER_COEFFICIENT_SOLUTION,PRESSURE_OUTPUT,OUTPUT_DEMAND,FITNESS,NODE
0.6417016558705808,26.568393794453456,10.1,20.182892672218557,N6
