EMITTER_COEFFICIENT_SOLUTION,PRESSURE_OUTPUT,OUTPUT_DEMAND,FITNESS,NODE
0.7578321747043372,26.559335793146097,10.1,17.063415840039553,N6
