EMITTER_COEFFICIENT_SOLUTION,PRESSURE_OUTPUT,OUTPUT_DEMAND,FITNESS,NODE
0.27525901268517927,26.596792282044014,10.1,47.28484719984745,N6
