EMITTER_COEFFICIENT_SOLUTION,PRESSURE_OUTPUT,OUTPUT_DEMAND,FITNESS,NODE
0.05497054527683953,26.613729182263675,10.1,237.44374694012723,N6
