EMITTER_COEFFICIENT_SOLUTION,PRESSURE_OUTPUT,OUTPUT_DEMAND,FITNESS,NODE
0.5507614285168486,26.575467525106234,10.1,23.54426903295058,N6
