EMITTER_COEFFICIENT_SOLUTION,PRESSURE_OUTPUT,OUTPUT_DEMAND,FITNESS,NODE
0.14652295948015936,26.60670249475607,10.1,88.98213153371785,N6
