EMITTER_COEFFICIENT_SOLUTION,PRESSURE_OUTPUT,OUTPUT_DEMAND,FITNESS,NODE
0.7575668983332308,26.55935651622461,10.1,17.069451709220587,N6
