EMITTER_COEFFICIENT_SOLUTION,PRESSURE_OUTPUT,OUTPUT_DEMAND,FITNESS,NODE
0.8847862781256152,26.54940155607831,10.1,14.590201362068585,N6
