EMITTER_COEFFICIENT_SOLUTION,PRESSURE_OUTPUT,OUTPUT_DEMAND,FITNESS,NODE
0.8737776443731985,26.55026429976845,10.1,14.776198297268996,N6
