EMITTER_COEFFICIENT_SOLUTION,PRESSURE_OUTPUT,OUTPUT_DEMAND,FITNESS,NODE
0.32556483672307834,26.592910269498205,10.1,39.951360653949436,N6
