EMITTER_COEFFICIENT_SOLUTION,PRESSURE_OUTPUT,OUTPUT_DEMAND,FITNESS,NODE
0.1146641907077599,26.609149646099873,10.1,113.75192525102545,N6
