EMITTER_COEFFICIENT_SOLUTION,PRESSURE_OUTPUT,OUTPUT_DEMAND,FITNESS,NODE
0.30341992994886524,26.59461980510371,10.1,42.879989935362424,N6
