EMITTER_COEFFICIENT_SOLUTION,PRESSURE_OUTPUT,OUTPUT_DEMAND,FITNESS,NODE
0.4996068997939258,26.579439001036818,10.1,25.97287570411899,N6
