EMITTER_COEFFICIENT_SOLUTION,PRESSURE_OUTPUT,OUTPUT_DEMAND,FITNESS,NODE
0.6815241646190513,26.565290825376884,10.1,18.993395355650215,N6
