EMITTER_COEFFICIENT_SOLUTION,PRESSURE_OUTPUT,OUTPUT_DEMAND,FITNESS,NODE
0.07204438301014382,26.612420045972712,10.1,181.13775834086516,N6
