EMITTER_COEFFICIENT_SOLUTION,PRESSURE_OUTPUT,OUTPUT_DEMAND,FITNESS,NODE
0.009466769226322391,26.6172149721094,10.1,1377.9153423941689,N6
