EMITTER_COEFFICIENT_SOLUTION,PRESSURE_OUTPUT,OUTPUT_DEMAND,FITNESS,NODE
0.33908582714968094,26.59186597650274,10.1,38.35130854469122,N6
