EMITTER_COEFFICIENT_SOLUTION,PRESSURE_OUTPUT,OUTPUT_DEMAND,FITNESS,NODE
0.11460313322810733,26.60915433403079,10.1,113.81261710008286,N6
