EMITTER_COEFFICIENT_SOLUTION,PRESSURE_OUTPUT,OUTPUT_DEMAND,FITNESS,NODE
0.18570643542050413,26.603689793706444,10.1,70.17094571849498,N6
