EMITTER_COEFFICIENT_SOLUTION,PRESSURE_OUTPUT,OUTPUT_DEMAND,FITNESS,NODE
0.706980262441335,26.563305625240133,10.1,18.303258350926335,N6
