EMITTER_COEFFICIENT_SOLUTION,PRESSURE_OUTPUT,OUTPUT_DEMAND,FITNESS,NODE
0.20757313440337422,26.602007128585818,10.1,62.76054446130621,N6
