EMITTER_COEFFICIENT_SOLUTION,PRESSURE_OUTPUT,OUTPUT_DEMAND,FITNESS,NODE
0.3054434046616227,26.59446364008106,10.1,42.594760316201246,N6
