EMITTER_COEFFICIENT_SOLUTION,PRESSURE_OUTPUT,OUTPUT_DEMAND,FITNESS,NODE
0.5710360992036804,26.573891959002168,10.1,22.702121306228197,N6
