EMITTER_COEFFICIENT_SOLUTION,PRESSURE_OUTPUT,OUTPUT_DEMAND,FITNESS,NODE
0.32501555322834774,26.592952685307893,10.1,40.0191759212876,N6
