EMITTER_COEFFICIENT_SOLUTION,PRESSURE_OUTPUT,OUTPUT_DEMAND,FITNESS,NODE
0.9865143674565973,26.541417347397903,10.1,13.067905237854557,N6
