EMITTER_COEFFICIENT_SOLUTION,PRESSURE_OUTPUT,OUTPUT_DEMAND,FITNESS,NODE
0.5088960134514324,26.578718227898243,10.1,25.495584314145553,N6
