EMITTER_COEFFICIENT_SOLUTION,PRESSURE_OUTPUT,OUTPUT_DEMAND,FITNESS,NODE
0.4626572728482675,26.582304267711088,10.1,28.061165627428007,N6
