EMITTER_COEFFICIENT_SOLUTION,PRESSURE_OUTPUT,OUTPUT_DEMAND,FITNESS,NODE
0.6898006837115402,26.564645506883615,10.1,18.763416118247598,N6
