EMITTER_COEFFICIENT_SOLUTION,PRESSURE_OUTPUT,OUTPUT_DEMAND,FITNESS,NODE
0.5646414876667303,26.574388983201956,10.1,22.961204137512812,N6
