EMITTER_COEFFICIENT_SOLUTION,PRESSURE_OUTPUT,OUTPUT_DEMAND,FITNESS,NODE
0.7119118150483489,26.562920870282106,10.1,18.17526325072479,N6
