EMITTER_COEFFICIENT_SOLUTION,PRESSURE_OUTPUT,OUTPUT_DEMAND,FITNESS,NODE
0.32781302118355526,26.592736657558646,10.1,39.676165452678795,N6
