EMITTER_COEFFICIENT_SOLUTION,PRESSURE_OUTPUT,OUTPUT_DEMAND,FITNESS,NODE
0.1612598918770748,26.605569793663662,10.1,80.83478119778624,N6
