EMITTER_COEFFICIENT_SOLUTION,PRESSURE_OUTPUT,OUTPUT_DEMAND,FITNESS,NODE
0.7113029060720654,26.562968379494023,10.1,18.190971016554396,N6
