EMITTER_COEFFICIENT_SOLUTION,PRESSURE_OUTPUT,OUTPUT_DEMAND,FITNESS,NODE
0.23397781820027852,26.59997392550151,10.1,55.658274142320444,N6
