EMITTER_COEFFICIENT_SOLUTION,PRESSURE_OUTPUT,OUTPUT_DEMAND,FITNESS,NODE
0.6370710683986476,26.56875439645554,10.1,20.330860502251806,N6
