EMITTER_COEFFICIENT_SOLUTION,PRESSURE_OUTPUT,OUTPUT_DEMAND,FITNESS,NODE
0.5604702257946031,26.574713150734162,10.1,23.133392382227502,N6
