EMITTER_COEFFICIENT_SOLUTION,PRESSURE_OUTPUT,OUTPUT_DEMAND,FITNESS,NODE
0.8281217562427265,26.553839731513726,10.1,15.600386834301652,N6
