EMITTER_COEFFICIENT_SOLUTION,PRESSURE_OUTPUT,OUTPUT_DEMAND,FITNESS,NODE
0.22645015933690849,26.60055371615252,10.1,57.51426802606431,N6
