EMITTER_COEFFICIENT_SOLUTION,PRESSURE_OUTPUT,OUTPUT_DEMAND,FITNESS,NODE
0.5083279555432825,26.578762310547432,10.1,25.524271371983346,N6
