EMITTER_COEFFICIENT_SOLUTION,PRESSURE_OUTPUT,OUTPUT_DEMAND,FITNESS,NODE
0.054609515250517826,26.613756856372156,10.1,239.01432055973822,N6
