EMITTER_COEFFICIENT_SOLUTION,PRESSURE_OUTPUT,OUTPUT_DEMAND,FITNESS,NODE
0.7116583246926803,26.56294064858109,10.1,18.181799167356683,N6
