EMITTER_COEFFICIENT_SOLUTION,PRESSURE_OUTPUT,OUTPUT_DEMAND,FITNESS,NODE
0.9544049122927317,26.543939782661035,10.1,13.51334488178623,N6
