EMITTER_COEFFICIENT_SOLUTION,PRESSURE_OUTPUT,OUTPUT_DEMAND,FITNESS,NODE
0.610173199621701,26.570848159753147,10.1,21.234782944987867,N6
