EMITTER_COEFFICIENT_SOLUTION,PRESSURE_OUTPUT,OUTPUT_DEMAND,FITNESS,NODE
0.19017635355478335,26.603345910377044,10.1,68.5175742771238,N6
