EMITTER_COEFFICIENT_SOLUTION,PRESSURE_OUTPUT,OUTPUT_DEMAND,FITNESS,NODE
0.6782501420323986,26.56554606109153,10.1,19.085919941634124,N6
