EMITTER_COEFFICIENT_SOLUTION,PRESSURE_OUTPUT,OUTPUT_DEMAND,FITNESS,NODE
0.39281392401145665,26.587712517850534,10.1,33.08170478993496,N6
