EMITTER_COEFFICIENT_SOLUTION,PRESSURE_OUTPUT,OUTPUT_DEMAND,FITNESS,NODE
0.8512264687341892,26.55203090790399,10.1,15.172250975912007,N6
