EMITTER_COEFFICIENT_SOLUTION,PRESSURE_OUTPUT,OUTPUT_DEMAND,FITNESS,NODE
0.6878661040823982,26.564796358361605,10.1,18.81667651514846,N6
