EMITTER_COEFFICIENT_SOLUTION,PRESSURE_OUTPUT,OUTPUT_DEMAND,FITNESS,NODE
0.8941541283236818,26.548667203514015,10.1,14.435533972896016,N6
