EMITTER_COEFFICIENT_SOLUTION,PRESSURE_OUTPUT,OUTPUT_DEMAND,FITNESS,NODE
0.0720615384358686,26.612418730331676,10.1,181.09460127570117,N6
