EMITTER_COEFFICIENT_SOLUTION,PRESSURE_OUTPUT,OUTPUT_DEMAND,FITNESS,NODE
0.2630337940476327,26.597734881488634,10.1,49.49068000137997,N6
