EMITTER_COEFFICIENT_SOLUTION,PRESSURE_OUTPUT,OUTPUT_DEMAND,FITNESS,NODE
0.46989088387456135,26.581743559505625,10.1,27.626487004869723,N6
