EMITTER_COEFFICIENT_SOLUTION,PRESSURE_OUTPUT,OUTPUT_DEMAND,FITNESS,NODE
0.5892366275481831,26.572476849622383,10.1,21.995494387824365,N6
