EMITTER_COEFFICIENT_SOLUTION,PRESSURE_OUTPUT,OUTPUT_DEMAND,FITNESS,NODE
0.0638653190229228,26.613047282774048,10.1,204.3559147473746,N6
