EMITTER_COEFFICIENT_SOLUTION,PRESSURE_OUTPUT,OUTPUT_DEMAND,FITNESS,NODE
0.8370675426272584,26.553139513695598,10.1,15.431814799964444,N6
