EMITTER_COEFFICIENT_SOLUTION,PRESSURE_OUTPUT,OUTPUT_DEMAND,FITNESS,NODE
0.026688339248322368,26.61589627330455,10.1,489.1332218286113,N6
