EMITTER_COEFFICIENT_SOLUTION,PRESSURE_OUTPUT,OUTPUT_DEMAND,FITNESS,NODE
0.24310874026959428,26.599270490054167,10.1,53.561244152218435,N6
