EMITTER_COEFFICIENT_SOLUTION,PRESSURE_OUTPUT,OUTPUT_DEMAND,FITNESS,NODE
0.7857777763605405,26.55715190102942,10.1,16.450397385516123,N6
