EMITTER_COEFFICIENT_SOLUTION,PRESSURE_OUTPUT,OUTPUT_DEMAND,FITNESS,NODE
0.28870101216925026,26.595755504440696,10.1,45.07509173734644,N6
