EMITTER_COEFFICIENT_SOLUTION,PRESSURE_OUTPUT,OUTPUT_DEMAND,FITNESS,NODE
0.3207854684686805,26.593279312397257,10.1,40.54920869670797,N6
