EMITTER_COEFFICIENT_SOLUTION,PRESSURE_OUTPUT,OUTPUT_DEMAND,FITNESS,NODE
0.5544870338955623,26.575178068405165,10.1,23.384899854370026,N6
