EMITTER_COEFFICIENT_SOLUTION,PRESSURE_OUTPUT,OUTPUT_DEMAND,FITNESS,NODE
0.35249654456367885,26.590829823273495,10.1,36.88555649047927,N6
