EMITTER_COEFFICIENT_SOLUTION,PRESSURE_OUTPUT,OUTPUT_DEMAND,FITNESS,NODE
0.6606785919248446,26.566915521775016,10.1,19.598165361499436,N6
