EMITTER_COEFFICIENT_SOLUTION,PRESSURE_OUTPUT,OUTPUT_DEMAND,FITNESS,NODE
0.8507860645586821,26.552065396595083,10.1,15.180194332550743,N6
