EMITTER_COEFFICIENT_SOLUTION,PRESSURE_OUTPUT,OUTPUT_DEMAND,FITNESS,NODE
0.2612442805715368,26.597872831876465,10.1,49.830888357492064,N6
