EMITTER_COEFFICIENT_SOLUTION,PRESSURE_OUTPUT,OUTPUT_DEMAND,FITNESS,NODE
0.5335902425811266,26.576801248219375,10.1,24.30756386980692,N6
