EMITTER_COEFFICIENT_SOLUTION,PRESSURE_OUTPUT,OUTPUT_DEMAND,FITNESS,NODE
0.14336605073866804,26.606945079878727,10.1,90.94525221990101,N6
