EMITTER_COEFFICIENT_SOLUTION,PRESSURE_OUTPUT,OUTPUT_DEMAND,FITNESS,NODE
0.6841481085343554,26.56508625236458,10.1,18.919881473144663,N6
