EMITTER_COEFFICIENT_SOLUTION,PRESSURE_OUTPUT,OUTPUT_DEMAND,FITNESS,NODE
0.7219729882303845,26.56213575123546,10.1,17.919555753234146,N6
