EMITTER_COEFFICIENT_SOLUTION,PRESSURE_OUTPUT,OUTPUT_DEMAND,FITNESS,NODE
0.218020133151815,26.601202867502167,10.1,59.744870531589044,N6
