EMITTER_COEFFICIENT_SOLUTION,PRESSURE_OUTPUT,OUTPUT_DEMAND,FITNESS,NODE
0.5772279514255724,26.573410613450754,10.1,22.45672399289874,N6
