EMITTER_COEFFICIENT_SOLUTION,PRESSURE_OUTPUT,OUTPUT_DEMAND,FITNESS,NODE
0.044905035792469294,26.61450063308382,10.1,290.6915043160679,N6
