EMITTER_COEFFICIENT_SOLUTION,PRESSURE_OUTPUT,OUTPUT_DEMAND,FITNESS,NODE
0.2784625146403933,26.596545231148745,10.1,46.738854934659614,N6
