EMITTER_COEFFICIENT_SOLUTION,PRESSURE_OUTPUT,OUTPUT_DEMAND,FITNESS,NODE
0.9752800879545797,26.542300124233314,10.1,13.220416545232796,N6
