EMITTER_COEFFICIENT_SOLUTION,PRESSURE_OUTPUT,OUTPUT_DEMAND,FITNESS,NODE
0.9488408658538723,26.54437666415786,10.1,13.593597817639216,N6
