EMITTER_COEFFICIENT_SOLUTION,PRESSURE_OUTPUT,OUTPUT_DEMAND,FITNESS,NODE
0.648802810633168,26.567840713347863,10.1,19.960082727944265,N6
