EMITTER_COEFFICIENT_SOLUTION,PRESSURE_OUTPUT,OUTPUT_DEMAND,FITNESS,NODE
0.8561297463732419,26.551646898091867,10.1,15.084365041737911,N6
