EMITTER_COEFFICIENT_SOLUTION,PRESSURE_OUTPUT,OUTPUT_DEMAND,FITNESS,NODE
0.4137364667041268,26.58609346823031,10.1,31.399897350437616,N6
