EMITTER_COEFFICIENT_SOLUTION,PRESSURE_OUTPUT,OUTPUT_DEMAND,FITNESS,NODE
0.7562840178923566,26.559456731285252,10.1,17.098701023132143,N6
