EMITTER_COEFFICIENT_SOLUTION,PRESSURE_OUTPUT,OUTPUT_DEMAND,FITNESS,NODE
0.5037084374196779,26.579120771256484,10.1,25.75996080451161,N6
