EMITTER_COEFFICIENT_SOLUTION,PRESSURE_OUTPUT,OUTPUT_DEMAND,FITNESS,NODE
0.5165061753379924,26.57812759646125,10.1,25.117354787813703,N6
