EMITTER_COEFFICIENT_SOLUTION,PRESSURE_OUTPUT,OUTPUT_DEMAND,FITNESS,NODE
0.34459061759692666,26.591440704920508,10.1,37.73584737716146,N6
