EMITTER_COEFFICIENT_SOLUTION,PRESSURE_OUTPUT,OUTPUT_DEMAND,FITNESS,NODE
0.9811816404969678,26.541836419326437,10.1,13.139864288810776,N6
