EMITTER_COEFFICIENT_SOLUTION,PRESSURE_OUTPUT,OUTPUT_DEMAND,FITNESS,NODE
0.002147404829835331,26.61777527023257,10.1,6044.63842190321,N6
