EMITTER_COEFFICIENT_SOLUTION,PRESSURE_OUTPUT,OUTPUT_DEMAND,FITNESS,NODE
0.42650576707737087,26.585104892690495,10.1,30.45455239776956,N6
