EMITTER_COEFFICIENT_SOLUTION,PRESSURE_OUTPUT,OUTPUT_DEMAND,FITNESS,NODE
0.5228396115565938,26.577635961024633,10.1,24.810974443149064,N6
