EMITTER_COEFFICIENT_SOLUTION,PRESSURE_OUTPUT,OUTPUT_DEMAND,FITNESS,NODE
0.8977291450544659,26.548386907704653,10.1,14.377360015875018,N6
