EMITTER_COEFFICIENT_SOLUTION,PRESSURE_OUTPUT,OUTPUT_DEMAND,FITNESS,NODE
0.11864487620729347,26.608843996237987,10.1,109.92985542907428,N6
