EMITTER_COEFFICIENT_SOLUTION,PRESSURE_OUTPUT,OUTPUT_DEMAND,FITNESS,NODE
0.9350806265726395,26.54545682626528,10.1,13.796170987006448,N6
