EMITTER_COEFFICIENT_SOLUTION,PRESSURE_OUTPUT,OUTPUT_DEMAND,FITNESS,NODE
0.3643623798729432,26.589912719276413,10.1,35.67862388040392,N6
