EMITTER_COEFFICIENT_SOLUTION,PRESSURE_OUTPUT,OUTPUT_DEMAND,FITNESS,NODE
0.2848434075007925,26.59605307905712,10.1,45.687912995122055,N6
