EMITTER_COEFFICIENT_SOLUTION,PRESSURE_OUTPUT,OUTPUT_DEMAND,FITNESS,NODE
0.04855036620174191,26.614221268650383,10.1,268.8578618604407,N6
