EMITTER_COEFFICIENT_SOLUTION,PRESSURE_OUTPUT,OUTPUT_DEMAND,FITNESS,NODE
0.24979306223296194,26.598755427127337,10.1,52.12329731719164,N6
