EMITTER_COEFFICIENT_SOLUTION,PRESSURE_OUTPUT,OUTPUT_DEMAND,FITNESS,NODE
0.4218090637431503,26.585468542260102,10.1,30.79560712164521,N6
