EMITTER_COEFFICIENT_SOLUTION,PRESSURE_OUTPUT,OUTPUT_DEMAND,FITNESS,NODE
0.7720441986578707,26.558225353922296,10.1,16.74611240717266,N6
