EMITTER_COEFFICIENT_SOLUTION,PRESSURE_OUTPUT,OUTPUT_DEMAND,FITNESS,NODE
0.15874704510715576,26.605762966780652,10.1,82.11704765429823,N6
