EMITTER_COEFFICIENT_SOLUTION,PRESSURE_OUTPUT,OUTPUT_DEMAND,FITNESS,NODE
0.4821754974435961,26.58079107687191,10.1,26.918169057974954,N6
