EMITTER_COEFFICIENT_SOLUTION,PRESSURE_OUTPUT,OUTPUT_DEMAND,FITNESS,NODE
0.6521876789821915,26.567577042440547,10.1,19.855584906686197,N6
