EMITTER_COEFFICIENT_SOLUTION,PRESSURE_OUTPUT,OUTPUT_DEMAND,FITNESS,NODE
0.552736112427824,26.575314107862013,10.1,23.459530934637755,N6
