EMITTER_COEFFICIENT_SOLUTION,PRESSURE_OUTPUT,OUTPUT_DEMAND,FITNESS,NODE
0.26652402712934886,26.59746580639377,10.1,48.84028807725127,N6
