EMITTER_COEFFICIENT_SOLUTION,PRESSURE_OUTPUT,OUTPUT_DEMAND,FITNESS,NODE
0.8715034930137935,26.550442570524126,10.1,14.815224027594697,N6
