EMITTER_COEFFICIENT_SOLUTION,PRESSURE_OUTPUT,OUTPUT_DEMAND,FITNESS,NODE
0.023458206249514557,26.61614361220034,10.1,556.4539505956956,N6
