EMITTER_COEFFICIENT_SOLUTION,PRESSURE_OUTPUT,OUTPUT_DEMAND,FITNESS,NODE
0.10517217527338563,26.609878339337442,10.1,124.03305747102146,N6
