EMITTER_COEFFICIENT_SOLUTION,PRESSURE_OUTPUT,OUTPUT_DEMAND,FITNESS,NODE
0.5412242424070268,26.576208374605415,10.1,23.962236572673213,N6
