EMITTER_COEFFICIENT_SOLUTION,PRESSURE_OUTPUT,OUTPUT_DEMAND,FITNESS,NODE
0.34261647809579354,26.59159322398572,10.1,37.95429087555504,N6
