EMITTER_COEFFICIENT_SOLUTION,PRESSURE_OUTPUT,OUTPUT_DEMAND,FITNESS,NODE
0.1404715120754424,26.607167485417577,10.1,92.82275277634747,N6
