EMITTER_COEFFICIENT_SOLUTION,PRESSURE_OUTPUT,OUTPUT_DEMAND,FITNESS,NODE
0.7265039366771046,26.561782112355267,10.1,17.80671368922295,N6
