EMITTER_COEFFICIENT_SOLUTION,PRESSURE_OUTPUT,OUTPUT_DEMAND,FITNESS,NODE
0.5778284233366713,26.573363929406916,10.1,22.433205677643286,N6
