EMITTER_COEFFICIENT_SOLUTION,PRESSURE_OUTPUT,OUTPUT_DEMAND,FITNESS,NODE
0.9835223900914324,26.54165247890061,10.1,13.108182438001892,N6
