EMITTER_COEFFICIENT_SOLUTION,PRESSURE_OUTPUT,OUTPUT_DEMAND,FITNESS,NODE
0.9861306745840355,26.541447501823413,10.1,13.073056743518189,N6
