EMITTER_COEFFICIENT_SOLUTION,PRESSURE_OUTPUT,OUTPUT_DEMAND,FITNESS,NODE
0.2501697441564923,26.598726398977107,10.1,52.04455167753116,N6
