EMITTER_COEFFICIENT_SOLUTION,PRESSURE_OUTPUT,OUTPUT_DEMAND,FITNESS,NODE
0.8847438374644799,26.54940488262109,10.1,14.590909530827062,N6
