EMITTER_COEFFICIENT_SOLUTION,PRESSURE_OUTPUT,OUTPUT_DEMAND,FITNESS,NODE
0.8338766982623992,26.553389291124887,10.1,15.491527186307842,N6
