EMITTER_COEFFICIENT_SOLUTION,PRESSURE_OUTPUT,OUTPUT_DEMAND,FITNESS,NODE
0.09786464118015925,26.61043920302022,10.1,133.30661727105417,N6
