EMITTER_COEFFICIENT_SOLUTION,PRESSURE_OUTPUT,OUTPUT_DEMAND,FITNESS,NODE
0.07643288948207705,26.612083473433792,10.1,170.7290894874154,N6
