EMITTER_COEFFICIENT_SOLUTION,PRESSURE_OUTPUT,OUTPUT_DEMAND,FITNESS,NODE
0.07016239759268728,26.61256442964035,10.1,186.0023396349816,N6
