EMITTER_COEFFICIENT_SOLUTION,PRESSURE_OUTPUT,OUTPUT_DEMAND,FITNESS,NODE
0.8732550240544426,26.550305310782882,10.1,14.785157909004425,N6
