EMITTER_COEFFICIENT_SOLUTION,PRESSURE_OUTPUT,OUTPUT_DEMAND,FITNESS,NODE
0.12120581570187283,26.608647341459168,10.1,107.60365472128966,N6
