EMITTER_COEFFICIENT_SOLUTION,PRESSURE_OUTPUT,OUTPUT_DEMAND,FITNESS,NODE
0.3875329070848984,26.588121034613252,10.1,33.53491001562076,N6
