EMITTER_COEFFICIENT_SOLUTION,PRESSURE_OUTPUT,OUTPUT_DEMAND,FITNESS,NODE
0.34898469844752833,26.591101195589275,10.1,37.25850363792004,N6
