EMITTER_COEFFICIENT_SOLUTION,PRESSURE_OUTPUT,OUTPUT_DEMAND,FITNESS,NODE
0.4718292041396548,26.581593293485483,10.1,27.512274686739197,N6
