EMITTER_COEFFICIENT_SOLUTION,PRESSURE_OUTPUT,OUTPUT_DEMAND,FITNESS,NODE
0.9611567960753299,26.543409548248086,10.1,13.417207364311759,N6
