EMITTER_COEFFICIENT_SOLUTION,PRESSURE_OUTPUT,OUTPUT_DEMAND,FITNESS,NODE
0.4918755520322313,26.580038765085845,10.1,26.383873048329523,N6
