EMITTER_COEFFICIENT_SOLUTION,PRESSURE_OUTPUT,OUTPUT_DEMAND,FITNESS,NODE
0.6196628234777997,26.570109647020402,10.1,20.906917372204035,N6
