EMITTER_COEFFICIENT_SOLUTION,PRESSURE_OUTPUT,OUTPUT_DEMAND,FITNESS,NODE
0.6351956958866256,26.568900426419304,10.1,20.391400834440077,N6
