EMITTER_COEFFICIENT_SOLUTION,PRESSURE_OUTPUT,OUTPUT_DEMAND,FITNESS,NODE
0.9978890617735335,26.540523354179804,10.1,12.917000842810596,N6
