EMITTER_COEFFICIENT_SOLUTION,PRESSURE_OUTPUT,OUTPUT_DEMAND,FITNESS,NODE
0.9635599833503202,26.543220800132794,10.1,13.383314487042737,N6
