EMITTER_COEFFICIENT_SOLUTION,PRESSURE_OUTPUT,OUTPUT_DEMAND,FITNESS,NODE
0.4452971981325584,26.583649477017467,10.1,29.161976014221676,N6
