EMITTER_COEFFICIENT_SOLUTION,PRESSURE_OUTPUT,OUTPUT_DEMAND,FITNESS,NODE
0.7786885389694255,26.557706063296905,10.1,16.601742011996063,N6
