EMITTER_COEFFICIENT_SOLUTION,PRESSURE_OUTPUT,OUTPUT_DEMAND,FITNESS,NODE
0.39809806710420714,26.58730370103951,10.1,32.64026617578803,N6
