EMITTER_COEFFICIENT_SOLUTION,PRESSURE_OUTPUT,OUTPUT_DEMAND,FITNESS,NODE
0.46470339906147295,26.582145674744602,10.1,27.93683821852804,N6
