EMITTER_COEFFICIENT_SOLUTION,PRESSURE_OUTPUT,OUTPUT_DEMAND,FITNESS,NODE
0.49206353073304565,26.58002418399778,10.1,26.373726928508113,N6
