EMITTER_COEFFICIENT_SOLUTION,PRESSURE_OUTPUT,OUTPUT_DEMAND,FITNESS,NODE
0.9919023776494093,26.540993871686346,10.1,12.995986223754299,N6
