EMITTER_COEFFICIENT_SOLUTION,PRESSURE_OUTPUT,OUTPUT_DEMAND,FITNESS,NODE
0.9346561323043577,26.545490142356428,10.1,13.802515098996041,N6
