EMITTER_COEFFICIENT_SOLUTION,PRESSURE_OUTPUT,OUTPUT_DEMAND,FITNESS,NODE
0.7262034770318027,26.561805564436092,10.1,17.81415295946059,N6
