EMITTER_COEFFICIENT_SOLUTION,PRESSURE_OUTPUT,OUTPUT_DEMAND,FITNESS,NODE
0.8406520918792864,26.552858892229054,10.1,15.365275497461345,N6
