EMITTER_COEFFICIENT_SOLUTION,PRESSURE_OUTPUT,OUTPUT_DEMAND,FITNESS,NODE
0.15890345906341508,26.605750942967525,10.1,82.0360485384955,N6
