EMITTER_COEFFICIENT_SOLUTION,PRESSURE_OUTPUT,OUTPUT_DEMAND,FITNESS,NODE
0.1308354434929836,26.607907758210125,10.1,99.67160310076687,N6
