EMITTER_COEFFICIENT_SOLUTION,PRESSURE_OUTPUT,OUTPUT_DEMAND,FITNESS,NODE
0.8273054621008695,26.55390361747549,10.1,15.615950404386236,N6
