EMITTER_COEFFICIENT_SOLUTION,PRESSURE_OUTPUT,OUTPUT_DEMAND,FITNESS,NODE
0.05955848462978652,26.613377478131255,10.1,219.1431168620226,N6
