EMITTER_COEFFICIENT_SOLUTION,PRESSURE_OUTPUT,OUTPUT_DEMAND,FITNESS,NODE
0.4458461800135668,26.58360694674584,10.1,29.125852187864496,N6
