EMITTER_COEFFICIENT_SOLUTION,PRESSURE_OUTPUT,OUTPUT_DEMAND,FITNESS,NODE
0.9978342644525949,26.540527662001445,10.1,12.917719638155903,N6
