EMITTER_COEFFICIENT_SOLUTION,PRESSURE_OUTPUT,OUTPUT_DEMAND,FITNESS,NODE
0.7975756022592265,26.55622944056268,10.1,16.204496720245498,N6
