EMITTER_COEFFICIENT_SOLUTION,PRESSURE_OUTPUT,OUTPUT_DEMAND,FITNESS,NODE
0.6099686457703934,26.57086407672825,10.1,21.241962590513314,N6
