EMITTER_COEFFICIENT_SOLUTION,PRESSURE_OUTPUT,OUTPUT_DEMAND,FITNESS,NODE
0.46508539296351303,26.582116065856646,10.1,27.913748559928365,N6
