EMITTER_COEFFICIENT_SOLUTION,PRESSURE_OUTPUT,OUTPUT_DEMAND,FITNESS,NODE
0.7605996579954777,26.559119591928543,10.1,17.00069803313929,N6
