EMITTER_COEFFICIENT_SOLUTION,PRESSURE_OUTPUT,OUTPUT_DEMAND,FITNESS,NODE
0.31973348954772596,26.59336053541675,10.1,40.683200002579305,N6
