EMITTER_COEFFICIENT_SOLUTION,PRESSURE_OUTPUT,OUTPUT_DEMAND,FITNESS,NODE
0.9417143443265009,26.544936136092794,10.1,13.697772617559528,N6
