EMITTER_COEFFICIENT_SOLUTION,PRESSURE_OUTPUT,OUTPUT_DEMAND,FITNESS,NODE
0.060109373785128706,26.613335244867933,10.1,217.13351815007957,N6
