EMITTER_COEFFICIENT_SOLUTION,PRESSURE_OUTPUT,OUTPUT_DEMAND,FITNESS,NODE
0.01454275263854199,26.61682633879269,10.1,897.3701880288795,N6
