EMITTER_COEFFICIENT_SOLUTION,PRESSURE_OUTPUT,OUTPUT_DEMAND,FITNESS,NODE
0.20820106328624643,26.601958794006954,10.1,62.57073585341517,N6
