EMITTER_COEFFICIENT_SOLUTION,PRESSURE_OUTPUT,OUTPUT_DEMAND,FITNESS,NODE
0.40279687254005514,26.58694012096918,10.1,32.25745565070682,N6
