EMITTER_COEFFICIENT_SOLUTION,PRESSURE_OUTPUT,OUTPUT_DEMAND,FITNESS,NODE
0.35261665232331174,26.59082054168225,10.1,36.87293279642716,N6
