EMITTER_COEFFICIENT_SOLUTION,PRESSURE_OUTPUT,OUTPUT_DEMAND,FITNESS,NODE
0.27353901333744923,26.596924917831437,10.1,47.58327345259759,N6
