EMITTER_COEFFICIENT_SOLUTION,PRESSURE_OUTPUT,OUTPUT_DEMAND,FITNESS,NODE
0.22346375078444236,26.600783700571135,10.1,58.285229221593205,N6
