EMITTER_COEFFICIENT_SOLUTION,PRESSURE_OUTPUT,OUTPUT_DEMAND,FITNESS,NODE
0.11577228292719266,26.609064566550522,10.1,112.66159059773611,N6
