EMITTER_COEFFICIENT_SOLUTION,PRESSURE_OUTPUT,OUTPUT_DEMAND,FITNESS,NODE
0.6967742670559842,26.564101727246715,10.1,18.573903541651415,N6
