EMITTER_COEFFICIENT_SOLUTION,PRESSURE_OUTPUT,OUTPUT_DEMAND,FITNESS,NODE
0.7377320144742832,26.560905581970253,10.1,17.533055555852872,N6
