EMITTER_COEFFICIENT_SOLUTION,PRESSURE_OUTPUT,OUTPUT_DEMAND,FITNESS,NODE
0.6434710421207755,26.568255993671897,10.1,20.12691532529557,N6
