EMITTER_COEFFICIENT_SOLUTION,PRESSURE_OUTPUT,OUTPUT_DEMAND,FITNESS,NODE
0.4935722836743457,26.579907150738045,10.1,26.292572190161625,N6
