EMITTER_COEFFICIENT_SOLUTION,PRESSURE_OUTPUT,OUTPUT_DEMAND,FITNESS,NODE
0.36788387775540965,26.589640488054812,10.1,35.33541679456011,N6
