EMITTER_COEFFICIENT_SOLUTION,PRESSURE_OUTPUT,OUTPUT_DEMAND,FITNESS,NODE
0.0928752411125432,26.610822082149127,10.1,140.47658745787933,N6
