EMITTER_COEFFICIENT_SOLUTION,PRESSURE_OUTPUT,OUTPUT_DEMAND,FITNESS,NODE
0.012534664466355538,26.61698009084929,10.1,1040.9995046064046,N6
