EMITTER_COEFFICIENT_SOLUTION,PRESSURE_OUTPUT,OUTPUT_DEMAND,FITNESS,NODE
0.8080965176452848,26.555406578053336,10.1,15.991267988184683,N6
