EMITTER_COEFFICIENT_SOLUTION,PRESSURE_OUTPUT,OUTPUT_DEMAND,FITNESS,NODE
0.5275229738203825,26.577272359582466,10.1,24.589148210670245,N6
