EMITTER_COEFFICIENT_SOLUTION,PRESSURE_OUTPUT,OUTPUT_DEMAND,FITNESS,NODE
0.06671366268228174,26.612828885208998,10.1,195.62500747639137,N6
