EMITTER_COEFFICIENT_SOLUTION,PRESSURE_OUTPUT,OUTPUT_DEMAND,FITNESS,NODE
0.2567977162104109,26.59821558054314,10.1,50.696762214397346,N6
