EMITTER_COEFFICIENT_SOLUTION,PRESSURE_OUTPUT,OUTPUT_DEMAND,FITNESS,NODE
0.6326223549129584,26.569100793349868,10.1,20.475057052582855,N6
