EMITTER_COEFFICIENT_SOLUTION,PRESSURE_OUTPUT,OUTPUT_DEMAND,FITNESS,NODE
0.9158613849643321,26.546964861272613,10.1,14.089300415281523,N6
