EMITTER_COEFFICIENT_SOLUTION,PRESSURE_OUTPUT,OUTPUT_DEMAND,FITNESS,NODE
0.9930012027417038,26.54090750117473,10.1,12.981414975158204,N6
