EMITTER_COEFFICIENT_SOLUTION,PRESSURE_OUTPUT,OUTPUT_DEMAND,FITNESS,NODE
0.31154354486552316,26.593992799835597,10.1,41.757303914737264,N6
