EMITTER_COEFFICIENT_SOLUTION,PRESSURE_OUTPUT,OUTPUT_DEMAND,FITNESS,NODE
0.5382810617764117,26.576436962985582,10.1,24.094212352020474,N6
