EMITTER_COEFFICIENT_SOLUTION,PRESSURE_OUTPUT,OUTPUT_DEMAND,FITNESS,NODE
0.8469539192089545,26.55236548058548,10.1,15.249661623811516,N6
