EMITTER_COEFFICIENT_SOLUTION,PRESSURE_OUTPUT,OUTPUT_DEMAND,FITNESS,NODE
0.01090605181887705,26.61710478160049,10.1,1196.2802869257873,N6
