EMITTER_COEFFICIENT_SOLUTION,PRESSURE_OUTPUT,OUTPUT_DEMAND,FITNESS,NODE
0.6649590859601032,26.566581975057332,10.1,19.47088605384798,N6
