EMITTER_COEFFICIENT_SOLUTION,PRESSURE_OUTPUT,OUTPUT_DEMAND,FITNESS,NODE
0.0004144377661219334,26.540324818266946,10.1,12.883960074672538,N6
