EMITTER_COEFFICIENT_SOLUTION,PRESSURE_OUTPUT,OUTPUT_DEMAND,FITNESS,NODE
0.20836205112860384,26.601946401898033,10.1,62.52225713472938,N6
