EMITTER_COEFFICIENT_SOLUTION,PRESSURE_OUTPUT,OUTPUT_DEMAND,FITNESS,NODE
0.14827487838640718,26.60656786370238,10.1,87.92876618236052,N6
