EMITTER_COEFFICIENT_SOLUTION,PRESSURE_OUTPUT,OUTPUT_DEMAND,FITNESS,NODE
0.7038637156416627,26.563548749249613,10.1,18.385071211034717,N6
