EMITTER_COEFFICIENT_SOLUTION,PRESSURE_OUTPUT,OUTPUT_DEMAND,FITNESS,NODE
0.14426401453628834,26.606876080120976,10.1,90.37811146125894,N6
