EMITTER_COEFFICIENT_SOLUTION,PRESSURE_OUTPUT,OUTPUT_DEMAND,FITNESS,NODE
0.33078453706820976,26.592507171469137,10.1,39.3181684935994,N6
