EMITTER_COEFFICIENT_SOLUTION,PRESSURE_OUTPUT,OUTPUT_DEMAND,FITNESS,NODE
0.12725115893600125,26.6081830643722,10.1,102.48377916575966,N6
