EMITTER_COEFFICIENT_SOLUTION,PRESSURE_OUTPUT,OUTPUT_DEMAND,FITNESS,NODE
0.16004595329920657,26.605663115890025,10.1,81.44920810241167,N6
