EMITTER_COEFFICIENT_SOLUTION,PRESSURE_OUTPUT,OUTPUT_DEMAND,FITNESS,NODE
0.5041226160007407,26.579088634055957,10.1,25.738652982755884,N6
