EMITTER_COEFFICIENT_SOLUTION,PRESSURE_OUTPUT,OUTPUT_DEMAND,FITNESS,NODE
0.9491342366785014,26.54435363066272,10.1,13.589342884726026,N6
