EMITTER_COEFFICIENT_SOLUTION,PRESSURE_OUTPUT,OUTPUT_DEMAND,FITNESS,NODE
0.6749947010483787,26.565799826214118,10.1,19.178809452211507,N6
