EMITTER_COEFFICIENT_SOLUTION,PRESSURE_OUTPUT,OUTPUT_DEMAND,FITNESS,NODE
0.8174693880587329,26.554673314053986,10.1,15.805930474806605,N6
