EMITTER_COEFFICIENT_SOLUTION,PRESSURE_OUTPUT,OUTPUT_DEMAND,FITNESS,NODE
0.5509134648410471,26.575455713380137,10.1,23.537723228440264,N6
