EMITTER_COEFFICIENT_SOLUTION,PRESSURE_OUTPUT,OUTPUT_DEMAND,FITNESS,NODE
0.9719467679707985,26.542562002798817,10.1,13.266346543608998,N6
