EMITTER_COEFFICIENT_SOLUTION,PRESSURE_OUTPUT,OUTPUT_DEMAND,FITNESS,NODE
0.6280679735929513,26.56945537551143,10.1,20.624794919680348,N6
