EMITTER_COEFFICIENT_SOLUTION,PRESSURE_OUTPUT,OUTPUT_DEMAND,FITNESS,NODE
0.6628407487206333,26.566747045896413,10.1,19.53366873994209,N6
