EMITTER_COEFFICIENT_SOLUTION,PRESSURE_OUTPUT,OUTPUT_DEMAND,FITNESS,NODE
0.7937989560598263,26.556524764113817,10.1,16.282417360408807,N6
