EMITTER_COEFFICIENT_SOLUTION,PRESSURE_OUTPUT,OUTPUT_DEMAND,FITNESS,NODE
0.39227246270092275,26.587754405645853,10.1,33.12761037154701,N6
