EMITTER_COEFFICIENT_SOLUTION,PRESSURE_OUTPUT,OUTPUT_DEMAND,FITNESS,NODE
0.5906980383639476,26.572363193637933,10.1,21.940644541198974,N6
