EMITTER_COEFFICIENT_SOLUTION,PRESSURE_OUTPUT,OUTPUT_DEMAND,FITNESS,NODE
0.1679102413938134,26.605058489364154,10.1,77.62639152200008,N6
