EMITTER_COEFFICIENT_SOLUTION,PRESSURE_OUTPUT,OUTPUT_DEMAND,FITNESS,NODE
0.08971692894169236,26.611064419283387,10.1,145.42732534063515,N6
