EMITTER_COEFFICIENT_SOLUTION,PRESSURE_OUTPUT,OUTPUT_DEMAND,FITNESS,NODE
0.7770339401138587,26.557835387548593,10.1,16.63746277538551,N6
