EMITTER_COEFFICIENT_SOLUTION,PRESSURE_OUTPUT,OUTPUT_DEMAND,FITNESS,NODE
0.025842620029816632,26.615961049633334,10.1,505.1381473961163,N6
