EMITTER_COEFFICIENT_SOLUTION,PRESSURE_OUTPUT,OUTPUT_DEMAND,FITNESS,NODE
0.8005276890720324,26.55599857482487,10.1,16.144100621270702,N6
