EMITTER_COEFFICIENT_SOLUTION,PRESSURE_OUTPUT,OUTPUT_DEMAND,FITNESS,NODE
0.21405107723365202,26.601508451782315,10.1,60.855922789004495,N6
