EMITTER_COEFFICIENT_SOLUTION,PRESSURE_OUTPUT,OUTPUT_DEMAND,FITNESS,NODE
0.3632573739916478,26.589998136994417,10.1,35.787689965984725,N6
