EMITTER_COEFFICIENT_SOLUTION,PRESSURE_OUTPUT,OUTPUT_DEMAND,FITNESS,NODE
0.05535026143997468,26.613700075507104,10.1,235.81398523598688,N6
