EMITTER_COEFFICIENT_SOLUTION,PRESSURE_OUTPUT,OUTPUT_DEMAND,FITNESS,NODE
0.8125271633262556,26.555059979731276,10.1,15.903124180496508,N6
