EMITTER_COEFFICIENT_SOLUTION,PRESSURE_OUTPUT,OUTPUT_DEMAND,FITNESS,NODE
0.27668719995577173,26.596682144309263,10.1,47.03987079881299,N6
