EMITTER_COEFFICIENT_SOLUTION,PRESSURE_OUTPUT,OUTPUT_DEMAND,FITNESS,NODE
0.32794316974321114,26.592726606750446,10.1,39.660349796384786,N6
