EMITTER_COEFFICIENT_SOLUTION,PRESSURE_OUTPUT,OUTPUT_DEMAND,FITNESS,NODE
0.1726720450673338,26.604692326698682,10.1,75.48093013613037,N6
