EMITTER_COEFFICIENT_SOLUTION,PRESSURE_OUTPUT,OUTPUT_DEMAND,FITNESS,NODE
0.9173080888075446,26.546851372327183,10.1,14.066807872995254,N6
