EMITTER_COEFFICIENT_SOLUTION,PRESSURE_OUTPUT,OUTPUT_DEMAND,FITNESS,NODE
0.1467270198263365,26.606686813505803,10.1,88.85814322813377,N6
