EMITTER_COEFFICIENT_SOLUTION,PRESSURE_OUTPUT,OUTPUT_DEMAND,FITNESS,NODE
0.5056016625683367,26.578973868048173,10.1,25.662846923135863,N6
