EMITTER_COEFFICIENT_SOLUTION,PRESSURE_OUTPUT,OUTPUT_DEMAND,FITNESS,NODE
0.8124189793645371,26.55506844317445,10.1,15.905264952619403,N6
