EMITTER_COEFFICIENT_SOLUTION,PRESSURE_OUTPUT,OUTPUT_DEMAND,FITNESS,NODE
0.7478054446388028,26.560118968365018,10.1,17.294533840977678,N6
