EMITTER_COEFFICIENT_SOLUTION,PRESSURE_OUTPUT,OUTPUT_DEMAND,FITNESS,NODE
0.08571022485981494,26.61137182332044,10.1,152.23288854039353,N6
