EMITTER_COEFFICIENT_SOLUTION,PRESSURE_OUTPUT,OUTPUT_DEMAND,FITNESS,NODE
0.2131941907731978,26.60157442057811,10.1,61.101219251542325,N6
