EMITTER_COEFFICIENT_SOLUTION,PRESSURE_OUTPUT,OUTPUT_DEMAND,FITNESS,NODE
0.6585244343997485,26.56708336471597,10.1,19.662844592109224,N6
