EMITTER_COEFFICIENT_SOLUTION,PRESSURE_OUTPUT,OUTPUT_DEMAND,FITNESS,NODE
0.7741197477747374,26.558063148486838,10.1,16.700747990794916,N6
