EMITTER_COEFFICIENT_SOLUTION,PRESSURE_OUTPUT,OUTPUT_DEMAND,FITNESS,NODE
0.4913286182728197,26.580081189098117,10.1,26.413437866969726,N6
