EMITTER_COEFFICIENT_SOLUTION,PRESSURE_OUTPUT,OUTPUT_DEMAND,FITNESS,NODE
0.8991370073683039,26.548276518365405,10.1,14.354577761119746,N6
