EMITTER_COEFFICIENT_SOLUTION,PRESSURE_OUTPUT,OUTPUT_DEMAND,FITNESS,NODE
0.07448069708869565,26.61223320006519,10.1,175.20787431836095,N6
