EMITTER_COEFFICIENT_SOLUTION,PRESSURE_OUTPUT,OUTPUT_DEMAND,FITNESS,NODE
0.2182163919553971,26.601187756351038,10.1,59.69098069240867,N6
