EMITTER_COEFFICIENT_SOLUTION,PRESSURE_OUTPUT,OUTPUT_DEMAND,FITNESS,NODE
0.5935207086714411,26.57214365803018,10.1,21.835468488660478,N6
