EMITTER_COEFFICIENT_SOLUTION,PRESSURE_OUTPUT,OUTPUT_DEMAND,FITNESS,NODE
0.8800974169020159,26.54976905141168,10.1,14.668853273013568,N6
