EMITTER_COEFFICIENT_SOLUTION,PRESSURE_OUTPUT,OUTPUT_DEMAND,FITNESS,NODE
0.5959340395750324,26.571955946033867,10.1,21.74633505892178,N6
