EMITTER_COEFFICIENT_SOLUTION,PRESSURE_OUTPUT,OUTPUT_DEMAND,FITNESS,NODE
0.09520464172530596,26.610643333925907,10.1,137.0356309308647,N6
