EMITTER_COEFFICIENT_SOLUTION,PRESSURE_OUTPUT,OUTPUT_DEMAND,FITNESS,NODE
0.8535037272829141,26.551852566096414,10.1,15.131307976700668,N6
