EMITTER_COEFFICIENT_SOLUTION,PRESSURE_OUTPUT,OUTPUT_DEMAND,FITNESS,NODE
0.8408636933886658,26.552842325879624,10.1,15.361365315332106,N6
