EMITTER_COEFFICIENT_SOLUTION,PRESSURE_OUTPUT,OUTPUT_DEMAND,FITNESS,NODE
0.6665907638330455,26.566454820675702,10.1,19.422798923645797,N6
