EMITTER_COEFFICIENT_SOLUTION,PRESSURE_OUTPUT,OUTPUT_DEMAND,FITNESS,NODE
0.6483280427340999,26.567877694418506,10.1,19.974827051240307,N6
