EMITTER_COEFFICIENT_SOLUTION,PRESSURE_OUTPUT,OUTPUT_DEMAND,FITNESS,NODE
0.018832625397295244,26.61649785029202,10.1,693.0699481829254,N6
