EMITTER_COEFFICIENT_SOLUTION,PRESSURE_OUTPUT,OUTPUT_DEMAND,FITNESS,NODE
0.7575021158145118,26.55936157693678,10.1,17.070926356987165,N6
