EMITTER_COEFFICIENT_SOLUTION,PRESSURE_OUTPUT,OUTPUT_DEMAND,FITNESS,NODE
0.10973032465070065,26.609528438048834,10.1,118.87400567004698,N6
