EMITTER_COEFFICIENT_SOLUTION,PRESSURE_OUTPUT,OUTPUT_DEMAND,FITNESS,NODE
0.8574117357057708,26.551546488406352,10.1,15.06155256796146,N6
