EMITTER_COEFFICIENT_SOLUTION,PRESSURE_OUTPUT,OUTPUT_DEMAND,FITNESS,NODE
0.9515089638862427,26.54416717660945,10.1,13.554997394146351,N6
