EMITTER_COEFFICIENT_SOLUTION,PRESSURE_OUTPUT,OUTPUT_DEMAND,FITNESS,NODE
0.5959579884767224,26.571954083196786,10.1,21.74545415319818,N6
