EMITTER_COEFFICIENT_SOLUTION,PRESSURE_OUTPUT,OUTPUT_DEMAND,FITNESS,NODE
0.012747370430612248,26.616963805124115,10.1,1023.6452053904815,N6
