EMITTER_COEFFICIENT_SOLUTION,PRESSURE_OUTPUT,OUTPUT_DEMAND,FITNESS,NODE
0.24384056261844345,26.599214103769228,10.1,53.39996985797515,N6
