EMITTER_COEFFICIENT_SOLUTION,PRESSURE_OUTPUT,OUTPUT_DEMAND,FITNESS,NODE
0.9516786723909533,26.544153851334407,10.1,13.552549477521644,N6
