EMITTER_COEFFICIENT_SOLUTION,PRESSURE_OUTPUT,OUTPUT_DEMAND,FITNESS,NODE
0.5499857821289381,26.575527784449406,10.1,23.577720210850728,N6
