EMITTER_COEFFICIENT_SOLUTION,PRESSURE_OUTPUT,OUTPUT_DEMAND,FITNESS,NODE
0.5543634182732944,26.575187673043786,10.1,23.390153364968477,N6
