EMITTER_COEFFICIENT_SOLUTION,PRESSURE_OUTPUT,OUTPUT_DEMAND,FITNESS,NODE
0.3943813237132239,26.587591259354134,10.1,32.94952980121897,N6
