EMITTER_COEFFICIENT_SOLUTION,PRESSURE_OUTPUT,OUTPUT_DEMAND,FITNESS,NODE
0.06070195704070669,26.61328981446338,10.1,215.0125348327094,N6
