EMITTER_COEFFICIENT_SOLUTION,PRESSURE_OUTPUT,OUTPUT_DEMAND,FITNESS,NODE
0.2160295556151598,26.601356129534665,10.1,60.296987147469174,N6
