EMITTER_COEFFICIENT_SOLUTION,PRESSURE_OUTPUT,OUTPUT_DEMAND,FITNESS,NODE
0.24664432477714693,26.59899806592101,10.1,52.790951554606735,N6
