EMITTER_COEFFICIENT_SOLUTION,PRESSURE_OUTPUT,OUTPUT_DEMAND,FITNESS,NODE
0.7641613857787576,26.558841319480102,10.1,16.920649387333306,N6
