EMITTER_COEFFICIENT_SOLUTION,PRESSURE_OUTPUT,OUTPUT_DEMAND,FITNESS,NODE
0.23353028729694103,26.600008398265665,10.1,55.7652706636596,N6
