EMITTER_COEFFICIENT_SOLUTION,PRESSURE_OUTPUT,OUTPUT_DEMAND,FITNESS,NODE
0.20053699150189452,26.602548676418436,10.1,64.96868968518898,N6
