EMITTER_COEFFICIENT_SOLUTION,PRESSURE_OUTPUT,OUTPUT_DEMAND,FITNESS,NODE
0.5478431027409382,26.575694240989606,10.1,23.670619479981173,N6
