EMITTER_COEFFICIENT_SOLUTION,PRESSURE_OUTPUT,OUTPUT_DEMAND,FITNESS,NODE
0.10865874756113858,24.33861806938033,3.9,29.712206963691806,N9
