EMITTER_COEFFICIENT_SOLUTION,PRESSURE_OUTPUT,OUTPUT_DEMAND,FITNESS,NODE
0.25193970404759736,24.294153773243078,3.9,12.800737845180725,N9
