EMITTER_COEFFICIENT_SOLUTION,PRESSURE_OUTPUT,OUTPUT_DEMAND,FITNESS,NODE
0.4190093674464118,24.242187701541525,3.9,7.6871887039686175,N9
