EMITTER_COEFFICIENT_SOLUTION,PRESSURE_OUTPUT,OUTPUT_DEMAND,FITNESS,NODE
0.41158093126818207,24.244500963834792,3.9,7.826360838559399,N9
