EMITTER_COEFFICIENT_SOLUTION,PRESSURE_OUTPUT,OUTPUT_DEMAND,FITNESS,NODE
0.40514357587895666,24.246505396642217,3.9,7.951092928480466,N9
