EMITTER_COEFFICIENT_SOLUTION,PRESSURE_OUTPUT,OUTPUT_DEMAND,FITNESS,NODE
0.12445577267126617,24.333720535083902,3.9,25.937824203016472,N9
