EMITTER_COEFFICIENT_SOLUTION,PRESSURE_OUTPUT,OUTPUT_DEMAND,FITNESS,NODE
0.26731623834532037,24.28937632343163,3.9,12.063024969322214,N9
