EMITTER_COEFFICIENT_SOLUTION,PRESSURE_OUTPUT,OUTPUT_DEMAND,FITNESS,NODE
0.03272173671002776,24.362143990092985,3.9,98.71395498841505,N9
