EMITTER_COEFFICIENT_SOLUTION,PRESSURE_OUTPUT,OUTPUT_DEMAND,FITNESS,NODE
0.1736630126684101,24.318457327677663,3.9,18.581509016702416,N9
