EMITTER_COEFFICIENT_SOLUTION,PRESSURE_OUTPUT,OUTPUT_DEMAND,FITNESS,NODE
0.35467894504185715,24.262212352631167,3.9,9.085794827348522,N9
