EMITTER_COEFFICIENT_SOLUTION,PRESSURE_OUTPUT,OUTPUT_DEMAND,FITNESS,NODE
0.01962619249913844,24.366198344882093,3.9,164.5839887522912,N9
