EMITTER_COEFFICIENT_SOLUTION,PRESSURE_OUTPUT,OUTPUT_DEMAND,FITNESS,NODE
0.11051748234436809,24.338041869179335,3.9,29.212090723301362,N9
