EMITTER_COEFFICIENT_SOLUTION,PRESSURE_OUTPUT,OUTPUT_DEMAND,FITNESS,NODE
0.46926587135104947,24.226531014787827,3.9,6.861380982468525,N9
