EMITTER_COEFFICIENT_SOLUTION,PRESSURE_OUTPUT,OUTPUT_DEMAND,FITNESS,NODE
0.11109975699455299,24.337861363047487,3.9,29.058864449833806,N9
