EMITTER_COEFFICIENT_SOLUTION,PRESSURE_OUTPUT,OUTPUT_DEMAND,FITNESS,NODE
0.26071733754104176,24.291426718675925,3.9,12.36895840339181,N9
