EMITTER_COEFFICIENT_SOLUTION,PRESSURE_OUTPUT,OUTPUT_DEMAND,FITNESS,NODE
0.05105974203938912,24.356465389587775,3.9,63.25558613686956,N9
