EMITTER_COEFFICIENT_SOLUTION,PRESSURE_OUTPUT,OUTPUT_DEMAND,FITNESS,NODE
0.0021481728043416526,24.371608220360603,3.9,1501.3894778538518,N9
