EMITTER_COEFFICIENT_SOLUTION,PRESSURE_OUTPUT,OUTPUT_DEMAND,FITNESS,NODE
0.4905499253313642,24.219896881766093,3.9,6.5626534963091965,N9
