EMITTER_COEFFICIENT_SOLUTION,PRESSURE_OUTPUT,OUTPUT_DEMAND,FITNESS,NODE
0.010049813561134768,24.369162651091003,3.9,321.37611069678763,N9
