EMITTER_COEFFICIENT_SOLUTION,PRESSURE_OUTPUT,OUTPUT_DEMAND,FITNESS,NODE
0.06300007422671705,24.352766920777864,3.9,51.26273108109683,N9
