EMITTER_COEFFICIENT_SOLUTION,PRESSURE_OUTPUT,OUTPUT_DEMAND,FITNESS,NODE
0.17142038750559874,24.319153197382914,3.9,18.824921066810056,N9
