EMITTER_COEFFICIENT_SOLUTION,PRESSURE_OUTPUT,OUTPUT_DEMAND,FITNESS,NODE
0.16636772827264423,24.320720913123246,3.9,19.397378940060204,N9
