EMITTER_COEFFICIENT_SOLUTION,PRESSURE_OUTPUT,OUTPUT_DEMAND,FITNESS,NODE
0.9517158277187056,24.075673204428387,3.9,3.3715320539859075,N9
