EMITTER_COEFFICIENT_SOLUTION,PRESSURE_OUTPUT,OUTPUT_DEMAND,FITNESS,NODE
0.02009195008263076,24.366054161380866,3.9,160.76889531987405,N9
