EMITTER_COEFFICIENT_SOLUTION,PRESSURE_OUTPUT,OUTPUT_DEMAND,FITNESS,NODE
0.9261265233894193,24.083699351646594,3.9,3.4653046270342585,N9
