EMITTER_COEFFICIENT_SOLUTION,PRESSURE_OUTPUT,OUTPUT_DEMAND,FITNESS,NODE
0.3052240045558018,24.277593828120008,3.9,10.561843392186224,N9
