EMITTER_COEFFICIENT_SOLUTION,PRESSURE_OUTPUT,OUTPUT_DEMAND,FITNESS,NODE
0.45260935220235277,24.231721362572674,3.9,7.1147585484097595,N9
