EMITTER_COEFFICIENT_SOLUTION,PRESSURE_OUTPUT,OUTPUT_DEMAND,FITNESS,NODE
0.9332761785462712,24.081457114640884,3.9,3.4385866906051588,N9
