EMITTER_COEFFICIENT_SOLUTION,PRESSURE_OUTPUT,OUTPUT_DEMAND,FITNESS,NODE
0.17407197160461407,24.318330428258314,3.9,18.53779721149157,N9
