EMITTER_COEFFICIENT_SOLUTION,PRESSURE_OUTPUT,OUTPUT_DEMAND,FITNESS,NODE
0.23211739759655903,24.300310900258832,3.9,13.895958497486264,N9
