EMITTER_COEFFICIENT_SOLUTION,PRESSURE_OUTPUT,OUTPUT_DEMAND,FITNESS,NODE
0.013671149590380405,24.36804174182326,3.9,236.26540585277172,N9
