EMITTER_COEFFICIENT_SOLUTION,PRESSURE_OUTPUT,OUTPUT_DEMAND,FITNESS,NODE
0.48424480225885425,24.221862366751235,3.9,6.648409986497351,N9
