EMITTER_COEFFICIENT_SOLUTION,PRESSURE_OUTPUT,OUTPUT_DEMAND,FITNESS,NODE
0.30964439516259656,24.276219452651663,3.9,10.410721992433237,N9
