EMITTER_COEFFICIENT_SOLUTION,PRESSURE_OUTPUT,OUTPUT_DEMAND,FITNESS,NODE
0.19662983197460704,24.311329353018063,3.9,16.408259271656426,N9
