EMITTER_COEFFICIENT_SOLUTION,PRESSURE_OUTPUT,OUTPUT_DEMAND,FITNESS,NODE
0.8596297112032966,24.104543657132453,3.9,3.7350977129257097,N9
