EMITTER_COEFFICIENT_SOLUTION,PRESSURE_OUTPUT,OUTPUT_DEMAND,FITNESS,NODE
0.03515688996882316,24.361389980637444,3.9,91.87554297887752,N9
