EMITTER_COEFFICIENT_SOLUTION,PRESSURE_OUTPUT,OUTPUT_DEMAND,FITNESS,NODE
0.015150264270558655,24.367583894470695,3.9,213.20254261883264,N9
