EMITTER_COEFFICIENT_SOLUTION,PRESSURE_OUTPUT,OUTPUT_DEMAND,FITNESS,NODE
0.31855882787337253,24.273447530286028,3.9,10.118718904996951,N9
