EMITTER_COEFFICIENT_SOLUTION,PRESSURE_OUTPUT,OUTPUT_DEMAND,FITNESS,NODE
0.5859646132239392,24.190132025179512,3.9,5.4902145336694765,N9
