EMITTER_COEFFICIENT_SOLUTION,PRESSURE_OUTPUT,OUTPUT_DEMAND,FITNESS,NODE
0.8514242977733292,24.107114485428244,3.9,3.7713109528086792,N9
