EMITTER_COEFFICIENT_SOLUTION,PRESSURE_OUTPUT,OUTPUT_DEMAND,FITNESS,NODE
0.12650261961801357,24.333085867043632,3.9,25.517753294492042,N9
