EMITTER_COEFFICIENT_SOLUTION,PRESSURE_OUTPUT,OUTPUT_DEMAND,FITNESS,NODE
0.8832362277326283,24.097145971139618,3.9,3.6346679129309343,N9
