EMITTER_COEFFICIENT_SOLUTION,PRESSURE_OUTPUT,OUTPUT_DEMAND,FITNESS,NODE
0.25470122352296587,24.29329585663892,3.9,12.661687627936377,N9
