EMITTER_COEFFICIENT_SOLUTION,PRESSURE_OUTPUT,OUTPUT_DEMAND,FITNESS,NODE
0.36420657512113375,24.259247790416822,3.9,8.847484264026257,N9
