EMITTER_COEFFICIENT_SOLUTION,PRESSURE_OUTPUT,OUTPUT_DEMAND,FITNESS,NODE
0.49760509561756916,24.217697376930367,3.9,6.469272216554343,N9
