EMITTER_COEFFICIENT_SOLUTION,PRESSURE_OUTPUT,OUTPUT_DEMAND,FITNESS,NODE
0.33783832959610083,24.267451372507416,3.9,9.539900378774172,N9
