EMITTER_COEFFICIENT_SOLUTION,PRESSURE_OUTPUT,OUTPUT_DEMAND,FITNESS,NODE
0.9941475704465074,24.062358504804642,3.9,3.2266832221277872,N9
