EMITTER_COEFFICIENT_SOLUTION,PRESSURE_OUTPUT,OUTPUT_DEMAND,FITNESS,NODE
0.43233605753579896,24.238037064745267,3.9,7.449499546023872,N9
