EMITTER_COEFFICIENT_SOLUTION,PRESSURE_OUTPUT,OUTPUT_DEMAND,FITNESS,NODE
0.8935016417143135,24.093928330888627,3.9,3.5926516585866484,N9
