EMITTER_COEFFICIENT_SOLUTION,PRESSURE_OUTPUT,OUTPUT_DEMAND,FITNESS,NODE
0.3181612787322231,24.273571155017038,3.9,10.131392506051416,N9
