EMITTER_COEFFICIENT_SOLUTION,PRESSURE_OUTPUT,OUTPUT_DEMAND,FITNESS,NODE
0.36569767397493436,24.258783791475423,3.9,8.811311860984162,N9
