EMITTER_COEFFICIENT_SOLUTION,PRESSURE_OUTPUT,OUTPUT_DEMAND,FITNESS,NODE
0.10607692175126326,24.339418397696488,3.9,30.435959488368773,N9
