EMITTER_COEFFICIENT_SOLUTION,PRESSURE_OUTPUT,OUTPUT_DEMAND,FITNESS,NODE
0.027621736573623212,24.363723038053678,3.9,116.94221371504385,N9
