EMITTER_COEFFICIENT_SOLUTION,PRESSURE_OUTPUT,OUTPUT_DEMAND,FITNESS,NODE
0.44286800322625586,24.234756296449483,3.9,7.271776727037988,N9
