EMITTER_COEFFICIENT_SOLUTION,PRESSURE_OUTPUT,OUTPUT_DEMAND,FITNESS,NODE
0.8986890347034567,24.092302204407822,3.9,3.5717849125244316,N9
