EMITTER_COEFFICIENT_SOLUTION,PRESSURE_OUTPUT,OUTPUT_DEMAND,FITNESS,NODE
0.20411453852920902,24.309005931453893,3.9,15.80569400336651,N9
