EMITTER_COEFFICIENT_SOLUTION,PRESSURE_OUTPUT,OUTPUT_DEMAND,FITNESS,NODE
0.5528209176899935,24.200475818935097,3.9,5.8207742473376305,N9
