EMITTER_COEFFICIENT_SOLUTION,PRESSURE_OUTPUT,OUTPUT_DEMAND,FITNESS,NODE
0.017738961536398867,24.36678255994215,3.9,182.0926414180187,N9
