EMITTER_COEFFICIENT_SOLUTION,PRESSURE_OUTPUT,OUTPUT_DEMAND,FITNESS,NODE
0.34936488914661157,24.263865664491693,3.9,9.224359955758516,N9
