EMITTER_COEFFICIENT_SOLUTION,PRESSURE_OUTPUT,OUTPUT_DEMAND,FITNESS,NODE
0.05726783164985527,24.354542544372894,3.9,56.39609015144588,N9
