EMITTER_COEFFICIENT_SOLUTION,PRESSURE_OUTPUT,OUTPUT_DEMAND,FITNESS,NODE
0.14536737407062683,24.32723533145396,3.9,22.203009908846223,N9
