EMITTER_COEFFICIENT_SOLUTION,PRESSURE_OUTPUT,OUTPUT_DEMAND,FITNESS,NODE
0.14585352455995138,24.327084544113042,3.9,22.128923758623458,N9
