EMITTER_COEFFICIENT_SOLUTION,PRESSURE_OUTPUT,OUTPUT_DEMAND,FITNESS,NODE
0.2917234584871141,24.281790825812365,3.9,11.051745525289428,N9
