EMITTER_COEFFICIENT_SOLUTION,PRESSURE_OUTPUT,OUTPUT_DEMAND,FITNESS,NODE
0.003537225185186954,24.37117832843836,3.9,912.4573668686673,N9
