EMITTER_COEFFICIENT_SOLUTION,PRESSURE_OUTPUT,OUTPUT_DEMAND,FITNESS,NODE
0.04029467775204887,24.359799239466582,3.9,80.16012410286545,N9
