EMITTER_COEFFICIENT_SOLUTION,PRESSURE_OUTPUT,OUTPUT_DEMAND,FITNESS,NODE
0.2022473657417604,24.309585568411894,3.9,15.951837792460237,N9
