EMITTER_COEFFICIENT_SOLUTION,PRESSURE_OUTPUT,OUTPUT_DEMAND,FITNESS,NODE
0.8892689498986998,24.095255098662143,3.9,3.6098584620658074,N9
