EMITTER_COEFFICIENT_SOLUTION,PRESSURE_OUTPUT,OUTPUT_DEMAND,FITNESS,NODE
0.19059280839684234,24.313203190734487,3.9,16.928757888556103,N9
