EMITTER_COEFFICIENT_SOLUTION,PRESSURE_OUTPUT,OUTPUT_DEMAND,FITNESS,NODE
0.25181886674905674,24.29419131275832,3.9,12.806891985726564,N9
