EMITTER_COEFFICIENT_SOLUTION,PRESSURE_OUTPUT,OUTPUT_DEMAND,FITNESS,NODE
0.6331190906861294,24.175407369671337,3.9,5.0795740577057495,N9
