EMITTER_COEFFICIENT_SOLUTION,PRESSURE_OUTPUT,OUTPUT_DEMAND,FITNESS,NODE
0.07123126880069408,24.350216945722455,3.9,45.336414562846606,N9
