EMITTER_COEFFICIENT_SOLUTION,PRESSURE_OUTPUT,OUTPUT_DEMAND,FITNESS,NODE
0.008934884595046877,24.369507741454058,3.9,361.46382161259993,N9
