EMITTER_COEFFICIENT_SOLUTION,PRESSURE_OUTPUT,OUTPUT_DEMAND,FITNESS,NODE
0.31897392272739944,24.273318448643728,3.9,10.105519672899023,N9
