EMITTER_COEFFICIENT_SOLUTION,PRESSURE_OUTPUT,OUTPUT_DEMAND,FITNESS,NODE
0.1881474621344682,24.313962155745678,3.9,17.149095207360837,N9
