EMITTER_COEFFICIENT_SOLUTION,PRESSURE_OUTPUT,OUTPUT_DEMAND,FITNESS,NODE
0.9484439026618828,24.076699600841785,3.9,3.3832398516030047,N9
