EMITTER_COEFFICIENT_SOLUTION,PRESSURE_OUTPUT,OUTPUT_DEMAND,FITNESS,NODE
0.2720202957422494,24.287914567001746,3.9,11.854000948670802,N9
