EMITTER_COEFFICIENT_SOLUTION,PRESSURE_OUTPUT,OUTPUT_DEMAND,FITNESS,NODE
0.12083876815018224,24.334842015184304,3.9,26.714928168390152,N9
