EMITTER_COEFFICIENT_SOLUTION,PRESSURE_OUTPUT,OUTPUT_DEMAND,FITNESS,NODE
0.25007475457858097,24.29473313401531,3.9,12.896380567767462,N9
