EMITTER_COEFFICIENT_SOLUTION,PRESSURE_OUTPUT,OUTPUT_DEMAND,FITNESS,NODE
0.6999404081549642,24.154525022110896,3.9,4.5924383640836055,N9
