EMITTER_COEFFICIENT_SOLUTION,PRESSURE_OUTPUT,OUTPUT_DEMAND,FITNESS,NODE
0.2167199088239954,24.305092350591064,3.9,14.884957262430074,N9
