EMITTER_COEFFICIENT_SOLUTION,PRESSURE_OUTPUT,OUTPUT_DEMAND,FITNESS,NODE
0.8651378615442235,24.102817748388976,3.9,3.7111738614610315,N9
