EMITTER_COEFFICIENT_SOLUTION,PRESSURE_OUTPUT,OUTPUT_DEMAND,FITNESS,NODE
0.10977199710800456,24.338272968526947,3.9,29.41063886132947,N9
