EMITTER_COEFFICIENT_SOLUTION,PRESSURE_OUTPUT,OUTPUT_DEMAND,FITNESS,NODE
0.20639101853172026,24.308299208974706,3.9,15.631090977389807,N9
