EMITTER_COEFFICIENT_SOLUTION,PRESSURE_OUTPUT,OUTPUT_DEMAND,FITNESS,NODE
0.012688314158117442,24.36834596433765,3.9,254.5626721652963,N9
