EMITTER_COEFFICIENT_SOLUTION,PRESSURE_OUTPUT,OUTPUT_DEMAND,FITNESS,NODE
0.7083391273382654,24.151898982247992,3.9,4.5377138696444765,N9
