EMITTER_COEFFICIENT_SOLUTION,PRESSURE_OUTPUT,OUTPUT_DEMAND,FITNESS,NODE
0.31609564361102727,24.274213488097665,3.9,10.197756738823024,N9
