EMITTER_COEFFICIENT_SOLUTION,PRESSURE_OUTPUT,OUTPUT_DEMAND,FITNESS,NODE
0.21634438333747485,24.30520895042282,3.9,14.910836264007402,N9
