EMITTER_COEFFICIENT_SOLUTION,PRESSURE_OUTPUT,OUTPUT_DEMAND,FITNESS,NODE
0.29629963923569846,27.17940064619429,1.1,13.551162335689428,N16
