EMITTER_COEFFICIENT_SOLUTION,PRESSURE_OUTPUT,OUTPUT_DEMAND,FITNESS,NODE
0.5124127104014626,27.124563792863007,1.1,7.774159958901394,N16
