EMITTER_COEFFICIENT_SOLUTION,PRESSURE_OUTPUT,OUTPUT_DEMAND,FITNESS,NODE
0.12637337091004341,27.221921469756104,1.1,31.975867919542978,N16
