EMITTER_COEFFICIENT_SOLUTION,PRESSURE_OUTPUT,OUTPUT_DEMAND,FITNESS,NODE
0.4336220658019485,27.144653014596706,1.1,9.213020183272493,N16
