EMITTER_COEFFICIENT_SOLUTION,PRESSURE_OUTPUT,OUTPUT_DEMAND,FITNESS,NODE
0.8124946437475988,27.047056484437363,1.1,4.8511057488817855,N16
