EMITTER_COEFFICIENT_SOLUTION,PRESSURE_OUTPUT,OUTPUT_DEMAND,FITNESS,NODE
0.5190491747134645,27.12286657437013,1.1,7.6729200143885885,N16
