EMITTER_COEFFICIENT_SOLUTION,PRESSURE_OUTPUT,OUTPUT_DEMAND,FITNESS,NODE
0.060990837062909975,27.238138858200756,1.1,66.4178396439256,N16
