EMITTER_COEFFICIENT_SOLUTION,PRESSURE_OUTPUT,OUTPUT_DEMAND,FITNESS,NODE
0.42583991848406266,27.146631251537436,1.1,9.384049523785292,N16
