EMITTER_COEFFICIENT_SOLUTION,PRESSURE_OUTPUT,OUTPUT_DEMAND,FITNESS,NODE
0.8793343671636853,27.029581946133938,1.1,4.472009755709778,N16
