EMITTER_COEFFICIENT_SOLUTION,PRESSURE_OUTPUT,OUTPUT_DEMAND,FITNESS,NODE
0.1367159143190504,27.21934892074359,1.1,29.545472495843022,N16
