EMITTER_COEFFICIENT_SOLUTION,PRESSURE_OUTPUT,OUTPUT_DEMAND,FITNESS,NODE
0.31930982627187077,27.17360200335628,1.1,12.563910939205767,N16
