EMITTER_COEFFICIENT_SOLUTION,PRESSURE_OUTPUT,OUTPUT_DEMAND,FITNESS,NODE
0.2974279630152741,27.179116529645327,1.1,13.499188980261593,N16
