EMITTER_COEFFICIENT_SOLUTION,PRESSURE_OUTPUT,OUTPUT_DEMAND,FITNESS,NODE
0.6033779839526761,27.101233571742178,1.1,6.580614935889898,N16
