EMITTER_COEFFICIENT_SOLUTION,PRESSURE_OUTPUT,OUTPUT_DEMAND,FITNESS,NODE
0.9825259209929853,27.002456440202778,1.1,3.9882169911936374,N16
