EMITTER_COEFFICIENT_SOLUTION,PRESSURE_OUTPUT,OUTPUT_DEMAND,FITNESS,NODE
0.4558511494760078,27.138996384236094,1.1,8.756669423869694,N16
