EMITTER_COEFFICIENT_SOLUTION,PRESSURE_OUTPUT,OUTPUT_DEMAND,FITNESS,NODE
0.8573900816473241,27.035327309604682,1.1,4.589940574516645,N16
