EMITTER_COEFFICIENT_SOLUTION,PRESSURE_OUTPUT,OUTPUT_DEMAND,FITNESS,NODE
0.25188078403245817,27.19056701463844,1.1,15.96728892955056,N16
