EMITTER_COEFFICIENT_SOLUTION,PRESSURE_OUTPUT,OUTPUT_DEMAND,FITNESS,NODE
0.07847803484596438,27.23380926161716,1.1,51.58416942088204,N16
