EMITTER_COEFFICIENT_SOLUTION,PRESSURE_OUTPUT,OUTPUT_DEMAND,FITNESS,NODE
0.2666075906146175,27.186868872555912,1.1,15.07700244199739,N16
