EMITTER_COEFFICIENT_SOLUTION,PRESSURE_OUTPUT,OUTPUT_DEMAND,FITNESS,NODE
0.6232178930801153,27.096125958107997,1.1,6.366624791162199,N16
