EMITTER_COEFFICIENT_SOLUTION,PRESSURE_OUTPUT,OUTPUT_DEMAND,FITNESS,NODE
0.010522703150828816,27.25060166100952,1.1,385.5952389254581,N16
