EMITTER_COEFFICIENT_SOLUTION,PRESSURE_OUTPUT,OUTPUT_DEMAND,FITNESS,NODE
0.49540137498051773,27.12891030991168,1.1,8.046039818663383,N16
