EMITTER_COEFFICIENT_SOLUTION,PRESSURE_OUTPUT,OUTPUT_DEMAND,FITNESS,NODE
0.8911169377940644,27.026493730187084,1.1,4.411090253308236,N16
