EMITTER_COEFFICIENT_SOLUTION,PRESSURE_OUTPUT,OUTPUT_DEMAND,FITNESS,NODE
0.2295979161082098,27.19615503542517,1.1,17.531551085033893,N16
