EMITTER_COEFFICIENT_SOLUTION,PRESSURE_OUTPUT,OUTPUT_DEMAND,FITNESS,NODE
0.09186549267827182,27.230490797884492,1.1,44.04460528222232,N16
