EMITTER_COEFFICIENT_SOLUTION,PRESSURE_OUTPUT,OUTPUT_DEMAND,FITNESS,NODE
0.5899543798029958,27.104685467507544,1.1,6.733572043664264,N16
