EMITTER_COEFFICIENT_SOLUTION,PRESSURE_OUTPUT,OUTPUT_DEMAND,FITNESS,NODE
0.8826638272341747,27.028709530575156,1.1,4.454630234616743,N16
