EMITTER_COEFFICIENT_SOLUTION,PRESSURE_OUTPUT,OUTPUT_DEMAND,FITNESS,NODE
0.11404906241686841,27.224984529823175,1.1,35.447763848468014,N16
