EMITTER_COEFFICIENT_SOLUTION,PRESSURE_OUTPUT,OUTPUT_DEMAND,FITNESS,NODE
0.9969342392052909,26.998654814943883,1.1,3.9286519239715747,N16
