EMITTER_COEFFICIENT_SOLUTION,PRESSURE_OUTPUT,OUTPUT_DEMAND,FITNESS,NODE
0.19259097052033924,27.205415283873286,1.1,20.929359785405023,N16
