EMITTER_COEFFICIENT_SOLUTION,PRESSURE_OUTPUT,OUTPUT_DEMAND,FITNESS,NODE
0.48908254637359216,27.130523596928228,1.1,8.151855563263767,N16
