EMITTER_COEFFICIENT_SOLUTION,PRESSURE_OUTPUT,OUTPUT_DEMAND,FITNESS,NODE
0.24018923217246613,27.193500120248366,1.1,16.75184034405872,N16
