EMITTER_COEFFICIENT_SOLUTION,PRESSURE_OUTPUT,OUTPUT_DEMAND,FITNESS,NODE
0.15501785594502016,27.214791452953484,1.1,26.03922476174671,N16
