EMITTER_COEFFICIENT_SOLUTION,PRESSURE_OUTPUT,OUTPUT_DEMAND,FITNESS,NODE
0.5023772184412414,27.127128456497637,1.1,7.932315296851452,N16
