EMITTER_COEFFICIENT_SOLUTION,PRESSURE_OUTPUT,OUTPUT_DEMAND,FITNESS,NODE
0.6290263741480147,27.094629317232283,1.1,6.306532673562044,N16
