EMITTER_COEFFICIENT_SOLUTION,PRESSURE_OUTPUT,OUTPUT_DEMAND,FITNESS,NODE
0.049329428123046304,27.241022845032177,1.1,82.15435673743416,N16
