EMITTER_COEFFICIENT_SOLUTION,PRESSURE_OUTPUT,OUTPUT_DEMAND,FITNESS,NODE
0.28935587939495333,27.1811486023403,1.1,13.879934078584602,N16
