EMITTER_COEFFICIENT_SOLUTION,PRESSURE_OUTPUT,OUTPUT_DEMAND,FITNESS,NODE
0.15626053006268115,27.214481561189125,1.1,25.83078732268943,N16
