EMITTER_COEFFICIENT_SOLUTION,PRESSURE_OUTPUT,OUTPUT_DEMAND,FITNESS,NODE
0.8668940862501633,27.032840007876104,1.1,4.538130700749211,N16
