EMITTER_COEFFICIENT_SOLUTION,PRESSURE_OUTPUT,OUTPUT_DEMAND,FITNESS,NODE
0.06573322323171737,27.23696527910625,1.1,61.615149003330345,N16
