EMITTER_COEFFICIENT_SOLUTION,PRESSURE_OUTPUT,OUTPUT_DEMAND,FITNESS,NODE
0.11400212935693688,27.22499618902686,1.1,35.46242020782611,N16
