EMITTER_COEFFICIENT_SOLUTION,PRESSURE_OUTPUT,OUTPUT_DEMAND,FITNESS,NODE
0.48412503803161555,27.131788824095104,1.1,8.236809598364914,N16
