EMITTER_COEFFICIENT_SOLUTION,PRESSURE_OUTPUT,OUTPUT_DEMAND,FITNESS,NODE
0.15264268250522894,27.215383215091947,1.1,26.44674335283139,N16
