EMITTER_COEFFICIENT_SOLUTION,PRESSURE_OUTPUT,OUTPUT_DEMAND,FITNESS,NODE
0.12227207695447051,27.222941113879024,1.1,33.05354592249131,N16
