EMITTER_COEFFICIENT_SOLUTION,PRESSURE_OUTPUT,OUTPUT_DEMAND,FITNESS,NODE
0.06160339965521522,27.23798729379935,1.1,65.75590258297846,N16
