EMITTER_COEFFICIENT_SOLUTION,PRESSURE_OUTPUT,OUTPUT_DEMAND,FITNESS,NODE
0.2153885701933289,27.199713632222483,1.1,18.698081806146078,N16
