EMITTER_COEFFICIENT_SOLUTION,PRESSURE_OUTPUT,OUTPUT_DEMAND,FITNESS,NODE
0.07128403413945494,27.235591101103303,1.1,56.8054234389498,N16
