EMITTER_COEFFICIENT_SOLUTION,PRESSURE_OUTPUT,OUTPUT_DEMAND,FITNESS,NODE
0.8676137391948939,27.032651604709308,1.1,4.534253921828774,N16
