EMITTER_COEFFICIENT_SOLUTION,PRESSURE_OUTPUT,OUTPUT_DEMAND,FITNESS,NODE
0.6348692735055783,27.093123215885676,1.1,6.247195082000709,N16
