EMITTER_COEFFICIENT_SOLUTION,PRESSURE_OUTPUT,OUTPUT_DEMAND,FITNESS,NODE
0.5781143768772259,27.107727523599976,1.1,6.8743863119700945,N16
