EMITTER_COEFFICIENT_SOLUTION,PRESSURE_OUTPUT,OUTPUT_DEMAND,FITNESS,NODE
0.7690787034226443,27.058366116123878,1.1,5.132707752582178,N16
