EMITTER_COEFFICIENT_SOLUTION,PRESSURE_OUTPUT,OUTPUT_DEMAND,FITNESS,NODE
0.3256273998363042,27.17200826981366,1.1,12.317275646473673,N16
