EMITTER_COEFFICIENT_SOLUTION,PRESSURE_OUTPUT,OUTPUT_DEMAND,FITNESS,NODE
0.5566888926372293,27.113226290793598,1.1,7.1444512111337195,N16
