EMITTER_COEFFICIENT_SOLUTION,PRESSURE_OUTPUT,OUTPUT_DEMAND,FITNESS,NODE
0.5342004608781659,27.118989027405696,1.1,7.451230210590189,N16
