EMITTER_COEFFICIENT_SOLUTION,PRESSURE_OUTPUT,OUTPUT_DEMAND,FITNESS,NODE
0.5387032707970605,27.117835879587204,1.1,7.3877519136958805,N16
