EMITTER_COEFFICIENT_SOLUTION,PRESSURE_OUTPUT,OUTPUT_DEMAND,FITNESS,NODE
0.048423116001965916,27.24124687719963,1.1,83.69477741183898,N16
