EMITTER_COEFFICIENT_SOLUTION,PRESSURE_OUTPUT,OUTPUT_DEMAND,FITNESS,NODE
0.7980594619102441,27.050820192166007,1.1,4.941325176490972,N16
