EMITTER_COEFFICIENT_SOLUTION,PRESSURE_OUTPUT,OUTPUT_DEMAND,FITNESS,NODE
0.4578140863032447,27.138496452910047,1.1,8.718502146202667,N16
