EMITTER_COEFFICIENT_SOLUTION,PRESSURE_OUTPUT,OUTPUT_DEMAND,FITNESS,NODE
0.3209688511742117,27.173183551505055,1.1,12.498202989405357,N16
