EMITTER_COEFFICIENT_SOLUTION,PRESSURE_OUTPUT,OUTPUT_DEMAND,FITNESS,NODE
0.3897023880856958,27.155803271600703,1.1,10.267806739877523,N16
