EMITTER_COEFFICIENT_SOLUTION,PRESSURE_OUTPUT,OUTPUT_DEMAND,FITNESS,NODE
0.23457951974433522,27.194906558736534,1.1,17.156044173482208,N16
