EMITTER_COEFFICIENT_SOLUTION,PRESSURE_OUTPUT,OUTPUT_DEMAND,FITNESS,NODE
0.29194619024874635,27.180496644931445,1.1,13.75545919708983,N16
