EMITTER_COEFFICIENT_SOLUTION,PRESSURE_OUTPUT,OUTPUT_DEMAND,FITNESS,NODE
0.3331512518940267,27.17010928364926,1.1,12.035755285892716,N16
