EMITTER_COEFFICIENT_SOLUTION,PRESSURE_OUTPUT,OUTPUT_DEMAND,FITNESS,NODE
0.02558551037367529,27.246886965473273,1.1,158.52662681672774,N16
