EMITTER_COEFFICIENT_SOLUTION,PRESSURE_OUTPUT,OUTPUT_DEMAND,FITNESS,NODE
0.37554778559572477,27.159389441647022,1.1,10.66034296492757,N16
