EMITTER_COEFFICIENT_SOLUTION,PRESSURE_OUTPUT,OUTPUT_DEMAND,FITNESS,NODE
0.7719758696019232,27.057612405389435,1.1,5.112927997287725,N16
