EMITTER_COEFFICIENT_SOLUTION,PRESSURE_OUTPUT,OUTPUT_DEMAND,FITNESS,NODE
0.9675775023459714,27.006396881204893,1.1,4.051893855482223,N16
