EMITTER_COEFFICIENT_SOLUTION,PRESSURE_OUTPUT,OUTPUT_DEMAND,FITNESS,NODE
0.5147475360527134,27.123966797079625,1.1,7.7382456718525825,N16
