EMITTER_COEFFICIENT_SOLUTION,PRESSURE_OUTPUT,OUTPUT_DEMAND,FITNESS,NODE
0.1195984633508127,27.223605645066314,1.1,33.79587613076273,N16
