EMITTER_COEFFICIENT_SOLUTION,PRESSURE_OUTPUT,OUTPUT_DEMAND,FITNESS,NODE
0.8280643779301886,27.042992534110518,1.1,4.757316898007823,N16
