EMITTER_COEFFICIENT_SOLUTION,PRESSURE_OUTPUT,OUTPUT_DEMAND,FITNESS,NODE
0.46199351119980747,27.137431785988774,1.1,8.638318673539393,N16
