EMITTER_COEFFICIENT_SOLUTION,PRESSURE_OUTPUT,OUTPUT_DEMAND,FITNESS,NODE
0.8242520860194908,27.043988067871943,1.1,4.779955097968651,N16
