EMITTER_COEFFICIENT_SOLUTION,PRESSURE_OUTPUT,OUTPUT_DEMAND,FITNESS,NODE
0.9812432429004421,27.002794660138463,1.1,3.9936039415626627,N16
