EMITTER_COEFFICIENT_SOLUTION,PRESSURE_OUTPUT,OUTPUT_DEMAND,FITNESS,NODE
0.14183811206039154,27.2180740298071,1.1,28.472973730884583,N16
