EMITTER_COEFFICIENT_SOLUTION,PRESSURE_OUTPUT,OUTPUT_DEMAND,FITNESS,NODE
0.3163684291382787,27.17434378195552,1.1,12.682103582300918,N16
