EMITTER_COEFFICIENT_SOLUTION,PRESSURE_OUTPUT,OUTPUT_DEMAND,FITNESS,NODE
0.9799605363058272,27.003132907574475,1.1,3.9990059038862222,N16
