EMITTER_COEFFICIENT_SOLUTION,PRESSURE_OUTPUT,OUTPUT_DEMAND,FITNESS,NODE
0.06705078213650295,27.236639152476485,1.1,60.40142223488523,N16
