EMITTER_COEFFICIENT_SOLUTION,PRESSURE_OUTPUT,OUTPUT_DEMAND,FITNESS,NODE
0.5299686365467042,27.120072451567758,1.1,7.511872375768254,N16
