EMITTER_COEFFICIENT_SOLUTION,PRESSURE_OUTPUT,OUTPUT_DEMAND,FITNESS,NODE
0.33047008141237144,27.170786116669248,1.1,12.134606173420485,N16
