EMITTER_COEFFICIENT_SOLUTION,PRESSURE_OUTPUT,OUTPUT_DEMAND,FITNESS,NODE
0.9724520070274172,27.005112343312724,1.1,4.0309137106852075,N16
