EMITTER_COEFFICIENT_SOLUTION,PRESSURE_OUTPUT,OUTPUT_DEMAND,FITNESS,NODE
0.5277394199060288,27.12064304474054,1.1,7.5442085366119205,N16
