EMITTER_COEFFICIENT_SOLUTION,PRESSURE_OUTPUT,OUTPUT_DEMAND,FITNESS,NODE
0.32180084243407525,27.17297368153612,1.1,12.465505998669697,N16
