EMITTER_COEFFICIENT_SOLUTION,PRESSURE_OUTPUT,OUTPUT_DEMAND,FITNESS,NODE
0.6641858681201511,27.085557442913938,1.1,5.965248450890311,N16
