EMITTER_COEFFICIENT_SOLUTION,PRESSURE_OUTPUT,OUTPUT_DEMAND,FITNESS,NODE
0.1722469699187108,27.21049516142518,1.1,23.419262651018894,N16
