EMITTER_COEFFICIENT_SOLUTION,PRESSURE_OUTPUT,OUTPUT_DEMAND,FITNESS,NODE
0.8369057434513587,27.040683090103606,1.1,4.705617422852293,N16
