EMITTER_COEFFICIENT_SOLUTION,PRESSURE_OUTPUT,OUTPUT_DEMAND,FITNESS,NODE
0.20992856444660335,27.201080048222366,1.1,19.188331356209773,N16
