EMITTER_COEFFICIENT_SOLUTION,PRESSURE_OUTPUT,OUTPUT_DEMAND,FITNESS,NODE
0.8885295554783257,27.027172084400767,1.1,4.424329092109545,N16
