EMITTER_COEFFICIENT_SOLUTION,PRESSURE_OUTPUT,OUTPUT_DEMAND,FITNESS,NODE
0.03684921103015748,27.24410646800675,1.1,110.02811634612522,N16
