EMITTER_COEFFICIENT_SOLUTION,PRESSURE_OUTPUT,OUTPUT_DEMAND,FITNESS,NODE
0.4874764379991998,27.130933546516275,1.1,8.179189185251847,N16
