EMITTER_COEFFICIENT_SOLUTION,PRESSURE_OUTPUT,OUTPUT_DEMAND,FITNESS,NODE
0.23723499704277717,27.19424086317951,1.1,16.962322536083125,N16
