EMITTER_COEFFICIENT_SOLUTION,PRESSURE_OUTPUT,OUTPUT_DEMAND,FITNESS,NODE
0.03709621440797717,27.244045466957537,1.1,109.29454984861466,N16
