EMITTER_COEFFICIENT_SOLUTION,PRESSURE_OUTPUT,OUTPUT_DEMAND,FITNESS,NODE
0.7780965792773415,27.056019604045076,1.1,5.071625296629726,N16
