EMITTER_COEFFICIENT_SOLUTION,PRESSURE_OUTPUT,OUTPUT_DEMAND,FITNESS,NODE
0.5344163525137342,27.118933746753036,1.1,7.448162246501906,N16
