EMITTER_COEFFICIENT_SOLUTION,PRESSURE_OUTPUT,OUTPUT_DEMAND,FITNESS,NODE
0.9104665159422518,27.021417347289976,1.1,4.3144787912535465,N16
