EMITTER_COEFFICIENT_SOLUTION,PRESSURE_OUTPUT,OUTPUT_DEMAND,FITNESS,NODE
0.2746271057961489,27.184853370196578,1.1,14.632358232335003,N16
