EMITTER_COEFFICIENT_SOLUTION,PRESSURE_OUTPUT,OUTPUT_DEMAND,FITNESS,NODE
0.1448045289166866,27.217335478295155,1.1,27.886554138080662,N16
