EMITTER_COEFFICIENT_SOLUTION,PRESSURE_OUTPUT,OUTPUT_DEMAND,FITNESS,NODE
0.028437806071808014,27.24618309170976,1.1,142.61343042539482,N16
