EMITTER_COEFFICIENT_SOLUTION,PRESSURE_OUTPUT,OUTPUT_DEMAND,FITNESS,NODE
0.9446907614170081,27.012422730584362,1.1,4.153301283568959,N16
