EMITTER_COEFFICIENT_SOLUTION,PRESSURE_OUTPUT,OUTPUT_DEMAND,FITNESS,NODE
0.3939896553943343,27.154716350712846,1.1,10.154479764170764,N16
