EMITTER_COEFFICIENT_SOLUTION,PRESSURE_OUTPUT,OUTPUT_DEMAND,FITNESS,NODE
0.9306935821396431,27.016103777965427,1.1,4.217784882740772,N16
