EMITTER_COEFFICIENT_SOLUTION,PRESSURE_OUTPUT,OUTPUT_DEMAND,FITNESS,NODE
0.04904734445297487,27.241092575240273,1.1,82.62770112353381,N16
