EMITTER_COEFFICIENT_SOLUTION,PRESSURE_OUTPUT,OUTPUT_DEMAND,FITNESS,NODE
0.6630816401987607,27.085842682565634,1.1,5.9754157725455554,N16
