EMITTER_COEFFICIENT_SOLUTION,PRESSURE_OUTPUT,OUTPUT_DEMAND,FITNESS,NODE
0.9129963992281083,27.020753135863046,1.1,4.302150007628634,N16
