EMITTER_COEFFICIENT_SOLUTION,PRESSURE_OUTPUT,OUTPUT_DEMAND,FITNESS,NODE
0.8804340170262788,27.029293826492548,1.1,4.466255102815299,N16
