EMITTER_COEFFICIENT_SOLUTION,PRESSURE_OUTPUT,OUTPUT_DEMAND,FITNESS,NODE
0.5276354535546606,27.120669653964057,1.1,7.545723306845567,N16
