EMITTER_COEFFICIENT_SOLUTION,PRESSURE_OUTPUT,OUTPUT_DEMAND,FITNESS,NODE
0.044915882402756235,27.242113686495152,1.1,90.24156965948218,N16
