EMITTER_COEFFICIENT_SOLUTION,PRESSURE_OUTPUT,OUTPUT_DEMAND,FITNESS,NODE
0.7463814641309969,27.064265936967566,1.1,5.292990384791798,N16
