EMITTER_COEFFICIENT_SOLUTION,PRESSURE_OUTPUT,OUTPUT_DEMAND,FITNESS,NODE
0.1722148710931788,27.210503170396763,1.1,23.423656090547357,N16
