EMITTER_COEFFICIENT_SOLUTION,PRESSURE_OUTPUT,OUTPUT_DEMAND,FITNESS,NODE
0.5085367860465306,27.125554390301353,1.1,7.834493889451632,N16
