EMITTER_COEFFICIENT_SOLUTION,PRESSURE_OUTPUT,OUTPUT_DEMAND,FITNESS,NODE
0.8038264946536915,27.049317102998558,1.1,4.904895281506329,N16
