EMITTER_COEFFICIENT_SOLUTION,PRESSURE_OUTPUT,OUTPUT_DEMAND,FITNESS,NODE
0.02036340544306947,27.248175245046653,1.1,199.21076758500567,N16
