EMITTER_COEFFICIENT_SOLUTION,PRESSURE_OUTPUT,OUTPUT_DEMAND,FITNESS,NODE
0.7300832126271484,27.068496988899184,1.1,5.4142418834265005,N16
