EMITTER_COEFFICIENT_SOLUTION,PRESSURE_OUTPUT,OUTPUT_DEMAND,FITNESS,NODE
0.2833228629229312,27.182666582309942,1.1,14.178671048186247,N16
