EMITTER_COEFFICIENT_SOLUTION,PRESSURE_OUTPUT,OUTPUT_DEMAND,FITNESS,NODE
0.24702379793016016,27.191785810781703,1.1,16.284193505106618,N16
