EMITTER_COEFFICIENT_SOLUTION,PRESSURE_OUTPUT,OUTPUT_DEMAND,FITNESS,NODE
0.09481882353306448,27.229758275143553,1.1,42.66797946064029,N16
