EMITTER_COEFFICIENT_SOLUTION,PRESSURE_OUTPUT,OUTPUT_DEMAND,FITNESS,NODE
0.36533043407708954,27.16197583858338,1.1,10.962602508063192,N16
