EMITTER_COEFFICIENT_SOLUTION,PRESSURE_OUTPUT,OUTPUT_DEMAND,FITNESS,NODE
0.045046511252337385,28.96059107396873,0.89,182.97886632481843,N15
