EMITTER_COEFFICIENT_SOLUTION,PRESSURE_OUTPUT,OUTPUT_DEMAND,FITNESS,NODE
0.9739784832087616,28.82750775190584,0.89,7.217692546933285,N15
