EMITTER_COEFFICIENT_SOLUTION,PRESSURE_OUTPUT,OUTPUT_DEMAND,FITNESS,NODE
0.12942422479666138,28.95009888804759,0.89,62.66725132856194,N15
