EMITTER_COEFFICIENT_SOLUTION,PRESSURE_OUTPUT,OUTPUT_DEMAND,FITNESS,NODE
0.12806450404852943,28.95027060385427,0.89,63.348946658462886,N15
