EMITTER_COEFFICIENT_SOLUTION,PRESSURE_OUTPUT,OUTPUT_DEMAND,FITNESS,NODE
0.33827043603844864,28.922715556312525,0.89,23.073038109796915,N15
