EMITTER_COEFFICIENT_SOLUTION,PRESSURE_OUTPUT,OUTPUT_DEMAND,FITNESS,NODE
0.019455531255610503,28.96370705081621,0.89,425.6885750075734,N15
