EMITTER_COEFFICIENT_SOLUTION,PRESSURE_OUTPUT,OUTPUT_DEMAND,FITNESS,NODE
0.9001936379296877,28.839444831393493,0.89,7.898185777040093,N15
