EMITTER_COEFFICIENT_SOLUTION,PRESSURE_OUTPUT,OUTPUT_DEMAND,FITNESS,NODE
0.4745423795889946,28.903786510448498,0.89,16.0591811580613,N15
