EMITTER_COEFFICIENT_SOLUTION,PRESSURE_OUTPUT,OUTPUT_DEMAND,FITNESS,NODE
0.27495928545550574,28.931226764965167,0.89,28.711358698708295,N15
