EMITTER_COEFFICIENT_SOLUTION,PRESSURE_OUTPUT,OUTPUT_DEMAND,FITNESS,NODE
0.7199996327640169,28.86763270735466,0.89,10.16017736799889,N15
