EMITTER_COEFFICIENT_SOLUTION,PRESSURE_OUTPUT,OUTPUT_DEMAND,FITNESS,NODE
0.045186559019834927,28.96057393640804,0.89,182.40687276890534,N15
