EMITTER_COEFFICIENT_SOLUTION,PRESSURE_OUTPUT,OUTPUT_DEMAND,FITNESS,NODE
0.4122725166506068,28.91253877703648,0.89,18.685508505685878,N15
