EMITTER_COEFFICIENT_SOLUTION,PRESSURE_OUTPUT,OUTPUT_DEMAND,FITNESS,NODE
0.013216616116907276,28.96446199827303,0.89,627.2787051226809,N15
