EMITTER_COEFFICIENT_SOLUTION,PRESSURE_OUTPUT,OUTPUT_DEMAND,FITNESS,NODE
0.4458651926644076,28.907838539199012,0.89,17.176922381920217,N15
