EMITTER_COEFFICIENT_SOLUTION,PRESSURE_OUTPUT,OUTPUT_DEMAND,FITNESS,NODE
0.5998164237734583,28.885661767102242,0.89,12.43867440016503,N15
