EMITTER_COEFFICIENT_SOLUTION,PRESSURE_OUTPUT,OUTPUT_DEMAND,FITNESS,NODE
0.09337993883546492,28.954621709092372,0.89,87.45480968689594,N15
