EMITTER_COEFFICIENT_SOLUTION,PRESSURE_OUTPUT,OUTPUT_DEMAND,FITNESS,NODE
0.7638133273301364,28.86090577133482,0.89,9.510185988165189,N15
