EMITTER_COEFFICIENT_SOLUTION,PRESSURE_OUTPUT,OUTPUT_DEMAND,FITNESS,NODE
0.24554291792049454,28.93511954382899,0.89,32.32412862220364,N15
