EMITTER_COEFFICIENT_SOLUTION,PRESSURE_OUTPUT,OUTPUT_DEMAND,FITNESS,NODE
0.9209544662579298,28.836109125929013,0.89,7.695441509907091,N15
