EMITTER_COEFFICIENT_SOLUTION,PRESSURE_OUTPUT,OUTPUT_DEMAND,FITNESS,NODE
0.45494290388360736,28.9065598108033,0.89,16.807746640780092,N15
