EMITTER_COEFFICIENT_SOLUTION,PRESSURE_OUTPUT,OUTPUT_DEMAND,FITNESS,NODE
0.6018885648225837,28.885356208064984,0.89,12.39157712117287,N15
