EMITTER_COEFFICIENT_SOLUTION,PRESSURE_OUTPUT,OUTPUT_DEMAND,FITNESS,NODE
0.4337668121946455,28.909537098077436,0.89,17.693137612897704,N15
