EMITTER_COEFFICIENT_SOLUTION,PRESSURE_OUTPUT,OUTPUT_DEMAND,FITNESS,NODE
0.34431989383052863,28.921892840338927,0.89,22.64321204618706,N15
