EMITTER_COEFFICIENT_SOLUTION,PRESSURE_OUTPUT,OUTPUT_DEMAND,FITNESS,NODE
0.4554089621329499,28.906494061251408,0.89,16.789192873347766,N15
