EMITTER_COEFFICIENT_SOLUTION,PRESSURE_OUTPUT,OUTPUT_DEMAND,FITNESS,NODE
0.36453327593336293,28.919131938672315,0.89,21.310943859400492,N15
