EMITTER_COEFFICIENT_SOLUTION,PRESSURE_OUTPUT,OUTPUT_DEMAND,FITNESS,NODE
0.5933432111329476,28.88661510898995,0.89,12.587946159595724,N15
