EMITTER_COEFFICIENT_SOLUTION,PRESSURE_OUTPUT,OUTPUT_DEMAND,FITNESS,NODE
0.9313130048923036,28.83443803453759,0.89,7.597736247224436,N15
