EMITTER_COEFFICIENT_SOLUTION,PRESSURE_OUTPUT,OUTPUT_DEMAND,FITNESS,NODE
0.7493997836463381,28.863127802976358,0.89,9.71549314996174,N15
