EMITTER_COEFFICIENT_SOLUTION,PRESSURE_OUTPUT,OUTPUT_DEMAND,FITNESS,NODE
0.35487117481032426,28.920453950509696,0.89,21.928749538395675,N15
