EMITTER_COEFFICIENT_SOLUTION,PRESSURE_OUTPUT,OUTPUT_DEMAND,FITNESS,NODE
0.41270291933753656,28.912478872794182,0.89,18.66461643099109,N15
