EMITTER_COEFFICIENT_SOLUTION,PRESSURE_OUTPUT,OUTPUT_DEMAND,FITNESS,NODE
0.44378776274919807,28.90813066249276,0.89,17.263547048226766,N15
