EMITTER_COEFFICIENT_SOLUTION,PRESSURE_OUTPUT,OUTPUT_DEMAND,FITNESS,NODE
0.7978668254396618,28.85562085257917,0.89,9.055072948242167,N15
