EMITTER_COEFFICIENT_SOLUTION,PRESSURE_OUTPUT,OUTPUT_DEMAND,FITNESS,NODE
0.567606088757863,28.890387509360714,0.89,13.215507984141505,N15
