EMITTER_COEFFICIENT_SOLUTION,PRESSURE_OUTPUT,OUTPUT_DEMAND,FITNESS,NODE
0.9660939241400927,28.82879418608752,0.89,7.285337535441103,N15
