EMITTER_COEFFICIENT_SOLUTION,PRESSURE_OUTPUT,OUTPUT_DEMAND,FITNESS,NODE
0.9202615404744604,28.836220751867728,0.89,7.702057661254726,N15
