EMITTER_COEFFICIENT_SOLUTION,PRESSURE_OUTPUT,OUTPUT_DEMAND,FITNESS,NODE
0.980152415988715,28.826498613449438,0.89,7.165501533693513,N15
