EMITTER_COEFFICIENT_SOLUTION,PRESSURE_OUTPUT,OUTPUT_DEMAND,FITNESS,NODE
0.06518310114279868,28.958117475777264,0.89,125.9650465343753,N15
