EMITTER_COEFFICIENT_SOLUTION,PRESSURE_OUTPUT,OUTPUT_DEMAND,FITNESS,NODE
0.5002196912515428,28.900127559743147,0.89,15.167918051572089,N15
