EMITTER_COEFFICIENT_SOLUTION,PRESSURE_OUTPUT,OUTPUT_DEMAND,FITNESS,NODE
0.552645465548732,28.89256708243446,0.89,13.607459497614695,N15
