EMITTER_COEFFICIENT_SOLUTION,PRESSURE_OUTPUT,OUTPUT_DEMAND,FITNESS,NODE
0.27375498356940964,28.93138690703993,0.89,28.84398033642128,N15
