EMITTER_COEFFICIENT_SOLUTION,PRESSURE_OUTPUT,OUTPUT_DEMAND,FITNESS,NODE
0.42670611940944825,28.910525387712518,0.89,18.00802493778272,N15
