EMITTER_COEFFICIENT_SOLUTION,PRESSURE_OUTPUT,OUTPUT_DEMAND,FITNESS,NODE
0.9757956993475646,28.827210890078142,0.89,7.202260570017166,N15
