EMITTER_COEFFICIENT_SOLUTION,PRESSURE_OUTPUT,OUTPUT_DEMAND,FITNESS,NODE
0.5872700637550133,28.88750787522715,0.89,12.73101853402867,N15
