EMITTER_COEFFICIENT_SOLUTION,PRESSURE_OUTPUT,OUTPUT_DEMAND,FITNESS,NODE
0.4770573815652076,28.903429412867695,0.89,15.967611778763729,N15
