EMITTER_COEFFICIENT_SOLUTION,PRESSURE_OUTPUT,OUTPUT_DEMAND,FITNESS,NODE
0.7185487805624552,28.86785406009568,0.89,10.183078940540662,N15
