EMITTER_COEFFICIENT_SOLUTION,PRESSURE_OUTPUT,OUTPUT_DEMAND,FITNESS,NODE
0.020169297042833878,28.963620562885986,0.89,410.5725564918909,N15
