EMITTER_COEFFICIENT_SOLUTION,PRESSURE_OUTPUT,OUTPUT_DEMAND,FITNESS,NODE
0.4659233908850221,28.905008176883094,0.89,16.38055056680047,N15
