EMITTER_COEFFICIENT_SOLUTION,PRESSURE_OUTPUT,OUTPUT_DEMAND,FITNESS,NODE
0.9438320915321449,28.832412401522795,0.89,7.482577690149016,N15
