EMITTER_COEFFICIENT_SOLUTION,PRESSURE_OUTPUT,OUTPUT_DEMAND,FITNESS,NODE
0.4833132549266905,28.902539950151464,0.89,15.744006031990711,N15
