EMITTER_COEFFICIENT_SOLUTION,PRESSURE_OUTPUT,OUTPUT_DEMAND,FITNESS,NODE
0.7676986825854012,28.86030527891667,0.89,9.456183665729059,N15
