EMITTER_COEFFICIENT_SOLUTION,PRESSURE_OUTPUT,OUTPUT_DEMAND,FITNESS,NODE
0.9514227339120457,28.831181018727648,0.89,7.41426328047104,N15
