EMITTER_COEFFICIENT_SOLUTION,PRESSURE_OUTPUT,OUTPUT_DEMAND,FITNESS,NODE
0.5568705601417453,28.891952529773597,0.89,13.494610808763811,N15
