EMITTER_COEFFICIENT_SOLUTION,PRESSURE_OUTPUT,OUTPUT_DEMAND,FITNESS,NODE
0.41801861606644275,28.911738344904542,0.89,18.410157329834924,N15
