EMITTER_COEFFICIENT_SOLUTION,PRESSURE_OUTPUT,OUTPUT_DEMAND,FITNESS,NODE
0.7636234698340781,28.860935097855176,0.89,9.512839125303907,N15
