EMITTER_COEFFICIENT_SOLUTION,PRESSURE_OUTPUT,OUTPUT_DEMAND,FITNESS,NODE
0.24558007659296888,28.93511465133178,0.89,32.31901750826328,N15
