EMITTER_COEFFICIENT_SOLUTION,PRESSURE_OUTPUT,OUTPUT_DEMAND,FITNESS,NODE
0.36601949997292393,28.91892821562093,0.89,21.2188216975944,N15
