EMITTER_COEFFICIENT_SOLUTION,PRESSURE_OUTPUT,OUTPUT_DEMAND,FITNESS,NODE
0.8764612482413948,28.843235821142912,0.89,8.141972231832783,N15
