EMITTER_COEFFICIENT_SOLUTION,PRESSURE_OUTPUT,OUTPUT_DEMAND,FITNESS,NODE
0.8413941952235727,28.848793993296873,0.89,8.527897842655403,N15
