EMITTER_COEFFICIENT_SOLUTION,PRESSURE_OUTPUT,OUTPUT_DEMAND,FITNESS,NODE
0.03369818439434924,28.961976680916322,0.89,245.12777520946983,N15
