EMITTER_COEFFICIENT_SOLUTION,PRESSURE_OUTPUT,OUTPUT_DEMAND,FITNESS,NODE
0.11669952676887763,28.951702494846145,0.89,69.66849089447992,N15
