EMITTER_COEFFICIENT_SOLUTION,PRESSURE_OUTPUT,OUTPUT_DEMAND,FITNESS,NODE
0.3708337170562749,28.918267631313896,0.89,20.925512541764327,N15
