EMITTER_COEFFICIENT_SOLUTION,PRESSURE_OUTPUT,OUTPUT_DEMAND,FITNESS,NODE
0.7850006878820012,28.857623403318946,0.89,9.222303213724196,N15
