EMITTER_COEFFICIENT_SOLUTION,PRESSURE_OUTPUT,OUTPUT_DEMAND,FITNESS,NODE
0.5773018648519278,28.888969744147936,0.89,12.972449840011006,N15
