EMITTER_COEFFICIENT_SOLUTION,PRESSURE_OUTPUT,OUTPUT_DEMAND,FITNESS,NODE
0.6798138273525679,28.873730368789374,0.89,10.831206594627762,N15
