EMITTER_COEFFICIENT_SOLUTION,PRESSURE_OUTPUT,OUTPUT_DEMAND,FITNESS,NODE
0.7032647418597383,28.87018042572025,0.89,10.430165010425076,N15
