EMITTER_COEFFICIENT_SOLUTION,PRESSURE_OUTPUT,OUTPUT_DEMAND,FITNESS,NODE
0.847875660481428,28.847770580533997,0.89,8.454114059245445,N15
