EMITTER_COEFFICIENT_SOLUTION,PRESSURE_OUTPUT,OUTPUT_DEMAND,FITNESS,NODE
0.19055506642518016,28.94229033937348,0.89,42.077188184935515,N15
