EMITTER_COEFFICIENT_SOLUTION,PRESSURE_OUTPUT,OUTPUT_DEMAND,FITNESS,NODE
0.7753219443139746,28.859125214618807,0.89,9.351827513381403,N15
