EMITTER_COEFFICIENT_SOLUTION,PRESSURE_OUTPUT,OUTPUT_DEMAND,FITNESS,NODE
0.59912820053269,28.885763211617146,0.89,12.454389788722986,N15
