EMITTER_COEFFICIENT_SOLUTION,PRESSURE_OUTPUT,OUTPUT_DEMAND,FITNESS,NODE
0.5268916884733025,28.896296165875356,0.89,14.334858254233797,N15
