EMITTER_COEFFICIENT_SOLUTION,PRESSURE_OUTPUT,OUTPUT_DEMAND,FITNESS,NODE
0.32710765673748854,28.924229354727757,0.89,23.90809846412517,N15
