EMITTER_COEFFICIENT_SOLUTION,PRESSURE_OUTPUT,OUTPUT_DEMAND,FITNESS,NODE
0.7239107541806348,28.867035548765827,0.89,10.098904916618013,N15
