EMITTER_COEFFICIENT_SOLUTION,PRESSURE_OUTPUT,OUTPUT_DEMAND,FITNESS,NODE
0.4720524127252582,28.90413977840457,0.89,16.150807825791787,N15
