EMITTER_COEFFICIENT_SOLUTION,PRESSURE_OUTPUT,OUTPUT_DEMAND,FITNESS,NODE
0.07133653739408674,28.957357773131,0.89,114.96350167099075,N15
