EMITTER_COEFFICIENT_SOLUTION,PRESSURE_OUTPUT,OUTPUT_DEMAND,FITNESS,NODE
0.05506079574538958,28.959363298546414,0.89,149.41234408230494,N15
