EMITTER_COEFFICIENT_SOLUTION,PRESSURE_OUTPUT,OUTPUT_DEMAND,FITNESS,NODE
0.13257517395586949,28.949700632065976,0.89,61.141310487578345,N15
