EMITTER_COEFFICIENT_SOLUTION,PRESSURE_OUTPUT,OUTPUT_DEMAND,FITNESS,NODE
0.7813060247503013,28.858197159333052,0.89,9.271361248988539,N15
