EMITTER_COEFFICIENT_SOLUTION,PRESSURE_OUTPUT,OUTPUT_DEMAND,FITNESS,NODE
0.32272625130116406,28.92482198948509,0.89,24.251715445569463,N15
