EMITTER_COEFFICIENT_SOLUTION,PRESSURE_OUTPUT,OUTPUT_DEMAND,FITNESS,NODE
0.5765758897691725,28.889076041754052,0.89,12.990362775578209,N15
