EMITTER_COEFFICIENT_SOLUTION,PRESSURE_OUTPUT,OUTPUT_DEMAND,FITNESS,NODE
0.1495810477848517,28.947543262540435,0.89,54.01632018367481,N15
