EMITTER_COEFFICIENT_SOLUTION,PRESSURE_OUTPUT,OUTPUT_DEMAND,FITNESS,NODE
0.34165928121795275,28.922254881740635,0.89,22.83037040530198,N15
