EMITTER_COEFFICIENT_SOLUTION,PRESSURE_OUTPUT,OUTPUT_DEMAND,FITNESS,NODE
0.08734164551183532,28.955373457255753,0.89,93.60904183707252,N15
