EMITTER_COEFFICIENT_SOLUTION,PRESSURE_OUTPUT,OUTPUT_DEMAND,FITNESS,NODE
0.019874539639289535,28.963656281955913,0.89,416.6833299702729,N15
