EMITTER_COEFFICIENT_SOLUTION,PRESSURE_OUTPUT,OUTPUT_DEMAND,FITNESS,NODE
0.7626279064544347,28.861088853363526,0.89,9.526773474011433,N15
