EMITTER_COEFFICIENT_SOLUTION,PRESSURE_OUTPUT,OUTPUT_DEMAND,FITNESS,NODE
0.8411006293064162,28.848840304873086,0.89,8.531267184651988,N15
