EMITTER_COEFFICIENT_SOLUTION,PRESSURE_OUTPUT,OUTPUT_DEMAND,FITNESS,NODE
0.3301114940346376,28.923822552103317,0.89,23.677810982134645,N15
