EMITTER_COEFFICIENT_SOLUTION,PRESSURE_OUTPUT,OUTPUT_DEMAND,FITNESS,NODE
0.2952213108334182,28.928522560303392,0.89,26.64277649698542,N15
