EMITTER_COEFFICIENT_SOLUTION,PRESSURE_OUTPUT,OUTPUT_DEMAND,FITNESS,NODE
0.23762448402373193,28.936160687797795,0.89,33.449852346818595,N15
