EMITTER_COEFFICIENT_SOLUTION,PRESSURE_OUTPUT,OUTPUT_DEMAND,FITNESS,NODE
0.23774950146610918,28.936144272288452,0.89,33.431495234351715,N15
