EMITTER_COEFFICIENT_SOLUTION,PRESSURE_OUTPUT,OUTPUT_DEMAND,FITNESS,NODE
0.0728986478008099,28.9571646318916,0.89,112.46627869062701,N15
