EMITTER_COEFFICIENT_SOLUTION,PRESSURE_OUTPUT,OUTPUT_DEMAND,FITNESS,NODE
0.7014615624859523,28.870454224897564,0.89,10.46003647505615,N15
