EMITTER_COEFFICIENT_SOLUTION,PRESSURE_OUTPUT,OUTPUT_DEMAND,FITNESS,NODE
0.801837711177163,28.855001384368244,0.89,9.004563382174721,N15
