EMITTER_COEFFICIENT_SOLUTION,PRESSURE_OUTPUT,OUTPUT_DEMAND,FITNESS,NODE
0.9281796173636517,28.83494400216228,0.89,7.6270562421335315,N15
