EMITTER_COEFFICIENT_SOLUTION,PRESSURE_OUTPUT,OUTPUT_DEMAND,FITNESS,NODE
0.0038289638913052704,28.965594475112816,0.89,2165.8576242732834,N15
