EMITTER_COEFFICIENT_SOLUTION,PRESSURE_OUTPUT,OUTPUT_DEMAND,FITNESS,NODE
0.29734833376585723,28.92823760576254,0.89,26.442029136818782,N15
