EMITTER_COEFFICIENT_SOLUTION,PRESSURE_OUTPUT,OUTPUT_DEMAND,FITNESS,NODE
0.6138465640557907,28.88358923381412,0.89,12.126069579959433,N15
