EMITTER_COEFFICIENT_SOLUTION,PRESSURE_OUTPUT,OUTPUT_DEMAND,FITNESS,NODE
0.18115541470261365,28.943502232765752,0.89,44.33812514105834,N15
