EMITTER_COEFFICIENT_SOLUTION,PRESSURE_OUTPUT,OUTPUT_DEMAND,FITNESS,NODE
0.3479258227096834,28.92140165800317,0.89,22.394145573289045,N15
