EMITTER_COEFFICIENT_SOLUTION,PRESSURE_OUTPUT,OUTPUT_DEMAND,FITNESS,NODE
0.48746151832491813,28.901949197057256,0.89,15.598923250299517,N15
