EMITTER_COEFFICIENT_SOLUTION,PRESSURE_OUTPUT,OUTPUT_DEMAND,FITNESS,NODE
0.09488406178055897,28.954434185110316,0.89,86.0437037725535,N15
