EMITTER_COEFFICIENT_SOLUTION,PRESSURE_OUTPUT,OUTPUT_DEMAND,FITNESS,NODE
0.3010010414898979,28.927747779727724,0.89,26.103931169506602,N15
