EMITTER_COEFFICIENT_SOLUTION,PRESSURE_OUTPUT,OUTPUT_DEMAND,FITNESS,NODE
0.5351974487867154,28.895096683650983,0.89,14.092545285558572,N15
