EMITTER_COEFFICIENT_SOLUTION,PRESSURE_OUTPUT,OUTPUT_DEMAND,FITNESS,NODE
0.898543525131254,28.839709184371692,0.89,7.914710972778557,N15
