EMITTER_COEFFICIENT_SOLUTION,PRESSURE_OUTPUT,OUTPUT_DEMAND,FITNESS,NODE
0.008044747765446947,28.965086423921413,0.89,1031.180785069826,N15
