EMITTER_COEFFICIENT_SOLUTION,PRESSURE_OUTPUT,OUTPUT_DEMAND,FITNESS,NODE
0.5099602120849495,28.89873196901773,0.89,14.853496188057816,N15
