EMITTER_COEFFICIENT_SOLUTION,PRESSURE_OUTPUT,OUTPUT_DEMAND,FITNESS,NODE
0.4248398924389519,28.910786234841005,0.89,18.093014005042967,N15
