EMITTER_COEFFICIENT_SOLUTION,PRESSURE_OUTPUT,OUTPUT_DEMAND,FITNESS,NODE
0.7190809278042541,28.867772882245873,0.89,10.17466814825536,N15
