EMITTER_COEFFICIENT_SOLUTION,PRESSURE_OUTPUT,OUTPUT_DEMAND,FITNESS,NODE
0.01368567215206662,28.820989865982725,0.89,6.8933988263080614,N15
