EMITTER_COEFFICIENT_SOLUTION,PRESSURE_OUTPUT,OUTPUT_DEMAND,FITNESS,NODE
0.5404659415654754,28.894334264708398,0.89,13.94273859766469,N15
