EMITTER_COEFFICIENT_SOLUTION,PRESSURE_OUTPUT,OUTPUT_DEMAND,FITNESS,NODE
0.9643447972449747,28.829079220152842,0.89,7.3004975250235615,N15
