EMITTER_COEFFICIENT_SOLUTION,PRESSURE_OUTPUT,OUTPUT_DEMAND,FITNESS,NODE
0.1360277136926954,28.949263727714808,0.89,59.55054252688331,N15
