EMITTER_COEFFICIENT_SOLUTION,PRESSURE_OUTPUT,OUTPUT_DEMAND,FITNESS,NODE
0.361309666209486,28.919573472494577,0.89,21.513374005854143,N15
