EMITTER_COEFFICIENT_SOLUTION,PRESSURE_OUTPUT,OUTPUT_DEMAND,FITNESS,NODE
0.44365986610781316,28.908148640768673,0.89,17.268906778309393,N15
