EMITTER_COEFFICIENT_SOLUTION,PRESSURE_OUTPUT,OUTPUT_DEMAND,FITNESS,NODE
0.8183268578444558,28.85242188192686,0.89,8.800159497083428,N15
