EMITTER_COEFFICIENT_SOLUTION,PRESSURE_OUTPUT,OUTPUT_DEMAND,FITNESS,NODE
0.27980632445374065,28.93058156430783,0.89,28.189166025953934,N15
