EMITTER_COEFFICIENT_SOLUTION,PRESSURE_OUTPUT,OUTPUT_DEMAND,FITNESS,NODE
0.8351032881962127,28.849785620031717,0.89,8.600628988529627,N15
