EMITTER_COEFFICIENT_SOLUTION,PRESSURE_OUTPUT,OUTPUT_DEMAND,FITNESS,NODE
0.35480348903547665,28.9204631968162,0.89,21.93319671203386,N15
