EMITTER_COEFFICIENT_SOLUTION,PRESSURE_OUTPUT,OUTPUT_DEMAND,FITNESS,NODE
0.8597025791066143,28.84589855979877,0.89,8.322401430426279,N15
