EMITTER_COEFFICIENT_SOLUTION,PRESSURE_OUTPUT,OUTPUT_DEMAND,FITNESS,NODE
0.30270864638654793,28.927518583948626,0.89,25.948682515550384,N15
