EMITTER_COEFFICIENT_SOLUTION,PRESSURE_OUTPUT,OUTPUT_DEMAND,FITNESS,NODE
0.2655050021469839,28.93248217748311,0.89,29.784945104745045,N15
