EMITTER_COEFFICIENT_SOLUTION,PRESSURE_OUTPUT,OUTPUT_DEMAND,FITNESS,NODE
0.05093258202413942,28.959870000698835,0.89,161.65050910882755,N15
