EMITTER_COEFFICIENT_SOLUTION,PRESSURE_OUTPUT,OUTPUT_DEMAND,FITNESS,NODE
0.7196954363310922,28.867679125280986,0.89,10.164971314485962,N15
