EMITTER_COEFFICIENT_SOLUTION,PRESSURE_OUTPUT,OUTPUT_DEMAND,FITNESS,NODE
0.2506067232433985,28.93445223768186,0.89,31.64161612321781,N15
