EMITTER_COEFFICIENT_SOLUTION,PRESSURE_OUTPUT,OUTPUT_DEMAND,FITNESS,NODE
0.33246325720627123,28.92350377484309,0.89,23.50043095802967,N15
