EMITTER_COEFFICIENT_SOLUTION,PRESSURE_OUTPUT,OUTPUT_DEMAND,FITNESS,NODE
0.4826849443244966,28.902629361566824,0.89,15.7662000149907,N15
