EMITTER_COEFFICIENT_SOLUTION,PRESSURE_OUTPUT,OUTPUT_DEMAND,FITNESS,NODE
0.03386949133836248,28.96195580997891,0.89,243.88007342453625,N15
