EMITTER_COEFFICIENT_SOLUTION,PRESSURE_OUTPUT,OUTPUT_DEMAND,FITNESS,NODE
0.1202565660146292,28.951254984429852,0.89,67.56208248844969,N15
