EMITTER_COEFFICIENT_SOLUTION,PRESSURE_OUTPUT,OUTPUT_DEMAND,FITNESS,NODE
0.3075490172278784,28.926868190233954,0.89,25.518018489712613,N15
