EMITTER_COEFFICIENT_SOLUTION,PRESSURE_OUTPUT,OUTPUT_DEMAND,FITNESS,NODE
0.6576170857576668,28.877068663336516,0.89,11.237530502070694,N15
