EMITTER_COEFFICIENT_SOLUTION,PRESSURE_OUTPUT,OUTPUT_DEMAND,FITNESS,NODE
0.3851128434316352,28.91630221839469,0.89,20.098899616457945,N15
