EMITTER_COEFFICIENT_SOLUTION,PRESSURE_OUTPUT,OUTPUT_DEMAND,FITNESS,NODE
0.5555832873700236,28.89213985003891,0.89,13.52880912290939,N15
