EMITTER_COEFFICIENT_SOLUTION,PRESSURE_OUTPUT,OUTPUT_DEMAND,FITNESS,NODE
0.11394143504731769,28.95204908407866,0.89,71.39235561404172,N15
