EMITTER_COEFFICIENT_SOLUTION,PRESSURE_OUTPUT,OUTPUT_DEMAND,FITNESS,NODE
0.659062820452624,28.87685187748457,0.89,11.210220861260899,N15
