EMITTER_COEFFICIENT_SOLUTION,PRESSURE_OUTPUT,OUTPUT_DEMAND,FITNESS,NODE
0.272446598627181,28.931560814939324,0.89,28.989396833745214,N15
