EMITTER_COEFFICIENT_SOLUTION,PRESSURE_OUTPUT,OUTPUT_DEMAND,FITNESS,NODE
0.6502933319161696,29.880720482880445,1.7,1.3994057001582165,N13
