EMITTER_COEFFICIENT_SOLUTION,PRESSURE_OUTPUT,OUTPUT_DEMAND,FITNESS,NODE
0.9535940624532081,29.504887107743347,1.7,0.9170757775056917,N13
