EMITTER_COEFFICIENT_SOLUTION,PRESSURE_OUTPUT,OUTPUT_DEMAND,FITNESS,NODE
0.5566530532892512,29.991576178164184,1.7,1.6563603454461922,N13
