EMITTER_COEFFICIENT_SOLUTION,PRESSURE_OUTPUT,OUTPUT_DEMAND,FITNESS,NODE
0.46651222825014826,30.095869142506142,1.7,2.002240917509213,N13
