EMITTER_COEFFICIENT_SOLUTION,PRESSURE_OUTPUT,OUTPUT_DEMAND,FITNESS,NODE
0.7619403179214698,29.745293681886334,1.7,1.176448639504475,N13
