EMITTER_COEFFICIENT_SOLUTION,PRESSURE_OUTPUT,OUTPUT_DEMAND,FITNESS,NODE
0.7703885751991201,29.734904993191112,1.7,1.1622439741234436,N13
