EMITTER_COEFFICIENT_SOLUTION,PRESSURE_OUTPUT,OUTPUT_DEMAND,FITNESS,NODE
0.5800580928042406,29.964105754285026,1.7,1.5842744014045391,N13
