EMITTER_COEFFICIENT_SOLUTION,PRESSURE_OUTPUT,OUTPUT_DEMAND,FITNESS,NODE
0.7858358096619985,29.715859159670458,1.7,1.137073815882436,N13
