EMITTER_COEFFICIENT_SOLUTION,PRESSURE_OUTPUT,OUTPUT_DEMAND,FITNESS,NODE
0.9522504906624311,29.50660628135067,1.7,0.9185239337960995,N13
