EMITTER_COEFFICIENT_SOLUTION,PRESSURE_OUTPUT,OUTPUT_DEMAND,FITNESS,NODE
0.9570083209317845,29.500516272073824,1.7,0.913414458390114,N13
