EMITTER_COEFFICIENT_SOLUTION,PRESSURE_OUTPUT,OUTPUT_DEMAND,FITNESS,NODE
0.7842828547759212,29.717776844010302,1.7,1.1395586790215317,N13
