EMITTER_COEFFICIENT_SOLUTION,PRESSURE_OUTPUT,OUTPUT_DEMAND,FITNESS,NODE
0.3265139509052125,30.252993483646023,1.7,2.921276934075055,N13
