EMITTER_COEFFICIENT_SOLUTION,PRESSURE_OUTPUT,OUTPUT_DEMAND,FITNESS,NODE
0.9075322457672131,29.563557382079086,1.7,0.9692250141537945,N13
