EMITTER_COEFFICIENT_SOLUTION,PRESSURE_OUTPUT,OUTPUT_DEMAND,FITNESS,NODE
0.13728942889413165,30.455614223865823,1.7,7.158436135652684,N13
