EMITTER_COEFFICIENT_SOLUTION,PRESSURE_OUTPUT,OUTPUT_DEMAND,FITNESS,NODE
0.18850117304666603,30.40191120529114,1.7,5.170675335857512,N13
