EMITTER_COEFFICIENT_SOLUTION,PRESSURE_OUTPUT,OUTPUT_DEMAND,FITNESS,NODE
0.4244517591441833,30.143703098261195,1.7,2.214317395117896,N13
