EMITTER_COEFFICIENT_SOLUTION,PRESSURE_OUTPUT,OUTPUT_DEMAND,FITNESS,NODE
0.5415370155650997,30.009232798754827,1.7,1.7062611930925213,N13
