EMITTER_COEFFICIENT_SOLUTION,PRESSURE_OUTPUT,OUTPUT_DEMAND,FITNESS,NODE
0.00781122895998132,30.587529857116714,1.7,128.53994140633708,N13
