EMITTER_COEFFICIENT_SOLUTION,PRESSURE_OUTPUT,OUTPUT_DEMAND,FITNESS,NODE
0.6703300792406576,29.856673780261236,1.7,1.3538472604736218,N13
