EMITTER_COEFFICIENT_SOLUTION,PRESSURE_OUTPUT,OUTPUT_DEMAND,FITNESS,NODE
0.6459060070581532,29.885970626836478,1.7,1.4097633461873975,N13
