EMITTER_COEFFICIENT_SOLUTION,PRESSURE_OUTPUT,OUTPUT_DEMAND,FITNESS,NODE
0.8252960960594141,29.666910988198662,1.7,1.0771236102304487,N13
