EMITTER_COEFFICIENT_SOLUTION,PRESSURE_OUTPUT,OUTPUT_DEMAND,FITNESS,NODE
0.028290126379232228,30.5670392500423,1.7,35.37282413928708,N13
