EMITTER_COEFFICIENT_SOLUTION,PRESSURE_OUTPUT,OUTPUT_DEMAND,FITNESS,NODE
0.27050137399538154,30.314160243041492,1.7,3.5568290951439945,N13
