EMITTER_COEFFICIENT_SOLUTION,PRESSURE_OUTPUT,OUTPUT_DEMAND,FITNESS,NODE
0.4227789566339256,30.145594464037014,1.7,2.2236301452578666,N13
