EMITTER_COEFFICIENT_SOLUTION,PRESSURE_OUTPUT,OUTPUT_DEMAND,FITNESS,NODE
0.3228167208049034,30.25706123267642,1.7,2.9564079935774865,N13
