EMITTER_COEFFICIENT_SOLUTION,PRESSURE_OUTPUT,OUTPUT_DEMAND,FITNESS,NODE
0.03633801910448364,30.558947901258595,1.7,27.501510678761797,N13
