EMITTER_COEFFICIENT_SOLUTION,PRESSURE_OUTPUT,OUTPUT_DEMAND,FITNESS,NODE
0.09398148572280907,30.500358426650013,1.7,10.53173536614982,N13
