EMITTER_COEFFICIENT_SOLUTION,PRESSURE_OUTPUT,OUTPUT_DEMAND,FITNESS,NODE
0.46849553568410063,30.093600448271133,1.7,1.9931869208799484,N13
