EMITTER_COEFFICIENT_SOLUTION,PRESSURE_OUTPUT,OUTPUT_DEMAND,FITNESS,NODE
0.1955010223120387,30.39450468424176,1.7,4.9799592521095075,N13
