EMITTER_COEFFICIENT_SOLUTION,PRESSURE_OUTPUT,OUTPUT_DEMAND,FITNESS,NODE
0.35587206330930876,30.220542358997832,1.7,2.6683232959507537,N13
