EMITTER_COEFFICIENT_SOLUTION,PRESSURE_OUTPUT,OUTPUT_DEMAND,FITNESS,NODE
0.17266878745659608,30.418604903390694,1.7,5.6591610633145635,N13
