EMITTER_COEFFICIENT_SOLUTION,PRESSURE_OUTPUT,OUTPUT_DEMAND,FITNESS,NODE
0.21396290473164925,30.374894416089038,1.7,4.536893755837928,N13
