EMITTER_COEFFICIENT_SOLUTION,PRESSURE_OUTPUT,OUTPUT_DEMAND,FITNESS,NODE
0.15264379989263865,29.245130120942722,1.7,0.7406423070752887,N13
