EMITTER_COEFFICIENT_SOLUTION,PRESSURE_OUTPUT,OUTPUT_DEMAND,FITNESS,NODE
0.2663171352454986,30.31868984162948,1.7,3.6150715418454533,N13
