EMITTER_COEFFICIENT_SOLUTION,PRESSURE_OUTPUT,OUTPUT_DEMAND,FITNESS,NODE
0.13794542806517052,30.45493172417217,1.7,7.123632698685624,N13
