EMITTER_COEFFICIENT_SOLUTION,PRESSURE_OUTPUT,OUTPUT_DEMAND,FITNESS,NODE
0.5620209509561868,29.985290003394052,1.7,1.6392917599557515,N13
