EMITTER_COEFFICIENT_SOLUTION,PRESSURE_OUTPUT,OUTPUT_DEMAND,FITNESS,NODE
0.7993405086952058,29.699154987204448,1.7,1.1158789482506626,N13
