EMITTER_COEFFICIENT_SOLUTION,PRESSURE_OUTPUT,OUTPUT_DEMAND,FITNESS,NODE
0.9128422573234675,29.556822174040356,1.7,0.9629390136498275,N13
