EMITTER_COEFFICIENT_SOLUTION,PRESSURE_OUTPUT,OUTPUT_DEMAND,FITNESS,NODE
0.30863545830360206,30.27262408558171,1.7,3.098993108840965,N13
