EMITTER_COEFFICIENT_SOLUTION,PRESSURE_OUTPUT,OUTPUT_DEMAND,FITNESS,NODE
0.39196607960430396,30.18028067589851,1.7,2.4094709697531527,N13
