EMITTER_COEFFICIENT_SOLUTION,PRESSURE_OUTPUT,OUTPUT_DEMAND,FITNESS,NODE
0.19254041025775492,30.397639231674283,1.7,5.058928717017598,N13
