EMITTER_COEFFICIENT_SOLUTION,PRESSURE_OUTPUT,OUTPUT_DEMAND,FITNESS,NODE
0.38562514762829736,30.187382767175393,1.7,2.451420368248912,N13
