EMITTER_COEFFICIENT_SOLUTION,PRESSURE_OUTPUT,OUTPUT_DEMAND,FITNESS,NODE
0.6159616293021756,29.921657156438357,1.7,1.484445129555994,N13
