EMITTER_COEFFICIENT_SOLUTION,PRESSURE_OUTPUT,OUTPUT_DEMAND,FITNESS,NODE
0.6032539921784924,29.93672388588444,1.7,1.5184053790695522,N13
