EMITTER_COEFFICIENT_SOLUTION,PRESSURE_OUTPUT,OUTPUT_DEMAND,FITNESS,NODE
0.9632821693153385,29.49247680387185,1.7,0.9067558180977527,N13
