EMITTER_COEFFICIENT_SOLUTION,PRESSURE_OUTPUT,OUTPUT_DEMAND,FITNESS,NODE
0.3633961962385036,30.21218253728854,1.7,2.6101005477475083,N13
