EMITTER_COEFFICIENT_SOLUTION,PRESSURE_OUTPUT,OUTPUT_DEMAND,FITNESS,NODE
0.12708538275364656,30.466212305022772,1.7,7.746099280052899,N13
