EMITTER_COEFFICIENT_SOLUTION,PRESSURE_OUTPUT,OUTPUT_DEMAND,FITNESS,NODE
0.12010042809891208,30.47344725999724,1.7,8.205984647807314,N13
