EMITTER_COEFFICIENT_SOLUTION,PRESSURE_OUTPUT,OUTPUT_DEMAND,FITNESS,NODE
0.6551385624910113,29.874916018881475,1.7,1.3881301961915382,N13
