EMITTER_COEFFICIENT_SOLUTION,PRESSURE_OUTPUT,OUTPUT_DEMAND,FITNESS,NODE
0.5905864938437747,29.951696677890872,1.7,1.553729048398971,N13
