EMITTER_COEFFICIENT_SOLUTION,PRESSURE_OUTPUT,OUTPUT_DEMAND,FITNESS,NODE
0.7512691555908738,29.758387768336455,1.7,1.194854804463714,N13
