EMITTER_COEFFICIENT_SOLUTION,PRESSURE_OUTPUT,OUTPUT_DEMAND,FITNESS,NODE
0.28068961561022154,30.303107926041278,1.7,3.422294579322306,N13
