EMITTER_COEFFICIENT_SOLUTION,PRESSURE_OUTPUT,OUTPUT_DEMAND,FITNESS,NODE
0.4641225072931453,30.09860116406328,1.7,2.0132537484029056,N13
