EMITTER_COEFFICIENT_SOLUTION,PRESSURE_OUTPUT,OUTPUT_DEMAND,FITNESS,NODE
0.48414428976024426,30.075658383486772,1.7,1.9243678902593382,N13
