EMITTER_COEFFICIENT_SOLUTION,PRESSURE_OUTPUT,OUTPUT_DEMAND,FITNESS,NODE
0.26028117633663006,30.325214225254506,1.7,3.702396690676293,N13
