EMITTER_COEFFICIENT_SOLUTION,PRESSURE_OUTPUT,OUTPUT_DEMAND,FITNESS,NODE
0.18293029918122794,30.407794407722566,1.7,5.332902934856207,N13
