EMITTER_COEFFICIENT_SOLUTION,PRESSURE_OUTPUT,OUTPUT_DEMAND,FITNESS,NODE
0.12203410981644314,30.47144597641176,1.7,8.073399229755323,N13
