EMITTER_COEFFICIENT_SOLUTION,PRESSURE_OUTPUT,OUTPUT_DEMAND,FITNESS,NODE
0.2926732044888133,30.290066080057475,1.7,3.2760734651905605,N13
