EMITTER_COEFFICIENT_SOLUTION,PRESSURE_OUTPUT,OUTPUT_DEMAND,FITNESS,NODE
0.09303325105083904,30.501331176933068,1.7,10.64074714512595,N13
