EMITTER_COEFFICIENT_SOLUTION,PRESSURE_OUTPUT,OUTPUT_DEMAND,FITNESS,NODE
0.2368363498328897,30.350446359529066,1.7,4.0839133000892325,N13
