EMITTER_COEFFICIENT_SOLUTION,PRESSURE_OUTPUT,OUTPUT_DEMAND,FITNESS,NODE
0.7151273917761775,29.80250154561605,1.7,1.2613394502917397,N13
