EMITTER_COEFFICIENT_SOLUTION,PRESSURE_OUTPUT,OUTPUT_DEMAND,FITNESS,NODE
0.5481372861474952,30.00153143990202,1.7,1.6841308219330742,N13
