EMITTER_COEFFICIENT_SOLUTION,PRESSURE_OUTPUT,OUTPUT_DEMAND,FITNESS,NODE
0.1794609875551364,30.411453146200945,1.7,5.439027594168638,N13
