EMITTER_COEFFICIENT_SOLUTION,PRESSURE_OUTPUT,OUTPUT_DEMAND,FITNESS,NODE
0.8269538242057494,29.664845440525124,1.7,1.0747324914670862,N13
