EMITTER_COEFFICIENT_SOLUTION,PRESSURE_OUTPUT,OUTPUT_DEMAND,FITNESS,NODE
0.9113549785568716,29.558709382524643,1.7,0.9646921164861145,N13
