EMITTER_COEFFICIENT_SOLUTION,PRESSURE_OUTPUT,OUTPUT_DEMAND,FITNESS,NODE
0.9765740959406636,29.475410611452197,1.7,0.8929377235600394,N13
