EMITTER_COEFFICIENT_SOLUTION,PRESSURE_OUTPUT,OUTPUT_DEMAND,FITNESS,NODE
0.2877214075052775,30.295460649294863,1.7,3.3350131700696344,N13
