EMITTER_COEFFICIENT_SOLUTION,PRESSURE_OUTPUT,OUTPUT_DEMAND,FITNESS,NODE
0.23751724791367101,30.34971602272495,1.7,4.071768711668262,N13
