EMITTER_COEFFICIENT_SOLUTION,PRESSURE_OUTPUT,OUTPUT_DEMAND,FITNESS,NODE
0.8712077658251152,29.60943171897789,1.7,1.0143244715871917,N13
