EMITTER_COEFFICIENT_SOLUTION,PRESSURE_OUTPUT,OUTPUT_DEMAND,FITNESS,NODE
0.42934158737275874,30.138169513479742,1.7,2.1875135443843607,N13
