EMITTER_COEFFICIENT_SOLUTION,PRESSURE_OUTPUT,OUTPUT_DEMAND,FITNESS,NODE
0.7031156766872074,29.81708225652078,1.7,1.2849716542308012,N13
