EMITTER_COEFFICIENT_SOLUTION,PRESSURE_OUTPUT,OUTPUT_DEMAND,FITNESS,NODE
0.0892337008529317,30.50522596840959,1.7,11.100803185183917,N13
