EMITTER_COEFFICIENT_SOLUTION,PRESSURE_OUTPUT,OUTPUT_DEMAND,FITNESS,NODE
0.559418949801412,29.988338175372355,1.7,1.6475241799627014,N13
