EMITTER_COEFFICIENT_SOLUTION,PRESSURE_OUTPUT,OUTPUT_DEMAND,FITNESS,NODE
0.8337418502149058,29.656379756996053,1.7,1.0650423683987744,N13
