EMITTER_COEFFICIENT_SOLUTION,PRESSURE_OUTPUT,OUTPUT_DEMAND,FITNESS,NODE
0.7647419745877057,29.741850967207846,1.7,1.1717030348223474,N13
