EMITTER_COEFFICIENT_SOLUTION,PRESSURE_OUTPUT,OUTPUT_DEMAND,FITNESS,NODE
0.03174830882958879,30.56356506834214,1.7,31.50154793442842,N13
