EMITTER_COEFFICIENT_SOLUTION,PRESSURE_OUTPUT,OUTPUT_DEMAND,FITNESS,NODE
0.9116799343077125,29.558297095681134,1.7,0.9643085821613435,N13
