EMITTER_COEFFICIENT_SOLUTION,PRESSURE_OUTPUT,OUTPUT_DEMAND,FITNESS,NODE
0.3449127586037898,30.232687563928902,1.7,2.757692764371457,N13
