EMITTER_COEFFICIENT_SOLUTION,PRESSURE_OUTPUT,OUTPUT_DEMAND,FITNESS,NODE
0.6104205617190442,29.928232602826135,1.7,1.4990774587807083,N13
