EMITTER_COEFFICIENT_SOLUTION,PRESSURE_OUTPUT,OUTPUT_DEMAND,FITNESS,NODE
0.8224304183659862,29.67047990510007,1.7,1.0812802294733972,N13
