EMITTER_COEFFICIENT_SOLUTION,PRESSURE_OUTPUT,OUTPUT_DEMAND,FITNESS,NODE
0.18462843117148087,30.40600213513517,1.7,5.282413543059178,N13
