EMITTER_COEFFICIENT_SOLUTION,PRESSURE_OUTPUT,OUTPUT_DEMAND,FITNESS,NODE
0.6418369763750554,29.890834980486357,1.7,1.4194976756738467,N13
