EMITTER_COEFFICIENT_SOLUTION,PRESSURE_OUTPUT,OUTPUT_DEMAND,FITNESS,NODE
0.6763700346629745,29.84940274934129,1.7,1.3406500816662763,N13
