EMITTER_COEFFICIENT_SOLUTION,PRESSURE_OUTPUT,OUTPUT_DEMAND,FITNESS,NODE
0.4641074608178136,30.098618360349445,1.7,2.0133234506424267,N13
