EMITTER_COEFFICIENT_SOLUTION,PRESSURE_OUTPUT,OUTPUT_DEMAND,FITNESS,NODE
0.6840175559659368,29.84018172467831,1.7,1.3242791213939273,N13
