EMITTER_COEFFICIENT_SOLUTION,PRESSURE_OUTPUT,OUTPUT_DEMAND,FITNESS,NODE
0.48559668630731256,30.073989452640895,1.7,1.9182073048380566,N13
