EMITTER_COEFFICIENT_SOLUTION,PRESSURE_OUTPUT,OUTPUT_DEMAND,FITNESS,NODE
0.8486498982802212,29.637743697413303,1.7,1.0443146104212027,N13
