EMITTER_COEFFICIENT_SOLUTION,PRESSURE_OUTPUT,OUTPUT_DEMAND,FITNESS,NODE
0.6049336323672861,29.934735098199997,1.7,1.513833924701721,N13
