EMITTER_COEFFICIENT_SOLUTION,PRESSURE_OUTPUT,OUTPUT_DEMAND,FITNESS,NODE
0.7084877950375174,29.810566166297484,1.7,1.274301935297915,N13
