EMITTER_COEFFICIENT_SOLUTION,PRESSURE_OUTPUT,OUTPUT_DEMAND,FITNESS,NODE
0.005626540982813677,30.589707440857314,1.7,178.50451223763258,N13
