EMITTER_COEFFICIENT_SOLUTION,PRESSURE_OUTPUT,OUTPUT_DEMAND,FITNESS,NODE
0.7094600048942986,29.809386065485146,1.7,1.2723885114118696,N13
