EMITTER_COEFFICIENT_SOLUTION,PRESSURE_OUTPUT,OUTPUT_DEMAND,FITNESS,NODE
0.43335312356753153,30.13362443988848,1.7,2.165978498016846,N13
