EMITTER_COEFFICIENT_SOLUTION,PRESSURE_OUTPUT,OUTPUT_DEMAND,FITNESS,NODE
0.6621731000695147,29.86647695462228,1.7,1.3720572047274335,N13
