EMITTER_COEFFICIENT_SOLUTION,PRESSURE_OUTPUT,OUTPUT_DEMAND,FITNESS,NODE
0.8915765908416117,29.583750825251016,1.7,0.9885733623574593,N13
