EMITTER_COEFFICIENT_SOLUTION,PRESSURE_OUTPUT,OUTPUT_DEMAND,FITNESS,NODE
0.8144656096550814,29.68038762701302,1.7,1.0929894515063192,N13
