EMITTER_COEFFICIENT_SOLUTION,PRESSURE_OUTPUT,OUTPUT_DEMAND,FITNESS,NODE
0.5707322560866338,29.97507057983554,1.7,1.6122818203951341,N13
