EMITTER_COEFFICIENT_SOLUTION,PRESSURE_OUTPUT,OUTPUT_DEMAND,FITNESS,NODE
0.6346677899935534,29.899393948359187,1.7,1.4369558777103257,N13
