EMITTER_COEFFICIENT_SOLUTION,PRESSURE_OUTPUT,OUTPUT_DEMAND,FITNESS,NODE
0.016807309229268763,30.57854624167054,1.7,59.65413082690142,N13
