EMITTER_COEFFICIENT_SOLUTION,PRESSURE_OUTPUT,OUTPUT_DEMAND,FITNESS,NODE
0.5554120923820068,29.99302823008002,1.7,1.6603536973446298,N13
