EMITTER_COEFFICIENT_SOLUTION,PRESSURE_OUTPUT,OUTPUT_DEMAND,FITNESS,NODE
0.4275276321524609,30.14022312563122,1.7,2.1973848660785436,N13
