EMITTER_COEFFICIENT_SOLUTION,PRESSURE_OUTPUT,OUTPUT_DEMAND,FITNESS,NODE
0.33422358538801966,30.24449752609957,1.7,2.8505295143174663,N13
