EMITTER_COEFFICIENT_SOLUTION,PRESSURE_OUTPUT,OUTPUT_DEMAND,FITNESS,NODE
0.9779226201823531,29.47367662777147,1.7,0.8915572902440377,N13
