EMITTER_COEFFICIENT_SOLUTION,PRESSURE_OUTPUT,OUTPUT_DEMAND,FITNESS,NODE
0.783180685472426,29.719137470711313,1.7,1.1413283245285568,N13
