EMITTER_COEFFICIENT_SOLUTION,PRESSURE_OUTPUT,OUTPUT_DEMAND,FITNESS,NODE
0.2956543377638684,30.286814664248787,1.7,3.241544927157755,N13
