EMITTER_COEFFICIENT_SOLUTION,PRESSURE_OUTPUT,OUTPUT_DEMAND,FITNESS,NODE
0.660891442212108,29.868015556092026,1.7,1.3749598125835032,N13
