EMITTER_COEFFICIENT_SOLUTION,PRESSURE_OUTPUT,OUTPUT_DEMAND,FITNESS,NODE
0.5304162841849894,30.02217980601065,1.7,1.7448056529796916,N13
