EMITTER_COEFFICIENT_SOLUTION,PRESSURE_OUTPUT,OUTPUT_DEMAND,FITNESS,NODE
0.528452137873734,30.024462728772427,1.7,1.7517834558871264,N13
