EMITTER_COEFFICIENT_SOLUTION,PRESSURE_OUTPUT,OUTPUT_DEMAND,FITNESS,NODE
0.15068078514265937,30.44165397393303,1.7,6.5080623155015305,N13
