EMITTER_COEFFICIENT_SOLUTION,PRESSURE_OUTPUT,OUTPUT_DEMAND,FITNESS,NODE
0.6156456575408439,29.922032349535964,1.7,1.4852723572924427,N13
