EMITTER_COEFFICIENT_SOLUTION,PRESSURE_OUTPUT,OUTPUT_DEMAND,FITNESS,NODE
0.6277193790487604,29.907675327594486,1.7,1.4542615561518566,N13
