EMITTER_COEFFICIENT_SOLUTION,PRESSURE_OUTPUT,OUTPUT_DEMAND,FITNESS,NODE
0.8328305474479388,29.657517009154542,1.7,1.0663339352350674,N13
