EMITTER_COEFFICIENT_SOLUTION,PRESSURE_OUTPUT,OUTPUT_DEMAND,FITNESS,NODE
0.7604970028282588,29.747066541081892,1.7,1.1789074606099401,N13
