EMITTER_COEFFICIENT_SOLUTION,PRESSURE_OUTPUT,OUTPUT_DEMAND,FITNESS,NODE
0.7386482505656405,29.77383371475286,1.7,1.2173212760442134,N13
