EMITTER_COEFFICIENT_SOLUTION,PRESSURE_OUTPUT,OUTPUT_DEMAND,FITNESS,NODE
0.017603528766316212,30.577749783447906,1.7,56.94839726556942,N13
