EMITTER_COEFFICIENT_SOLUTION,PRESSURE_OUTPUT,OUTPUT_DEMAND,FITNESS,NODE
0.9023838568728079,29.570080506499803,1.7,0.975391807281518,N13
