EMITTER_COEFFICIENT_SOLUTION,PRESSURE_OUTPUT,OUTPUT_DEMAND,FITNESS,NODE
0.9215303647815641,29.545786232479024,1.7,0.9528135227682124,N13
