EMITTER_COEFFICIENT_SOLUTION,PRESSURE_OUTPUT,OUTPUT_DEMAND,FITNESS,NODE
0.4375150170367622,30.128903863951688,1.7,2.1440562391350495,N13
