EMITTER_COEFFICIENT_SOLUTION,PRESSURE_OUTPUT,OUTPUT_DEMAND,FITNESS,NODE
0.06205266644938645,30.53294827613077,1.7,16.035595427453995,N13
