EMITTER_COEFFICIENT_SOLUTION,PRESSURE_OUTPUT,OUTPUT_DEMAND,FITNESS,NODE
0.816701952668267,29.677607489296303,1.7,1.0896782883730225,N13
