EMITTER_COEFFICIENT_SOLUTION,PRESSURE_OUTPUT,OUTPUT_DEMAND,FITNESS,NODE
0.7471558102242987,29.76342667550344,1.7,1.2020923167309565,N13
