EMITTER_COEFFICIENT_SOLUTION,PRESSURE_OUTPUT,OUTPUT_DEMAND,FITNESS,NODE
0.7889761105157217,29.711979310243013,1.7,1.1320794490599309,N13
