EMITTER_COEFFICIENT_SOLUTION,PRESSURE_OUTPUT,OUTPUT_DEMAND,FITNESS,NODE
0.7574526806552319,29.750804075859982,1.7,1.1841249610531541,N13
