EMITTER_COEFFICIENT_SOLUTION,PRESSURE_OUTPUT,OUTPUT_DEMAND,FITNESS,NODE
0.5830523662101962,29.960579887886873,1.7,1.5754738989267745,N13
