EMITTER_COEFFICIENT_SOLUTION,PRESSURE_OUTPUT,OUTPUT_DEMAND,FITNESS,NODE
0.17778031028468677,30.413224186749442,1.7,5.491929918459366,N13
