EMITTER_COEFFICIENT_SOLUTION,PRESSURE_OUTPUT,OUTPUT_DEMAND,FITNESS,NODE
0.2611392141294021,30.32428746020557,1.7,3.6897362762516233,N13
