EMITTER_COEFFICIENT_SOLUTION,PRESSURE_OUTPUT,OUTPUT_DEMAND,FITNESS,NODE
0.8058735161643716,29.691056391079538,1.7,1.1058850069129313,N13
