EMITTER_COEFFICIENT_SOLUTION,PRESSURE_OUTPUT,OUTPUT_DEMAND,FITNESS,NODE
0.14301087708269755,30.449656897332797,1.7,6.865649539378723,N13
