EMITTER_COEFFICIENT_SOLUTION,PRESSURE_OUTPUT,OUTPUT_DEMAND,FITNESS,NODE
0.9790840936295354,29.472182786142458,1.7,0.8903714531245173,N13
