EMITTER_COEFFICIENT_SOLUTION,PRESSURE_OUTPUT,OUTPUT_DEMAND,FITNESS,NODE
0.6633163974285236,29.865104058895337,1.7,1.3694775315780645,N13
