EMITTER_COEFFICIENT_SOLUTION,PRESSURE_OUTPUT,OUTPUT_DEMAND,FITNESS,NODE
0.7575224451883228,29.750718454051583,1.7,1.1840049184405743,N13
