EMITTER_COEFFICIENT_SOLUTION,PRESSURE_OUTPUT,OUTPUT_DEMAND,FITNESS,NODE
0.17425160894192981,30.41693963051923,1.7,5.606326774089413,N13
