EMITTER_COEFFICIENT_SOLUTION,PRESSURE_OUTPUT,OUTPUT_DEMAND,FITNESS,NODE
0.7269611312014178,29.788097505452452,1.7,1.238831876914244,N13
