EMITTER_COEFFICIENT_SOLUTION,PRESSURE_OUTPUT,OUTPUT_DEMAND,FITNESS,NODE
0.30550414399489456,30.27605198311316,1.7,3.1322672807249274,N13
