EMITTER_COEFFICIENT_SOLUTION,PRESSURE_OUTPUT,OUTPUT_DEMAND,FITNESS,NODE
0.7978126669929205,29.701047291047313,1.7,1.1182402041619897,N13
