EMITTER_COEFFICIENT_SOLUTION,PRESSURE_OUTPUT,OUTPUT_DEMAND,FITNESS,NODE
0.15516806080221424,30.43696295467855,1.7,6.315260901171284,N13
