EMITTER_COEFFICIENT_SOLUTION,PRESSURE_OUTPUT,OUTPUT_DEMAND,FITNESS,NODE
0.2649962123485242,30.320118639672106,1.7,3.633841083767627,N13
