EMITTER_COEFFICIENT_SOLUTION,PRESSURE_OUTPUT,OUTPUT_DEMAND,FITNESS,NODE
0.21118486511232704,30.377852270168976,1.7,4.598604590834268,N13
