EMITTER_COEFFICIENT_SOLUTION,PRESSURE_OUTPUT,OUTPUT_DEMAND,FITNESS,NODE
0.16407183098494016,30.427635466386885,1.7,5.963951239540844,N13
