EMITTER_COEFFICIENT_SOLUTION,PRESSURE_OUTPUT,OUTPUT_DEMAND,FITNESS,NODE
0.5350989941682586,30.016732521237568,1.7,1.7283783616166628,N13
