EMITTER_COEFFICIENT_SOLUTION,PRESSURE_OUTPUT,OUTPUT_DEMAND,FITNESS,NODE
0.5381290620011693,30.013204278677453,1.7,1.7179023558164155,N13
