EMITTER_COEFFICIENT_SOLUTION,PRESSURE_OUTPUT,OUTPUT_DEMAND,FITNESS,NODE
0.349755366136108,30.227325526910967,1.7,2.7175093592368427,N13
