EMITTER_COEFFICIENT_SOLUTION,PRESSURE_OUTPUT,OUTPUT_DEMAND,FITNESS,NODE
0.9672696192333644,29.487361896009684,1.7,0.9025697245692164,N13
