EMITTER_COEFFICIENT_SOLUTION,PRESSURE_OUTPUT,OUTPUT_DEMAND,FITNESS,NODE
0.41372835814553255,30.155812592201105,1.7,2.2753286562949198,N13
