EMITTER_COEFFICIENT_SOLUTION,PRESSURE_OUTPUT,OUTPUT_DEMAND,FITNESS,NODE
0.13752012463460328,30.45537422474738,1.7,7.146158903438956,N13
