EMITTER_COEFFICIENT_SOLUTION,PRESSURE_OUTPUT,OUTPUT_DEMAND,FITNESS,NODE
0.9322652907431267,29.532123052440447,1.7,0.9405687634006071,N13
