EMITTER_COEFFICIENT_SOLUTION,PRESSURE_OUTPUT,OUTPUT_DEMAND,FITNESS,NODE
0.7492445295653308,29.760868548293562,1.7,1.1984070890225142,N13
