EMITTER_COEFFICIENT_SOLUTION,PRESSURE_OUTPUT,OUTPUT_DEMAND,FITNESS,NODE
0.013756568021702997,30.581595912123916,1.7,72.92016370955241,N13
