EMITTER_COEFFICIENT_SOLUTION,PRESSURE_OUTPUT,OUTPUT_DEMAND,FITNESS,NODE
0.7185742827101266,29.79831001337771,1.7,1.2547058893022303,N13
