EMITTER_COEFFICIENT_SOLUTION,PRESSURE_OUTPUT,OUTPUT_DEMAND,FITNESS,NODE
0.3481444799157952,30.229110007214707,1.7,2.730751707986029,N13
