EMITTER_COEFFICIENT_SOLUTION,PRESSURE_OUTPUT,OUTPUT_DEMAND,FITNESS,NODE
0.2485733937629676,30.337836416315206,1.7,3.8839005219032843,N13
