EMITTER_COEFFICIENT_SOLUTION,PRESSURE_OUTPUT,OUTPUT_DEMAND,FITNESS,NODE
0.7675504357218287,29.738397195805437,1.7,1.166980504611948,N13
