EMITTER_COEFFICIENT_SOLUTION,PRESSURE_OUTPUT,OUTPUT_DEMAND,FITNESS,NODE
0.7529161178258413,29.75636890630566,1.7,1.1919794556014007,N13
