EMITTER_COEFFICIENT_SOLUTION,PRESSURE_OUTPUT,OUTPUT_DEMAND,FITNESS,NODE
0.6029056193251533,29.937136276921745,1.7,1.5193567649800972,N13
