EMITTER_COEFFICIENT_SOLUTION,PRESSURE_OUTPUT,OUTPUT_DEMAND,FITNESS,NODE
0.24253156386871766,30.344333070043117,1.7,3.984437264629397,N13
