EMITTER_COEFFICIENT_SOLUTION,PRESSURE_OUTPUT,OUTPUT_DEMAND,FITNESS,NODE
0.7769490291308437,29.726824193152876,1.7,1.151429904337332,N13
