EMITTER_COEFFICIENT_SOLUTION,PRESSURE_OUTPUT,OUTPUT_DEMAND,FITNESS,NODE
0.08061467462038385,30.514043269076968,1.7,12.30522807207188,N13
