EMITTER_COEFFICIENT_SOLUTION,PRESSURE_OUTPUT,OUTPUT_DEMAND,FITNESS,NODE
0.8829443148280814,29.594647780424197,1.7,0.9993386779202991,N13
