EMITTER_COEFFICIENT_SOLUTION,PRESSURE_OUTPUT,OUTPUT_DEMAND,FITNESS,NODE
0.9556990751332964,29.502192687976628,1.7,0.9148152807458074,N13
