EMITTER_COEFFICIENT_SOLUTION,PRESSURE_OUTPUT,OUTPUT_DEMAND,FITNESS,NODE
0.08186694312507037,30.512763726428858,1.7,12.114484733251674,N13
