EMITTER_COEFFICIENT_SOLUTION,PRESSURE_OUTPUT,OUTPUT_DEMAND,FITNESS,NODE
0.5911487476533156,29.951033086085605,1.7,1.5521287386908718,N13
