EMITTER_COEFFICIENT_SOLUTION,PRESSURE_OUTPUT,OUTPUT_DEMAND,FITNESS,NODE
0.5789492993933768,29.96541073879192,1.7,1.5875566009325868,N13
