EMITTER_COEFFICIENT_SOLUTION,PRESSURE_OUTPUT,OUTPUT_DEMAND,FITNESS,NODE
0.2587698923382188,30.32684599220675,1.7,3.7249004853644236,N13
