EMITTER_COEFFICIENT_SOLUTION,PRESSURE_OUTPUT,OUTPUT_DEMAND,FITNESS,NODE
0.6287531031441086,29.906444170723887,1.7,1.4516624646805851,N13
