EMITTER_COEFFICIENT_SOLUTION,PRESSURE_OUTPUT,OUTPUT_DEMAND,FITNESS,NODE
0.7058083812245605,29.813817160332487,1.7,1.279603008088242,N13
