EMITTER_COEFFICIENT_SOLUTION,PRESSURE_OUTPUT,OUTPUT_DEMAND,FITNESS,NODE
0.9893708797038206,29.45893719882199,1.7,0.8799932589348092,N13
