EMITTER_COEFFICIENT_SOLUTION,PRESSURE_OUTPUT,OUTPUT_DEMAND,FITNESS,NODE
0.8389698356423417,29.649851221521935,1.7,1.057688086621772,N13
