EMITTER_COEFFICIENT_SOLUTION,PRESSURE_OUTPUT,OUTPUT_DEMAND,FITNESS,NODE
0.44834705021915633,30.116593231814377,1.7,2.088919852129549,N13
