EMITTER_COEFFICIENT_SOLUTION,PRESSURE_OUTPUT,OUTPUT_DEMAND,FITNESS,NODE
0.42950480261937296,30.13798468559529,1.7,2.1866294605725938,N13
