EMITTER_COEFFICIENT_SOLUTION,PRESSURE_OUTPUT,OUTPUT_DEMAND,FITNESS,NODE
0.8745255288123649,29.605256210288694,1.7,1.0100466003684634,N13
