EMITTER_COEFFICIENT_SOLUTION,PRESSURE_OUTPUT,OUTPUT_DEMAND,FITNESS,NODE
0.09581717232248688,30.498474433152655,1.7,10.326833223084323,N13
