EMITTER_COEFFICIENT_SOLUTION,PRESSURE_OUTPUT,OUTPUT_DEMAND,FITNESS,NODE
0.3945964567023733,30.177330937559567,1.7,2.392466967988073,N13
