EMITTER_COEFFICIENT_SOLUTION,PRESSURE_OUTPUT,OUTPUT_DEMAND,FITNESS,NODE
0.6998198885295012,29.82107587095021,1.7,1.2915997324763686,N13
