EMITTER_COEFFICIENT_SOLUTION,PRESSURE_OUTPUT,OUTPUT_DEMAND,FITNESS,NODE
0.4259418684006956,30.142017580907403,1.7,2.2060836942541275,N13
