EMITTER_COEFFICIENT_SOLUTION,PRESSURE_OUTPUT,OUTPUT_DEMAND,FITNESS,NODE
0.7880802478016676,29.713086425288004,1.7,1.133500112573593,N13
