EMITTER_COEFFICIENT_SOLUTION,PRESSURE_OUTPUT,OUTPUT_DEMAND,FITNESS,NODE
0.09973314317278736,30.494451680304543,1.7,9.914943680436624,N13
