EMITTER_COEFFICIENT_SOLUTION,PRESSURE_OUTPUT,OUTPUT_DEMAND,FITNESS,NODE
0.2626269581630457,30.322679997068434,1.7,3.667981058592502,N13
