EMITTER_COEFFICIENT_SOLUTION,PRESSURE_OUTPUT,OUTPUT_DEMAND,FITNESS,NODE
0.31666972786868575,30.26381480642435,1.7,3.0166391748990766,N13
