EMITTER_COEFFICIENT_SOLUTION,PRESSURE_OUTPUT,OUTPUT_DEMAND,FITNESS,NODE
0.15226436418613842,30.43999924356967,1.7,6.438723137366588,N13
