EMITTER_COEFFICIENT_SOLUTION,PRESSURE_OUTPUT,OUTPUT_DEMAND,FITNESS,NODE
0.47162669095762044,30.090016338006762,1.7,1.9790489873558645,N13
