EMITTER_COEFFICIENT_SOLUTION,PRESSURE_OUTPUT,OUTPUT_DEMAND,FITNESS,NODE
0.27129964186416367,30.313295458036215,1.7,3.545922219696979,N13
