EMITTER_COEFFICIENT_SOLUTION,PRESSURE_OUTPUT,OUTPUT_DEMAND,FITNESS,NODE
0.8352096077929457,29.654547612096255,1.7,1.0629681858822826,N13
