EMITTER_COEFFICIENT_SOLUTION,PRESSURE_OUTPUT,OUTPUT_DEMAND,FITNESS,NODE
0.7003179636227551,29.820472532276973,1.7,1.290594008613108,N13
