EMITTER_COEFFICIENT_SOLUTION,PRESSURE_OUTPUT,OUTPUT_DEMAND,FITNESS,NODE
0.05923195649944335,30.535811040043928,1.7,16.80714637145118,N13
