EMITTER_COEFFICIENT_SOLUTION,PRESSURE_OUTPUT,OUTPUT_DEMAND,FITNESS,NODE
0.6962511043679951,29.825396849977324,1.7,1.2988485743603426,N13
