EMITTER_COEFFICIENT_SOLUTION,PRESSURE_OUTPUT,OUTPUT_DEMAND,FITNESS,NODE
0.7905749057704762,29.710002960808048,1.7,1.129552206371671,N13
