EMITTER_COEFFICIENT_SOLUTION,PRESSURE_OUTPUT,OUTPUT_DEMAND,FITNESS,NODE
0.3617331802806226,30.214031765763462,1.7,2.6227597494625594,N13
