EMITTER_COEFFICIENT_SOLUTION,PRESSURE_OUTPUT,OUTPUT_DEMAND,FITNESS,NODE
0.8898953372646013,29.585874702457847,1.7,0.9906533464765054,N13
