EMITTER_COEFFICIENT_SOLUTION,PRESSURE_OUTPUT,OUTPUT_DEMAND,FITNESS,NODE
0.6154528025467567,29.922261336480098,1.7,1.4857776821361206,N13
