EMITTER_COEFFICIENT_SOLUTION,PRESSURE_OUTPUT,OUTPUT_DEMAND,FITNESS,NODE
0.623315490435696,29.912917198910566,1.7,1.4654326251640535,N13
