EMITTER_COEFFICIENT_SOLUTION,PRESSURE_OUTPUT,OUTPUT_DEMAND,FITNESS,NODE
0.11203227051425235,30.481784187604088,1.7,8.808605105910797,N13
