EMITTER_COEFFICIENT_SOLUTION,PRESSURE_OUTPUT,OUTPUT_DEMAND,FITNESS,NODE
0.2815227847849583,30.302202644809533,1.7,3.4117245821590947,N13
