EMITTER_COEFFICIENT_SOLUTION,PRESSURE_OUTPUT,OUTPUT_DEMAND,FITNESS,NODE
0.5288514411232078,30.023998711552295,1.7,1.750360661763859,N13
