EMITTER_COEFFICIENT_SOLUTION,PRESSURE_OUTPUT,OUTPUT_DEMAND,FITNESS,NODE
0.10369339136065292,30.490378279469688,1.7,9.530048468015165,N13
