EMITTER_COEFFICIENT_SOLUTION,PRESSURE_OUTPUT,OUTPUT_DEMAND,FITNESS,NODE
0.29716176456248544,30.285169504128973,1.7,3.224349919027451,N13
