EMITTER_COEFFICIENT_SOLUTION,PRESSURE_OUTPUT,OUTPUT_DEMAND,FITNESS,NODE
0.3527068073138261,30.22405394437593,1.7,2.6935620941722678,N13
