EMITTER_COEFFICIENT_SOLUTION,PRESSURE_OUTPUT,OUTPUT_DEMAND,FITNESS,NODE
0.07657110503999343,30.518171343442926,1.7,12.963746144135925,N13
