EMITTER_COEFFICIENT_SOLUTION,PRESSURE_OUTPUT,OUTPUT_DEMAND,FITNESS,NODE
0.7060789379840814,29.81348897878401,1.7,1.2790658744831858,N13
