EMITTER_COEFFICIENT_SOLUTION,PRESSURE_OUTPUT,OUTPUT_DEMAND,FITNESS,NODE
0.7248327183590816,29.79069108760439,1.7,1.2428250891443273,N13
