EMITTER_COEFFICIENT_SOLUTION,PRESSURE_OUTPUT,OUTPUT_DEMAND,FITNESS,NODE
0.3367801643160896,30.241676410405187,1.7,2.827789355452364,N13
