EMITTER_COEFFICIENT_SOLUTION,PRESSURE_OUTPUT,OUTPUT_DEMAND,FITNESS,NODE
0.513298834004238,30.042037118163474,1.7,1.8074278787061067,N13
