EMITTER_COEFFICIENT_SOLUTION,PRESSURE_OUTPUT,OUTPUT_DEMAND,FITNESS,NODE
0.39887120983221724,30.17253266074666,1.7,2.3653138303931134,N13
