EMITTER_COEFFICIENT_SOLUTION,PRESSURE_OUTPUT,OUTPUT_DEMAND,FITNESS,NODE
0.334313085137223,30.244398789442606,1.7,2.8497274535249226,N13
