EMITTER_COEFFICIENT_SOLUTION,PRESSURE_OUTPUT,OUTPUT_DEMAND,FITNESS,NODE
0.48649214908624006,30.072960173941873,1.7,1.9144275167365647,N13
