EMITTER_COEFFICIENT_SOLUTION,PRESSURE_OUTPUT,OUTPUT_DEMAND,FITNESS,NODE
0.793690661504275,29.706149418955107,1.7,1.1246568263398573,N13
