EMITTER_COEFFICIENT_SOLUTION,PRESSURE_OUTPUT,OUTPUT_DEMAND,FITNESS,NODE
0.1745748523096199,30.416599448926373,1.7,5.5956549135406535,N13
