EMITTER_COEFFICIENT_SOLUTION,PRESSURE_OUTPUT,OUTPUT_DEMAND,FITNESS,NODE
0.46893937709263633,30.093092579133593,1.7,1.991171301733129,N13
