EMITTER_COEFFICIENT_SOLUTION,PRESSURE_OUTPUT,OUTPUT_DEMAND,FITNESS,NODE
0.1278664095614085,30.465402326856253,1.7,7.697801952029898,N13
