EMITTER_COEFFICIENT_SOLUTION,PRESSURE_OUTPUT,OUTPUT_DEMAND,FITNESS,NODE
0.13965535395377449,30.453152059127223,1.7,7.034452164417937,N13
