EMITTER_COEFFICIENT_SOLUTION,PRESSURE_OUTPUT,OUTPUT_DEMAND,FITNESS,NODE
0.1833954561805048,30.407303556340374,1.7,5.318979639843113,N13
