EMITTER_COEFFICIENT_SOLUTION,PRESSURE_OUTPUT,OUTPUT_DEMAND,FITNESS,NODE
0.28571210544703673,30.2976474139023,1.7,3.3595137300092466,N13
