EMITTER_COEFFICIENT_SOLUTION,PRESSURE_OUTPUT,OUTPUT_DEMAND,FITNESS,NODE
0.6489291574543846,29.882353525175855,1.7,1.402611071385655,N13
