EMITTER_COEFFICIENT_SOLUTION,PRESSURE_OUTPUT,OUTPUT_DEMAND,FITNESS,NODE
0.5303447279037866,30.02226299565648,1.7,1.7450589478746827,N13
