EMITTER_COEFFICIENT_SOLUTION,PRESSURE_OUTPUT,OUTPUT_DEMAND,FITNESS,NODE
0.4196495013925282,30.149130269181992,1.7,2.2412515889686984,N13
