EMITTER_COEFFICIENT_SOLUTION,PRESSURE_OUTPUT,OUTPUT_DEMAND,FITNESS,NODE
0.6242334404388216,29.911825101279195,1.7,1.4630911007519647,N13
