EMITTER_COEFFICIENT_SOLUTION,PRESSURE_OUTPUT,OUTPUT_DEMAND,FITNESS,NODE
0.22293710130719868,30.365322413958427,1.7,4.348069461981974,N13
