EMITTER_COEFFICIENT_SOLUTION,PRESSURE_OUTPUT,OUTPUT_DEMAND,FITNESS,NODE
0.5930723987510641,29.948762033280225,1.7,1.546676755211059,N13
