EMITTER_COEFFICIENT_SOLUTION,PRESSURE_OUTPUT,OUTPUT_DEMAND,FITNESS,NODE
0.251559386362299,30.334621349277125,1.7,3.8360003830216023,N13
