EMITTER_COEFFICIENT_SOLUTION,PRESSURE_OUTPUT,OUTPUT_DEMAND,FITNESS,NODE
0.15829368091461526,30.43369153401927,1.7,6.187429383652364,N13
