EMITTER_COEFFICIENT_SOLUTION,PRESSURE_OUTPUT,OUTPUT_DEMAND,FITNESS,NODE
0.15299792332373852,30.43923244755969,1.7,6.407090133897147,N13
