EMITTER_COEFFICIENT_SOLUTION,PRESSURE_OUTPUT,OUTPUT_DEMAND,FITNESS,NODE
0.7664773139617876,29.739717047407893,1.7,1.1687807086835487,N13
