EMITTER_COEFFICIENT_SOLUTION,PRESSURE_OUTPUT,OUTPUT_DEMAND,FITNESS,NODE
0.8529303305114834,29.632381854836176,1.7,1.0384995833661812,N13
