EMITTER_COEFFICIENT_SOLUTION,PRESSURE_OUTPUT,OUTPUT_DEMAND,FITNESS,NODE
0.9160671266423964,29.552728141395143,1.7,0.9591577225564156,N13
