EMITTER_COEFFICIENT_SOLUTION,PRESSURE_OUTPUT,OUTPUT_DEMAND,FITNESS,NODE
0.37923430171541705,30.194528287441884,1.7,2.495126688854172,N13
