EMITTER_COEFFICIENT_SOLUTION,PRESSURE_OUTPUT,OUTPUT_DEMAND,FITNESS,NODE
0.6123219659773742,29.925977248970252,1.7,1.494026230606704,N13
