EMITTER_COEFFICIENT_SOLUTION,PRESSURE_OUTPUT,OUTPUT_DEMAND,FITNESS,NODE
0.6920707623577985,29.830453740053787,1.7,1.3074359897473604,N13
