EMITTER_COEFFICIENT_SOLUTION,PRESSURE_OUTPUT,OUTPUT_DEMAND,FITNESS,NODE
0.7124872319696997,29.80570982444386,1.7,1.2664644884251224,N13
