EMITTER_COEFFICIENT_SOLUTION,PRESSURE_OUTPUT,OUTPUT_DEMAND,FITNESS,NODE
0.014019303747135559,30.581333392563817,1.7,71.55047516020387,N13
