EMITTER_COEFFICIENT_SOLUTION,PRESSURE_OUTPUT,OUTPUT_DEMAND,FITNESS,NODE
0.3950216301678009,24.003489913265838,13.000000000000002,49.611552045195324,N5
