EMITTER_COEFFICIENT_SOLUTION,PRESSURE_OUTPUT,OUTPUT_DEMAND,FITNESS,NODE
0.41581727883210595,24.002424136779503,13.000000000000002,47.12008572905466,N5
