EMITTER_COEFFICIENT_SOLUTION,PRESSURE_OUTPUT,OUTPUT_DEMAND,FITNESS,NODE
0.07256621289515142,24.01995564330845,13.000000000000002,270.93914392789816,N5
