EMITTER_COEFFICIENT_SOLUTION,PRESSURE_OUTPUT,OUTPUT_DEMAND,FITNESS,NODE
0.9313266275057783,23.97585529430213,13.000000000000002,20.92434782444848,N5
