EMITTER_COEFFICIENT_SOLUTION,PRESSURE_OUTPUT,OUTPUT_DEMAND,FITNESS,NODE
0.24730268127761268,24.011047008045843,13.000000000000002,79.36822267403554,N5
