EMITTER_COEFFICIENT_SOLUTION,PRESSURE_OUTPUT,OUTPUT_DEMAND,FITNESS,NODE
0.32950904595784847,24.006844367909636,13.000000000000002,59.51622430770476,N5
