EMITTER_COEFFICIENT_SOLUTION,PRESSURE_OUTPUT,OUTPUT_DEMAND,FITNESS,NODE
0.5345083430699593,23.996332268451525,13.000000000000002,36.61093915406601,N5
