EMITTER_COEFFICIENT_SOLUTION,PRESSURE_OUTPUT,OUTPUT_DEMAND,FITNESS,NODE
0.8103771031253033,23.982114537382614,13.000000000000002,24.07783594761276,N5
