EMITTER_COEFFICIENT_SOLUTION,PRESSURE_OUTPUT,OUTPUT_DEMAND,FITNESS,NODE
0.08622445428843051,24.01926050210691,13.000000000000002,227.99781592948818,N5
