EMITTER_COEFFICIENT_SOLUTION,PRESSURE_OUTPUT,OUTPUT_DEMAND,FITNESS,NODE
0.5970285176942929,23.993117278005244,13.000000000000002,32.7554925658662,N5
