EMITTER_COEFFICIENT_SOLUTION,PRESSURE_OUTPUT,OUTPUT_DEMAND,FITNESS,NODE
0.032162655063701306,24.022010795863196,13.000000000000002,611.3541285381644,N5
