EMITTER_COEFFICIENT_SOLUTION,PRESSURE_OUTPUT,OUTPUT_DEMAND,FITNESS,NODE
0.3839322438510291,24.004058052550995,13.000000000000002,51.05047459323393,N5
