EMITTER_COEFFICIENT_SOLUTION,PRESSURE_OUTPUT,OUTPUT_DEMAND,FITNESS,NODE
0.582349767096753,23.993872485603376,13.000000000000002,33.586324076563784,N5
