EMITTER_COEFFICIENT_SOLUTION,PRESSURE_OUTPUT,OUTPUT_DEMAND,FITNESS,NODE
0.04410099103013421,24.02140372832183,13.000000000000002,445.8750668882915,N5
