EMITTER_COEFFICIENT_SOLUTION,PRESSURE_OUTPUT,OUTPUT_DEMAND,FITNESS,NODE
0.021587937407295588,24.02254839285326,13.000000000000002,910.6504554356928,N5
