EMITTER_COEFFICIENT_SOLUTION,PRESSURE_OUTPUT,OUTPUT_DEMAND,FITNESS,NODE
0.8836010968626344,23.978327000647162,13.000000000000002,22.065552685764843,N5
