EMITTER_COEFFICIENT_SOLUTION,PRESSURE_OUTPUT,OUTPUT_DEMAND,FITNESS,NODE
0.09198085852263738,24.018967466766384,13.000000000000002,213.71894991148184,N5
