EMITTER_COEFFICIENT_SOLUTION,PRESSURE_OUTPUT,OUTPUT_DEMAND,FITNESS,NODE
0.17349568520142777,24.014813985905874,13.000000000000002,113.21793167228338,N5
