EMITTER_COEFFICIENT_SOLUTION,PRESSURE_OUTPUT,OUTPUT_DEMAND,FITNESS,NODE
0.23220694222433336,24.011817950045177,13.000000000000002,84.54115171217288,N5
