EMITTER_COEFFICIENT_SOLUTION,PRESSURE_OUTPUT,OUTPUT_DEMAND,FITNESS,NODE
0.5074832616381806,23.997720680505658,13.000000000000002,38.57157347590937,N5
