EMITTER_COEFFICIENT_SOLUTION,PRESSURE_OUTPUT,OUTPUT_DEMAND,FITNESS,NODE
0.5097104290345524,23.997606289720267,13.000000000000002,38.40213432754586,N5
