EMITTER_COEFFICIENT_SOLUTION,PRESSURE_OUTPUT,OUTPUT_DEMAND,FITNESS,NODE
0.8326318281809366,23.980964010989645,13.000000000000002,23.428806790167396,N5
