EMITTER_COEFFICIENT_SOLUTION,PRESSURE_OUTPUT,OUTPUT_DEMAND,FITNESS,NODE
0.7284854789306223,23.986343605800172,13.000000000000002,26.80756491619332,N5
