EMITTER_COEFFICIENT_SOLUTION,PRESSURE_OUTPUT,OUTPUT_DEMAND,FITNESS,NODE
0.38409194715929695,24.004049871463707,13.000000000000002,51.02916234580008,N5
