EMITTER_COEFFICIENT_SOLUTION,PRESSURE_OUTPUT,OUTPUT_DEMAND,FITNESS,NODE
0.8017716939470385,23.982559278223114,13.000000000000002,24.338461859494757,N5
