EMITTER_COEFFICIENT_SOLUTION,PRESSURE_OUTPUT,OUTPUT_DEMAND,FITNESS,NODE
0.6844746792663883,23.988613449386577,13.000000000000002,28.54446657150821,N5
