EMITTER_COEFFICIENT_SOLUTION,PRESSURE_OUTPUT,OUTPUT_DEMAND,FITNESS,NODE
0.8848233375313947,23.9782637311462,13.000000000000002,22.034790432507624,N5
