EMITTER_COEFFICIENT_SOLUTION,PRESSURE_OUTPUT,OUTPUT_DEMAND,FITNESS,NODE
0.20498579849223209,24.01320751186234,13.000000000000002,95.79464229827506,N5
