EMITTER_COEFFICIENT_SOLUTION,PRESSURE_OUTPUT,OUTPUT_DEMAND,FITNESS,NODE
0.7086356986781759,23.987367609766594,13.000000000000002,27.564232107279494,N5
