EMITTER_COEFFICIENT_SOLUTION,PRESSURE_OUTPUT,OUTPUT_DEMAND,FITNESS,NODE
0.5473973242220604,23.99566982012719,13.000000000000002,35.74404402663301,N5
