EMITTER_COEFFICIENT_SOLUTION,PRESSURE_OUTPUT,OUTPUT_DEMAND,FITNESS,NODE
0.9619790155285814,23.97426652352285,13.000000000000002,20.25111975329967,N5
