EMITTER_COEFFICIENT_SOLUTION,PRESSURE_OUTPUT,OUTPUT_DEMAND,FITNESS,NODE
0.23792750530087992,24.011525829070585,13.000000000000002,82.50362215887289,N5
