EMITTER_COEFFICIENT_SOLUTION,PRESSURE_OUTPUT,OUTPUT_DEMAND,FITNESS,NODE
0.6799076205324599,23.988848874855407,13.000000000000002,28.737585862050537,N5
