EMITTER_COEFFICIENT_SOLUTION,PRESSURE_OUTPUT,OUTPUT_DEMAND,FITNESS,NODE
0.4311201300859375,24.001639566981112,13.000000000000002,45.44020689482252,N5
