EMITTER_COEFFICIENT_SOLUTION,PRESSURE_OUTPUT,OUTPUT_DEMAND,FITNESS,NODE
0.81792826693645,23.98172421622261,13.000000000000002,23.853657158065513,N5
