EMITTER_COEFFICIENT_SOLUTION,PRESSURE_OUTPUT,OUTPUT_DEMAND,FITNESS,NODE
0.7512595688688302,23.985168222423205,13.000000000000002,25.988683179116958,N5
