EMITTER_COEFFICIENT_SOLUTION,PRESSURE_OUTPUT,OUTPUT_DEMAND,FITNESS,NODE
0.21147118765128559,24.012876524412924,13.000000000000002,92.85064326410948,N5
