EMITTER_COEFFICIENT_SOLUTION,PRESSURE_OUTPUT,OUTPUT_DEMAND,FITNESS,NODE
0.09727871369722219,24.018697742332677,13.000000000000002,202.07054815445963,N5
