EMITTER_COEFFICIENT_SOLUTION,PRESSURE_OUTPUT,OUTPUT_DEMAND,FITNESS,NODE
0.4885060310550795,23.99869516329119,13.000000000000002,40.077998610276914,N5
