EMITTER_COEFFICIENT_SOLUTION,PRESSURE_OUTPUT,OUTPUT_DEMAND,FITNESS,NODE
0.049117754480403564,24.021148578065976,13.000000000000002,400.33131934000806,N5
