EMITTER_COEFFICIENT_SOLUTION,PRESSURE_OUTPUT,OUTPUT_DEMAND,FITNESS,NODE
0.498635299397981,23.998175072704996,13.000000000000002,39.25966274882368,N5
