EMITTER_COEFFICIENT_SOLUTION,PRESSURE_OUTPUT,OUTPUT_DEMAND,FITNESS,NODE
0.5531478431437113,23.995374205846474,13.000000000000002,35.37030546721001,N5
