EMITTER_COEFFICIENT_SOLUTION,PRESSURE_OUTPUT,OUTPUT_DEMAND,FITNESS,NODE
0.06577225970813871,24.02030134813954,13.000000000000002,298.93928321746756,N5
