EMITTER_COEFFICIENT_SOLUTION,PRESSURE_OUTPUT,OUTPUT_DEMAND,FITNESS,NODE
0.4093961026070285,24.002753271880792,13.000000000000002,47.86237731726325,N5
