EMITTER_COEFFICIENT_SOLUTION,PRESSURE_OUTPUT,OUTPUT_DEMAND,FITNESS,NODE
0.9874526522558587,23.97294541438624,13.000000000000002,19.723440035166657,N5
