EMITTER_COEFFICIENT_SOLUTION,PRESSURE_OUTPUT,OUTPUT_DEMAND,FITNESS,NODE
0.7115062873655476,23.987219548949916,13.000000000000002,27.452194684791333,N5
