EMITTER_COEFFICIENT_SOLUTION,PRESSURE_OUTPUT,OUTPUT_DEMAND,FITNESS,NODE
0.33744890389035453,24.006438069549503,13.000000000000002,58.11102168259259,N5
