EMITTER_COEFFICIENT_SOLUTION,PRESSURE_OUTPUT,OUTPUT_DEMAND,FITNESS,NODE
0.843316748241449,23.980411432787506,13.000000000000002,23.129368254183124,N5
