EMITTER_COEFFICIENT_SOLUTION,PRESSURE_OUTPUT,OUTPUT_DEMAND,FITNESS,NODE
0.1409578255963242,24.016472783590203,13.000000000000002,139.39758467922175,N5
