EMITTER_COEFFICIENT_SOLUTION,PRESSURE_OUTPUT,OUTPUT_DEMAND,FITNESS,NODE
0.2023323002387991,24.01334292224172,13.000000000000002,97.05358145390284,N5
