EMITTER_COEFFICIENT_SOLUTION,PRESSURE_OUTPUT,OUTPUT_DEMAND,FITNESS,NODE
0.3279362780804562,24.006924841460517,13.000000000000002,59.80264800821477,N5
