EMITTER_COEFFICIENT_SOLUTION,PRESSURE_OUTPUT,OUTPUT_DEMAND,FITNESS,NODE
0.23115370901722399,24.011871729595583,13.000000000000002,84.92728082428927,N5
