EMITTER_COEFFICIENT_SOLUTION,PRESSURE_OUTPUT,OUTPUT_DEMAND,FITNESS,NODE
0.8435740694869531,23.98039812373021,13.000000000000002,23.122250529784438,N5
