EMITTER_COEFFICIENT_SOLUTION,PRESSURE_OUTPUT,OUTPUT_DEMAND,FITNESS,NODE
0.12634167885339975,24.017217543392235,13.000000000000002,155.54601715753407,N5
