EMITTER_COEFFICIENT_SOLUTION,PRESSURE_OUTPUT,OUTPUT_DEMAND,FITNESS,NODE
0.7564031834069405,23.98490268058208,13.000000000000002,25.810562351735385,N5
