EMITTER_COEFFICIENT_SOLUTION,PRESSURE_OUTPUT,OUTPUT_DEMAND,FITNESS,NODE
0.2148848160927912,24.01270228853779,13.000000000000002,91.37242806442273,N5
