EMITTER_COEFFICIENT_SOLUTION,PRESSURE_OUTPUT,OUTPUT_DEMAND,FITNESS,NODE
0.5788627701256899,23.99405185410975,13.000000000000002,33.789885456131195,N5
