EMITTER_COEFFICIENT_SOLUTION,PRESSURE_OUTPUT,OUTPUT_DEMAND,FITNESS,NODE
0.6859006082506207,23.98853994015554,13.000000000000002,28.484697649193738,N5
