EMITTER_COEFFICIENT_SOLUTION,PRESSURE_OUTPUT,OUTPUT_DEMAND,FITNESS,NODE
0.7210052418626025,23.9867295435033,13.000000000000002,27.087816824267094,N5
