EMITTER_COEFFICIENT_SOLUTION,PRESSURE_OUTPUT,OUTPUT_DEMAND,FITNESS,NODE
0.5563270945781784,23.995210756218512,13.000000000000002,35.16699580605703,N5
