EMITTER_COEFFICIENT_SOLUTION,PRESSURE_OUTPUT,OUTPUT_DEMAND,FITNESS,NODE
0.21673076399185187,24.012608063758826,13.000000000000002,90.59246796831346,N5
