EMITTER_COEFFICIENT_SOLUTION,PRESSURE_OUTPUT,OUTPUT_DEMAND,FITNESS,NODE
0.8404906100072103,23.980557600413654,13.000000000000002,23.207828464949326,N5
