EMITTER_COEFFICIENT_SOLUTION,PRESSURE_OUTPUT,OUTPUT_DEMAND,FITNESS,NODE
0.20490184866709238,24.01321179601412,13.000000000000002,95.83397244433363,N5
