EMITTER_COEFFICIENT_SOLUTION,PRESSURE_OUTPUT,OUTPUT_DEMAND,FITNESS,NODE
0.7666415484387517,23.984374035058707,13.000000000000002,25.46312719265558,N5
