EMITTER_COEFFICIENT_SOLUTION,PRESSURE_OUTPUT,OUTPUT_DEMAND,FITNESS,NODE
0.48811629646496923,23.998715172126097,13.000000000000002,40.11016351425459,N5
