EMITTER_COEFFICIENT_SOLUTION,PRESSURE_OUTPUT,OUTPUT_DEMAND,FITNESS,NODE
0.1154347432348295,24.01777314999424,13.000000000000002,170.26032177696862,N5
