EMITTER_COEFFICIENT_SOLUTION,PRESSURE_OUTPUT,OUTPUT_DEMAND,FITNESS,NODE
0.3903897757305903,24.003727231911597,13.000000000000002,50.20262501802905,N5
