EMITTER_COEFFICIENT_SOLUTION,PRESSURE_OUTPUT,OUTPUT_DEMAND,FITNESS,NODE
0.47579547709098446,23.99934763398212,13.000000000000002,41.15416857241104,N5
