EMITTER_COEFFICIENT_SOLUTION,PRESSURE_OUTPUT,OUTPUT_DEMAND,FITNESS,NODE
0.15924026988838702,24.015540873347632,13.000000000000002,123.37095308848373,N5
