EMITTER_COEFFICIENT_SOLUTION,PRESSURE_OUTPUT,OUTPUT_DEMAND,FITNESS,NODE
0.5552489218799541,23.995266187760855,13.000000000000002,35.23568286559884,N5
