EMITTER_COEFFICIENT_SOLUTION,PRESSURE_OUTPUT,OUTPUT_DEMAND,FITNESS,NODE
0.7829213593894717,23.983533215326453,13.000000000000002,24.929391420553895,N5
