EMITTER_COEFFICIENT_SOLUTION,PRESSURE_OUTPUT,OUTPUT_DEMAND,FITNESS,NODE
0.7391669432713541,23.98579239883572,13.000000000000002,26.417210568819545,N5
