EMITTER_COEFFICIENT_SOLUTION,PRESSURE_OUTPUT,OUTPUT_DEMAND,FITNESS,NODE
0.9810559540651367,23.973277223862816,13.000000000000002,19.853368905353097,N5
