EMITTER_COEFFICIENT_SOLUTION,PRESSURE_OUTPUT,OUTPUT_DEMAND,FITNESS,NODE
0.883940767372912,23.978309417704338,13.000000000000002,22.056995071240294,N5
