EMITTER_COEFFICIENT_SOLUTION,PRESSURE_OUTPUT,OUTPUT_DEMAND,FITNESS,NODE
0.08293315403652057,24.019428032676153,13.000000000000002,237.05241305171612,N5
