EMITTER_COEFFICIENT_SOLUTION,PRESSURE_OUTPUT,OUTPUT_DEMAND,FITNESS,NODE
0.1890125060945611,24.01402252735859,13.000000000000002,103.90709726391442,N5
