EMITTER_COEFFICIENT_SOLUTION,PRESSURE_OUTPUT,OUTPUT_DEMAND,FITNESS,NODE
0.6242596690979636,23.991715646732537,13.000000000000002,31.317663474376285,N5
