EMITTER_COEFFICIENT_SOLUTION,PRESSURE_OUTPUT,OUTPUT_DEMAND,FITNESS,NODE
0.23287132375940023,24.011784025180454,13.000000000000002,84.29937712509185,N5
