EMITTER_COEFFICIENT_SOLUTION,PRESSURE_OUTPUT,OUTPUT_DEMAND,FITNESS,NODE
0.08520378005443252,24.019312456741304,13.000000000000002,230.73094935048923,N5
