EMITTER_COEFFICIENT_SOLUTION,PRESSURE_OUTPUT,OUTPUT_DEMAND,FITNESS,NODE
0.4391389880553438,24.001228342803778,13.000000000000002,44.60668146252688,N5
