EMITTER_COEFFICIENT_SOLUTION,PRESSURE_OUTPUT,OUTPUT_DEMAND,FITNESS,NODE
0.868043700087713,23.97913219242846,13.000000000000002,22.464682741603482,N5
