EMITTER_COEFFICIENT_SOLUTION,PRESSURE_OUTPUT,OUTPUT_DEMAND,FITNESS,NODE
0.8923082051890079,23.97787624083221,13.000000000000002,21.84824427058039,N5
