EMITTER_COEFFICIENT_SOLUTION,PRESSURE_OUTPUT,OUTPUT_DEMAND,FITNESS,NODE
0.7179446707466799,23.986887434250924,13.000000000000002,27.20416675078485,N5
