EMITTER_COEFFICIENT_SOLUTION,PRESSURE_OUTPUT,OUTPUT_DEMAND,FITNESS,NODE
0.2712199370934094,24.009825042323442,13.000000000000002,72.35122154185255,N5
