EMITTER_COEFFICIENT_SOLUTION,PRESSURE_OUTPUT,OUTPUT_DEMAND,FITNESS,NODE
0.656327182163857,23.990064056541463,13.000000000000002,29.777455956378297,N5
