EMITTER_COEFFICIENT_SOLUTION,PRESSURE_OUTPUT,OUTPUT_DEMAND,FITNESS,NODE
0.32924628256558264,24.00685781286694,13.000000000000002,59.563886918711106,N5
