EMITTER_COEFFICIENT_SOLUTION,PRESSURE_OUTPUT,OUTPUT_DEMAND,FITNESS,NODE
0.6948088328050153,23.988080655516036,13.000000000000002,28.116856509527764,N5
