EMITTER_COEFFICIENT_SOLUTION,PRESSURE_OUTPUT,OUTPUT_DEMAND,FITNESS,NODE
0.013544949468216938,24.02295719997322,13.000000000000002,1450.7280653582438,N5
