EMITTER_COEFFICIENT_SOLUTION,PRESSURE_OUTPUT,OUTPUT_DEMAND,FITNESS,NODE
0.6663815474049564,23.989545993389513,13.000000000000002,29.32506975639463,N5
