EMITTER_COEFFICIENT_SOLUTION,PRESSURE_OUTPUT,OUTPUT_DEMAND,FITNESS,NODE
0.6599615965118637,23.98987680155861,13.000000000000002,29.612338239304382,N5
