EMITTER_COEFFICIENT_SOLUTION,PRESSURE_OUTPUT,OUTPUT_DEMAND,FITNESS,NODE
0.43289003922640257,24.001548808241196,13.000000000000002,45.25357680339513,N5
