EMITTER_COEFFICIENT_SOLUTION,PRESSURE_OUTPUT,OUTPUT_DEMAND,FITNESS,NODE
0.4638643992049485,23.99995993294582,13.000000000000002,42.21800551850366,N5
