EMITTER_COEFFICIENT_SOLUTION,PRESSURE_OUTPUT,OUTPUT_DEMAND,FITNESS,NODE
0.08010826767311108,24.019571812862274,13.000000000000002,245.41707108601628,N5
