EMITTER_COEFFICIENT_SOLUTION,PRESSURE_OUTPUT,OUTPUT_DEMAND,FITNESS,NODE
0.9011507261592615,23.977418387876845,13.000000000000002,21.63185470166798,N5
