EMITTER_COEFFICIENT_SOLUTION,PRESSURE_OUTPUT,OUTPUT_DEMAND,FITNESS,NODE
0.10844664581261365,24.018129060117978,13.000000000000002,181.24318235526204,N5
