EMITTER_COEFFICIENT_SOLUTION,PRESSURE_OUTPUT,OUTPUT_DEMAND,FITNESS,NODE
0.41304383983655857,24.002566302523064,13.000000000000002,47.437865444396266,N5
