EMITTER_COEFFICIENT_SOLUTION,PRESSURE_OUTPUT,OUTPUT_DEMAND,FITNESS,NODE
0.3396072515791666,24.006327610771486,13.000000000000002,57.74039346206923,N5
