EMITTER_COEFFICIENT_SOLUTION,PRESSURE_OUTPUT,OUTPUT_DEMAND,FITNESS,NODE
0.11052241426214748,24.018023344917815,13.000000000000002,177.83581972000863,N5
