EMITTER_COEFFICIENT_SOLUTION,PRESSURE_OUTPUT,OUTPUT_DEMAND,FITNESS,NODE
0.4708210035072782,23.999602941023525,13.000000000000002,41.59116482085673,N5
