EMITTER_COEFFICIENT_SOLUTION,PRESSURE_OUTPUT,OUTPUT_DEMAND,FITNESS,NODE
0.03283578139859866,24.021976571357698,13.000000000000002,598.8247431414044,N5
