EMITTER_COEFFICIENT_SOLUTION,PRESSURE_OUTPUT,OUTPUT_DEMAND,FITNESS,NODE
0.3432409034000008,24.006141638242042,13.000000000000002,57.126956941976374,N5
