EMITTER_COEFFICIENT_SOLUTION,PRESSURE_OUTPUT,OUTPUT_DEMAND,FITNESS,NODE
0.6392512439498137,23.990943665421703,13.000000000000002,30.578380640506733,N5
