EMITTER_COEFFICIENT_SOLUTION,PRESSURE_OUTPUT,OUTPUT_DEMAND,FITNESS,NODE
0.43010742908646216,24.001691495504346,13.000000000000002,45.547683159245516,N5
