EMITTER_COEFFICIENT_SOLUTION,PRESSURE_OUTPUT,OUTPUT_DEMAND,FITNESS,NODE
0.23059260633212064,24.011900379785246,13.000000000000002,85.13442844301801,N5
