EMITTER_COEFFICIENT_SOLUTION,PRESSURE_OUTPUT,OUTPUT_DEMAND,FITNESS,NODE
0.15204747862445767,24.015907551618383,13.000000000000002,129.21637196220038,N5
