EMITTER_COEFFICIENT_SOLUTION,PRESSURE_OUTPUT,OUTPUT_DEMAND,FITNESS,NODE
0.8574615815968705,23.9796797347701,13.000000000000002,22.74444775048962,N5
