EMITTER_COEFFICIENT_SOLUTION,PRESSURE_OUTPUT,OUTPUT_DEMAND,FITNESS,NODE
0.13588968262708367,24.016731055143012,13.000000000000002,144.60366821634392,N5
