EMITTER_COEFFICIENT_SOLUTION,PRESSURE_OUTPUT,OUTPUT_DEMAND,FITNESS,NODE
0.583730044288155,23.99380148156029,13.000000000000002,33.506419147545245,N5
