EMITTER_COEFFICIENT_SOLUTION,PRESSURE_OUTPUT,OUTPUT_DEMAND,FITNESS,NODE
0.5504076404419598,23.9955150746354,13.000000000000002,35.54742306542792,N5
