EMITTER_COEFFICIENT_SOLUTION,PRESSURE_OUTPUT,OUTPUT_DEMAND,FITNESS,NODE
0.8817828849882496,23.97842111774601,13.000000000000002,22.111472593677153,N5
