EMITTER_COEFFICIENT_SOLUTION,PRESSURE_OUTPUT,OUTPUT_DEMAND,FITNESS,NODE
0.29903590852082385,24.00840310386434,13.000000000000002,65.60213999942701,N5
