EMITTER_COEFFICIENT_SOLUTION,PRESSURE_OUTPUT,OUTPUT_DEMAND,FITNESS,NODE
0.9784508405135228,23.973412343788382,13.000000000000002,19.906770523865667,N5
