EMITTER_COEFFICIENT_SOLUTION,PRESSURE_OUTPUT,OUTPUT_DEMAND,FITNESS,NODE
0.09074132210702035,24.019030569627134,13.000000000000002,216.64062542485925,N5
