EMITTER_COEFFICIENT_SOLUTION,PRESSURE_OUTPUT,OUTPUT_DEMAND,FITNESS,NODE
0.304132450424768,24.008142480103793,13.000000000000002,64.49936364989657,N5
