EMITTER_COEFFICIENT_SOLUTION,PRESSURE_OUTPUT,OUTPUT_DEMAND,FITNESS,NODE
0.2560265778854438,24.01060136413914,13.000000000000002,76.6568718147076,N5
