EMITTER_COEFFICIENT_SOLUTION,PRESSURE_OUTPUT,OUTPUT_DEMAND,FITNESS,NODE
0.4305162387519552,24.00167053300214,13.000000000000002,45.50423601463234,N5
