EMITTER_COEFFICIENT_SOLUTION,PRESSURE_OUTPUT,OUTPUT_DEMAND,FITNESS,NODE
0.2593033835245391,24.01043395328582,13.000000000000002,75.68558415710179,N5
