EMITTER_COEFFICIENT_SOLUTION,PRESSURE_OUTPUT,OUTPUT_DEMAND,FITNESS,NODE
0.18835251268847153,24.014056196645647,13.000000000000002,104.27189016568123,N5
