EMITTER_COEFFICIENT_SOLUTION,PRESSURE_OUTPUT,OUTPUT_DEMAND,FITNESS,NODE
0.8893594793138135,23.978028903014234,13.000000000000002,21.92136079147628,N5
