EMITTER_COEFFICIENT_SOLUTION,PRESSURE_OUTPUT,OUTPUT_DEMAND,FITNESS,NODE
0.16272573967182513,24.01536316876758,13.000000000000002,120.7242450329646,N5
