EMITTER_COEFFICIENT_SOLUTION,PRESSURE_OUTPUT,OUTPUT_DEMAND,FITNESS,NODE
0.054537681991513765,24.020872899893504,13.000000000000002,360.5410673927287,N5
