EMITTER_COEFFICIENT_SOLUTION,PRESSURE_OUTPUT,OUTPUT_DEMAND,FITNESS,NODE
0.7458332209512664,23.98544832975486,13.000000000000002,26.17925824934083,N5
