EMITTER_COEFFICIENT_SOLUTION,PRESSURE_OUTPUT,OUTPUT_DEMAND,FITNESS,NODE
0.8908247792709321,23.97795304229593,13.000000000000002,21.884966744480682,N5
