EMITTER_COEFFICIENT_SOLUTION,PRESSURE_OUTPUT,OUTPUT_DEMAND,FITNESS,NODE
0.8770934367553882,23.9786638439124,13.000000000000002,22.230785954978252,N5
