EMITTER_COEFFICIENT_SOLUTION,PRESSURE_OUTPUT,OUTPUT_DEMAND,FITNESS,NODE
0.2010380244690162,24.01340896750539,13.000000000000002,97.67970144175594,N5
