EMITTER_COEFFICIENT_SOLUTION,PRESSURE_OUTPUT,OUTPUT_DEMAND,FITNESS,NODE
0.24980601615457854,24.010919138342494,13.000000000000002,78.57082379765225,N5
