EMITTER_COEFFICIENT_SOLUTION,PRESSURE_OUTPUT,OUTPUT_DEMAND,FITNESS,NODE
0.40572906333283876,24.002941216066432,13.000000000000002,48.296829297336394,N5
