EMITTER_COEFFICIENT_SOLUTION,PRESSURE_OUTPUT,OUTPUT_DEMAND,FITNESS,NODE
0.21556517460274827,24.012667560670565,13.000000000000002,91.08340497726336,N5
