EMITTER_COEFFICIENT_SOLUTION,PRESSURE_OUTPUT,OUTPUT_DEMAND,FITNESS,NODE
0.4948808989662943,23.998367856548242,13.000000000000002,39.559070665190305,N5
