EMITTER_COEFFICIENT_SOLUTION,PRESSURE_OUTPUT,OUTPUT_DEMAND,FITNESS,NODE
0.506016130398508,23.997796031723823,13.000000000000002,38.684005250884944,N5
