EMITTER_COEFFICIENT_SOLUTION,PRESSURE_OUTPUT,OUTPUT_DEMAND,FITNESS,NODE
0.08998776662538122,24.019068931138314,13.000000000000002,218.45614052124952,N5
