EMITTER_COEFFICIENT_SOLUTION,PRESSURE_OUTPUT,OUTPUT_DEMAND,FITNESS,NODE
0.06125735749151828,24.020531057400802,13.000000000000002,320.9807494309483,N5
