EMITTER_COEFFICIENT_SOLUTION,PRESSURE_OUTPUT,OUTPUT_DEMAND,FITNESS,NODE
0.8971998747666052,23.977622967579535,13.000000000000002,21.728010674538517,N5
