EMITTER_COEFFICIENT_SOLUTION,PRESSURE_OUTPUT,OUTPUT_DEMAND,FITNESS,NODE
0.7214469871509828,23.98670675362729,13.000000000000002,27.07110507346925,N5
