EMITTER_COEFFICIENT_SOLUTION,PRESSURE_OUTPUT,OUTPUT_DEMAND,FITNESS,NODE
0.24711616766399525,24.011056534840577,13.000000000000002,79.42828036392773,N5
