EMITTER_COEFFICIENT_SOLUTION,PRESSURE_OUTPUT,OUTPUT_DEMAND,FITNESS,NODE
0.9017852381903051,23.977385530547608,13.000000000000002,21.616490457434168,N5
