EMITTER_COEFFICIENT_SOLUTION,PRESSURE_OUTPUT,OUTPUT_DEMAND,FITNESS,NODE
0.03662347548090494,24.02178398020498,13.000000000000002,536.9044411474702,N5
