EMITTER_COEFFICIENT_SOLUTION,PRESSURE_OUTPUT,OUTPUT_DEMAND,FITNESS,NODE
0.3245131384838682,24.0070999833922,13.000000000000002,60.43564804210929,N5
