EMITTER_COEFFICIENT_SOLUTION,PRESSURE_OUTPUT,OUTPUT_DEMAND,FITNESS,NODE
0.18901835889259777,24.01402222877843,13.000000000000002,103.90387368801504,N5
