EMITTER_COEFFICIENT_SOLUTION,PRESSURE_OUTPUT,OUTPUT_DEMAND,FITNESS,NODE
0.17981902254277993,24.42019382163317,1.2,5.949568627738303,N12
