EMITTER_COEFFICIENT_SOLUTION,PRESSURE_OUTPUT,OUTPUT_DEMAND,FITNESS,NODE
0.7372554198982547,23.845305948429512,1.2,1.3459542824386899,N12
