EMITTER_COEFFICIENT_SOLUTION,PRESSURE_OUTPUT,OUTPUT_DEMAND,FITNESS,NODE
0.4900669068031066,24.109791190751658,1.2,2.089942587573059,N12
