EMITTER_COEFFICIENT_SOLUTION,PRESSURE_OUTPUT,OUTPUT_DEMAND,FITNESS,NODE
0.49206016605720604,24.107717391749006,1.2,2.0809236131463464,N12
