EMITTER_COEFFICIENT_SOLUTION,PRESSURE_OUTPUT,OUTPUT_DEMAND,FITNESS,NODE
0.20369612636157075,24.397204425819602,1.2,5.233716630441603,N12
