EMITTER_COEFFICIENT_SOLUTION,PRESSURE_OUTPUT,OUTPUT_DEMAND,FITNESS,NODE
0.6290934734227159,23.962823021889715,1.2,1.5988482861007194,N12
