EMITTER_COEFFICIENT_SOLUTION,PRESSURE_OUTPUT,OUTPUT_DEMAND,FITNESS,NODE
0.41083924813876116,24.191416785993084,1.2,2.519802826710211,N12
