EMITTER_COEFFICIENT_SOLUTION,PRESSURE_OUTPUT,OUTPUT_DEMAND,FITNESS,NODE
0.03660808358242018,24.554789602620414,1.2,29.86533875527022,N12
