EMITTER_COEFFICIENT_SOLUTION,PRESSURE_OUTPUT,OUTPUT_DEMAND,FITNESS,NODE
0.467939261495543,24.132746457950866,1.2,2.1952606347872274,N12
