EMITTER_COEFFICIENT_SOLUTION,PRESSURE_OUTPUT,OUTPUT_DEMAND,FITNESS,NODE
0.9286988691298049,23.630811604447953,1.2,1.0444282767287578,N12
