EMITTER_COEFFICIENT_SOLUTION,PRESSURE_OUTPUT,OUTPUT_DEMAND,FITNESS,NODE
0.5231038238784577,24.075292878958404,1.2,1.9493923885667472,N12
