EMITTER_COEFFICIENT_SOLUTION,PRESSURE_OUTPUT,OUTPUT_DEMAND,FITNESS,NODE
0.8176667234218621,23.756201784281043,1.2,1.2018198678642447,N12
