EMITTER_COEFFICIENT_SOLUTION,PRESSURE_OUTPUT,OUTPUT_DEMAND,FITNESS,NODE
0.22522824314345968,24.376340796786298,1.2,4.718484872748173,N12
