EMITTER_COEFFICIENT_SOLUTION,PRESSURE_OUTPUT,OUTPUT_DEMAND,FITNESS,NODE
0.2665508462975189,24.335953316601035,1.2,3.9632226004987907,N12
