EMITTER_COEFFICIENT_SOLUTION,PRESSURE_OUTPUT,OUTPUT_DEMAND,FITNESS,NODE
0.9976719639299753,23.551584987280965,1.2,0.9646101448223096,N12
