EMITTER_COEFFICIENT_SOLUTION,PRESSURE_OUTPUT,OUTPUT_DEMAND,FITNESS,NODE
0.6617137718774747,23.92766868788023,1.2,1.5137649378360694,N12
