EMITTER_COEFFICIENT_SOLUTION,PRESSURE_OUTPUT,OUTPUT_DEMAND,FITNESS,NODE
0.30984781058573774,24.29315068076593,1.2,3.3884228377344185,N12
