EMITTER_COEFFICIENT_SOLUTION,PRESSURE_OUTPUT,OUTPUT_DEMAND,FITNESS,NODE
0.8779957028080657,23.68840480498067,1.2,1.1112735679182693,N12
