EMITTER_COEFFICIENT_SOLUTION,PRESSURE_OUTPUT,OUTPUT_DEMAND,FITNESS,NODE
0.6148433516114528,23.978101196651306,1.2,1.6388820503982306,N12
