EMITTER_COEFFICIENT_SOLUTION,PRESSURE_OUTPUT,OUTPUT_DEMAND,FITNESS,NODE
0.43859168877974597,24.163003566277165,1.2,2.3514491519580516,N12
