EMITTER_COEFFICIENT_SOLUTION,PRESSURE_OUTPUT,OUTPUT_DEMAND,FITNESS,NODE
0.39702829059677025,24.205483848697313,1.2,2.6124026367041755,N12
