EMITTER_COEFFICIENT_SOLUTION,PRESSURE_OUTPUT,OUTPUT_DEMAND,FITNESS,NODE
0.6293067640925191,23.96259397782285,1.2,1.5982629914629054,N12
