EMITTER_COEFFICIENT_SOLUTION,PRESSURE_OUTPUT,OUTPUT_DEMAND,FITNESS,NODE
0.5950700706297399,23.99922090494043,1.2,1.6976420435349446,N12
