EMITTER_COEFFICIENT_SOLUTION,PRESSURE_OUTPUT,OUTPUT_DEMAND,FITNESS,NODE
0.27334700368127585,24.329267465837308,1.2,3.860917871853317,N12
