EMITTER_COEFFICIENT_SOLUTION,PRESSURE_OUTPUT,OUTPUT_DEMAND,FITNESS,NODE
0.39486852359757074,24.207679275678302,1.2,2.6274720804127565,N12
