EMITTER_COEFFICIENT_SOLUTION,PRESSURE_OUTPUT,OUTPUT_DEMAND,FITNESS,NODE
0.8849844675828723,23.680499376254826,1.2,1.1015959440153946,N12
