EMITTER_COEFFICIENT_SOLUTION,PRESSURE_OUTPUT,OUTPUT_DEMAND,FITNESS,NODE
0.49898086686313337,24.100509424069536,1.2,2.050172602441246,N12
