EMITTER_COEFFICIENT_SOLUTION,PRESSURE_OUTPUT,OUTPUT_DEMAND,FITNESS,NODE
0.45244852958733894,24.148744159628595,1.2,2.275162344984936,N12
