EMITTER_COEFFICIENT_SOLUTION,PRESSURE_OUTPUT,OUTPUT_DEMAND,FITNESS,NODE
0.9189478632598304,23.641930679971626,1.2,1.0566998129035494,N12
