EMITTER_COEFFICIENT_SOLUTION,PRESSURE_OUTPUT,OUTPUT_DEMAND,FITNESS,NODE
0.6920456429300877,23.894756779332628,1.2,1.4419268540434198,N12
