EMITTER_COEFFICIENT_SOLUTION,PRESSURE_OUTPUT,OUTPUT_DEMAND,FITNESS,NODE
0.5861124672134949,24.008757682060693,1.2,1.725579229585094,N12
