EMITTER_COEFFICIENT_SOLUTION,PRESSURE_OUTPUT,OUTPUT_DEMAND,FITNESS,NODE
0.9147378332012738,23.646725075716176,1.2,1.0620805648497789,N12
