EMITTER_COEFFICIENT_SOLUTION,PRESSURE_OUTPUT,OUTPUT_DEMAND,FITNESS,NODE
0.0824909548670757,24.512288119289753,1.2,13.160472299459698,N12
