EMITTER_COEFFICIENT_SOLUTION,PRESSURE_OUTPUT,OUTPUT_DEMAND,FITNESS,NODE
0.790136547073598,23.786871967232425,1.2,1.2478143487081477,N12
