EMITTER_COEFFICIENT_SOLUTION,PRESSURE_OUTPUT,OUTPUT_DEMAND,FITNESS,NODE
0.9474309314496557,23.60939443200602,1.2,1.0215769283741878,N12
