EMITTER_COEFFICIENT_SOLUTION,PRESSURE_OUTPUT,OUTPUT_DEMAND,FITNESS,NODE
0.5105584268853064,24.088424871984706,1.2,2.000606735130827,N12
