EMITTER_COEFFICIENT_SOLUTION,PRESSURE_OUTPUT,OUTPUT_DEMAND,FITNESS,NODE
0.16146852237854392,24.437756787996175,1.2,6.643792257886298,N12
