EMITTER_COEFFICIENT_SOLUTION,PRESSURE_OUTPUT,OUTPUT_DEMAND,FITNESS,NODE
0.841379238849353,23.729649545340685,1.2,1.1646545663372783,N12
