EMITTER_COEFFICIENT_SOLUTION,PRESSURE_OUTPUT,OUTPUT_DEMAND,FITNESS,NODE
0.8757619644289657,23.690929284556546,1.2,1.1143998913603808,N12
