EMITTER_COEFFICIENT_SOLUTION,PRESSURE_OUTPUT,OUTPUT_DEMAND,FITNESS,NODE
0.5716551489919323,24.024109097222176,1.2,1.772533797255968,N12
