EMITTER_COEFFICIENT_SOLUTION,PRESSURE_OUTPUT,OUTPUT_DEMAND,FITNESS,NODE
0.9911506393384658,23.559118643650645,1.2,0.971671320498446,N12
