EMITTER_COEFFICIENT_SOLUTION,PRESSURE_OUTPUT,OUTPUT_DEMAND,FITNESS,NODE
0.33107324718841513,24.271988007058464,1.2,3.161703153274085,N12
