EMITTER_COEFFICIENT_SOLUTION,PRESSURE_OUTPUT,OUTPUT_DEMAND,FITNESS,NODE
0.9299548088644359,23.629377976121493,1.2,1.0428667694109846,N12
