EMITTER_COEFFICIENT_SOLUTION,PRESSURE_OUTPUT,OUTPUT_DEMAND,FITNESS,NODE
0.6679892347059487,23.920877048942963,1.2,1.4983603773655008,N12
