EMITTER_COEFFICIENT_SOLUTION,PRESSURE_OUTPUT,OUTPUT_DEMAND,FITNESS,NODE
0.3808115212924633,24.221939272276078,1.2,2.7297496381097157,N12
