EMITTER_COEFFICIENT_SOLUTION,PRESSURE_OUTPUT,OUTPUT_DEMAND,FITNESS,NODE
0.08935990168995656,24.505874569356305,1.2,12.13611897533268,N12
