EMITTER_COEFFICIENT_SOLUTION,PRESSURE_OUTPUT,OUTPUT_DEMAND,FITNESS,NODE
0.10621747713364671,24.49007885190258,1.2,10.183881975351152,N12
