EMITTER_COEFFICIENT_SOLUTION,PRESSURE_OUTPUT,OUTPUT_DEMAND,FITNESS,NODE
0.3747518359268255,24.228070867096015,1.2,2.7762171804391693,N12
