EMITTER_COEFFICIENT_SOLUTION,PRESSURE_OUTPUT,OUTPUT_DEMAND,FITNESS,NODE
0.32844321743313876,24.27461663295839,1.2,3.188200076226043,N12
