EMITTER_COEFFICIENT_SOLUTION,PRESSURE_OUTPUT,OUTPUT_DEMAND,FITNESS,NODE
0.32067928210006447,24.282365919632735,1.2,3.2689640043474304,N12
