EMITTER_COEFFICIENT_SOLUTION,PRESSURE_OUTPUT,OUTPUT_DEMAND,FITNESS,NODE
0.9629745887383995,23.591566085696385,1.2,1.0033037301852723,N12
