EMITTER_COEFFICIENT_SOLUTION,PRESSURE_OUTPUT,OUTPUT_DEMAND,FITNESS,NODE
0.753441859562099,23.827487169025577,1.2,1.3144299636527865,N12
