EMITTER_COEFFICIENT_SOLUTION,PRESSURE_OUTPUT,OUTPUT_DEMAND,FITNESS,NODE
0.6670245168694767,23.921921717292403,1.2,1.5007094223103425,N12
