EMITTER_COEFFICIENT_SOLUTION,PRESSURE_OUTPUT,OUTPUT_DEMAND,FITNESS,NODE
0.28257641383113563,24.32016829766633,1.2,3.729882832125919,N12
