EMITTER_COEFFICIENT_SOLUTION,PRESSURE_OUTPUT,OUTPUT_DEMAND,FITNESS,NODE
0.25043074590471914,24.351762771748998,1.2,4.228142762142394,N12
