EMITTER_COEFFICIENT_SOLUTION,PRESSURE_OUTPUT,OUTPUT_DEMAND,FITNESS,NODE
0.35941570545036006,24.243546853716726,1.2,2.9008513899822135,N12
