EMITTER_COEFFICIENT_SOLUTION,PRESSURE_OUTPUT,OUTPUT_DEMAND,FITNESS,NODE
0.7173315449004162,23.867156831276514,1.2,1.3867386679048817,N12
