EMITTER_COEFFICIENT_SOLUTION,PRESSURE_OUTPUT,OUTPUT_DEMAND,FITNESS,NODE
0.17186293348286996,24.427819737642043,1.2,6.232335358388166,N12
