EMITTER_COEFFICIENT_SOLUTION,PRESSURE_OUTPUT,OUTPUT_DEMAND,FITNESS,NODE
0.1764231724280757,24.423450853661194,1.2,6.067137221940481,N12
