EMITTER_COEFFICIENT_SOLUTION,PRESSURE_OUTPUT,OUTPUT_DEMAND,FITNESS,NODE
0.8712392632638762,23.696037325802983,1.2,1.1207798190863287,N12
