EMITTER_COEFFICIENT_SOLUTION,PRESSURE_OUTPUT,OUTPUT_DEMAND,FITNESS,NODE
0.04907299515345154,24.543301809708325,1.2,22.236342548956227,N12
