EMITTER_COEFFICIENT_SOLUTION,PRESSURE_OUTPUT,OUTPUT_DEMAND,FITNESS,NODE
0.5661445285703154,24.029947254024876,1.2,1.791068364182524,N12
