EMITTER_COEFFICIENT_SOLUTION,PRESSURE_OUTPUT,OUTPUT_DEMAND,FITNESS,NODE
0.4608901268035631,24.140033727143905,1.2,2.2309501600133754,N12
