EMITTER_COEFFICIENT_SOLUTION,PRESSURE_OUTPUT,OUTPUT_DEMAND,FITNESS,NODE
0.7154094426078604,23.86926001632595,1.2,1.3907950161906875,N12
