EMITTER_COEFFICIENT_SOLUTION,PRESSURE_OUTPUT,OUTPUT_DEMAND,FITNESS,NODE
0.8702403450512516,23.697164925020278,1.2,1.1221980422515008,N12
