EMITTER_COEFFICIENT_SOLUTION,PRESSURE_OUTPUT,OUTPUT_DEMAND,FITNESS,NODE
0.43690620908573574,24.164734720760478,1.2,2.3610603717467735,N12
