EMITTER_COEFFICIENT_SOLUTION,PRESSURE_OUTPUT,OUTPUT_DEMAND,FITNESS,NODE
0.07844681113549712,24.51605797518341,1.2,13.847488931876832,N12
