EMITTER_COEFFICIENT_SOLUTION,PRESSURE_OUTPUT,OUTPUT_DEMAND,FITNESS,NODE
0.2438583286467081,24.358188691667706,1.2,4.346228516599844,N12
