EMITTER_COEFFICIENT_SOLUTION,PRESSURE_OUTPUT,OUTPUT_DEMAND,FITNESS,NODE
0.07592724061367184,24.51840434492741,1.2,14.312521786936484,N12
