EMITTER_COEFFICIENT_SOLUTION,PRESSURE_OUTPUT,OUTPUT_DEMAND,FITNESS,NODE
0.20321892352629323,24.397665398287653,1.2,5.246374028604787,N12
