EMITTER_COEFFICIENT_SOLUTION,PRESSURE_OUTPUT,OUTPUT_DEMAND,FITNESS,NODE
0.0762225936511488,24.51812938710736,1.2,14.256417938162208,N12
