EMITTER_COEFFICIENT_SOLUTION,PRESSURE_OUTPUT,OUTPUT_DEMAND,FITNESS,NODE
0.9394891051648323,23.618483795306993,1.2,1.0311516705496087,N12
