EMITTER_COEFFICIENT_SOLUTION,PRESSURE_OUTPUT,OUTPUT_DEMAND,FITNESS,NODE
0.10638209539779753,24.489924213148363,1.2,10.167869382598672,N12
