EMITTER_COEFFICIENT_SOLUTION,PRESSURE_OUTPUT,OUTPUT_DEMAND,FITNESS,NODE
0.23094202919903728,24.370783483274803,1.2,4.597917813265684,N12
