EMITTER_COEFFICIENT_SOLUTION,PRESSURE_OUTPUT,OUTPUT_DEMAND,FITNESS,NODE
0.03804628322034109,24.553466415452583,1.2,28.73000279463173,N12
