EMITTER_COEFFICIENT_SOLUTION,PRESSURE_OUTPUT,OUTPUT_DEMAND,FITNESS,NODE
0.48814871548529337,24.111785959762795,1.2,2.098691935000303,N12
