EMITTER_COEFFICIENT_SOLUTION,PRESSURE_OUTPUT,OUTPUT_DEMAND,FITNESS,NODE
0.5028578659777049,24.096466327344316,1.2,2.0333183329719695,N12
