EMITTER_COEFFICIENT_SOLUTION,PRESSURE_OUTPUT,OUTPUT_DEMAND,FITNESS,NODE
0.8030092599818478,23.772552110825114,1.2,1.225909163486918,N12
