EMITTER_COEFFICIENT_SOLUTION,PRESSURE_OUTPUT,OUTPUT_DEMAND,FITNESS,NODE
0.1690300114439066,24.430530932106794,1.2,6.339453568921994,N12
