EMITTER_COEFFICIENT_SOLUTION,PRESSURE_OUTPUT,OUTPUT_DEMAND,FITNESS,NODE
0.7528036777417361,23.828190838713322,1.2,1.3156468376753576,N12
