EMITTER_COEFFICIENT_SOLUTION,PRESSURE_OUTPUT,OUTPUT_DEMAND,FITNESS,NODE
0.24621826516405598,24.35588268271642,1.2,4.303100937619279,N12
