EMITTER_COEFFICIENT_SOLUTION,PRESSURE_OUTPUT,OUTPUT_DEMAND,FITNESS,NODE
0.11242047428120217,24.484246694918816,1.2,9.612931535275846,N12
