EMITTER_COEFFICIENT_SOLUTION,PRESSURE_OUTPUT,OUTPUT_DEMAND,FITNESS,NODE
0.9611428906622704,23.593669675071173,1.2,1.0054257204467412,N12
