EMITTER_COEFFICIENT_SOLUTION,PRESSURE_OUTPUT,OUTPUT_DEMAND,FITNESS,NODE
0.4978832333171145,24.101653408305772,1.2,2.0549923097649816,N12
