EMITTER_COEFFICIENT_SOLUTION,PRESSURE_OUTPUT,OUTPUT_DEMAND,FITNESS,NODE
0.6110467096721163,23.982163599175294,1.2,1.6498665294318666,N12
