EMITTER_COEFFICIENT_SOLUTION,PRESSURE_OUTPUT,OUTPUT_DEMAND,FITNESS,NODE
0.10511971373245321,24.49110987407018,1.2,10.291945426989054,N12
