EMITTER_COEFFICIENT_SOLUTION,PRESSURE_OUTPUT,OUTPUT_DEMAND,FITNESS,NODE
0.40363475358173073,24.198760930098473,1.2,2.5673129948909645,N12
