EMITTER_COEFFICIENT_SOLUTION,PRESSURE_OUTPUT,OUTPUT_DEMAND,FITNESS,NODE
0.7736434211527484,23.80516486265171,1.2,1.2769624694699737,N12
