EMITTER_COEFFICIENT_SOLUTION,PRESSURE_OUTPUT,OUTPUT_DEMAND,FITNESS,NODE
0.5168165148760776,24.081878999392057,1.2,1.9747460205019824,N12
