EMITTER_COEFFICIENT_SOLUTION,PRESSURE_OUTPUT,OUTPUT_DEMAND,FITNESS,NODE
0.5315891786976371,24.066388893801708,1.2,1.9161333701432495,N12
