EMITTER_COEFFICIENT_SOLUTION,PRESSURE_OUTPUT,OUTPUT_DEMAND,FITNESS,NODE
0.6575707516141779,23.932147428272472,1.2,1.5240979564586468,N12
