EMITTER_COEFFICIENT_SOLUTION,PRESSURE_OUTPUT,OUTPUT_DEMAND,FITNESS,NODE
0.7567624470444662,23.82382434174304,1.2,1.3081319233529947,N12
