EMITTER_COEFFICIENT_SOLUTION,PRESSURE_OUTPUT,OUTPUT_DEMAND,FITNESS,NODE
0.35479200128859245,24.248200841045595,1.2,2.940550365504818,N12
