EMITTER_COEFFICIENT_SOLUTION,PRESSURE_OUTPUT,OUTPUT_DEMAND,FITNESS,NODE
0.06218869414742134,24.531167149269223,1.2,17.511268740317437,N12
