EMITTER_COEFFICIENT_SOLUTION,PRESSURE_OUTPUT,OUTPUT_DEMAND,FITNESS,NODE
2.4071169100747802e-05,24.58825034379403,1.2,43686.41723795452,N12
