EMITTER_COEFFICIENT_SOLUTION,PRESSURE_OUTPUT,OUTPUT_DEMAND,FITNESS,NODE
0.33645524542848715,24.266603277496095,1.2,3.1087764932555038,N12
