EMITTER_COEFFICIENT_SOLUTION,PRESSURE_OUTPUT,OUTPUT_DEMAND,FITNESS,NODE
0.8411111478414893,23.729950436923943,1.2,1.1650628448515208,N12
