EMITTER_COEFFICIENT_SOLUTION,PRESSURE_OUTPUT,OUTPUT_DEMAND,FITNESS,NODE
0.08115829257113372,24.5135309013377,1.2,13.379298740768647,N12
