EMITTER_COEFFICIENT_SOLUTION,PRESSURE_OUTPUT,OUTPUT_DEMAND,FITNESS,NODE
0.5707819252754317,24.02503471185361,1.2,1.7754467429305736,N12
