EMITTER_COEFFICIENT_SOLUTION,PRESSURE_OUTPUT,OUTPUT_DEMAND,FITNESS,NODE
0.5458070262002849,24.05142993187421,1.2,1.8627409444436303,N12
