EMITTER_COEFFICIENT_SOLUTION,PRESSURE_OUTPUT,OUTPUT_DEMAND,FITNESS,NODE
0.7870247521606825,23.79032801232444,1.2,1.2532188583628845,N12
