EMITTER_COEFFICIENT_SOLUTION,PRESSURE_OUTPUT,OUTPUT_DEMAND,FITNESS,NODE
0.7509243802811437,23.830262444942306,1.2,1.3192424358154928,N12
