EMITTER_COEFFICIENT_SOLUTION,PRESSURE_OUTPUT,OUTPUT_DEMAND,FITNESS,NODE
0.8470050043130751,23.723331821061837,1.2,1.1561476705887097,N12
