EMITTER_COEFFICIENT_SOLUTION,PRESSURE_OUTPUT,OUTPUT_DEMAND,FITNESS
0.49307037545081644,23.99846081926092,13.000000000000002,39.70508685744904
