EMITTER_COEFFICIENT_SOLUTION,PRESSURE_OUTPUT,OUTPUT_DEMAND,FITNESS
0.1869906518907133,24.014125669903947,13.000000000000002,105.03275880972073
