EMITTER_COEFFICIENT_SOLUTION,PRESSURE_OUTPUT,OUTPUT_DEMAND,FITNESS
0.859432866312903,23.979577745195087,13.000000000000002,22.69180963773241
