EMITTER_COEFFICIENT_SOLUTION,PRESSURE_OUTPUT,OUTPUT_DEMAND,FITNESS
0.35966172197032764,24.005301032084787,13.000000000000002,54.50934869532822
