EMITTER_COEFFICIENT_SOLUTION,PRESSURE_OUTPUT,OUTPUT_DEMAND,FITNESS
0.44175678875981783,24.001094081323785,13.000000000000002,44.34112428404056
