EMITTER_COEFFICIENT_SOLUTION,PRESSURE_OUTPUT,OUTPUT_DEMAND,FITNESS
0.7386338842994032,23.985819909748223,13.000000000000002,26.436423545461647
