EMITTER_COEFFICIENT_SOLUTION,PRESSURE_OUTPUT,OUTPUT_DEMAND,FITNESS
0.15113963504643013,24.01595382818418,13.000000000000002,129.993693946046
