EMITTER_COEFFICIENT_SOLUTION,PRESSURE_OUTPUT,OUTPUT_DEMAND,FITNESS
0.1917345766297901,24.013883657057136,13.000000000000002,102.42908551542257
