EMITTER_COEFFICIENT_SOLUTION,PRESSURE_OUTPUT,OUTPUT_DEMAND,FITNESS
0.8049431747290478,23.982395380428905,13.000000000000002,24.241760984921875
