EMITTER_COEFFICIENT_SOLUTION,PRESSURE_OUTPUT,OUTPUT_DEMAND,FITNESS
0.4040900951799963,24.003025212240125,13.000000000000002,48.49355547334031
