EMITTER_COEFFICIENT_SOLUTION,PRESSURE_OUTPUT,OUTPUT_DEMAND,FITNESS
0.4078711949584516,24.00283142866899,13.000000000000002,48.042091717644844
