EMITTER_COEFFICIENT_SOLUTION,PRESSURE_OUTPUT,OUTPUT_DEMAND,FITNESS
0.7603746585549357,23.984697631643066,13.000000000000002,25.67468094050705
