EMITTER_COEFFICIENT_SOLUTION,PRESSURE_OUTPUT,OUTPUT_DEMAND,FITNESS
0.8713767055300791,23.97895971050975,13.000000000000002,22.377973652779442
