EMITTER_COEFFICIENT_SOLUTION,PRESSURE_OUTPUT,OUTPUT_DEMAND,FITNESS
0.06480472292626238,24.020350576365637,13.000000000000002,303.40425629326575
