EMITTER_COEFFICIENT_SOLUTION,PRESSURE_OUTPUT,OUTPUT_DEMAND,FITNESS
0.20868870283267327,24.013018536542532,13.000000000000002,94.09132370397074
