EMITTER_COEFFICIENT_SOLUTION,PRESSURE_OUTPUT,OUTPUT_DEMAND,FITNESS
0.642604850858148,23.990770940525955,13.000000000000002,30.417724936347593
