EMITTER_COEFFICIENT_SOLUTION,PRESSURE_OUTPUT,OUTPUT_DEMAND,FITNESS
0.09757295278069289,24.018682761132368,13.000000000000002,201.46067444240455
