EMITTER_COEFFICIENT_SOLUTION,PRESSURE_OUTPUT,OUTPUT_DEMAND,FITNESS
0.8335058815245925,23.980918813292448,13.000000000000002,23.404023611561055
