EMITTER_COEFFICIENT_SOLUTION,PRESSURE_OUTPUT,OUTPUT_DEMAND,FITNESS
0.9437100694226711,23.975213558015056,13.000000000000002,20.647100351399626
