EMITTER_COEFFICIENT_SOLUTION,PRESSURE_OUTPUT,OUTPUT_DEMAND,FITNESS
0.4083421491880187,24.002807290905494,13.000000000000002,47.986445261016314
