EMITTER_COEFFICIENT_SOLUTION,PRESSURE_OUTPUT,OUTPUT_DEMAND,FITNESS
0.8688634365214859,23.979089772443515,13.000000000000002,22.44329536953408
