EMITTER_COEFFICIENT_SOLUTION,PRESSURE_OUTPUT,OUTPUT_DEMAND,FITNESS
0.011254409369726992,24.023073610061836,13.000000000000002,1745.5084557718205
