EMITTER_COEFFICIENT_SOLUTION,PRESSURE_OUTPUT,OUTPUT_DEMAND,FITNESS
0.34389593990313394,24.006108111548244,13.000000000000002,57.01775209617568
