EMITTER_COEFFICIENT_SOLUTION,PRESSURE_OUTPUT,OUTPUT_DEMAND,FITNESS
0.5559307656872822,23.995231132619125,13.000000000000002,35.19221372977699
