EMITTER_COEFFICIENT_SOLUTION,PRESSURE_OUTPUT,OUTPUT_DEMAND,FITNESS
0.953492120437181,23.97470651560708,13.000000000000002,20.433186234399816
