EMITTER_COEFFICIENT_SOLUTION,PRESSURE_OUTPUT,OUTPUT_DEMAND,FITNESS
0.26190571217247316,24.010300992909237,13.000000000000002,74.93153435659875
