EMITTER_COEFFICIENT_SOLUTION,PRESSURE_OUTPUT,OUTPUT_DEMAND,FITNESS
0.574820599954767,23.994259763905717,13.000000000000002,34.02894725628386
