EMITTER_COEFFICIENT_SOLUTION,PRESSURE_OUTPUT,OUTPUT_DEMAND,FITNESS
0.7911933321954591,23.983105875575376,13.000000000000002,24.666610131379628
