EMITTER_COEFFICIENT_SOLUTION,PRESSURE_OUTPUT,OUTPUT_DEMAND,FITNESS
0.020621739301354247,24.022597506286694,13.000000000000002,953.2863499981653
