EMITTER_COEFFICIENT_SOLUTION,PRESSURE_OUTPUT,OUTPUT_DEMAND,FITNESS
0.4183152838916794,24.002296082577907,13.000000000000002,46.83747193819556
