EMITTER_COEFFICIENT_SOLUTION,PRESSURE_OUTPUT,OUTPUT_DEMAND,FITNESS
0.6659106242581198,23.98957026069283,13.000000000000002,29.34595352139863
