EMITTER_COEFFICIENT_SOLUTION,PRESSURE_OUTPUT,OUTPUT_DEMAND,FITNESS
0.9485047021574405,23.974965045991183,13.000000000000002,20.54169980723485
