EMITTER_COEFFICIENT_SOLUTION,PRESSURE_OUTPUT,OUTPUT_DEMAND,FITNESS
0.01271070431404231,24.02299959873983,13.000000000000002,1545.809379140339
