EMITTER_COEFFICIENT_SOLUTION,PRESSURE_OUTPUT,OUTPUT_DEMAND,FITNESS
0.9680491259851557,23.973951779368242,13.000000000000002,20.122858233225074
