EMITTER_COEFFICIENT_SOLUTION,PRESSURE_OUTPUT,OUTPUT_DEMAND,FITNESS
0.015679710727847795,24.022848701725252,13.000000000000002,1253.4354965034472
