EMITTER_COEFFICIENT_SOLUTION,PRESSURE_OUTPUT,OUTPUT_DEMAND,FITNESS
0.12075746263961407,24.017502023321747,13.000000000000002,162.74755070646435
