EMITTER_COEFFICIENT_SOLUTION,PRESSURE_OUTPUT,OUTPUT_DEMAND,FITNESS
0.8367345977444761,23.980751847812698,13.000000000000002,23.312924534913126
