EMITTER_COEFFICIENT_SOLUTION,PRESSURE_OUTPUT,OUTPUT_DEMAND,FITNESS
0.1770452776387722,24.014632956800085,13.000000000000002,110.94405114235066
