EMITTER_COEFFICIENT_SOLUTION,PRESSURE_OUTPUT,OUTPUT_DEMAND,FITNESS
0.11397119646521137,24.01784769416772,13.000000000000002,172.44903020379863
