EMITTER_COEFFICIENT_SOLUTION,PRESSURE_OUTPUT,OUTPUT_DEMAND,FITNESS
0.27362250456716153,24.0097022574542,13.000000000000002,71.71413928428748
