EMITTER_COEFFICIENT_SOLUTION,PRESSURE_OUTPUT,OUTPUT_DEMAND,FITNESS
0.8689723257254091,23.97908413755585,13.000000000000002,22.440457427027358
