EMITTER_COEFFICIENT_SOLUTION,PRESSURE_OUTPUT,OUTPUT_DEMAND,FITNESS
0.77573256724594,23.98390453712667,13.000000000000002,25.162314601169765
