EMITTER_COEFFICIENT_SOLUTION,PRESSURE_OUTPUT,OUTPUT_DEMAND,FITNESS
0.6377119669904067,23.99102294062265,13.000000000000002,30.652686039576576
