EMITTER_COEFFICIENT_SOLUTION,PRESSURE_OUTPUT,OUTPUT_DEMAND,FITNESS
0.961186341226348,23.974307621949315,13.000000000000002,20.267988580409263
