EMITTER_COEFFICIENT_SOLUTION,PRESSURE_OUTPUT,OUTPUT_DEMAND,FITNESS
0.7073833218400444,23.987432202781044,13.000000000000002,27.613396568152492
