EMITTER_COEFFICIENT_SOLUTION,PRESSURE_OUTPUT,OUTPUT_DEMAND,FITNESS
0.24327237287365955,24.01125286084627,13.000000000000002,80.68649237598639
