EMITTER_COEFFICIENT_SOLUTION,PRESSURE_OUTPUT,OUTPUT_DEMAND,FITNESS
0.484109264066208,23.998920882222116,13.000000000000002,40.44386852608939
