EMITTER_COEFFICIENT_SOLUTION,PRESSURE_OUTPUT,OUTPUT_DEMAND,FITNESS
0.5445145178029281,23.99581800180576,13.000000000000002,35.93437448163275
