EMITTER_COEFFICIENT_SOLUTION,PRESSURE_OUTPUT,OUTPUT_DEMAND,FITNESS
0.49270258106524134,23.998479703511755,13.000000000000002,39.734880103118826
