EMITTER_COEFFICIENT_SOLUTION,PRESSURE_OUTPUT,OUTPUT_DEMAND,FITNESS
0.402274485228293,24.003118257807913,13.000000000000002,48.71335551151121
