EMITTER_COEFFICIENT_SOLUTION,PRESSURE_OUTPUT,OUTPUT_DEMAND,FITNESS
0.6097922919747064,23.992460405401964,13.000000000000002,32.06556393844288
