EMITTER_COEFFICIENT_SOLUTION,PRESSURE_OUTPUT,OUTPUT_DEMAND,FITNESS
0.5475273238445212,23.99566313769052,13.000000000000002,35.73550833922068
