EMITTER_COEFFICIENT_SOLUTION,PRESSURE_OUTPUT,OUTPUT_DEMAND,FITNESS
0.895969634315081,23.97768666746184,13.000000000000002,21.75812548075471
