EMITTER_COEFFICIENT_SOLUTION,PRESSURE_OUTPUT,OUTPUT_DEMAND,FITNESS
0.009990544705099969,24.023137839876924,13.000000000000002,1965.9143597197603
