EMITTER_COEFFICIENT_SOLUTION,PRESSURE_OUTPUT,OUTPUT_DEMAND,FITNESS
0.14184678383970672,24.016427479567888,13.000000000000002,138.5227757708067
