EMITTER_COEFFICIENT_SOLUTION,PRESSURE_OUTPUT,OUTPUT_DEMAND,FITNESS
0.03996102526433376,24.02161426432967,13.000000000000002,492.0667269696483
