EMITTER_COEFFICIENT_SOLUTION,PRESSURE_OUTPUT,OUTPUT_DEMAND,FITNESS
0.5476016653506198,23.995659316268096,13.000000000000002,35.73062894763363
