EMITTER_COEFFICIENT_SOLUTION,PRESSURE_OUTPUT,OUTPUT_DEMAND,FITNESS
0.7999268617142835,23.98265461167466,13.000000000000002,24.39506498654895
