EMITTER_COEFFICIENT_SOLUTION,PRESSURE_OUTPUT,OUTPUT_DEMAND,FITNESS
0.9946147311346502,23.972573851319886,13.000000000000002,19.57994834731445
