EMITTER_COEFFICIENT_SOLUTION,PRESSURE_OUTPUT,OUTPUT_DEMAND,FITNESS
0.2145738518855761,24.01271816106587,13.000000000000002,91.5051390134653
