EMITTER_COEFFICIENT_SOLUTION,PRESSURE_OUTPUT,OUTPUT_DEMAND,FITNESS
0.7058485075912225,23.98751136058592,13.000000000000002,27.673886588296163
