EMITTER_COEFFICIENT_SOLUTION,PRESSURE_OUTPUT,OUTPUT_DEMAND,FITNESS
0.27546414581765,24.009608134859533,13.000000000000002,71.23332001134598
