EMITTER_COEFFICIENT_SOLUTION,PRESSURE_OUTPUT,OUTPUT_DEMAND,FITNESS
0.8539563846827211,23.979861075038635,13.000000000000002,22.838645383957278
