EMITTER_COEFFICIENT_SOLUTION,PRESSURE_OUTPUT,OUTPUT_DEMAND,FITNESS
0.2327446022941434,24.01179049590995,13.000000000000002,84.34538571670691
