EMITTER_COEFFICIENT_SOLUTION,PRESSURE_OUTPUT,OUTPUT_DEMAND,FITNESS
0.46781252964910347,23.999757333236495,13.000000000000002,41.85996237298452
