EMITTER_COEFFICIENT_SOLUTION,PRESSURE_OUTPUT,OUTPUT_DEMAND,FITNESS
0.031203085643584316,23.970674823040483,13.000000000000002,18.87800966208082
