EMITTER_COEFFICIENT_SOLUTION,PRESSURE_OUTPUT,OUTPUT_DEMAND,FITNESS
0.1532924101871277,24.01584409081395,13.000000000000002,128.16539331947962
