EMITTER_COEFFICIENT_SOLUTION,PRESSURE_OUTPUT,OUTPUT_DEMAND,FITNESS
0.7883294737043852,23.983253834142154,13.000000000000002,24.756964045600355
