EMITTER_COEFFICIENT_SOLUTION,PRESSURE_OUTPUT,OUTPUT_DEMAND,FITNESS
0.45827853451914147,24.00024654477493,13.000000000000002,42.73510800845505
