EMITTER_COEFFICIENT_SOLUTION,PRESSURE_OUTPUT,OUTPUT_DEMAND,FITNESS
0.5974003515749532,23.99309814449464,13.000000000000002,32.73497665367773
