EMITTER_COEFFICIENT_SOLUTION,PRESSURE_OUTPUT,OUTPUT_DEMAND,FITNESS
0.5075714892492175,23.99771614910008,13.000000000000002,38.564832981611914
