EMITTER_COEFFICIENT_SOLUTION,PRESSURE_OUTPUT,OUTPUT_DEMAND,FITNESS
0.9600974819503661,23.974364075825022,13.000000000000002,20.291205910270204
