EMITTER_COEFFICIENT_SOLUTION,PRESSURE_OUTPUT,OUTPUT_DEMAND,FITNESS
0.4544567406061163,24.000442622341197,13.000000000000002,43.09622837089093
