EMITTER_COEFFICIENT_SOLUTION,PRESSURE_OUTPUT,OUTPUT_DEMAND,FITNESS
0.5674466337127059,23.99463899989251,13.000000000000002,34.47383210762778
