EMITTER_COEFFICIENT_SOLUTION,PRESSURE_OUTPUT,OUTPUT_DEMAND,FITNESS
0.00622170865354843,24.02332936237999,13.000000000000002,3153.1154049515767
