EMITTER_COEFFICIENT_SOLUTION,PRESSURE_OUTPUT,OUTPUT_DEMAND,FITNESS
0.526285356635584,23.996754807375893,13.000000000000002,37.18619270428868
