EMITTER_COEFFICIENT_SOLUTION,PRESSURE_OUTPUT,OUTPUT_DEMAND,FITNESS
0.15078043320759138,24.015972137948857,13.000000000000002,130.30383713814098
