EMITTER_COEFFICIENT_SOLUTION,PRESSURE_OUTPUT,OUTPUT_DEMAND,FITNESS
0.7516018703564143,23.985150551808196,13.000000000000002,25.976753718255765
