EMITTER_COEFFICIENT_SOLUTION,PRESSURE_OUTPUT,OUTPUT_DEMAND,FITNESS
0.19837088953539073,24.01354506229203,13.000000000000002,98.99572066816322
