EMITTER_COEFFICIENT_SOLUTION,PRESSURE_OUTPUT,OUTPUT_DEMAND,FITNESS
0.5871202692394085,23.993627073325683,13.000000000000002,33.311752083570006
