EMITTER_COEFFICIENT_SOLUTION,PRESSURE_OUTPUT,OUTPUT_DEMAND,FITNESS
0.035653127454258304,24.02183332054335,13.000000000000002,551.5146413212383
