EMITTER_COEFFICIENT_SOLUTION,PRESSURE_OUTPUT,OUTPUT_DEMAND,FITNESS
0.7680435234693347,23.984301637031287,13.000000000000002,25.416272797486197
