EMITTER_COEFFICIENT_SOLUTION,PRESSURE_OUTPUT,OUTPUT_DEMAND,FITNESS
0.4956313411307872,23.998329323484008,13.000000000000002,39.498861278645464
