EMITTER_COEFFICIENT_SOLUTION,PRESSURE_OUTPUT,OUTPUT_DEMAND,FITNESS
0.19006460375753942,24.01396885405618,13.000000000000002,103.33081746608073
