EMITTER_COEFFICIENT_SOLUTION,PRESSURE_OUTPUT,OUTPUT_DEMAND,FITNESS
0.7741559996423774,23.98398596397147,13.000000000000002,25.213975209531068
