EMITTER_COEFFICIENT_SOLUTION,PRESSURE_OUTPUT,OUTPUT_DEMAND,FITNESS
0.569546765171811,23.994530998123572,13.000000000000002,34.345954054548095
