EMITTER_COEFFICIENT_SOLUTION,PRESSURE_OUTPUT,OUTPUT_DEMAND,FITNESS
0.9817967171786296,23.973238801238402,13.000000000000002,19.8382359312474
