EMITTER_COEFFICIENT_SOLUTION,PRESSURE_OUTPUT,OUTPUT_DEMAND,FITNESS
0.9086444553806662,23.977030307994724,13.000000000000002,21.45176950734594
