EMITTER_COEFFICIENT_SOLUTION,PRESSURE_OUTPUT,OUTPUT_DEMAND,FITNESS
0.6935450745003865,23.988145816763122,13.000000000000002,28.168464782975757
