EMITTER_COEFFICIENT_SOLUTION,PRESSURE_OUTPUT,OUTPUT_DEMAND,FITNESS
0.828401929531248,23.98118272942134,13.000000000000002,23.549481678847254
