EMITTER_COEFFICIENT_SOLUTION,PRESSURE_OUTPUT,OUTPUT_DEMAND,FITNESS
0.9212886303615925,23.976375364492966,13.000000000000002,21.154554426634753
