EMITTER_COEFFICIENT_SOLUTION,PRESSURE_OUTPUT,OUTPUT_DEMAND,FITNESS
0.5408881469797077,23.996004391361055,13.000000000000002,36.17667835135581
