EMITTER_COEFFICIENT_SOLUTION,PRESSURE_OUTPUT,OUTPUT_DEMAND,FITNESS
0.6236120820609482,23.991748988350956,13.000000000000002,31.350398983688088
