EMITTER_COEFFICIENT_SOLUTION,PRESSURE_OUTPUT,OUTPUT_DEMAND,FITNESS
0.800567963224618,23.982621482560845,13.000000000000002,24.375365136140896
