EMITTER_COEFFICIENT_SOLUTION,PRESSURE_OUTPUT,OUTPUT_DEMAND,FITNESS
0.9297826263040846,23.975935296246924,13.000000000000002,20.959433675797495
