EMITTER_COEFFICIENT_SOLUTION,PRESSURE_OUTPUT,OUTPUT_DEMAND,FITNESS
0.007944803338763573,24.023241801092574,13.000000000000002,2470.917661713966
