EMITTER_COEFFICIENT_SOLUTION,PRESSURE_OUTPUT,OUTPUT_DEMAND,FITNESS
0.6574785830381918,23.990004734752027,13.000000000000002,29.724948262896024
