EMITTER_COEFFICIENT_SOLUTION,PRESSURE_OUTPUT,OUTPUT_DEMAND,FITNESS
0.44464623522285296,24.00094587909748,13.000000000000002,44.051640980968095
