EMITTER_COEFFICIENT_SOLUTION,PRESSURE_OUTPUT,OUTPUT_DEMAND,FITNESS
0.8921191693741538,23.977886027921073,13.000000000000002,21.85291709531899
