EMITTER_COEFFICIENT_SOLUTION,PRESSURE_OUTPUT,OUTPUT_DEMAND,FITNESS
0.6316588080204552,23.99133466316325,13.000000000000002,30.948402143409695
