EMITTER_COEFFICIENT_SOLUTION,PRESSURE_OUTPUT,OUTPUT_DEMAND,FITNESS
0.8887511662594242,23.97806039559505,13.000000000000002,21.93650488195174
