EMITTER_COEFFICIENT_SOLUTION,PRESSURE_OUTPUT,OUTPUT_DEMAND,FITNESS
0.6242891819119795,23.991714127227212,13.000000000000002,31.31617322047954
