EMITTER_COEFFICIENT_SOLUTION,PRESSURE_OUTPUT,OUTPUT_DEMAND,FITNESS
0.10081563848100072,24.01851765333717,13.000000000000002,194.97526527061333
