EMITTER_COEFFICIENT_SOLUTION,PRESSURE_OUTPUT,OUTPUT_DEMAND,FITNESS
0.24968764995858106,24.01092518461092,13.000000000000002,78.60816741654189
