EMITTER_COEFFICIENT_SOLUTION,PRESSURE_OUTPUT,OUTPUT_DEMAND,FITNESS
0.3650913855405332,24.00502301519505,13.000000000000002,53.69561740961793
