EMITTER_COEFFICIENT_SOLUTION,PRESSURE_OUTPUT,OUTPUT_DEMAND,FITNESS
0.633567938648317,23.991236351970677,13.000000000000002,30.854524958025266
