EMITTER_COEFFICIENT_SOLUTION,PRESSURE_OUTPUT,OUTPUT_DEMAND,FITNESS
0.2880050898540846,24.008967094338573,13.000000000000002,68.12260711729293
