EMITTER_COEFFICIENT_SOLUTION,PRESSURE_OUTPUT,OUTPUT_DEMAND,FITNESS
0.9512880073291766,23.97482077242362,13.000000000000002,20.481001812268133
