EMITTER_COEFFICIENT_SOLUTION,PRESSURE_OUTPUT,OUTPUT_DEMAND,FITNESS
0.5847401701643066,23.993749517492688,13.000000000000002,33.44818152095068
