EMITTER_COEFFICIENT_SOLUTION,PRESSURE_OUTPUT,OUTPUT_DEMAND,FITNESS
0.5688941385960243,23.994564560734098,13.000000000000002,34.38559169736264
