EMITTER_COEFFICIENT_SOLUTION,PRESSURE_OUTPUT,OUTPUT_DEMAND,FITNESS
0.44387151118751655,24.000985616254383,13.000000000000002,44.12888802443444
