EMITTER_COEFFICIENT_SOLUTION,PRESSURE_OUTPUT,OUTPUT_DEMAND,FITNESS
0.9655602635136339,23.974080835302324,13.000000000000002,20.175252845668886
