EMITTER_COEFFICIENT_SOLUTION,PRESSURE_OUTPUT,OUTPUT_DEMAND,FITNESS
0.6684312041896575,23.98944036903999,13.000000000000002,29.234517550905128
