EMITTER_COEFFICIENT_SOLUTION,PRESSURE_OUTPUT,OUTPUT_DEMAND,FITNESS
0.44456932153438633,24.00094982418458,13.000000000000002,44.05929793888003
