EMITTER_COEFFICIENT_SOLUTION,PRESSURE_OUTPUT,OUTPUT_DEMAND,FITNESS
0.8543269229937153,23.979841905976144,13.000000000000002,22.828651105045992
