EMITTER_COEFFICIENT_SOLUTION,PRESSURE_OUTPUT,OUTPUT_DEMAND,FITNESS
0.7986514904053564,23.98272051556193,13.000000000000002,24.43434881270407
