EMITTER_COEFFICIENT_SOLUTION,PRESSURE_OUTPUT,OUTPUT_DEMAND,FITNESS
0.704940693158918,23.987558179782248,13.000000000000002,27.709789306881405
