EMITTER_COEFFICIENT_SOLUTION,PRESSURE_OUTPUT,OUTPUT_DEMAND,FITNESS
0.699253909740518,23.98785144714155,13.000000000000002,27.936814385405796
