EMITTER_COEFFICIENT_SOLUTION,PRESSURE_OUTPUT,OUTPUT_DEMAND,FITNESS
0.44583800808475094,24.000884749398224,13.000000000000002,43.93333450519733
