EMITTER_COEFFICIENT_SOLUTION,PRESSURE_OUTPUT,OUTPUT_DEMAND,FITNESS
0.5367546755911637,23.996216827754694,13.000000000000002,36.456858168415096
