EMITTER_COEFFICIENT_SOLUTION,PRESSURE_OUTPUT,OUTPUT_DEMAND,FITNESS
0.5567531756308751,23.995188849985283,13.000000000000002,35.139924836839874
