EMITTER_COEFFICIENT_SOLUTION,PRESSURE_OUTPUT,OUTPUT_DEMAND,FITNESS
0.7320856530378793,23.986157835870472,13.000000000000002,26.674723739654024
