EMITTER_COEFFICIENT_SOLUTION,PRESSURE_OUTPUT,OUTPUT_DEMAND,FITNESS
0.04903566549610694,24.021152753294984,13.000000000000002,401.00158343666845
