EMITTER_COEFFICIENT_SOLUTION,PRESSURE_OUTPUT,OUTPUT_DEMAND,FITNESS
0.11202410612668678,24.017946863486493,13.000000000000002,175.4495067608366
