EMITTER_COEFFICIENT_SOLUTION,PRESSURE_OUTPUT,OUTPUT_DEMAND,FITNESS
0.8434035829762055,23.98040694156714,13.000000000000002,23.126965846022074
