EMITTER_COEFFICIENT_SOLUTION,PRESSURE_OUTPUT,OUTPUT_DEMAND,FITNESS
0.217402851618962,24.01257375671893,13.000000000000002,90.3117826134397
