EMITTER_COEFFICIENT_SOLUTION,PRESSURE_OUTPUT,OUTPUT_DEMAND,FITNESS
0.2067701109917709,24.013116452495474,13.000000000000002,94.96625173407823
