EMITTER_COEFFICIENT_SOLUTION,PRESSURE_OUTPUT,OUTPUT_DEMAND,FITNESS
0.614845999321939,23.99220027381446,13.000000000000002,31.800309099723005
