EMITTER_COEFFICIENT_SOLUTION,PRESSURE_OUTPUT,OUTPUT_DEMAND,FITNESS
0.12517308318312315,24.017277078646877,13.000000000000002,156.99991039091083
