EMITTER_COEFFICIENT_SOLUTION,PRESSURE_OUTPUT,OUTPUT_DEMAND,FITNESS
0.8957219767671997,23.977699490577834,13.000000000000002,21.764197843581396
