EMITTER_COEFFICIENT_SOLUTION,PRESSURE_OUTPUT,OUTPUT_DEMAND,FITNESS
0.4906759871863514,23.998583755516158,13.000000000000002,39.899845772853205
