EMITTER_COEFFICIENT_SOLUTION,PRESSURE_OUTPUT,OUTPUT_DEMAND,FITNESS
0.12628590478438884,24.01722038489084,13.000000000000002,155.61479637516405
