EMITTER_COEFFICIENT_SOLUTION,PRESSURE_OUTPUT,OUTPUT_DEMAND,FITNESS
0.20372137815913838,24.013272037314337,13.000000000000002,96.39045023532032
