EMITTER_COEFFICIENT_SOLUTION,PRESSURE_OUTPUT,OUTPUT_DEMAND,FITNESS
0.2741834700425124,24.00967358802299,13.000000000000002,71.5669972814552
