EMITTER_COEFFICIENT_SOLUTION,PRESSURE_OUTPUT,OUTPUT_DEMAND,FITNESS
0.307775797300999,24.00795615162958,13.000000000000002,63.73341117940753
