EMITTER_COEFFICIENT_SOLUTION,PRESSURE_OUTPUT,OUTPUT_DEMAND,FITNESS
0.658587893039044,23.989947580194688,13.000000000000002,29.67453371506253
