EMITTER_COEFFICIENT_SOLUTION,PRESSURE_OUTPUT,OUTPUT_DEMAND,FITNESS
0.6873262081465868,23.9884664457049,13.000000000000002,28.425190445190957
