EMITTER_COEFFICIENT_SOLUTION,PRESSURE_OUTPUT,OUTPUT_DEMAND,FITNESS
0.034177794764214675,24.02190833641135,13.000000000000002,575.3168511804859
