EMITTER_COEFFICIENT_SOLUTION,PRESSURE_OUTPUT,OUTPUT_DEMAND,FITNESS
0.36195320163870537,24.005183704578982,13.000000000000002,54.16295246169503
