EMITTER_COEFFICIENT_SOLUTION,PRESSURE_OUTPUT,OUTPUT_DEMAND,FITNESS
0.006984502771517298,24.023290600410135,13.000000000000002,2809.709946019195
