EMITTER_COEFFICIENT_SOLUTION,PRESSURE_OUTPUT,OUTPUT_DEMAND,FITNESS
0.1969117295829509,24.01361951496274,13.000000000000002,99.7307860068147
