EMITTER_COEFFICIENT_SOLUTION,PRESSURE_OUTPUT,OUTPUT_DEMAND,FITNESS
0.9589019288517958,23.974426059977596,13.000000000000002,20.316758972608184
