EMITTER_COEFFICIENT_SOLUTION,PRESSURE_OUTPUT,OUTPUT_DEMAND,FITNESS
0.7054301398475281,23.987532937397965,13.000000000000002,27.690420933209605
