EMITTER_COEFFICIENT_SOLUTION,PRESSURE_OUTPUT,OUTPUT_DEMAND,FITNESS
0.44616390801446915,24.000868032719936,13.000000000000002,43.901092690207044
