EMITTER_COEFFICIENT_SOLUTION,PRESSURE_OUTPUT,OUTPUT_DEMAND,FITNESS
0.6067536563099051,23.99261680112199,13.000000000000002,32.22718057287712
