EMITTER_COEFFICIENT_SOLUTION,PRESSURE_OUTPUT,OUTPUT_DEMAND,FITNESS
0.1539327349083307,24.015811449388195,13.000000000000002,127.63144701153837
