EMITTER_COEFFICIENT_SOLUTION,PRESSURE_OUTPUT,OUTPUT_DEMAND,FITNESS
0.3332151126924996,25.058247284130246,23.0,9.901040553222973
