EMITTER_COEFFICIENT_SOLUTION,PRESSURE_OUTPUT,OUTPUT_DEMAND,FITNESS
0.9782025861993855,24.860155425062917,23.0,3.3434601795352243
