EMITTER_COEFFICIENT_SOLUTION,PRESSURE_OUTPUT,OUTPUT_DEMAND,FITNESS
0.7302096324581206,24.936716632666794,23.0,4.49377335788336
