EMITTER_COEFFICIENT_SOLUTION,PRESSURE_OUTPUT,OUTPUT_DEMAND,FITNESS
0.5951318981668496,24.978211585006196,23.0,5.523788113760297
