EMITTER_COEFFICIENT_SOLUTION,PRESSURE_OUTPUT,OUTPUT_DEMAND,FITNESS
0.2859767035192118,25.0726220156441,23.0,11.544044353039668
