EMITTER_COEFFICIENT_SOLUTION,PRESSURE_OUTPUT,OUTPUT_DEMAND,FITNESS
0.8208261444307021,24.908797784643536,23.0,3.992829121567356
