EMITTER_COEFFICIENT_SOLUTION,PRESSURE_OUTPUT,OUTPUT_DEMAND,FITNESS
0.7600945994038992,24.9275163553638,23.0,4.3153593107136325
