EMITTER_COEFFICIENT_SOLUTION,PRESSURE_OUTPUT,OUTPUT_DEMAND,FITNESS
0.7819260996722435,24.920790874822604,23.0,4.193647641065499
