EMITTER_COEFFICIENT_SOLUTION,PRESSURE_OUTPUT,OUTPUT_DEMAND,FITNESS
0.22556541891622017,25.09097816846223,23.0,14.648022451599841
