EMITTER_COEFFICIENT_SOLUTION,PRESSURE_OUTPUT,OUTPUT_DEMAND,FITNESS
0.6863163324865065,24.9502164797582,23.0,4.783995666260149
