EMITTER_COEFFICIENT_SOLUTION,PRESSURE_OUTPUT,OUTPUT_DEMAND,FITNESS
0.039733558385155465,25.14725165130087,23.0,83.36724887691881
