EMITTER_COEFFICIENT_SOLUTION,PRESSURE_OUTPUT,OUTPUT_DEMAND,FITNESS
0.8945025569296754,24.886050015629454,23.0,3.660365601045585
