EMITTER_COEFFICIENT_SOLUTION,PRESSURE_OUTPUT,OUTPUT_DEMAND,FITNESS
0.3234451883195446,25.06122181102809,23.0,10.201483541585377
