EMITTER_COEFFICIENT_SOLUTION,PRESSURE_OUTPUT,OUTPUT_DEMAND,FITNESS
0.8294091710597777,24.90614997027837,23.0,3.951057473959162
