EMITTER_COEFFICIENT_SOLUTION,PRESSURE_OUTPUT,OUTPUT_DEMAND,FITNESS
0.03529359205500082,25.148592576840798,23.0,93.85976363790756
