EMITTER_COEFFICIENT_SOLUTION,PRESSURE_OUTPUT,OUTPUT_DEMAND,FITNESS
0.9085168487666495,24.881718207332025,23.0,3.603232735292018
