EMITTER_COEFFICIENT_SOLUTION,PRESSURE_OUTPUT,OUTPUT_DEMAND,FITNESS
0.7550988591079442,24.92905482335394,23.0,4.3442006419508905
