EMITTER_COEFFICIENT_SOLUTION,PRESSURE_OUTPUT,OUTPUT_DEMAND,FITNESS
0.8315607469948674,24.905486129704858,23.0,3.9407214649463636
