EMITTER_COEFFICIENT_SOLUTION,PRESSURE_OUTPUT,OUTPUT_DEMAND,FITNESS
0.5001298645054273,25.007307254529138,23.0,6.581566358985217
