EMITTER_COEFFICIENT_SOLUTION,PRESSURE_OUTPUT,OUTPUT_DEMAND,FITNESS
0.00012232524450173088,24.85336494251503,23.0,3.2692363911322544
