EMITTER_COEFFICIENT_SOLUTION,PRESSURE_OUTPUT,OUTPUT_DEMAND,FITNESS
0.8537082154851361,24.898650682218175,23.0,3.837356157663832
