EMITTER_COEFFICIENT_SOLUTION,PRESSURE_OUTPUT,OUTPUT_DEMAND,FITNESS
0.027040416861346284,25.151084693346807,23.0,122.51784808490078
