EMITTER_COEFFICIENT_SOLUTION,PRESSURE_OUTPUT,OUTPUT_DEMAND,FITNESS
0.6940572261121669,24.947836810632435,23.0,4.73014613689786
