EMITTER_COEFFICIENT_SOLUTION,PRESSURE_OUTPUT,OUTPUT_DEMAND,FITNESS
0.14376415802582954,25.115784976536283,23.0,23.008714849801656
