EMITTER_COEFFICIENT_SOLUTION,PRESSURE_OUTPUT,OUTPUT_DEMAND,FITNESS
0.6713499575443342,24.95481600466687,23.0,4.891631653697444
