EMITTER_COEFFICIENT_SOLUTION,PRESSURE_OUTPUT,OUTPUT_DEMAND,FITNESS
0.42264023004670603,25.030984407493236,23.0,7.796519452381858
