EMITTER_COEFFICIENT_SOLUTION,PRESSURE_OUTPUT,OUTPUT_DEMAND,FITNESS
0.6200330730425638,24.970573191217586,23.0,5.3001591922485725
