EMITTER_COEFFICIENT_SOLUTION,PRESSURE_OUTPUT,OUTPUT_DEMAND,FITNESS
0.01671370358064772,25.15420211501891,23.0,198.22963371843065
