EMITTER_COEFFICIENT_SOLUTION,PRESSURE_OUTPUT,OUTPUT_DEMAND,FITNESS
0.1663496038463137,25.10894140527769,23.0,19.87859578127353
