EMITTER_COEFFICIENT_SOLUTION,PRESSURE_OUTPUT,OUTPUT_DEMAND,FITNESS
0.7431789028798299,24.932724838379105,23.0,4.414583591420536
