EMITTER_COEFFICIENT_SOLUTION,PRESSURE_OUTPUT,OUTPUT_DEMAND,FITNESS
0.22936596879902038,25.089824259303036,23.0,14.404549733092301
