EMITTER_COEFFICIENT_SOLUTION,PRESSURE_OUTPUT,OUTPUT_DEMAND,FITNESS
0.2565248712148698,25.081574853703387,23.0,12.874666350054559
