EMITTER_COEFFICIENT_SOLUTION,PRESSURE_OUTPUT,OUTPUT_DEMAND,FITNESS
0.20439562012616463,25.097403450760517,23.0,16.169895490732923
