EMITTER_COEFFICIENT_SOLUTION,PRESSURE_OUTPUT,OUTPUT_DEMAND,FITNESS
0.16532401965478494,25.109252258657317,23.0,20.002195924228136
