EMITTER_COEFFICIENT_SOLUTION,PRESSURE_OUTPUT,OUTPUT_DEMAND,FITNESS
0.5918899454266491,24.979205678741373,23.0,5.554287613273078
