EMITTER_COEFFICIENT_SOLUTION,PRESSURE_OUTPUT,OUTPUT_DEMAND,FITNESS
0.02226638767182676,25.152525987219423,23.0,148.7922039094726
