EMITTER_COEFFICIENT_SOLUTION,PRESSURE_OUTPUT,OUTPUT_DEMAND,FITNESS
0.4402190954213345,25.025617408082162,23.0,7.483385311193018
