EMITTER_COEFFICIENT_SOLUTION,PRESSURE_OUTPUT,OUTPUT_DEMAND,FITNESS
0.5595035027778523,24.98913178541922,23.0,5.878376944281152
