EMITTER_COEFFICIENT_SOLUTION,PRESSURE_OUTPUT,OUTPUT_DEMAND,FITNESS
0.658050972375511,24.95890158639544,23.0,4.9913852919062505
