EMITTER_COEFFICIENT_SOLUTION,PRESSURE_OUTPUT,OUTPUT_DEMAND,FITNESS
0.8687241851035752,24.894014040667898,23.0,3.7702737689798482
