EMITTER_COEFFICIENT_SOLUTION,PRESSURE_OUTPUT,OUTPUT_DEMAND,FITNESS
0.23582683952314243,25.087862355616064,23.0,14.008660242474786
