EMITTER_COEFFICIENT_SOLUTION,PRESSURE_OUTPUT,OUTPUT_DEMAND,FITNESS
0.3098057957782254,25.06537310030769,23.0,10.652614403405938
