EMITTER_COEFFICIENT_SOLUTION,PRESSURE_OUTPUT,OUTPUT_DEMAND,FITNESS
0.7696000856722591,24.92458853331357,23.0,4.26151673372754
