EMITTER_COEFFICIENT_SOLUTION,PRESSURE_OUTPUT,OUTPUT_DEMAND,FITNESS
0.6731461861266985,24.954264075935825,23.0,4.878460629329046
