EMITTER_COEFFICIENT_SOLUTION,PRESSURE_OUTPUT,OUTPUT_DEMAND,FITNESS
0.19132904905053483,25.10136743172906,23.0,17.277322778485317
