EMITTER_COEFFICIENT_SOLUTION,PRESSURE_OUTPUT,OUTPUT_DEMAND,FITNESS
0.21107803648776247,25.095375664891208,23.0,15.656532119125353
