EMITTER_COEFFICIENT_SOLUTION,PRESSURE_OUTPUT,OUTPUT_DEMAND,FITNESS
0.6005769691001399,24.97654174793023,23.0,5.473303315283288
