EMITTER_COEFFICIENT_SOLUTION,PRESSURE_OUTPUT,OUTPUT_DEMAND,FITNESS
0.03685044605425247,25.148122406501706,23.0,89.89278799138515
