EMITTER_COEFFICIENT_SOLUTION,PRESSURE_OUTPUT,OUTPUT_DEMAND,FITNESS
0.97877741159318,24.859977398836886,23.0,3.3414712569922003
