EMITTER_COEFFICIENT_SOLUTION,PRESSURE_OUTPUT,OUTPUT_DEMAND,FITNESS
0.16822242752868966,25.108373731740453,23.0,19.656777834269676
