EMITTER_COEFFICIENT_SOLUTION,PRESSURE_OUTPUT,OUTPUT_DEMAND,FITNESS
0.8751087673971565,24.892042063900824,23.0,3.7424490633382685
