EMITTER_COEFFICIENT_SOLUTION,PRESSURE_OUTPUT,OUTPUT_DEMAND,FITNESS
0.6688395150902366,24.955587346959252,23.0,4.910158281766568
