EMITTER_COEFFICIENT_SOLUTION,PRESSURE_OUTPUT,OUTPUT_DEMAND,FITNESS
0.5025578992191126,25.006564558946376,23.0,6.549551494605361
