EMITTER_COEFFICIENT_SOLUTION,PRESSURE_OUTPUT,OUTPUT_DEMAND,FITNESS
0.535263446607539,24.9965555257834,23.0,6.1466123035651075
