EMITTER_COEFFICIENT_SOLUTION,PRESSURE_OUTPUT,OUTPUT_DEMAND,FITNESS
0.9794574135163392,24.85976679558294,23.0,3.3391214346965445
