EMITTER_COEFFICIENT_SOLUTION,PRESSURE_OUTPUT,OUTPUT_DEMAND,FITNESS
0.20696594068156315,25.096623528777414,23.0,15.968512476657587
