EMITTER_COEFFICIENT_SOLUTION,PRESSURE_OUTPUT,OUTPUT_DEMAND,FITNESS
0.5345015392768426,24.996788789295195,23.0,6.1554378495322055
