EMITTER_COEFFICIENT_SOLUTION,PRESSURE_OUTPUT,OUTPUT_DEMAND,FITNESS
0.9152758036487672,24.879628464948787,23.0,3.576303782350061
