EMITTER_COEFFICIENT_SOLUTION,PRESSURE_OUTPUT,OUTPUT_DEMAND,FITNESS
0.8697433195647066,24.893699286903114,23.0,3.7658048587432638
