EMITTER_COEFFICIENT_SOLUTION,PRESSURE_OUTPUT,OUTPUT_DEMAND,FITNESS
0.7591219296472502,24.927815910455458,23.0,4.32094494375962
