EMITTER_COEFFICIENT_SOLUTION,PRESSURE_OUTPUT,OUTPUT_DEMAND,FITNESS
0.3234202158593942,25.061229413065615,23.0,10.202274749015816
