EMITTER_COEFFICIENT_SOLUTION,PRESSURE_OUTPUT,OUTPUT_DEMAND,FITNESS
0.31801642508718264,25.06287429613752,23.0,10.37640693067371
