EMITTER_COEFFICIENT_SOLUTION,PRESSURE_OUTPUT,OUTPUT_DEMAND,FITNESS
0.3172543800364993,25.06310623878012,23.0,10.401440402274462
