EMITTER_COEFFICIENT_SOLUTION,PRESSURE_OUTPUT,OUTPUT_DEMAND,FITNESS
0.6232622630118816,24.969582274701153,23.0,5.2724681091584555
