EMITTER_COEFFICIENT_SOLUTION,PRESSURE_OUTPUT,OUTPUT_DEMAND,FITNESS
0.33665461211302383,25.057199914102988,23.0,9.799420046849612
