EMITTER_COEFFICIENT_SOLUTION,PRESSURE_OUTPUT,OUTPUT_DEMAND,FITNESS
0.37592995456958667,25.045233134733532,23.0,8.770880802912115
