EMITTER_COEFFICIENT_SOLUTION,PRESSURE_OUTPUT,OUTPUT_DEMAND,FITNESS
0.2963232368099491,25.069475135112864,23.0,11.139376122425658
