EMITTER_COEFFICIENT_SOLUTION,PRESSURE_OUTPUT,OUTPUT_DEMAND,FITNESS
0.32156701780231844,25.061793543312998,23.0,10.261332945508734
