EMITTER_COEFFICIENT_SOLUTION,PRESSURE_OUTPUT,OUTPUT_DEMAND,FITNESS
0.7899661574443144,24.918313070826038,23.0,4.150519440466778
