EMITTER_COEFFICIENT_SOLUTION,PRESSURE_OUTPUT,OUTPUT_DEMAND,FITNESS
0.15251840388711924,25.11313288004719,23.0,21.685440394692876
