EMITTER_COEFFICIENT_SOLUTION,PRESSURE_OUTPUT,OUTPUT_DEMAND,FITNESS
0.8241721429248878,24.907765632986415,23.0,3.976441390652864
