EMITTER_COEFFICIENT_SOLUTION,PRESSURE_OUTPUT,OUTPUT_DEMAND,FITNESS
0.11388260681991125,25.124832712432596,23.0,29.057893392531774
