EMITTER_COEFFICIENT_SOLUTION,PRESSURE_OUTPUT,OUTPUT_DEMAND,FITNESS
0.7206520307175215,24.939657491202816,23.0,4.55395640435995
