EMITTER_COEFFICIENT_SOLUTION,PRESSURE_OUTPUT,OUTPUT_DEMAND,FITNESS
0.5867915240045114,24.980768856810233,23.0,5.602934196241363
