EMITTER_COEFFICIENT_SOLUTION,PRESSURE_OUTPUT,OUTPUT_DEMAND,FITNESS
0.3399233802052304,25.0562044429009,23.0,9.704749819763732
