EMITTER_COEFFICIENT_SOLUTION,PRESSURE_OUTPUT,OUTPUT_DEMAND,FITNESS
0.29721979284800826,25.06920240714063,23.0,11.105636981140993
