EMITTER_COEFFICIENT_SOLUTION,PRESSURE_OUTPUT,OUTPUT_DEMAND,FITNESS
0.5322124149810512,24.997489592988515,23.0,6.1821059311180395
