EMITTER_COEFFICIENT_SOLUTION,PRESSURE_OUTPUT,OUTPUT_DEMAND,FITNESS
0.8183451974932288,24.90956303340233,23.0,4.005066632819485
