EMITTER_COEFFICIENT_SOLUTION,PRESSURE_OUTPUT,OUTPUT_DEMAND,FITNESS
0.598424352664435,24.97720191843574,23.0,5.49315179436045
