EMITTER_COEFFICIENT_SOLUTION,PRESSURE_OUTPUT,OUTPUT_DEMAND,FITNESS
0.2403620471289425,25.086484988802415,23.0,13.743478940559202
