EMITTER_COEFFICIENT_SOLUTION,PRESSURE_OUTPUT,OUTPUT_DEMAND,FITNESS
0.3297964921441843,25.059288198987442,23.0,10.004144670918086
