EMITTER_COEFFICIENT_SOLUTION,PRESSURE_OUTPUT,OUTPUT_DEMAND,FITNESS
0.06914077327735013,25.138365820441766,23.0,47.890543654526475
