EMITTER_COEFFICIENT_SOLUTION,PRESSURE_OUTPUT,OUTPUT_DEMAND,FITNESS
0.33443130486590866,25.05787694982171,23.0,9.86486908699645
