EMITTER_COEFFICIENT_SOLUTION,PRESSURE_OUTPUT,OUTPUT_DEMAND,FITNESS
0.3804978047411758,25.04384053047315,23.0,8.665042798989798
