EMITTER_COEFFICIENT_SOLUTION,PRESSURE_OUTPUT,OUTPUT_DEMAND,FITNESS
0.0450849821849586,25.145634979815423,23.0,73.46572544001158
