EMITTER_COEFFICIENT_SOLUTION,PRESSURE_OUTPUT,OUTPUT_DEMAND,FITNESS
0.7857649787183236,24.919607864328906,23.0,4.172945121314979
