EMITTER_COEFFICIENT_SOLUTION,PRESSURE_OUTPUT,OUTPUT_DEMAND,FITNESS
0.2965168817520405,25.06941622983297,23.0,11.132071612499237
