EMITTER_COEFFICIENT_SOLUTION,PRESSURE_OUTPUT,OUTPUT_DEMAND,FITNESS
0.9452712041634546,24.870350105649205,23.0,3.4614453031256582
