EMITTER_COEFFICIENT_SOLUTION,PRESSURE_OUTPUT,OUTPUT_DEMAND,FITNESS
0.7327176801679556,24.935944789147516,23.0,4.478240625756687
