EMITTER_COEFFICIENT_SOLUTION,PRESSURE_OUTPUT,OUTPUT_DEMAND,FITNESS
0.5324680994112589,24.9974113186286,23.0,6.1791158545790115
