EMITTER_COEFFICIENT_SOLUTION,PRESSURE_OUTPUT,OUTPUT_DEMAND,FITNESS
0.7962893028075169,24.9163640268655,23.0,4.117213060760799
