EMITTER_COEFFICIENT_SOLUTION,PRESSURE_OUTPUT,OUTPUT_DEMAND,FITNESS
0.8278512832170906,24.90663061321052,23.0,3.958574997294368
