EMITTER_COEFFICIENT_SOLUTION,PRESSURE_OUTPUT,OUTPUT_DEMAND,FITNESS
0.5252780996066413,24.999612237263907,23.0,6.264308770221197
