EMITTER_COEFFICIENT_SOLUTION,PRESSURE_OUTPUT,OUTPUT_DEMAND,FITNESS
0.8430132779823216,24.90195198263994,23.0,3.886592543907192
