EMITTER_COEFFICIENT_SOLUTION,PRESSURE_OUTPUT,OUTPUT_DEMAND,FITNESS
0.09486849221433369,25.13058600325901,23.0,34.89090254446157
