EMITTER_COEFFICIENT_SOLUTION,PRESSURE_OUTPUT,OUTPUT_DEMAND,FITNESS
0.06764310615785152,25.13881852777045,23.0,48.95183911145997
