EMITTER_COEFFICIENT_SOLUTION,PRESSURE_OUTPUT,OUTPUT_DEMAND,FITNESS
0.2295631971816976,25.08976437423571,23.0,14.392134826727624
