EMITTER_COEFFICIENT_SOLUTION,PRESSURE_OUTPUT,OUTPUT_DEMAND,FITNESS
0.2743340782440198,25.076162033562415,23.0,12.035905143391702
