EMITTER_COEFFICIENT_SOLUTION,PRESSURE_OUTPUT,OUTPUT_DEMAND,FITNESS
0.8395928799581702,24.903007595463155,23.0,3.902603901047225
