EMITTER_COEFFICIENT_SOLUTION,PRESSURE_OUTPUT,OUTPUT_DEMAND,FITNESS
0.4966692422027026,25.008365718188358,23.0,6.627737490174353
