EMITTER_COEFFICIENT_SOLUTION,PRESSURE_OUTPUT,OUTPUT_DEMAND,FITNESS
0.8049864210425737,24.9136827099432,23.0,4.072257161779733
