EMITTER_COEFFICIENT_SOLUTION,PRESSURE_OUTPUT,OUTPUT_DEMAND,FITNESS
0.8369533005877605,24.903822166361284,23.0,3.915049638561477
