EMITTER_COEFFICIENT_SOLUTION,PRESSURE_OUTPUT,OUTPUT_DEMAND,FITNESS
0.012278524379696343,25.155540472858295,23.0,269.8111107429463
