EMITTER_COEFFICIENT_SOLUTION,PRESSURE_OUTPUT,OUTPUT_DEMAND,FITNESS
0.479698714106082,25.01355489354496,23.0,6.863800701252691
