EMITTER_COEFFICIENT_SOLUTION,PRESSURE_OUTPUT,OUTPUT_DEMAND,FITNESS
0.42035208414604197,25.031682813688352,23.0,7.839205001394527
