EMITTER_COEFFICIENT_SOLUTION,PRESSURE_OUTPUT,OUTPUT_DEMAND,FITNESS
0.7329363227651864,24.935877500210815,23.0,4.4768915769326085
