EMITTER_COEFFICIENT_SOLUTION,PRESSURE_OUTPUT,OUTPUT_DEMAND,FITNESS
0.4993314380938372,25.00755146940094,23.0,6.59216204905673
