EMITTER_COEFFICIENT_SOLUTION,PRESSURE_OUTPUT,OUTPUT_DEMAND,FITNESS
0.10295082679359302,25.12814082435994,23.0,32.14819537302758
