EMITTER_COEFFICIENT_SOLUTION,PRESSURE_OUTPUT,OUTPUT_DEMAND,FITNESS
0.046125578418273916,25.145320635077884,23.0,71.80743581236429
