EMITTER_COEFFICIENT_SOLUTION,PRESSURE_OUTPUT,OUTPUT_DEMAND,FITNESS
0.16143826871161093,25.11042994491351,23.0,20.48474085535689
