EMITTER_COEFFICIENT_SOLUTION,PRESSURE_OUTPUT,OUTPUT_DEMAND,FITNESS
0.3364760349723801,25.05725429546263,23.0,9.804644998897832
