EMITTER_COEFFICIENT_SOLUTION,PRESSURE_OUTPUT,OUTPUT_DEMAND,FITNESS
0.5227167187782997,25.00039644906691,23.0,6.2952343916705065
