EMITTER_COEFFICIENT_SOLUTION,PRESSURE_OUTPUT,OUTPUT_DEMAND,FITNESS
0.9049177379302995,24.88283083803203,23.0,3.6177364845513242
