EMITTER_COEFFICIENT_SOLUTION,PRESSURE_OUTPUT,OUTPUT_DEMAND,FITNESS
0.5823311374801656,24.982136240055567,23.0,5.646191694092396
