EMITTER_COEFFICIENT_SOLUTION,PRESSURE_OUTPUT,OUTPUT_DEMAND,FITNESS
0.9710278769135972,24.862377249532095,23.0,3.3684832322241007
