EMITTER_COEFFICIENT_SOLUTION,PRESSURE_OUTPUT,OUTPUT_DEMAND,FITNESS
0.053636647256029235,25.143051407995518,23.0,61.74607481562277
