EMITTER_COEFFICIENT_SOLUTION,PRESSURE_OUTPUT,OUTPUT_DEMAND,FITNESS
0.5788417653769444,24.983205834920202,23.0,5.680496997327102
