EMITTER_COEFFICIENT_SOLUTION,PRESSURE_OUTPUT,OUTPUT_DEMAND,FITNESS
0.767097501337406,24.925359434134496,23.0,4.275562841628129
