EMITTER_COEFFICIENT_SOLUTION,PRESSURE_OUTPUT,OUTPUT_DEMAND,FITNESS
0.40312305380401825,25.03694021057268,23.0,8.176176397928305
