EMITTER_COEFFICIENT_SOLUTION,PRESSURE_OUTPUT,OUTPUT_DEMAND,FITNESS
0.6495598977171886,24.96150938353313,23.0,5.057212602290756
