EMITTER_COEFFICIENT_SOLUTION,PRESSURE_OUTPUT,OUTPUT_DEMAND,FITNESS
0.6910414284759614,24.948763970279103,23.0,4.7509820467121635
