EMITTER_COEFFICIENT_SOLUTION,PRESSURE_OUTPUT,OUTPUT_DEMAND,FITNESS
0.9946386743850264,24.85506406719909,23.0,3.2874979168834346
