EMITTER_COEFFICIENT_SOLUTION,PRESSURE_OUTPUT,OUTPUT_DEMAND,FITNESS
0.5294691697812732,24.9983293671657,23.0,6.214368277190549
