EMITTER_COEFFICIENT_SOLUTION,PRESSURE_OUTPUT,OUTPUT_DEMAND,FITNESS
0.5177556875929199,25.00191471230051,23.0,6.355983758944959
