EMITTER_COEFFICIENT_SOLUTION,PRESSURE_OUTPUT,OUTPUT_DEMAND,FITNESS
0.1649818650154793,25.10935596336174,23.0,20.043773160171547
