EMITTER_COEFFICIENT_SOLUTION,PRESSURE_OUTPUT,OUTPUT_DEMAND,FITNESS
0.9126985074150971,24.880425359215533,23.0,3.5865251494176174
