EMITTER_COEFFICIENT_SOLUTION,PRESSURE_OUTPUT,OUTPUT_DEMAND,FITNESS
0.872096211111679,24.892972578598975,23.0,3.755527326197299
