EMITTER_COEFFICIENT_SOLUTION,PRESSURE_OUTPUT,OUTPUT_DEMAND,FITNESS
0.025440871287249367,25.151567622632932,23.0,130.22279999258393
