EMITTER_COEFFICIENT_SOLUTION,PRESSURE_OUTPUT,OUTPUT_DEMAND,FITNESS
0.9524635570691582,24.868124271224232,23.0,3.434980140993471
