EMITTER_COEFFICIENT_SOLUTION,PRESSURE_OUTPUT,OUTPUT_DEMAND,FITNESS
0.273591593082508,28.870208018494814,1.2,7.685874725793703
