EMITTER_COEFFICIENT_SOLUTION,PRESSURE_OUTPUT,OUTPUT_DEMAND,FITNESS
0.7173761318459945,28.614988134269986,1.2,2.5951869659432574
