EMITTER_COEFFICIENT_SOLUTION,PRESSURE_OUTPUT,OUTPUT_DEMAND,FITNESS
0.9461946407350844,28.463553325980904,1.2,1.8630178818095637
