EMITTER_COEFFICIENT_SOLUTION,PRESSURE_OUTPUT,OUTPUT_DEMAND,FITNESS
0.3883272102144816,28.809300305128744,1.2,5.2351492539719855
