EMITTER_COEFFICIENT_SOLUTION,PRESSURE_OUTPUT,OUTPUT_DEMAND,FITNESS
0.012534545132034558,28.994836096888214,1.2,182.4574551720276
