EMITTER_COEFFICIENT_SOLUTION,PRESSURE_OUTPUT,OUTPUT_DEMAND,FITNESS
0.40355577019553046,28.800943560276053,1.2,5.015717595040642
