EMITTER_COEFFICIENT_SOLUTION,PRESSURE_OUTPUT,OUTPUT_DEMAND,FITNESS
0.0908070095349155,28.95955582933695,1.2,24.53325646004398
