EMITTER_COEFFICIENT_SOLUTION,PRESSURE_OUTPUT,OUTPUT_DEMAND,FITNESS
0.1939401415544172,28.91032225355955,1.2,11.111781143608903
