EMITTER_COEFFICIENT_SOLUTION,PRESSURE_OUTPUT,OUTPUT_DEMAND,FITNESS
0.27208081425847663,28.87098557365413,1.2,7.732083135669054
