EMITTER_COEFFICIENT_SOLUTION,PRESSURE_OUTPUT,OUTPUT_DEMAND,FITNESS
0.5033803423020201,28.744610549151787,1.2,3.9107369982745963
