EMITTER_COEFFICIENT_SOLUTION,PRESSURE_OUTPUT,OUTPUT_DEMAND,FITNESS
0.010429415210933546,28.995759690608267,1.2,219.43606612583105
