EMITTER_COEFFICIENT_SOLUTION,PRESSURE_OUTPUT,OUTPUT_DEMAND,FITNESS
0.7941074665208611,28.565652510253088,1.2,2.300625936700179
