EMITTER_COEFFICIENT_SOLUTION,PRESSURE_OUTPUT,OUTPUT_DEMAND,FITNESS
0.7348836529404156,28.60386191972372,1.2,2.522354957893344
