EMITTER_COEFFICIENT_SOLUTION,PRESSURE_OUTPUT,OUTPUT_DEMAND,FITNESS
0.7761035735580856,28.57736108659391,1.2,2.364313580257496
