EMITTER_COEFFICIENT_SOLUTION,PRESSURE_OUTPUT,OUTPUT_DEMAND,FITNESS
0.8404339130104758,28.535154186918128,1.2,2.1497857193200645
