EMITTER_COEFFICIENT_SOLUTION,PRESSURE_OUTPUT,OUTPUT_DEMAND,FITNESS
0.9506704156245286,28.460463318423145,1.2,1.8523543605994828
