EMITTER_COEFFICIENT_SOLUTION,PRESSURE_OUTPUT,OUTPUT_DEMAND,FITNESS
0.16888055227853493,28.922568572856868,1.2,12.862025210245738
