EMITTER_COEFFICIENT_SOLUTION,PRESSURE_OUTPUT,OUTPUT_DEMAND,FITNESS
0.4308223529144294,28.78582325308018,1.2,4.662144340644698
