EMITTER_COEFFICIENT_SOLUTION,PRESSURE_OUTPUT,OUTPUT_DEMAND,FITNESS
0.47796389510048065,28.759207647298474,1.2,4.147498667612469
