EMITTER_COEFFICIENT_SOLUTION,PRESSURE_OUTPUT,OUTPUT_DEMAND,FITNESS
0.7317474298422056,28.605860722827437,1.2,2.535136331714142
