EMITTER_COEFFICIENT_SOLUTION,PRESSURE_OUTPUT,OUTPUT_DEMAND,FITNESS
0.9698907885796438,28.447139129260982,1.2,1.8077373776414627
