EMITTER_COEFFICIENT_SOLUTION,PRESSURE_OUTPUT,OUTPUT_DEMAND,FITNESS
0.837393981355297,28.537171768162935,1.2,2.15915074927865
