EMITTER_COEFFICIENT_SOLUTION,PRESSURE_OUTPUT,OUTPUT_DEMAND,FITNESS
0.8358888227155087,28.538169887225735,1.2,2.1638139620765564
