EMITTER_COEFFICIENT_SOLUTION,PRESSURE_OUTPUT,OUTPUT_DEMAND,FITNESS
0.7996088797385873,28.562058615658827,1.2,2.2817598734742988
