EMITTER_COEFFICIENT_SOLUTION,PRESSURE_OUTPUT,OUTPUT_DEMAND,FITNESS
0.317013672422637,28.84758676760766,1.2,6.547499597939494
