EMITTER_COEFFICIENT_SOLUTION,PRESSURE_OUTPUT,OUTPUT_DEMAND,FITNESS
0.5153829665137285,28.73765741331399,1.2,3.8072117324854258
