EMITTER_COEFFICIENT_SOLUTION,PRESSURE_OUTPUT,OUTPUT_DEMAND,FITNESS
0.588963845311507,28.69420016310474,1.2,3.266728405128003
