EMITTER_COEFFICIENT_SOLUTION,PRESSURE_OUTPUT,OUTPUT_DEMAND,FITNESS
0.2770505570232621,28.868425373254382,1.2,7.581992422213795
