EMITTER_COEFFICIENT_SOLUTION,PRESSURE_OUTPUT,OUTPUT_DEMAND,FITNESS
0.3990903780061289,28.8034005204835,1.2,5.078299606578262
