EMITTER_COEFFICIENT_SOLUTION,PRESSURE_OUTPUT,OUTPUT_DEMAND,FITNESS
0.11567827396359942,28.94796606680798,1.2,19.1019195045578
