EMITTER_COEFFICIENT_SOLUTION,PRESSURE_OUTPUT,OUTPUT_DEMAND,FITNESS
0.5410731354509067,28.72264670134186,1.2,3.6013957172577333
