EMITTER_COEFFICIENT_SOLUTION,PRESSURE_OUTPUT,OUTPUT_DEMAND,FITNESS
0.8541222969857601,28.526041086579838,1.2,2.1084780762932893
