EMITTER_COEFFICIENT_SOLUTION,PRESSURE_OUTPUT,OUTPUT_DEMAND,FITNESS
0.6374436269576153,28.66479406667439,1.2,2.9804237427930116
