EMITTER_COEFFICIENT_SOLUTION,PRESSURE_OUTPUT,OUTPUT_DEMAND,FITNESS
0.7625418882154097,28.586127195303817,1.2,2.414353050832376
