EMITTER_COEFFICIENT_SOLUTION,PRESSURE_OUTPUT,OUTPUT_DEMAND,FITNESS
0.11406522375665318,28.948723229823756,1.2,19.382250163327654
