EMITTER_COEFFICIENT_SOLUTION,PRESSURE_OUTPUT,OUTPUT_DEMAND,FITNESS
0.19576957446998688,28.90942117013593,1.2,11.001625805253788
