EMITTER_COEFFICIENT_SOLUTION,PRESSURE_OUTPUT,OUTPUT_DEMAND,FITNESS
0.9379432253143677,28.469237328231976,1.2,1.882957265397265
