EMITTER_COEFFICIENT_SOLUTION,PRESSURE_OUTPUT,OUTPUT_DEMAND,FITNESS
0.5716780403997631,28.704537112237908,1.2,3.3808944676175234
