EMITTER_COEFFICIENT_SOLUTION,PRESSURE_OUTPUT,OUTPUT_DEMAND,FITNESS
0.46165189754449665,28.768484863981143,1.2,4.313469068725226
