EMITTER_COEFFICIENT_SOLUTION,PRESSURE_OUTPUT,OUTPUT_DEMAND,FITNESS
0.8167768434410557,28.55079494821173,1.2,2.224585827797714
