EMITTER_COEFFICIENT_SOLUTION,PRESSURE_OUTPUT,OUTPUT_DEMAND,FITNESS
0.18890425978043568,28.91279771214098,1.2,11.426075388352203
