EMITTER_COEFFICIENT_SOLUTION,PRESSURE_OUTPUT,OUTPUT_DEMAND,FITNESS
0.34182609269897524,28.834424753323866,1.2,6.0280155652364105
