EMITTER_COEFFICIENT_SOLUTION,PRESSURE_OUTPUT,OUTPUT_DEMAND,FITNESS
0.1965147234515633,28.909053873780003,1.2,10.957348725216171
