EMITTER_COEFFICIENT_SOLUTION,PRESSURE_OUTPUT,OUTPUT_DEMAND,FITNESS
0.148124206054688,28.93257488023695,1.2,14.761902386043511
