EMITTER_COEFFICIENT_SOLUTION,PRESSURE_OUTPUT,OUTPUT_DEMAND,FITNESS
0.3339265348125885,28.838633667479385,1.2,6.184936052048452
