EMITTER_COEFFICIENT_SOLUTION,PRESSURE_OUTPUT,OUTPUT_DEMAND,FITNESS
0.3392825328653267,28.835781855545314,1.2,6.077735289018493
