EMITTER_COEFFICIENT_SOLUTION,PRESSURE_OUTPUT,OUTPUT_DEMAND,FITNESS
0.907614402703259,28.48998798371712,1.2,1.9595208342619612
