EMITTER_COEFFICIENT_SOLUTION,PRESSURE_OUTPUT,OUTPUT_DEMAND,FITNESS
0.6099590172008514,28.681540152829044,1.2,3.1369923906181003
