EMITTER_COEFFICIENT_SOLUTION,PRESSURE_OUTPUT,OUTPUT_DEMAND,FITNESS
0.26956818577856667,28.872277331849162,1.2,7.810090173831417
