EMITTER_COEFFICIENT_SOLUTION,PRESSURE_OUTPUT,OUTPUT_DEMAND,FITNESS
0.6980166479097737,28.627200797606655,1.2,2.6801314396349496
