EMITTER_COEFFICIENT_SOLUTION,PRESSURE_OUTPUT,OUTPUT_DEMAND,FITNESS
0.3367403478727239,28.837136436681988,1.2,6.128187341370796
