EMITTER_COEFFICIENT_SOLUTION,PRESSURE_OUTPUT,OUTPUT_DEMAND,FITNESS
0.5082026205056372,28.741821598641806,1.2,3.8685433685086044
