EMITTER_COEFFICIENT_SOLUTION,PRESSURE_OUTPUT,OUTPUT_DEMAND,FITNESS
0.20254373370291734,28.906076229110695,1.2,10.611138154799045
