EMITTER_COEFFICIENT_SOLUTION,PRESSURE_OUTPUT,OUTPUT_DEMAND,FITNESS
0.5590588855913164,28.712033972789214,1.2,3.4688153898135234
