EMITTER_COEFFICIENT_SOLUTION,PRESSURE_OUTPUT,OUTPUT_DEMAND,FITNESS
0.49630483078366383,28.748691446846806,1.2,3.974161910404851
