EMITTER_COEFFICIENT_SOLUTION,PRESSURE_OUTPUT,OUTPUT_DEMAND,FITNESS
0.9286446742149183,28.47562296109099,1.2,1.9058732447442635
