EMITTER_COEFFICIENT_SOLUTION,PRESSURE_OUTPUT,OUTPUT_DEMAND,FITNESS
0.7749609110130747,28.57810146718525,1.2,2.368459549482749
