EMITTER_COEFFICIENT_SOLUTION,PRESSURE_OUTPUT,OUTPUT_DEMAND,FITNESS
0.7478981656383007,28.595540882484464,1.2,2.470502544628295
