EMITTER_COEFFICIENT_SOLUTION,PRESSURE_OUTPUT,OUTPUT_DEMAND,FITNESS
0.6703346670750926,28.644497687502316,1.2,2.8104165573263473
