EMITTER_COEFFICIENT_SOLUTION,PRESSURE_OUTPUT,OUTPUT_DEMAND,FITNESS
0.3840241456222929,28.811650156103298,1.2,5.300353248628039
