EMITTER_COEFFICIENT_SOLUTION,PRESSURE_OUTPUT,OUTPUT_DEMAND,FITNESS
0.5730700870663298,28.703707559717806,1.2,3.371438830728396
