EMITTER_COEFFICIENT_SOLUTION,PRESSURE_OUTPUT,OUTPUT_DEMAND,FITNESS
0.42205784917746747,28.790705491733434,1.2,4.7707343714217325
