EMITTER_COEFFICIENT_SOLUTION,PRESSURE_OUTPUT,OUTPUT_DEMAND,FITNESS
0.8577759825534347,28.52360083386253,1.2,2.0976850266931364
