EMITTER_COEFFICIENT_SOLUTION,PRESSURE_OUTPUT,OUTPUT_DEMAND,FITNESS
0.005518751064206295,28.422206870396387,1.2,1.7297747413417874
