EMITTER_COEFFICIENT_SOLUTION,PRESSURE_OUTPUT,OUTPUT_DEMAND,FITNESS
0.8404425625269453,28.53514844304234,1.2,2.1497591738741977
