EMITTER_COEFFICIENT_SOLUTION,PRESSURE_OUTPUT,OUTPUT_DEMAND,FITNESS
0.7111961943217701,28.61889700777369,1.2,2.621783008065353
