EMITTER_COEFFICIENT_SOLUTION,PRESSURE_OUTPUT,OUTPUT_DEMAND,FITNESS
0.6207329247478884,28.67499903885419,1.2,3.073917374321017
