EMITTER_COEFFICIENT_SOLUTION,PRESSURE_OUTPUT,OUTPUT_DEMAND,FITNESS
0.4777413211881364,28.759334712964375,1.2,4.149685571329173
