EMITTER_COEFFICIENT_SOLUTION,PRESSURE_OUTPUT,OUTPUT_DEMAND,FITNESS
0.7238836144488209,28.610861618724996,1.2,2.5676893766443434
