EMITTER_COEFFICIENT_SOLUTION,PRESSURE_OUTPUT,OUTPUT_DEMAND,FITNESS
0.8512681394497897,28.527945060650225,1.2,2.1169766527841403
