EMITTER_COEFFICIENT_SOLUTION,PRESSURE_OUTPUT,OUTPUT_DEMAND,FITNESS
0.6295979478699233,28.669594297657817,1.2,3.0236827322505424
