EMITTER_COEFFICIENT_SOLUTION,PRESSURE_OUTPUT,OUTPUT_DEMAND,FITNESS
0.9837983405807221,28.43744274911524,1.2,1.776596293840146
