EMITTER_COEFFICIENT_SOLUTION,PRESSURE_OUTPUT,OUTPUT_DEMAND,FITNESS
0.24888200433952534,28.88284465275872,1.2,8.512654249085635
