EMITTER_COEFFICIENT_SOLUTION,PRESSURE_OUTPUT,OUTPUT_DEMAND,FITNESS
0.6070116822070849,28.683324305817607,1.2,3.15464856223562
