EMITTER_COEFFICIENT_SOLUTION,PRESSURE_OUTPUT,OUTPUT_DEMAND,FITNESS
0.31446453960984233,28.8489293047572,1.2,6.60556423456517
