EMITTER_COEFFICIENT_SOLUTION,PRESSURE_OUTPUT,OUTPUT_DEMAND,FITNESS
0.026242854468355614,28.988789221165405,1.2,86.7482846831002
