EMITTER_COEFFICIENT_SOLUTION,PRESSURE_OUTPUT,OUTPUT_DEMAND,FITNESS
0.9843614328455076,28.437049185785867,1.2,1.775354960055519
