EMITTER_COEFFICIENT_SOLUTION,PRESSURE_OUTPUT,OUTPUT_DEMAND,FITNESS
0.4190580269921752,28.792371750122008,1.2,4.80896213954099
