EMITTER_COEFFICIENT_SOLUTION,PRESSURE_OUTPUT,OUTPUT_DEMAND,FITNESS
0.16099714422731715,28.926383708069494,1.2,13.52573812057564
