EMITTER_COEFFICIENT_SOLUTION,PRESSURE_OUTPUT,OUTPUT_DEMAND,FITNESS
0.5333814943801517,28.727159220760605,1.2,3.6608901913631615
