EMITTER_COEFFICIENT_SOLUTION,PRESSURE_OUTPUT,OUTPUT_DEMAND,FITNESS
0.18997754476994289,28.912270733588535,1.2,11.35768738315286
