EMITTER_COEFFICIENT_SOLUTION,PRESSURE_OUTPUT,OUTPUT_DEMAND,FITNESS
0.0028093209224767657,28.999091734016105,1.2,816.2648226758407
