EMITTER_COEFFICIENT_SOLUTION,PRESSURE_OUTPUT,OUTPUT_DEMAND,FITNESS
0.430694233728356,28.785894771286372,1.2,4.6636993495253005
