EMITTER_COEFFICIENT_SOLUTION,PRESSURE_OUTPUT,OUTPUT_DEMAND,FITNESS
0.7721396054697124,28.579928113592935,1.2,2.3787508298946873
