EMITTER_COEFFICIENT_SOLUTION,PRESSURE_OUTPUT,OUTPUT_DEMAND,FITNESS
0.04967732691631188,28.97832176342279,1.2,45.464747742314024
