EMITTER_COEFFICIENT_SOLUTION,PRESSURE_OUTPUT,OUTPUT_DEMAND,FITNESS
0.028329256969812255,28.98786394569501,1.2,80.3027031043127
