EMITTER_COEFFICIENT_SOLUTION,PRESSURE_OUTPUT,OUTPUT_DEMAND,FITNESS
0.22626779752702408,28.894258480951493,1.2,9.428772376780605
