EMITTER_COEFFICIENT_SOLUTION,PRESSURE_OUTPUT,OUTPUT_DEMAND,FITNESS
0.5745320102756691,28.702835819738958,1.2,3.361559147834467
