EMITTER_COEFFICIENT_SOLUTION,PRESSURE_OUTPUT,OUTPUT_DEMAND,FITNESS
0.6414431816862661,28.66234089778351,1.2,2.9587905962178827
