EMITTER_COEFFICIENT_SOLUTION,PRESSURE_OUTPUT,OUTPUT_DEMAND,FITNESS
0.12216731613499598,28.94491243858588,1.2,18.049111910046104
