EMITTER_COEFFICIENT_SOLUTION,PRESSURE_OUTPUT,OUTPUT_DEMAND,FITNESS
0.694793650921513,28.62922472489013,1.2,2.6947488112217766
