EMITTER_COEFFICIENT_SOLUTION,PRESSURE_OUTPUT,OUTPUT_DEMAND,FITNESS
0.3990229447262287,28.80343758215232,1.2,5.079255574581358
