EMITTER_COEFFICIENT_SOLUTION,PRESSURE_OUTPUT,OUTPUT_DEMAND,FITNESS
0.09121201816609326,28.959368554332464,1.2,24.42105476125358
