EMITTER_COEFFICIENT_SOLUTION,PRESSURE_OUTPUT,OUTPUT_DEMAND,FITNESS
0.4387377461903653,28.78139614242354,1.2,4.56786440100037
