EMITTER_COEFFICIENT_SOLUTION,PRESSURE_OUTPUT,OUTPUT_DEMAND,FITNESS
0.3850751864821066,28.811076662932763,1.2,5.284290504175565
