EMITTER_COEFFICIENT_SOLUTION,PRESSURE_OUTPUT,OUTPUT_DEMAND,FITNESS
0.8125794936643033,28.553555532698134,1.2,2.2383317749251628
