EMITTER_COEFFICIENT_SOLUTION,PRESSURE_OUTPUT,OUTPUT_DEMAND,FITNESS
0.4229364053000818,28.79021703356014,1.2,4.759642955469548
