EMITTER_COEFFICIENT_SOLUTION,PRESSURE_OUTPUT,OUTPUT_DEMAND,FITNESS
0.6795997888080499,28.63873024285118,1.2,2.765589335663683
