EMITTER_COEFFICIENT_SOLUTION,PRESSURE_OUTPUT,OUTPUT_DEMAND,FITNESS
0.8136675797151517,28.552840321396175,1.2,2.234754201210659
