EMITTER_COEFFICIENT_SOLUTION,PRESSURE_OUTPUT,OUTPUT_DEMAND,FITNESS
0.014588742801573518,28.993933564027124,1.2,156.6596994702389
