EMITTER_COEFFICIENT_SOLUTION,PRESSURE_OUTPUT,OUTPUT_DEMAND,FITNESS
0.9677771884047025,28.44860868390498,1.2,1.8125525482955496
