EMITTER_COEFFICIENT_SOLUTION,PRESSURE_OUTPUT,OUTPUT_DEMAND,FITNESS
0.3384500856980862,28.83622561460281,1.2,6.09417157497406
