EMITTER_COEFFICIENT_SOLUTION,PRESSURE_OUTPUT,OUTPUT_DEMAND,FITNESS
0.7106769951824415,28.619224965162154,1.2,2.624039243885103
