EMITTER_COEFFICIENT_SOLUTION,PRESSURE_OUTPUT,OUTPUT_DEMAND,FITNESS
0.669908648688382,28.644762351039198,1.2,2.8125085427666967
