EMITTER_COEFFICIENT_SOLUTION,PRESSURE_OUTPUT,OUTPUT_DEMAND,FITNESS
0.27506510598222855,28.869449025363544,1.2,7.641299008401659
