EMITTER_COEFFICIENT_SOLUTION,PRESSURE_OUTPUT,OUTPUT_DEMAND,FITNESS
0.8760801184139532,28.51132640228853,1.2,2.04502982110509
