EMITTER_COEFFICIENT_SOLUTION,PRESSURE_OUTPUT,OUTPUT_DEMAND,FITNESS
0.12029120208055477,28.945796568599143,1.2,18.341806077877028
