EMITTER_COEFFICIENT_SOLUTION,PRESSURE_OUTPUT,OUTPUT_DEMAND,FITNESS
0.5873542555400869,28.695165998695167,1.2,3.2770679561603684
