EMITTER_COEFFICIENT_SOLUTION,PRESSURE_OUTPUT,OUTPUT_DEMAND,FITNESS
0.18963902621577733,28.912436980494093,1.2,11.379173314966577
