EMITTER_COEFFICIENT_SOLUTION,PRESSURE_OUTPUT,OUTPUT_DEMAND,FITNESS
0.04111378239973795,28.982165843952835,1.2,55.09343588388231
