EMITTER_COEFFICIENT_SOLUTION,PRESSURE_OUTPUT,OUTPUT_DEMAND,FITNESS
0.9662024274035178,28.449702895651903,1.2,1.8161545572145072
