EMITTER_COEFFICIENT_SOLUTION,PRESSURE_OUTPUT,OUTPUT_DEMAND,FITNESS
0.12612929075407264,28.943041959103248,1.2,17.459665003067013
