EMITTER_COEFFICIENT_SOLUTION,PRESSURE_OUTPUT,OUTPUT_DEMAND,FITNESS
0.945351618823673,28.464134795771493,1.2,1.8650382565242438
