EMITTER_COEFFICIENT_SOLUTION,PRESSURE_OUTPUT,OUTPUT_DEMAND,FITNESS
0.13439886789258815,28.939123085032406,1.2,16.341540392821514
