EMITTER_COEFFICIENT_SOLUTION,PRESSURE_OUTPUT,OUTPUT_DEMAND,FITNESS
0.758440905226987,28.58876893726265,1.2,2.4298508772644927
