EMITTER_COEFFICIENT_SOLUTION,PRESSURE_OUTPUT,OUTPUT_DEMAND,FITNESS
0.9305962385937506,28.474284487212003,1.2,1.9010238061002325
