EMITTER_COEFFICIENT_SOLUTION,PRESSURE_OUTPUT,OUTPUT_DEMAND,FITNESS
0.7402489471263459,28.600436708151477,1.2,2.5007494841726445
