EMITTER_COEFFICIENT_SOLUTION,PRESSURE_OUTPUT,OUTPUT_DEMAND,FITNESS
0.2513329059091086,28.8815989392089,1.2,8.423330483527154
