EMITTER_COEFFICIENT_SOLUTION,PRESSURE_OUTPUT,OUTPUT_DEMAND,FITNESS
0.31431586507618625,28.8490075505456,1.2,6.608980136053612
