EMITTER_COEFFICIENT_SOLUTION,PRESSURE_OUTPUT,OUTPUT_DEMAND,FITNESS
0.6238568201296116,28.67309681418282,1.2,3.0560478026418045
