EMITTER_COEFFICIENT_SOLUTION,PRESSURE_OUTPUT,OUTPUT_DEMAND,FITNESS,NODE
0.3530231963154363,27.17186660372051,1.21,11.859145828416375,N7
