EMITTER_COEFFICIENT_SOLUTION,PRESSURE_OUTPUT,OUTPUT_DEMAND,FITNESS,NODE
0.0003437950141327306,27.014873189073327,1.21,4.143935115083022,N7
