EMITTER_COEFFICIENT_SOLUTION,PRESSURE_OUTPUT,OUTPUT_DEMAND,FITNESS,NODE
0.8311408712260929,27.056200058256074,1.21,5.000258749459509,N7
