EMITTER_COEFFICIENT_SOLUTION,PRESSURE_OUTPUT,OUTPUT_DEMAND,FITNESS,NODE
0.8434538722047354,27.053199511075654,1.21,4.926346252899182,N7
