EMITTER_COEFFICIENT_SOLUTION,PRESSURE_OUTPUT,OUTPUT_DEMAND,FITNESS,NODE
0.46403710281380806,27.14515848107913,1.21,9.006475208888025,N7
