EMITTER_COEFFICIENT_SOLUTION,PRESSURE_OUTPUT,OUTPUT_DEMAND,FITNESS,NODE
0.31229045872443584,27.181643413120597,1.21,13.414482781579679,N7
