EMITTER_COEFFICIENT_SOLUTION,PRESSURE_OUTPUT,OUTPUT_DEMAND,FITNESS,NODE
0.004817930965794637,27.255044195643656,1.21,872.9711945007123,N7
