EMITTER_COEFFICIENT_SOLUTION,PRESSURE_OUTPUT,OUTPUT_DEMAND,FITNESS,NODE
0.43088143202224727,27.153144691417786,1.21,9.704496396579449,N7
