EMITTER_COEFFICIENT_SOLUTION,PRESSURE_OUTPUT,OUTPUT_DEMAND,FITNESS,NODE
0.35646068569732725,27.171040963812082,1.21,11.744154302990323,N7
