EMITTER_COEFFICIENT_SOLUTION,PRESSURE_OUTPUT,OUTPUT_DEMAND,FITNESS,NODE
0.587990807405277,27.115230718687442,1.21,7.0942619488639975,N7
