EMITTER_COEFFICIENT_SOLUTION,PRESSURE_OUTPUT,OUTPUT_DEMAND,FITNESS,NODE
0.45255320084537576,27.147925523477298,1.21,9.236664894273934,N7
