EMITTER_COEFFICIENT_SOLUTION,PRESSURE_OUTPUT,OUTPUT_DEMAND,FITNESS,NODE
0.7986526580153609,27.06411190167843,1.21,5.2062235347051855,N7
