EMITTER_COEFFICIENT_SOLUTION,PRESSURE_OUTPUT,OUTPUT_DEMAND,FITNESS,NODE
0.7628722335759927,27.072816967008002,1.21,5.4533732230601215,N7
