EMITTER_COEFFICIENT_SOLUTION,PRESSURE_OUTPUT,OUTPUT_DEMAND,FITNESS,NODE
0.21163285286983358,27.205750707791772,1.21,19.825927947574833,N7
