EMITTER_COEFFICIENT_SOLUTION,PRESSURE_OUTPUT,OUTPUT_DEMAND,FITNESS,NODE
0.16476254919194366,27.216950232111223,1.21,25.4845396536004,N7
