EMITTER_COEFFICIENT_SOLUTION,PRESSURE_OUTPUT,OUTPUT_DEMAND,FITNESS,NODE
0.5587086574497956,27.122310786156717,1.21,7.469435667370203,N7
