EMITTER_COEFFICIENT_SOLUTION,PRESSURE_OUTPUT,OUTPUT_DEMAND,FITNESS,NODE
0.10772833447172403,27.23055633955454,1.21,39.01164883579031,N7
