EMITTER_COEFFICIENT_SOLUTION,PRESSURE_OUTPUT,OUTPUT_DEMAND,FITNESS,NODE
0.2141756631501045,27.205142640226043,1.21,19.589763480563494,N7
