EMITTER_COEFFICIENT_SOLUTION,PRESSURE_OUTPUT,OUTPUT_DEMAND,FITNESS,NODE
0.2280006418047621,27.20183579832392,1.21,18.397940295313578,N7
