EMITTER_COEFFICIENT_SOLUTION,PRESSURE_OUTPUT,OUTPUT_DEMAND,FITNESS,NODE
0.34613151875301107,27.17352163107669,1.21,12.09656771246557,N7
