EMITTER_COEFFICIENT_SOLUTION,PRESSURE_OUTPUT,OUTPUT_DEMAND,FITNESS,NODE
0.3435175075117872,27.174149290522486,1.21,12.189113864041044,N7
