EMITTER_COEFFICIENT_SOLUTION,PRESSURE_OUTPUT,OUTPUT_DEMAND,FITNESS,NODE
0.06784454360613446,27.24005614581553,1.21,61.98258872758936,N7
