EMITTER_COEFFICIENT_SOLUTION,PRESSURE_OUTPUT,OUTPUT_DEMAND,FITNESS,NODE
0.25151863945429287,27.19620739990107,1.21,16.67158230710418,N7
