EMITTER_COEFFICIENT_SOLUTION,PRESSURE_OUTPUT,OUTPUT_DEMAND,FITNESS,NODE
0.12011226713896062,27.227603954095557,1.21,34.98245926598248,N7
