EMITTER_COEFFICIENT_SOLUTION,PRESSURE_OUTPUT,OUTPUT_DEMAND,FITNESS,NODE
0.24350574814522685,27.198125382956853,1.21,17.22227865820257,N7
