EMITTER_COEFFICIENT_SOLUTION,PRESSURE_OUTPUT,OUTPUT_DEMAND,FITNESS,NODE
0.30217446501342005,27.184069581226275,1.21,13.8657547269819,N7
