EMITTER_COEFFICIENT_SOLUTION,PRESSURE_OUTPUT,OUTPUT_DEMAND,FITNESS,NODE
0.22416537520522117,27.202753311440787,1.21,18.713836433045834,N7
