EMITTER_COEFFICIENT_SOLUTION,PRESSURE_OUTPUT,OUTPUT_DEMAND,FITNESS,NODE
0.43812358095997783,27.151400963303246,1.21,9.543009558257172,N7
