EMITTER_COEFFICIENT_SOLUTION,PRESSURE_OUTPUT,OUTPUT_DEMAND,FITNESS,NODE
0.4114937833021596,27.15781100117448,1.21,10.164801144487084,N7
