EMITTER_COEFFICIENT_SOLUTION,PRESSURE_OUTPUT,OUTPUT_DEMAND,FITNESS,NODE
0.5123070888100233,27.133517511267797,1.21,8.151806358806473,N7
