EMITTER_COEFFICIENT_SOLUTION,PRESSURE_OUTPUT,OUTPUT_DEMAND,FITNESS,NODE
0.24425801381774248,27.197945318040567,1.21,17.169035279334643,N7
