EMITTER_COEFFICIENT_SOLUTION,PRESSURE_OUTPUT,OUTPUT_DEMAND,FITNESS,NODE
0.24965341156643228,27.19665373325536,1.21,16.79656696021052,N7
