EMITTER_COEFFICIENT_SOLUTION,PRESSURE_OUTPUT,OUTPUT_DEMAND,FITNESS,NODE
0.08087798682375624,27.23695300613555,1.21,51.98396090811842,N7
