EMITTER_COEFFICIENT_SOLUTION,PRESSURE_OUTPUT,OUTPUT_DEMAND,FITNESS,NODE
0.11155444592108144,27.229644168675556,1.21,37.671111411254365,N7
