EMITTER_COEFFICIENT_SOLUTION,PRESSURE_OUTPUT,OUTPUT_DEMAND,FITNESS,NODE
0.9537018988635951,27.026285419145303,1.21,4.349636109200898,N7
