EMITTER_COEFFICIENT_SOLUTION,PRESSURE_OUTPUT,OUTPUT_DEMAND,FITNESS,NODE
0.9895469415503838,27.017516314325768,1.21,4.189826026261744,N7
