EMITTER_COEFFICIENT_SOLUTION,PRESSURE_OUTPUT,OUTPUT_DEMAND,FITNESS,NODE
0.6872534727945113,27.091183538232926,1.21,6.0603794178293775,N7
