EMITTER_COEFFICIENT_SOLUTION,PRESSURE_OUTPUT,OUTPUT_DEMAND,FITNESS,NODE
0.6134681612827219,27.109065493556926,1.21,6.796977630484509,N7
