EMITTER_COEFFICIENT_SOLUTION,PRESSURE_OUTPUT,OUTPUT_DEMAND,FITNESS,NODE
0.4221622204064458,27.155243547623975,1.21,9.906270711223284,N7
