EMITTER_COEFFICIENT_SOLUTION,PRESSURE_OUTPUT,OUTPUT_DEMAND,FITNESS,NODE
0.2675778298668229,27.192361313628574,1.21,15.667008344895134,N7
