EMITTER_COEFFICIENT_SOLUTION,PRESSURE_OUTPUT,OUTPUT_DEMAND,FITNESS,NODE
0.7964930537587794,27.064637562322716,1.21,5.220510541495177,N7
