EMITTER_COEFFICIENT_SOLUTION,PRESSURE_OUTPUT,OUTPUT_DEMAND,FITNESS,NODE
0.8156805921526046,27.059966255822793,1.21,5.096230775474636,N7
