EMITTER_COEFFICIENT_SOLUTION,PRESSURE_OUTPUT,OUTPUT_DEMAND,FITNESS,NODE
0.35985974133244303,27.1702244692669,1.21,11.632608776254301,N7
