EMITTER_COEFFICIENT_SOLUTION,PRESSURE_OUTPUT,OUTPUT_DEMAND,FITNESS,NODE
0.15908737575954646,27.218305180580828,1.21,26.39599980932274,N7
