EMITTER_COEFFICIENT_SOLUTION,PRESSURE_OUTPUT,OUTPUT_DEMAND,FITNESS,NODE
0.7344437750682425,27.079726474608044,1.21,5.666902822584393,N7
