EMITTER_COEFFICIENT_SOLUTION,PRESSURE_OUTPUT,OUTPUT_DEMAND,FITNESS,NODE
0.4148645929019833,27.156999923342738,1.21,10.081683262607966,N7
