EMITTER_COEFFICIENT_SOLUTION,PRESSURE_OUTPUT,OUTPUT_DEMAND,FITNESS,NODE
0.24475604896762693,27.197826104300027,1.21,17.13396573669454,N7
