EMITTER_COEFFICIENT_SOLUTION,PRESSURE_OUTPUT,OUTPUT_DEMAND,FITNESS,NODE
0.12115381098642752,27.227355608732978,1.21,34.68115867029521,N7
