EMITTER_COEFFICIENT_SOLUTION,PRESSURE_OUTPUT,OUTPUT_DEMAND,FITNESS,NODE
0.2963120839107044,27.185475236911323,1.21,14.141376907777971,N7
