EMITTER_COEFFICIENT_SOLUTION,PRESSURE_OUTPUT,OUTPUT_DEMAND,FITNESS,NODE
0.2993150407348645,27.184755233160708,1.21,13.998842867744079,N7
