EMITTER_COEFFICIENT_SOLUTION,PRESSURE_OUTPUT,OUTPUT_DEMAND,FITNESS,NODE
0.32595351334317424,27.17836533081943,1.21,12.849444168755102,N7
