EMITTER_COEFFICIENT_SOLUTION,PRESSURE_OUTPUT,OUTPUT_DEMAND,FITNESS,NODE
0.15335135368820108,27.219674574365214,1.21,27.38590491628534,N7
