EMITTER_COEFFICIENT_SOLUTION,PRESSURE_OUTPUT,OUTPUT_DEMAND,FITNESS,NODE
0.48844813680183197,27.139273438814307,1.21,8.553129517464198,N7
