EMITTER_COEFFICIENT_SOLUTION,PRESSURE_OUTPUT,OUTPUT_DEMAND,FITNESS,NODE
0.16944551799014274,27.215831990600094,1.21,24.77840780585467,N7
