EMITTER_COEFFICIENT_SOLUTION,PRESSURE_OUTPUT,OUTPUT_DEMAND,FITNESS,NODE
0.21218565241448906,27.205618519788075,1.21,19.774104965213837,N7
