EMITTER_COEFFICIENT_SOLUTION,PRESSURE_OUTPUT,OUTPUT_DEMAND,FITNESS,NODE
0.9933181881859826,27.016593186949493,1.21,4.173683291481683,N7
