EMITTER_COEFFICIENT_SOLUTION,PRESSURE_OUTPUT,OUTPUT_DEMAND,FITNESS,NODE
0.1851251431607418,27.21208667093063,1.21,22.674175023065878,N7
