EMITTER_COEFFICIENT_SOLUTION,PRESSURE_OUTPUT,OUTPUT_DEMAND,FITNESS,NODE
0.9579682090377831,27.025242179918642,1.21,4.329987875541343,N7
