EMITTER_COEFFICIENT_SOLUTION,PRESSURE_OUTPUT,OUTPUT_DEMAND,FITNESS,NODE
0.27761110373184705,27.189957567871012,1.21,15.098409711256627,N7
