EMITTER_COEFFICIENT_SOLUTION,PRESSURE_OUTPUT,OUTPUT_DEMAND,FITNESS,NODE
0.15609956682394077,27.219018423221748,1.21,26.902486262888267,N7
