EMITTER_COEFFICIENT_SOLUTION,PRESSURE_OUTPUT,OUTPUT_DEMAND,FITNESS,NODE
0.3898989428454306,27.163004977028223,1.21,10.731371769215034,N7
