EMITTER_COEFFICIENT_SOLUTION,PRESSURE_OUTPUT,OUTPUT_DEMAND,FITNESS,NODE
0.04574070347466186,27.24531592403018,1.21,91.96429945482635,N7
