EMITTER_COEFFICIENT_SOLUTION,PRESSURE_OUTPUT,OUTPUT_DEMAND,FITNESS,NODE
0.9119549552824323,27.036487072541888,1.21,4.551606739778706,N7
