EMITTER_COEFFICIENT_SOLUTION,PRESSURE_OUTPUT,OUTPUT_DEMAND,FITNESS,NODE
0.4971331249232295,27.137178598806017,1.21,8.402576868151224,N7
