EMITTER_COEFFICIENT_SOLUTION,PRESSURE_OUTPUT,OUTPUT_DEMAND,FITNESS,NODE
0.6520660430188162,27.099716266407796,1.21,6.390860868316762,N7
