EMITTER_COEFFICIENT_SOLUTION,PRESSURE_OUTPUT,OUTPUT_DEMAND,FITNESS,NODE
0.3024152397145853,27.18401184388155,1.21,13.854663073587732,N7
