EMITTER_COEFFICIENT_SOLUTION,PRESSURE_OUTPUT,OUTPUT_DEMAND,FITNESS,NODE
0.7409697815668809,27.078140803070667,1.21,5.6164344050820425,N7
