EMITTER_COEFFICIENT_SOLUTION,PRESSURE_OUTPUT,OUTPUT_DEMAND,FITNESS,NODE
0.2793139853476735,27.189549521542162,1.21,15.005960231349087,N7
