EMITTER_COEFFICIENT_SOLUTION,PRESSURE_OUTPUT,OUTPUT_DEMAND,FITNESS,NODE
0.3389220899596864,27.175252589790965,1.21,12.355270512214993,N7
