EMITTER_COEFFICIENT_SOLUTION,PRESSURE_OUTPUT,OUTPUT_DEMAND,FITNESS,NODE
0.33774264900502005,27.175535732824763,1.21,12.398644800132534,N7
