EMITTER_COEFFICIENT_SOLUTION,PRESSURE_OUTPUT,OUTPUT_DEMAND,FITNESS,NODE
0.3313485417830092,27.177070557773185,1.21,12.639164941156576,N7
