EMITTER_COEFFICIENT_SOLUTION,PRESSURE_OUTPUT,OUTPUT_DEMAND,FITNESS,NODE
0.19593354486744252,27.209503845081734,1.21,21.41976007449066,N7
