EMITTER_COEFFICIENT_SOLUTION,PRESSURE_OUTPUT,OUTPUT_DEMAND,FITNESS,NODE
0.04141812654404242,27.246344081905654,1.21,101.56793563098041,N7
