EMITTER_COEFFICIENT_SOLUTION,PRESSURE_OUTPUT,OUTPUT_DEMAND,FITNESS,NODE
0.24303501845097875,27.198238056299168,1.21,17.25576332368689,N7
