EMITTER_COEFFICIENT_SOLUTION,PRESSURE_OUTPUT,OUTPUT_DEMAND,FITNESS,NODE
0.7814493633656189,27.068298362078565,1.21,5.322224878253308,N7
