EMITTER_COEFFICIENT_SOLUTION,PRESSURE_OUTPUT,OUTPUT_DEMAND,FITNESS,NODE
0.7180725102227835,27.083702974593074,1.21,5.797547298468551,N7
