EMITTER_COEFFICIENT_SOLUTION,PRESSURE_OUTPUT,OUTPUT_DEMAND,FITNESS,NODE
0.051570696339003796,27.243928991615043,1.21,81.56129725788627,N7
