EMITTER_COEFFICIENT_SOLUTION,PRESSURE_OUTPUT,OUTPUT_DEMAND,FITNESS,NODE
0.7935792696030178,27.065346742074084,1.21,5.239910158002353,N7
