EMITTER_COEFFICIENT_SOLUTION,PRESSURE_OUTPUT,OUTPUT_DEMAND,FITNESS,NODE
0.3067568750789237,27.18297065358827,1.21,13.657646864288973,N7
