EMITTER_COEFFICIENT_SOLUTION,PRESSURE_OUTPUT,OUTPUT_DEMAND,FITNESS,NODE
0.2675888462996946,27.192358674751077,1.21,15.666360645600058,N7
