EMITTER_COEFFICIENT_SOLUTION,PRESSURE_OUTPUT,OUTPUT_DEMAND,FITNESS,NODE
0.7387556577118263,27.078678819202068,1.21,5.633457204739613,N7
