EMITTER_COEFFICIENT_SOLUTION,PRESSURE_OUTPUT,OUTPUT_DEMAND,FITNESS,NODE
0.24292154037288227,27.19826521803995,1.21,17.263854833238963,N7
