EMITTER_COEFFICIENT_SOLUTION,PRESSURE_OUTPUT,OUTPUT_DEMAND,FITNESS,NODE
0.0027020646300136564,27.255546673707947,1.21,1555.1250494914,N7
