EMITTER_COEFFICIENT_SOLUTION,PRESSURE_OUTPUT,OUTPUT_DEMAND,FITNESS,NODE
0.02316385246304986,27.250684438175035,1.21,181.64411265338506,N7
