EMITTER_COEFFICIENT_SOLUTION,PRESSURE_OUTPUT,OUTPUT_DEMAND,FITNESS,NODE
0.12173889579560504,27.22721609772536,1.21,34.514165216260366,N7
