EMITTER_COEFFICIENT_SOLUTION,PRESSURE_OUTPUT,OUTPUT_DEMAND,FITNESS,NODE
0.28969046191335457,27.187062632923926,1.21,14.466111681053405,N7
