EMITTER_COEFFICIENT_SOLUTION,PRESSURE_OUTPUT,OUTPUT_DEMAND,FITNESS,NODE
0.7175606092033536,27.083827281790043,1.21,5.801728469889828,N7
