EMITTER_COEFFICIENT_SOLUTION,PRESSURE_OUTPUT,OUTPUT_DEMAND,FITNESS,NODE
0.3329981828127043,27.176674611198685,1.21,12.576228037183377,N7
