EMITTER_COEFFICIENT_SOLUTION,PRESSURE_OUTPUT,OUTPUT_DEMAND,FITNESS,NODE
0.2237204740078872,27.20285973830687,1.21,18.751182318390228,N7
