EMITTER_COEFFICIENT_SOLUTION,PRESSURE_OUTPUT,OUTPUT_DEMAND,FITNESS,NODE
0.17129294767474657,27.21539079942155,1.21,24.510459100721906,N7
