EMITTER_COEFFICIENT_SOLUTION,PRESSURE_OUTPUT,OUTPUT_DEMAND,FITNESS,NODE
0.09310994970339281,27.234039524003016,1.21,45.14635018019309,N7
