EMITTER_COEFFICIENT_SOLUTION,PRESSURE_OUTPUT,OUTPUT_DEMAND,FITNESS,NODE
0.8500567003596088,27.051590027597953,1.21,4.887593148044001,N7
