EMITTER_COEFFICIENT_SOLUTION,PRESSURE_OUTPUT,OUTPUT_DEMAND,FITNESS,NODE
0.9015610980389989,27.039024853086403,1.21,4.604796649314618,N7
