EMITTER_COEFFICIENT_SOLUTION,PRESSURE_OUTPUT,OUTPUT_DEMAND,FITNESS,NODE
0.8807616230969916,27.044101425187087,1.21,4.715017646908411,N7
