EMITTER_COEFFICIENT_SOLUTION,PRESSURE_OUTPUT,OUTPUT_DEMAND,FITNESS,NODE
0.7442802402287138,27.077336319869474,1.21,5.591171662473837,N7
