EMITTER_COEFFICIENT_SOLUTION,PRESSURE_OUTPUT,OUTPUT_DEMAND,FITNESS,NODE
0.8995939987216021,27.039505098524508,1.21,4.615002416033756,N7
