EMITTER_COEFFICIENT_SOLUTION,PRESSURE_OUTPUT,OUTPUT_DEMAND,FITNESS,NODE
0.723826829647534,27.082305498075222,1.21,5.7509534405423155,N7
