EMITTER_COEFFICIENT_SOLUTION,PRESSURE_OUTPUT,OUTPUT_DEMAND,FITNESS,NODE
0.15786610920618582,27.21859672652772,1.21,26.600709472955167,N7
