EMITTER_COEFFICIENT_SOLUTION,PRESSURE_OUTPUT,OUTPUT_DEMAND,FITNESS,NODE
0.3557645596620317,27.17120817122109,1.21,11.767261788070211,N7
