EMITTER_COEFFICIENT_SOLUTION,PRESSURE_OUTPUT,OUTPUT_DEMAND,FITNESS,NODE
0.09631733615832438,27.233275382586385,1.21,43.64082059835671,N7
