EMITTER_COEFFICIENT_SOLUTION,PRESSURE_OUTPUT,OUTPUT_DEMAND,FITNESS,NODE
0.03304257070859429,27.248335868724375,1.21,127.3262491571678,N7
