EMITTER_COEFFICIENT_SOLUTION,PRESSURE_OUTPUT,OUTPUT_DEMAND,FITNESS,NODE
0.18134311608430076,27.212990234958767,1.21,23.1484300796781,N7
