EMITTER_COEFFICIENT_SOLUTION,PRESSURE_OUTPUT,OUTPUT_DEMAND,FITNESS,NODE
0.2718082072622382,27.191347902132676,1.21,15.422148937426067,N7
