EMITTER_COEFFICIENT_SOLUTION,PRESSURE_OUTPUT,OUTPUT_DEMAND,FITNESS,NODE
0.5879717524132004,27.115235328021235,1.21,7.094493937548227,N7
