EMITTER_COEFFICIENT_SOLUTION,PRESSURE_OUTPUT,OUTPUT_DEMAND,FITNESS,NODE
0.7228446458389187,27.082544045090962,1.21,5.758853855395742,N7
