EMITTER_COEFFICIENT_SOLUTION,PRESSURE_OUTPUT,OUTPUT_DEMAND,FITNESS,NODE
0.36945130825245676,27.167919997620714,1.21,11.328914374926207,N7
