EMITTER_COEFFICIENT_SOLUTION,PRESSURE_OUTPUT,OUTPUT_DEMAND,FITNESS,NODE
0.26332620464687706,27.193379680904428,1.21,15.921024608542277,N7
