EMITTER_COEFFICIENT_SOLUTION,PRESSURE_OUTPUT,OUTPUT_DEMAND,FITNESS,NODE
0.023436777031191514,27.250619562950128,1.21,179.52851228113718,N7
