EMITTER_COEFFICIENT_SOLUTION,PRESSURE_OUTPUT,OUTPUT_DEMAND,FITNESS,NODE
0.9873352352881418,27.018057650177433,1.21,4.1993505860931535,N7
