EMITTER_COEFFICIENT_SOLUTION,PRESSURE_OUTPUT,OUTPUT_DEMAND,FITNESS,NODE
0.6076461931266454,27.110474534016106,1.21,6.862703224917784,N7
