EMITTER_COEFFICIENT_SOLUTION,PRESSURE_OUTPUT,OUTPUT_DEMAND,FITNESS,NODE
0.2354616059421336,27.20005059270973,1.21,17.812891783966247,N7
