EMITTER_COEFFICIENT_SOLUTION,PRESSURE_OUTPUT,OUTPUT_DEMAND,FITNESS,NODE
0.9478809922598775,27.027708596069075,1.21,4.376729384715329,N7
