EMITTER_COEFFICIENT_SOLUTION,PRESSURE_OUTPUT,OUTPUT_DEMAND,FITNESS,NODE
0.09445977127679817,27.23371794622018,1.21,44.50029212694199,N7
