EMITTER_COEFFICIENT_SOLUTION,PRESSURE_OUTPUT,OUTPUT_DEMAND,FITNESS,NODE
0.07416172756978179,27.238552244343026,1.21,56.69749196018149,N7
