EMITTER_COEFFICIENT_SOLUTION,PRESSURE_OUTPUT,OUTPUT_DEMAND,FITNESS,NODE
0.25130661390920583,27.19625816299515,1.21,16.685703436295316,N7
