EMITTER_COEFFICIENT_SOLUTION,PRESSURE_OUTPUT,OUTPUT_DEMAND,FITNESS,NODE
0.1505227705782074,27.220349686974814,1.21,27.901768712842152,N7
