EMITTER_COEFFICIENT_SOLUTION,PRESSURE_OUTPUT,OUTPUT_DEMAND,FITNESS,NODE
0.18054872598704563,27.21318000905964,1.21,23.250569190859903,N7
