EMITTER_COEFFICIENT_SOLUTION,PRESSURE_OUTPUT,OUTPUT_DEMAND,FITNESS,NODE
0.8389364126162467,27.054300493249848,1.21,4.953211577989534,N7
