EMITTER_COEFFICIENT_SOLUTION,PRESSURE_OUTPUT,OUTPUT_DEMAND,FITNESS,NODE
0.4901466754608673,27.138863790622928,1.21,8.523265919620659,N7
