EMITTER_COEFFICIENT_SOLUTION,PRESSURE_OUTPUT,OUTPUT_DEMAND,FITNESS,NODE
0.9114870751038869,27.036601337239958,1.21,4.553975207499133,N7
