EMITTER_COEFFICIENT_SOLUTION,PRESSURE_OUTPUT,OUTPUT_DEMAND,FITNESS,NODE
0.14753566305434973,27.22106257015733,1.21,28.468017557436212,N7
