EMITTER_COEFFICIENT_SOLUTION,PRESSURE_OUTPUT,OUTPUT_DEMAND,FITNESS,NODE
0.8784957010765918,27.044654288218723,1.21,4.727340684549869,N7
