EMITTER_COEFFICIENT_SOLUTION,PRESSURE_OUTPUT,OUTPUT_DEMAND,FITNESS,NODE
0.7104750919818749,27.085547695858814,1.21,5.860221540324079,N7
