EMITTER_COEFFICIENT_SOLUTION,PRESSURE_OUTPUT,OUTPUT_DEMAND,FITNESS,NODE
0.11694978336880613,27.228357965586547,1.21,35.930196389552606,N7
