EMITTER_COEFFICIENT_SOLUTION,PRESSURE_OUTPUT,OUTPUT_DEMAND,FITNESS,NODE
0.5322881119803521,27.128693653746993,1.21,7.8433799342270785,N7
