EMITTER_COEFFICIENT_SOLUTION,PRESSURE_OUTPUT,OUTPUT_DEMAND,FITNESS,NODE
0.2567701684888518,27.19494974654868,1.21,16.329206665401777,N7
