EMITTER_COEFFICIENT_SOLUTION,PRESSURE_OUTPUT,OUTPUT_DEMAND,FITNESS,NODE
0.31871329131453197,27.180102599710466,1.21,13.142830786865352,N7
