EMITTER_COEFFICIENT_SOLUTION,PRESSURE_OUTPUT,OUTPUT_DEMAND,FITNESS,NODE
0.16109288465139582,27.217826392671114,1.21,26.066568288682674,N7
