EMITTER_COEFFICIENT_SOLUTION,PRESSURE_OUTPUT,OUTPUT_DEMAND,FITNESS,NODE
0.3356998106430241,27.17602612337879,1.21,12.474491935209787,N7
