EMITTER_COEFFICIENT_SOLUTION,PRESSURE_OUTPUT,OUTPUT_DEMAND,FITNESS,NODE
0.6936854542091769,27.089622897494763,1.21,6.003596947580245,N7
