EMITTER_COEFFICIENT_SOLUTION,PRESSURE_OUTPUT,OUTPUT_DEMAND,FITNESS,NODE
0.8852941576021737,27.042995421315318,1.21,4.690557198956735,N7
