EMITTER_COEFFICIENT_SOLUTION,PRESSURE_OUTPUT,OUTPUT_DEMAND,FITNESS,NODE
0.2314389581951194,27.201013154447274,1.21,18.123639859182003,N7
