EMITTER_COEFFICIENT_SOLUTION,PRESSURE_OUTPUT,OUTPUT_DEMAND,FITNESS,NODE
0.8012365285327859,27.063482928302776,1.21,5.189231003449351,N7
