EMITTER_COEFFICIENT_SOLUTION,PRESSURE_OUTPUT,OUTPUT_DEMAND,FITNESS,NODE
0.12954501043663436,27.225354680528206,1.21,32.43064967396722,N7
