EMITTER_COEFFICIENT_SOLUTION,PRESSURE_OUTPUT,OUTPUT_DEMAND,FITNESS,NODE
0.006272663749661178,27.254698596154576,1.21,670.6401385334908,N7
