EMITTER_COEFFICIENT_SOLUTION,PRESSURE_OUTPUT,OUTPUT_DEMAND,FITNESS,NODE
0.8669395368294087,27.047473313330535,1.21,4.791190446189404,N7
