EMITTER_COEFFICIENT_SOLUTION,PRESSURE_OUTPUT,OUTPUT_DEMAND,FITNESS,NODE
0.12724541126494937,27.225903130649364,1.21,33.01792611195467,N7
