EMITTER_COEFFICIENT_SOLUTION,PRESSURE_OUTPUT,OUTPUT_DEMAND,FITNESS,NODE
0.5332227156800039,27.128467952199884,1.21,7.829519625438221,N7
