EMITTER_COEFFICIENT_SOLUTION,PRESSURE_OUTPUT,OUTPUT_DEMAND,FITNESS,NODE
0.40754392991672395,27.15876115302902,1.21,10.263931266869713,N7
