EMITTER_COEFFICIENT_SOLUTION,PRESSURE_OUTPUT,OUTPUT_DEMAND,FITNESS,NODE
0.6157782332909582,27.10850602340016,1.21,6.7712286377652084,N7
