EMITTER_COEFFICIENT_SOLUTION,PRESSURE_OUTPUT,OUTPUT_DEMAND,FITNESS,NODE
0.15819196003227642,27.218518939127847,1.21,26.54578094237319,N7
