EMITTER_COEFFICIENT_SOLUTION,PRESSURE_OUTPUT,OUTPUT_DEMAND,FITNESS,NODE
0.3910779531057754,27.162721482946935,1.21,10.698822950057833,N7
