EMITTER_COEFFICIENT_SOLUTION,PRESSURE_OUTPUT,OUTPUT_DEMAND,FITNESS,NODE
0.9733387458655641,27.021482563998312,1.21,4.260628711530565,N7
