EMITTER_COEFFICIENT_SOLUTION,PRESSURE_OUTPUT,OUTPUT_DEMAND,FITNESS,NODE
0.30242582175916366,27.18400930631622,1.21,13.854176000761175,N7
