EMITTER_COEFFICIENT_SOLUTION,PRESSURE_OUTPUT,OUTPUT_DEMAND,FITNESS,NODE
0.7675041296824031,27.071690412614736,1.21,5.420074876187569,N7
