EMITTER_COEFFICIENT_SOLUTION,PRESSURE_OUTPUT,OUTPUT_DEMAND,FITNESS,NODE
0.12435556298345418,27.226592132915584,1.21,33.786550745123066,N7
