EMITTER_COEFFICIENT_SOLUTION,PRESSURE_OUTPUT,OUTPUT_DEMAND,FITNESS,NODE
0.8609417664294844,27.048936042949556,1.21,4.825005125156874,N7
