EMITTER_COEFFICIENT_SOLUTION,PRESSURE_OUTPUT,OUTPUT_DEMAND,FITNESS,NODE
0.4052304954931486,27.15931792804752,1.21,10.322923684226385,N7
