EMITTER_COEFFICIENT_SOLUTION,PRESSURE_OUTPUT,OUTPUT_DEMAND,FITNESS,NODE
0.42186261026735183,27.155315658725172,1.21,9.913352335180265,N7
