EMITTER_COEFFICIENT_SOLUTION,PRESSURE_OUTPUT,OUTPUT_DEMAND,FITNESS,NODE
0.1505971331760284,27.220331939237255,1.21,27.887958783379332,N7
