EMITTER_COEFFICIENT_SOLUTION,PRESSURE_OUTPUT,OUTPUT_DEMAND,FITNESS,NODE
0.7039528684367417,27.087131019013285,1.21,5.915105583647132,N7
