EMITTER_COEFFICIENT_SOLUTION,PRESSURE_OUTPUT,OUTPUT_DEMAND,FITNESS,NODE
0.29945613446888897,27.18472140218301,1.21,13.99221623052257,N7
