EMITTER_COEFFICIENT_SOLUTION,PRESSURE_OUTPUT,OUTPUT_DEMAND,FITNESS,NODE
0.09662123892667995,27.233202975469716,1.21,43.503354089246706,N7
