EMITTER_COEFFICIENT_SOLUTION,PRESSURE_OUTPUT,OUTPUT_DEMAND,FITNESS,NODE
0.16095370531415465,27.21785962081578,1.21,26.089165254859715,N7
