EMITTER_COEFFICIENT_SOLUTION,PRESSURE_OUTPUT,OUTPUT_DEMAND,FITNESS,NODE
0.5968147881884759,27.113095731005053,1.21,6.988414294696711,N7
