EMITTER_COEFFICIENT_SOLUTION,PRESSURE_OUTPUT,OUTPUT_DEMAND,FITNESS,NODE
0.08072033962857728,27.236990548112807,1.21,52.085610178551256,N7
