EMITTER_COEFFICIENT_SOLUTION,PRESSURE_OUTPUT,OUTPUT_DEMAND,FITNESS,NODE
0.0005146355797948088,27.25606627369873,1.21,8101.422384228586,N7
