EMITTER_COEFFICIENT_SOLUTION,PRESSURE_OUTPUT,OUTPUT_DEMAND,FITNESS,NODE
0.5614970232437188,27.121636855827326,1.21,7.432023757269695,N7
