EMITTER_COEFFICIENT_SOLUTION,PRESSURE_OUTPUT,OUTPUT_DEMAND,FITNESS,NODE
0.5774024728661898,27.117791375033633,1.21,7.2255205152411115,N7
