EMITTER_COEFFICIENT_SOLUTION,PRESSURE_OUTPUT,OUTPUT_DEMAND,FITNESS,NODE
0.08100924453299785,27.236921748386166,1.21,51.89962911658184,N7
