EMITTER_COEFFICIENT_SOLUTION,PRESSURE_OUTPUT,OUTPUT_DEMAND,FITNESS,NODE
0.9608710547758511,27.024532274731506,1.21,4.316718796285291,N7
