EMITTER_COEFFICIENT_SOLUTION,PRESSURE_OUTPUT,OUTPUT_DEMAND,FITNESS,NODE
0.014568883650955766,27.2527272062461,1.21,288.80845013071826,N7
