EMITTER_COEFFICIENT_SOLUTION,PRESSURE_OUTPUT,OUTPUT_DEMAND,FITNESS,NODE
0.8554456811493186,27.050276197636606,1.21,4.8564078883683175,N7
