EMITTER_COEFFICIENT_SOLUTION,PRESSURE_OUTPUT,OUTPUT_DEMAND,FITNESS,NODE
0.8660130282931523,27.047699285903505,1.21,4.796383383196317,N7
