EMITTER_COEFFICIENT_SOLUTION,PRESSURE_OUTPUT,OUTPUT_DEMAND,FITNESS,NODE
0.9437282744441523,27.028723764592172,1.21,4.396262497334403,N7
