EMITTER_COEFFICIENT_SOLUTION,PRESSURE_OUTPUT,OUTPUT_DEMAND,FITNESS,NODE
0.3447390245565348,27.173855994057426,1.21,12.145692720963329,N7
