EMITTER_COEFFICIENT_SOLUTION,PRESSURE_OUTPUT,OUTPUT_DEMAND,FITNESS,NODE
0.14489020949351195,27.221693860480187,1.21,28.988995729111156,N7
