EMITTER_COEFFICIENT_SOLUTION,PRESSURE_OUTPUT,OUTPUT_DEMAND,FITNESS,NODE
0.2770017402878563,27.190103578955018,1.21,15.131768226476552,N7
