EMITTER_COEFFICIENT_SOLUTION,PRESSURE_OUTPUT,OUTPUT_DEMAND,FITNESS,NODE
0.5766098565897041,27.117983042774092,1.21,7.235541010131038,N7
