EMITTER_COEFFICIENT_SOLUTION,PRESSURE_OUTPUT,OUTPUT_DEMAND,FITNESS,NODE
0.4060579317487739,27.159118877753464,1.21,10.30175583212868,N7
