EMITTER_COEFFICIENT_SOLUTION,PRESSURE_OUTPUT,OUTPUT_DEMAND,FITNESS,NODE
0.30452822100215593,27.18350513626504,1.21,13.758077745265208,N7
