EMITTER_COEFFICIENT_SOLUTION,PRESSURE_OUTPUT,OUTPUT_DEMAND,FITNESS,NODE
0.03798768901521077,27.24715993686013,1.21,110.74476799510285,N7
