EMITTER_COEFFICIENT_SOLUTION,PRESSURE_OUTPUT,OUTPUT_DEMAND,FITNESS,NODE
0.5377873452398049,27.127365528246436,1.21,7.762517840982122,N7
