EMITTER_COEFFICIENT_SOLUTION,PRESSURE_OUTPUT,OUTPUT_DEMAND,FITNESS,NODE
0.47638411375979783,27.142182394036304,1.21,8.771367012338267,N7
