EMITTER_COEFFICIENT_SOLUTION,PRESSURE_OUTPUT,OUTPUT_DEMAND,FITNESS,NODE
0.3895412296409603,27.163090987463967,1.21,10.741286083274634,N7
