EMITTER_COEFFICIENT_SOLUTION,PRESSURE_OUTPUT,OUTPUT_DEMAND,FITNESS,NODE
0.07991713304875081,27.237181820171642,1.21,52.60973582355902,N7
