EMITTER_COEFFICIENT_SOLUTION,PRESSURE_OUTPUT,OUTPUT_DEMAND,FITNESS,NODE
0.2975526206122209,27.185177807829277,1.21,14.082146599980746,N7
