EMITTER_COEFFICIENT_SOLUTION,PRESSURE_OUTPUT,OUTPUT_DEMAND,FITNESS,NODE
0.5524464231839014,27.12382412214066,1.21,7.5548337384197675,N7
