EMITTER_COEFFICIENT_SOLUTION,PRESSURE_OUTPUT,OUTPUT_DEMAND,FITNESS,NODE
0.6276541578170828,27.105630375516512,1.21,6.641899762062039,N7
