EMITTER_COEFFICIENT_SOLUTION,PRESSURE_OUTPUT,OUTPUT_DEMAND,FITNESS,NODE
0.19570449782830235,27.20955858829982,1.21,21.44490608394121,N7
