EMITTER_COEFFICIENT_SOLUTION,PRESSURE_OUTPUT,OUTPUT_DEMAND,FITNESS,NODE
0.04484401576205477,27.24552921967482,1.21,93.80432614417212,N7
