EMITTER_COEFFICIENT_SOLUTION,PRESSURE_OUTPUT,OUTPUT_DEMAND,FITNESS,NODE
0.4032929707358598,27.159783767809223,1.21,10.37280472121483,N7
