EMITTER_COEFFICIENT_SOLUTION,PRESSURE_OUTPUT,OUTPUT_DEMAND,FITNESS,NODE
0.035397545146065856,27.24777588714776,1.21,118.8520555526512,N7
