EMITTER_COEFFICIENT_SOLUTION,PRESSURE_OUTPUT,OUTPUT_DEMAND,FITNESS,NODE
0.12931624846877277,27.225409241614543,1.21,32.48813585393324,N7
