EMITTER_COEFFICIENT_SOLUTION,PRESSURE_OUTPUT,OUTPUT_DEMAND,FITNESS,NODE
0.5328025792848666,27.128569413569195,1.21,7.835744291983063,N7
