EMITTER_COEFFICIENT_SOLUTION,PRESSURE_OUTPUT,OUTPUT_DEMAND,FITNESS,NODE
0.6363113647847326,27.103533467489065,1.21,6.550665674233384,N7
