EMITTER_COEFFICIENT_SOLUTION,PRESSURE_OUTPUT,OUTPUT_DEMAND,FITNESS,NODE
0.28030654742207883,27.1893116727961,1.21,14.952592204459938,N7
