EMITTER_COEFFICIENT_SOLUTION,PRESSURE_OUTPUT,OUTPUT_DEMAND,FITNESS,NODE
0.30520883406793053,27.1833419134569,1.21,13.727251389117956,N7
