EMITTER_COEFFICIENT_SOLUTION,PRESSURE_OUTPUT,OUTPUT_DEMAND,FITNESS,NODE
0.4376183765491487,27.151522616381577,1.21,9.554101263035939,N7
