EMITTER_COEFFICIENT_SOLUTION,PRESSURE_OUTPUT,OUTPUT_DEMAND,FITNESS,NODE
0.07074645631340959,27.2393653389382,1.21,59.437590080646864,N7
