EMITTER_COEFFICIENT_SOLUTION,PRESSURE_OUTPUT,OUTPUT_DEMAND,FITNESS,NODE
0.2558126781872333,27.19517902333638,1.21,16.390571457825583,N7
