EMITTER_COEFFICIENT_SOLUTION,PRESSURE_OUTPUT,OUTPUT_DEMAND,FITNESS,NODE
0.1837576802532307,27.212413383845067,1.21,22.843397675026775,N7
