EMITTER_COEFFICIENT_SOLUTION,PRESSURE_OUTPUT,OUTPUT_DEMAND,FITNESS,NODE
0.1680691240619635,27.216160675427716,1.21,24.981867295369813,N7
