EMITTER_COEFFICIENT_SOLUTION,PRESSURE_OUTPUT,OUTPUT_DEMAND,FITNESS
0.4776496327197164,26.58114202453998,10.1,24.518443200316412
