EMITTER_COEFFICIENT_SOLUTION,PRESSURE_OUTPUT,OUTPUT_DEMAND,FITNESS
0.8969564335498805,26.477298216559674,10.1,15.857866776889116
