EMITTER_COEFFICIENT_SOLUTION,PRESSURE_OUTPUT,OUTPUT_DEMAND,FITNESS
0.7953534970572287,26.493560385602656,10.1,21.368427626768327
