EMITTER_COEFFICIENT_SOLUTION,PRESSURE_OUTPUT,OUTPUT_DEMAND,FITNESS
0.33878206121418875,26.565599538882054,10.1,39.61472599910827
