EMITTER_COEFFICIENT_SOLUTION,PRESSURE_OUTPUT,OUTPUT_DEMAND,FITNESS
0.7590242096096286,26.559242670984233,10.1,52.94851700262536
