EMITTER_COEFFICIENT_SOLUTION,PRESSURE_OUTPUT,OUTPUT_DEMAND,FITNESS
0.03245414385451517,26.612967314831394,10.1,13.772034312067728
