EMITTER_COEFFICIENT_SOLUTION,PRESSURE_OUTPUT,OUTPUT_DEMAND,FITNESS
0.8653779572434364,26.55092247139025,10.1,94.6425625139248
