EMITTER_COEFFICIENT_SOLUTION,PRESSURE_OUTPUT,OUTPUT_DEMAND,FITNESS
1.4664013146999737,26.384628040894228,10.1,6.421355481691178
