EMITTER_COEFFICIENT_SOLUTION,PRESSURE_OUTPUT,OUTPUT_DEMAND,FITNESS
1.121312343214413,26.530804870362303,10.1,104.6733467321208
