EMITTER_COEFFICIENT_SOLUTION,PRESSURE_OUTPUT,OUTPUT_DEMAND,FITNESS
0.28126603553983565,26.596329008782988,10.1,17.865881818793227
