EMITTER_COEFFICIENT_SOLUTION,PRESSURE_OUTPUT,OUTPUT_DEMAND,FITNESS
1.306953798259658,26.516128655469025,10.1,41.271585314890736
