EMITTER_COEFFICIENT_SOLUTION,PRESSURE_OUTPUT,OUTPUT_DEMAND,FITNESS
0.20432187627040377,26.586487641899623,10.1,21.67728366569904
