EMITTER_COEFFICIENT_SOLUTION,PRESSURE_OUTPUT,OUTPUT_DEMAND,FITNESS
1.2284102318930272,26.52234665004648,10.1,55.51931157704198
