EMITTER_COEFFICIENT_SOLUTION,PRESSURE_OUTPUT,OUTPUT_DEMAND,FITNESS
0.08597296891530226,26.611351665994135,10.1,14.08544635652021
