EMITTER_COEFFICIENT_SOLUTION,PRESSURE_OUTPUT,OUTPUT_DEMAND,FITNESS
0.6324909387669779,26.56911102537969,10.1,34.777014594388696
