EMITTER_COEFFICIENT_SOLUTION,PRESSURE_OUTPUT,OUTPUT_DEMAND,FITNESS
0.15770448912692503,26.59369440551906,10.1,18.74835784628566
