EMITTER_COEFFICIENT_SOLUTION,PRESSURE_OUTPUT,OUTPUT_DEMAND,FITNESS
0.014642001723246478,26.61681873942866,10.1,13.07833395410685
