EMITTER_COEFFICIENT_SOLUTION,PRESSURE_OUTPUT,OUTPUT_DEMAND,FITNESS
0.0790690047286553,26.611881279492003,10.1,13.981149185433443
