EMITTER_COEFFICIENT_SOLUTION,PRESSURE_OUTPUT,OUTPUT_DEMAND,FITNESS
0.03302211539743394,26.612880215624124,10.1,13.788574165540105
