EMITTER_COEFFICIENT_SOLUTION,PRESSURE_OUTPUT,OUTPUT_DEMAND,FITNESS
0.7268759148918302,26.504473514987986,10.1,27.866885415465802
