EMITTER_COEFFICIENT_SOLUTION,PRESSURE_OUTPUT,OUTPUT_DEMAND,FITNESS
1.3598521444428628,26.511933806117526,10.1,35.18080072986945
