EMITTER_COEFFICIENT_SOLUTION,PRESSURE_OUTPUT,OUTPUT_DEMAND,FITNESS
0.18786825034856913,26.589033343761656,10.1,20.543607267994545
