EMITTER_COEFFICIENT_SOLUTION,PRESSURE_OUTPUT,OUTPUT_DEMAND,FITNESS
1.5859568914704278,26.49393952892285,10.1,21.54296217008757
