EMITTER_COEFFICIENT_SOLUTION,PRESSURE_OUTPUT,OUTPUT_DEMAND,FITNESS
1.3985292314144258,26.508863099431323,10.1,31.75076782133037
