EMITTER_COEFFICIENT_SOLUTION,PRESSURE_OUTPUT,OUTPUT_DEMAND,FITNESS
1.3560292647041654,26.512237231445276,10.1,35.560398956099505
