EMITTER_COEFFICIENT_SOLUTION,PRESSURE_OUTPUT,OUTPUT_DEMAND,FITNESS
0.9740791051711177,26.542394480738025,10.1,490.65787974968373
