EMITTER_COEFFICIENT_SOLUTION,PRESSURE_OUTPUT,OUTPUT_DEMAND,FITNESS
0.015734521824185554,26.615530075619176,10.1,13.302529135291133
