EMITTER_COEFFICIENT_SOLUTION,PRESSURE_OUTPUT,OUTPUT_DEMAND,FITNESS
1.1360346800461139,26.438705057470585,10.1,9.8373547551439
