EMITTER_COEFFICIENT_SOLUTION,PRESSURE_OUTPUT,OUTPUT_DEMAND,FITNESS
0.7071804645940628,26.563290006642177,10.1,43.60413295696833
