EMITTER_COEFFICIENT_SOLUTION,PRESSURE_OUTPUT,OUTPUT_DEMAND,FITNESS
1.2534968792059558,26.520362004358134,10.1,50.009010614900916
