EMITTER_COEFFICIENT_SOLUTION,PRESSURE_OUTPUT,OUTPUT_DEMAND,FITNESS
1.1608600382747605,26.43467137486691,10.1,9.461899334706944
