EMITTER_COEFFICIENT_SOLUTION,PRESSURE_OUTPUT,OUTPUT_DEMAND,FITNESS
1.4003195843309995,26.508720883462708,10.1,31.608042772542667
