EMITTER_COEFFICIENT_SOLUTION,PRESSURE_OUTPUT,OUTPUT_DEMAND,FITNESS
0.46330248686051667,26.582254258831775,10.1,23.86756855982395
