EMITTER_COEFFICIENT_SOLUTION,PRESSURE_OUTPUT,OUTPUT_DEMAND,FITNESS
0.9856428837727617,26.541485836869825,10.1,885.3975826567985
