EMITTER_COEFFICIENT_SOLUTION,PRESSURE_OUTPUT,OUTPUT_DEMAND,FITNESS
0.6850519177201404,26.56501578453615,10.1,40.552513766847156
