EMITTER_COEFFICIENT_SOLUTION,PRESSURE_OUTPUT,OUTPUT_DEMAND,FITNESS
1.872514405954883,26.470985561110098,10.1,14.414863295545493
