EMITTER_COEFFICIENT_SOLUTION,PRESSURE_OUTPUT,OUTPUT_DEMAND,FITNESS
0.8159626600820455,26.490268507386396,10.1,19.96410718045807
