EMITTER_COEFFICIENT_SOLUTION,PRESSURE_OUTPUT,OUTPUT_DEMAND,FITNESS
0.2104669468374747,26.601784371641948,10.1,16.279228919145265
