EMITTER_COEFFICIENT_SOLUTION,PRESSURE_OUTPUT,OUTPUT_DEMAND,FITNESS
1.4013564370092928,26.50863851850334,10.1,31.525968219507437
