EMITTER_COEFFICIENT_SOLUTION,PRESSURE_OUTPUT,OUTPUT_DEMAND,FITNESS
0.8773178756052064,26.54998688003279,10.1,103.8369920996611
