EMITTER_COEFFICIENT_SOLUTION,PRESSURE_OUTPUT,OUTPUT_DEMAND,FITNESS
0.30363710906441277,26.594603044354663,10.1,18.4343202411073
