EMITTER_COEFFICIENT_SOLUTION,PRESSURE_OUTPUT,OUTPUT_DEMAND,FITNESS
1.2750995143858075,26.416046794772107,10.1,8.04430119006457
