EMITTER_COEFFICIENT_SOLUTION,PRESSURE_OUTPUT,OUTPUT_DEMAND,FITNESS
0.12023009810982033,26.599474548731955,10.1,16.91527956019897
