EMITTER_COEFFICIENT_SOLUTION,PRESSURE_OUTPUT,OUTPUT_DEMAND,FITNESS
0.36997267505045195,26.58947900026677,10.1,20.357228853380537
