EMITTER_COEFFICIENT_SOLUTION,PRESSURE_OUTPUT,OUTPUT_DEMAND,FITNESS
1.6623893525210085,26.487833306642166,10.1,19.038518954890844
