EMITTER_COEFFICIENT_SOLUTION,PRESSURE_OUTPUT,OUTPUT_DEMAND,FITNESS
1.08054537328997,26.53401833466367,10.1,157.72706223501734
