EMITTER_COEFFICIENT_SOLUTION,PRESSURE_OUTPUT,OUTPUT_DEMAND,FITNESS
0.14348052452069204,26.595889728594628,10.1,18.007204664673573
