EMITTER_COEFFICIENT_SOLUTION,PRESSURE_OUTPUT,OUTPUT_DEMAND,FITNESS
1.080552475035709,26.447701938885174,10.1,10.792555421917964
