EMITTER_COEFFICIENT_SOLUTION,PRESSURE_OUTPUT,OUTPUT_DEMAND,FITNESS
0.06871090690441917,26.612675735761677,10.1,13.827560776087658
