EMITTER_COEFFICIENT_SOLUTION,PRESSURE_OUTPUT,OUTPUT_DEMAND,FITNESS
0.3595862724492175,26.5902818973806,10.1,20.029845824691627
