EMITTER_COEFFICIENT_SOLUTION,PRESSURE_OUTPUT,OUTPUT_DEMAND,FITNESS
1.8495561561828933,26.472830671503047,10.1,14.808731331263449
