EMITTER_COEFFICIENT_SOLUTION,PRESSURE_OUTPUT,OUTPUT_DEMAND,FITNESS
0.4781056073760024,26.543797940512654,10.1,290.5676157567623
