EMITTER_COEFFICIENT_SOLUTION,PRESSURE_OUTPUT,OUTPUT_DEMAND,FITNESS
0.9908295879955393,26.46219932635399,10.1,12.794419682928137
