EMITTER_COEFFICIENT_SOLUTION,PRESSURE_OUTPUT,OUTPUT_DEMAND,FITNESS
0.9696538110584749,26.46561149642215,10.1,13.37848047136302
