EMITTER_COEFFICIENT_SOLUTION,PRESSURE_OUTPUT,OUTPUT_DEMAND,FITNESS
0.02956891575099041,26.615675629478368,10.1,13.276822094929285
