EMITTER_COEFFICIENT_SOLUTION,PRESSURE_OUTPUT,OUTPUT_DEMAND,FITNESS
1.9533254253123502,26.464482511627807,10.1,13.179417222207084
