EMITTER_COEFFICIENT_SOLUTION,PRESSURE_OUTPUT,OUTPUT_DEMAND,FITNESS
1.9095324063927699,26.46800826463153,10.1,13.821674062953916
