EMITTER_COEFFICIENT_SOLUTION,PRESSURE_OUTPUT,OUTPUT_DEMAND,FITNESS
0.9668765901590473,26.54296029186434,10.1,384.04063785249247
