EMITTER_COEFFICIENT_SOLUTION,PRESSURE_OUTPUT,OUTPUT_DEMAND,FITNESS
0.1250533916942369,26.5987312509286,10.1,17.130664954837812
