EMITTER_COEFFICIENT_SOLUTION,PRESSURE_OUTPUT,OUTPUT_DEMAND,FITNESS
1.1552376202684134,26.435585329901365,10.1,9.544437246991727
