EMITTER_COEFFICIENT_SOLUTION,PRESSURE_OUTPUT,OUTPUT_DEMAND,FITNESS
1.290336532378348,26.41355487901678,10.1,7.88621629935884
