EMITTER_COEFFICIENT_SOLUTION,PRESSURE_OUTPUT,OUTPUT_DEMAND,FITNESS
0.9517702183131377,26.544146663251702,10.1,263.83396997113016
