EMITTER_COEFFICIENT_SOLUTION,PRESSURE_OUTPUT,OUTPUT_DEMAND,FITNESS
0.20416460722481755,26.58651198522628,10.1,21.665850657029708
