EMITTER_COEFFICIENT_SOLUTION,PRESSURE_OUTPUT,OUTPUT_DEMAND,FITNESS
1.3640553514199687,26.40147277498076,10.1,7.200169163496403
