EMITTER_COEFFICIENT_SOLUTION,PRESSURE_OUTPUT,OUTPUT_DEMAND,FITNESS
1.1258992042355445,26.440350371664287,10.1,9.999197154731375
