EMITTER_COEFFICIENT_SOLUTION,PRESSURE_OUTPUT,OUTPUT_DEMAND,FITNESS
0.32641495822903144,26.56752701142257,10.1,36.804472762033704
