EMITTER_COEFFICIENT_SOLUTION,PRESSURE_OUTPUT,OUTPUT_DEMAND,FITNESS
1.2863199948073696,26.51776337400503,10.1,44.25752670152404
