EMITTER_COEFFICIENT_SOLUTION,PRESSURE_OUTPUT,OUTPUT_DEMAND,FITNESS
1.0771041032248612,26.448260314520304,10.1,10.857988920423033
