EMITTER_COEFFICIENT_SOLUTION,PRESSURE_OUTPUT,OUTPUT_DEMAND,FITNESS
0.22039312559201663,26.601020151065804,10.1,16.48430891570637
