EMITTER_COEFFICIENT_SOLUTION,PRESSURE_OUTPUT,OUTPUT_DEMAND,FITNESS
0.37759173186137174,26.58888988334283,10.1,20.604332242715525
