EMITTER_COEFFICIENT_SOLUTION,PRESSURE_OUTPUT,OUTPUT_DEMAND,FITNESS
0.11098645092447945,26.609432005235952,10.1,14.476891047274117
