EMITTER_COEFFICIENT_SOLUTION,PRESSURE_OUTPUT,OUTPUT_DEMAND,FITNESS
1.397177061829174,26.508970504160636,10.1,31.859414242168516
