EMITTER_COEFFICIENT_SOLUTION,PRESSURE_OUTPUT,OUTPUT_DEMAND,FITNESS
1.2169836337705722,26.523250200828052,10.1,58.45150301522319
