EMITTER_COEFFICIENT_SOLUTION,PRESSURE_OUTPUT,OUTPUT_DEMAND,FITNESS
0.7250212666043763,26.561897838890374,10.1,46.42215594062809
