EMITTER_COEFFICIENT_SOLUTION,PRESSURE_OUTPUT,OUTPUT_DEMAND,FITNESS
0.6710815614578645,26.513337183431616,10.1,37.00795518530891
