EMITTER_COEFFICIENT_SOLUTION,PRESSURE_OUTPUT,OUTPUT_DEMAND,FITNESS
1.8169634929685046,26.47544826044301,10.1,15.40591339183738
