EMITTER_COEFFICIENT_SOLUTION,PRESSURE_OUTPUT,OUTPUT_DEMAND,FITNESS
0.5142799141271657,26.578300391037615,10.1,26.354634626599577
