EMITTER_COEFFICIENT_SOLUTION,PRESSURE_OUTPUT,OUTPUT_DEMAND,FITNESS
0.24774988612795412,26.579757629460666,10.1,25.379919180625837
