EMITTER_COEFFICIENT_SOLUTION,PRESSURE_OUTPUT,OUTPUT_DEMAND,FITNESS
1.9167971613581012,26.467423649339594,10.1,13.710885147384884
