EMITTER_COEFFICIENT_SOLUTION,PRESSURE_OUTPUT,OUTPUT_DEMAND,FITNESS
0.6165994831262007,26.521967904692623,10.1,54.37591222390552
