EMITTER_COEFFICIENT_SOLUTION,PRESSURE_OUTPUT,OUTPUT_DEMAND,FITNESS
0.3782545505345789,26.559439148658043,10.1,52.40335435053543
