EMITTER_COEFFICIENT_SOLUTION,PRESSURE_OUTPUT,OUTPUT_DEMAND,FITNESS
1.7287823157759918,26.482519563195055,10.1,17.28942077803204
