EMITTER_COEFFICIENT_SOLUTION,PRESSURE_OUTPUT,OUTPUT_DEMAND,FITNESS
0.23330475719905586,26.600025770417375,10.1,16.759017327795473
