EMITTER_COEFFICIENT_SOLUTION,PRESSURE_OUTPUT,OUTPUT_DEMAND,FITNESS
0.7781368726835868,26.557749182430733,10.1,57.49511602125666
