EMITTER_COEFFICIENT_SOLUTION,PRESSURE_OUTPUT,OUTPUT_DEMAND,FITNESS
1.321063063130516,26.515010345521567,10.1,39.450758274395284
