EMITTER_COEFFICIENT_SOLUTION,PRESSURE_OUTPUT,OUTPUT_DEMAND,FITNESS
0.3365987627013727,26.56593990858341,10.1,39.08768128923127
