EMITTER_COEFFICIENT_SOLUTION,PRESSURE_OUTPUT,OUTPUT_DEMAND,FITNESS
1.9629833201220068,26.46370444169888,10.1,13.045640593487962
