EMITTER_COEFFICIENT_SOLUTION,PRESSURE_OUTPUT,OUTPUT_DEMAND,FITNESS
0.5892702926903565,26.57247423148658,10.1,31.135353086650937
