EMITTER_COEFFICIENT_SOLUTION,PRESSURE_OUTPUT,OUTPUT_DEMAND,FITNESS
0.18375434787588973,26.603839960131005,10.1,15.7521098365149
