EMITTER_COEFFICIENT_SOLUTION,PRESSURE_OUTPUT,OUTPUT_DEMAND,FITNESS
0.5103003728340492,26.53873729171356,10.1,616.8616486456216
