EMITTER_COEFFICIENT_SOLUTION,PRESSURE_OUTPUT,OUTPUT_DEMAND,FITNESS
0.029481894965347477,26.61342306897818,10.1,13.686131096544342
