EMITTER_COEFFICIENT_SOLUTION,PRESSURE_OUTPUT,OUTPUT_DEMAND,FITNESS
1.3985022780012617,26.50886524041512,10.1,31.752926317926295
