EMITTER_COEFFICIENT_SOLUTION,PRESSURE_OUTPUT,OUTPUT_DEMAND,FITNESS
0.35297589013994424,26.56338586007969,10.1,43.42264341455106
