EMITTER_COEFFICIENT_SOLUTION,PRESSURE_OUTPUT,OUTPUT_DEMAND,FITNESS
0.5895163067825719,26.526249238054213,10.1,70.87592798667082
