EMITTER_COEFFICIENT_SOLUTION,PRESSURE_OUTPUT,OUTPUT_DEMAND,FITNESS
0.11398839876808942,26.600436141969396,10.1,16.644545730333423
