EMITTER_COEFFICIENT_SOLUTION,PRESSURE_OUTPUT,OUTPUT_DEMAND,FITNESS
0.027055430580131712,26.615868156141616,10.1,13.24297117670319
