EMITTER_COEFFICIENT_SOLUTION,PRESSURE_OUTPUT,OUTPUT_DEMAND,FITNESS
1.15105377115996,26.43626527452323,10.1,9.606782274077954
