EMITTER_COEFFICIENT_SOLUTION,PRESSURE_OUTPUT,OUTPUT_DEMAND,FITNESS
0.4858358096694617,26.542583618523544,10.1,448.99067216527544
