EMITTER_COEFFICIENT_SOLUTION,PRESSURE_OUTPUT,OUTPUT_DEMAND,FITNESS
0.3545276411121593,26.590672861769455,10.1,19.87421173845273
