EMITTER_COEFFICIENT_SOLUTION,PRESSURE_OUTPUT,OUTPUT_DEMAND,FITNESS
0.004089494146434891,26.61762661408526,10.1,12.941597505511398
