EMITTER_COEFFICIENT_SOLUTION,PRESSURE_OUTPUT,OUTPUT_DEMAND,FITNESS
1.6996320219091243,26.48485369519247,10.1,18.01649048934733
