EMITTER_COEFFICIENT_SOLUTION,PRESSURE_OUTPUT,OUTPUT_DEMAND,FITNESS
0.8306866824174022,26.487914551797445,10.1,19.06801311787322
