EMITTER_COEFFICIENT_SOLUTION,PRESSURE_OUTPUT,OUTPUT_DEMAND,FITNESS
0.49696584625153584,26.540834441862245,10.1,2091.870340482417
