EMITTER_COEFFICIENT_SOLUTION,PRESSURE_OUTPUT,OUTPUT_DEMAND,FITNESS
0.48886673195787034,26.54210736289599,10.1,571.1145777233914
