EMITTER_COEFFICIENT_SOLUTION,PRESSURE_OUTPUT,OUTPUT_DEMAND,FITNESS
0.4077414071935761,26.554828744015694,10.1,69.09731081151202
