EMITTER_COEFFICIENT_SOLUTION,PRESSURE_OUTPUT,OUTPUT_DEMAND,FITNESS
0.6405335240715526,26.56848476564881,10.1,35.55130218230851
