EMITTER_COEFFICIENT_SOLUTION,PRESSURE_OUTPUT,OUTPUT_DEMAND,FITNESS
1.5159485126460825,26.499522151585914,10.1,24.488047266489765
