EMITTER_COEFFICIENT_SOLUTION,PRESSURE_OUTPUT,OUTPUT_DEMAND,FITNESS
0.6064273305324452,26.523576631032995,10.1,59.588471071457555
