EMITTER_COEFFICIENT_SOLUTION,PRESSURE_OUTPUT,OUTPUT_DEMAND,FITNESS
1.438574426861721,26.50568056790666,10.1,28.836865446103253
