EMITTER_COEFFICIENT_SOLUTION,PRESSURE_OUTPUT,OUTPUT_DEMAND,FITNESS
0.31308817323147053,26.56960263583388,10.1,34.19243528365429
