EMITTER_COEFFICIENT_SOLUTION,PRESSURE_OUTPUT,OUTPUT_DEMAND,FITNESS
0.497584144528626,26.540737236812298,10.1,2625.801832916521
