EMITTER_COEFFICIENT_SOLUTION,PRESSURE_OUTPUT,OUTPUT_DEMAND,FITNESS
1.2446059957748323,26.521065523701637,10.1,51.832601062697094
