EMITTER_COEFFICIENT_SOLUTION,PRESSURE_OUTPUT,OUTPUT_DEMAND,FITNESS
1.2167034995569355,26.42558008152446,10.1,8.712446798720228
