EMITTER_COEFFICIENT_SOLUTION,PRESSURE_OUTPUT,OUTPUT_DEMAND,FITNESS
1.5788772792207109,26.49450452408226,10.1,21.808406887674487
