EMITTER_COEFFICIENT_SOLUTION,PRESSURE_OUTPUT,OUTPUT_DEMAND,FITNESS
1.728035042913022,26.48257942048835,10.1,17.307332100203297
