EMITTER_COEFFICIENT_SOLUTION,PRESSURE_OUTPUT,OUTPUT_DEMAND,FITNESS
1.0186805633302731,26.457706071450872,10.1,12.098872570677472
