EMITTER_COEFFICIENT_SOLUTION,PRESSURE_OUTPUT,OUTPUT_DEMAND,FITNESS
0.35049208811498644,26.563773366278717,10.1,42.70408133233284
