EMITTER_COEFFICIENT_SOLUTION,PRESSURE_OUTPUT,OUTPUT_DEMAND,FITNESS
0.42840060685780745,26.584958168754923,10.1,22.42063588486853
