EMITTER_COEFFICIENT_SOLUTION,PRESSURE_OUTPUT,OUTPUT_DEMAND,FITNESS
1.5711595936752851,26.495120325666427,10.1,22.10527300059718
