EMITTER_COEFFICIENT_SOLUTION,PRESSURE_OUTPUT,OUTPUT_DEMAND,FITNESS
0.598587357530608,26.571749553585498,10.1,31.85407995205577
