EMITTER_COEFFICIENT_SOLUTION,PRESSURE_OUTPUT,OUTPUT_DEMAND,FITNESS
0.9683616592622075,26.54284363736872,10.1,402.0526222282493
