EMITTER_COEFFICIENT_SOLUTION,PRESSURE_OUTPUT,OUTPUT_DEMAND,FITNESS
1.393023156886776,26.3967134791055,10.1,6.9616105356943825
