EMITTER_COEFFICIENT_SOLUTION,PRESSURE_OUTPUT,OUTPUT_DEMAND,FITNESS
0.18938334465183237,26.603406921830775,10.1,15.860297156032084
