EMITTER_COEFFICIENT_SOLUTION,PRESSURE_OUTPUT,OUTPUT_DEMAND,FITNESS
1.5343133690052047,26.498058658405036,10.1,23.640805931413635
