EMITTER_COEFFICIENT_SOLUTION,PRESSURE_OUTPUT,OUTPUT_DEMAND,FITNESS
1.4917581065178314,26.380441961374522,10.1,6.253265792015226
