EMITTER_COEFFICIENT_SOLUTION,PRESSURE_OUTPUT,OUTPUT_DEMAND,FITNESS
0.45190927262492875,26.54790941343061,10.1,132.39750068223722
