EMITTER_COEFFICIENT_SOLUTION,PRESSURE_OUTPUT,OUTPUT_DEMAND,FITNESS
1.7012368321078526,26.484725238904858,10.1,17.974890634030398
