EMITTER_COEFFICIENT_SOLUTION,PRESSURE_OUTPUT,OUTPUT_DEMAND,FITNESS
0.7017146700706842,26.56371638609727,10.1,42.80824605109928
