EMITTER_COEFFICIENT_SOLUTION,PRESSURE_OUTPUT,OUTPUT_DEMAND,FITNESS
0.46894318287296166,26.58181702607471,10.1,24.119269606950848
