EMITTER_COEFFICIENT_SOLUTION,PRESSURE_OUTPUT,OUTPUT_DEMAND,FITNESS
0.09202402202071291,26.603817367749585,10.1,15.757717656415625
