EMITTER_COEFFICIENT_SOLUTION,PRESSURE_OUTPUT,OUTPUT_DEMAND,FITNESS
0.06999047322847074,26.61257761372068,10.1,13.846347340723549
