EMITTER_COEFFICIENT_SOLUTION,PRESSURE_OUTPUT,OUTPUT_DEMAND,FITNESS
0.2879339148897444,26.573516354144225,10.1,30.156857835739828
