EMITTER_COEFFICIENT_SOLUTION,PRESSURE_OUTPUT,OUTPUT_DEMAND,FITNESS
1.939801520021102,26.465571724905175,10.1,13.371365802111313
