EMITTER_COEFFICIENT_SOLUTION,PRESSURE_OUTPUT,OUTPUT_DEMAND,FITNESS
1.3271298994065859,26.51452935920794,10.1,38.71610945853664
