EMITTER_COEFFICIENT_SOLUTION,PRESSURE_OUTPUT,OUTPUT_DEMAND,FITNESS
1.434390931749213,26.506013197353752,10.1,29.11614725717173
