EMITTER_COEFFICIENT_SOLUTION,PRESSURE_OUTPUT,OUTPUT_DEMAND,FITNESS
1.6814122273164451,26.486311725569443,10.1,18.502525760278086
