EMITTER_COEFFICIENT_SOLUTION,PRESSURE_OUTPUT,OUTPUT_DEMAND,FITNESS
0.7824982114518064,26.557408275940396,10.1,58.64457659428839
