EMITTER_COEFFICIENT_SOLUTION,PRESSURE_OUTPUT,OUTPUT_DEMAND,FITNESS
0.5330596764485711,26.535154652469117,10.1,192.1691718731488
