EMITTER_COEFFICIENT_SOLUTION,PRESSURE_OUTPUT,OUTPUT_DEMAND,FITNESS
1.7493451676928342,26.480872016583383,10.1,16.81056957512013
