EMITTER_COEFFICIENT_SOLUTION,PRESSURE_OUTPUT,OUTPUT_DEMAND,FITNESS
1.0644229771644313,26.535288245610687,10.1,197.23262311266478
