EMITTER_COEFFICIENT_SOLUTION,PRESSURE_OUTPUT,OUTPUT_DEMAND,FITNESS
1.0538883531247651,26.45201703997951,10.1,11.319726016750314
