EMITTER_COEFFICIENT_SOLUTION,PRESSURE_OUTPUT,OUTPUT_DEMAND,FITNESS
0.09307616407121277,26.603655491810514,10.1,15.798015159918082
