EMITTER_COEFFICIENT_SOLUTION,PRESSURE_OUTPUT,OUTPUT_DEMAND,FITNESS
0.5991683141530391,26.524724127651645,10.1,63.962039870222426
