EMITTER_COEFFICIENT_SOLUTION,PRESSURE_OUTPUT,OUTPUT_DEMAND,FITNESS
0.4948135909508722,26.54117270010562,10.1,1225.0407982186816
