EMITTER_COEFFICIENT_SOLUTION,PRESSURE_OUTPUT,OUTPUT_DEMAND,FITNESS
0.26843108275728045,26.576547158148713,10.1,27.631364254224895
