EMITTER_COEFFICIENT_SOLUTION,PRESSURE_OUTPUT,OUTPUT_DEMAND,FITNESS
1.3990363278267228,26.508822819092202,10.1,31.71021262534237
