EMITTER_COEFFICIENT_SOLUTION,PRESSURE_OUTPUT,OUTPUT_DEMAND,FITNESS
0.02316517185880651,26.616166054814116,10.1,13.190932111457508
