EMITTER_COEFFICIENT_SOLUTION,PRESSURE_OUTPUT,OUTPUT_DEMAND,FITNESS
0.5257362351757258,26.57741108170262,10.1,26.98714371853013
