EMITTER_COEFFICIENT_SOLUTION,PRESSURE_OUTPUT,OUTPUT_DEMAND,FITNESS
0.9816856178055091,26.463673186117553,10.1,13.040323413606274
