EMITTER_COEFFICIENT_SOLUTION,PRESSURE_OUTPUT,OUTPUT_DEMAND,FITNESS
0.5587982001639908,26.531097921328282,10.1,107.9857697651871
