EMITTER_COEFFICIENT_SOLUTION,PRESSURE_OUTPUT,OUTPUT_DEMAND,FITNESS
0.43957157325954777,26.549843837992498,10.1,105.40254187314329
