EMITTER_COEFFICIENT_SOLUTION,PRESSURE_OUTPUT,OUTPUT_DEMAND,FITNESS
0.907422513448499,26.54762677586853,10.1,137.5444850218158
