EMITTER_COEFFICIENT_SOLUTION,PRESSURE_OUTPUT,OUTPUT_DEMAND,FITNESS
0.4938909078055579,26.541317736488317,10.1,1040.2193242110616
