EMITTER_COEFFICIENT_SOLUTION,PRESSURE_OUTPUT,OUTPUT_DEMAND,FITNESS
0.4552277598209179,26.58288004770703,10.1,23.51632731037819
