EMITTER_COEFFICIENT_SOLUTION,PRESSURE_OUTPUT,OUTPUT_DEMAND,FITNESS
0.4482181892471808,26.54848826888403,10.1,122.9729731155063
