EMITTER_COEFFICIENT_SOLUTION,PRESSURE_OUTPUT,OUTPUT_DEMAND,FITNESS
0.30353707719859924,26.594610764303496,10.1,18.431697189250393
