EMITTER_COEFFICIENT_SOLUTION,PRESSURE_OUTPUT,OUTPUT_DEMAND,FITNESS
0.982705384869383,26.54171668195906,10.1,735.1421175691918
