EMITTER_COEFFICIENT_SOLUTION,PRESSURE_OUTPUT,OUTPUT_DEMAND,FITNESS
1.280245438045171,26.415205417364568,10.1,7.99022103075034
