EMITTER_COEFFICIENT_SOLUTION,PRESSURE_OUTPUT,OUTPUT_DEMAND,FITNESS
0.23610766331041677,26.59980986036151,10.1,16.819879057151923
