EMITTER_COEFFICIENT_SOLUTION,PRESSURE_OUTPUT,OUTPUT_DEMAND,FITNESS
1.158376733647688,26.435075080707854,10.1,9.498180713617744
