EMITTER_COEFFICIENT_SOLUTION,PRESSURE_OUTPUT,OUTPUT_DEMAND,FITNESS
0.37175326742315185,26.560454687121734,10.1,49.75548572055691
