EMITTER_COEFFICIENT_SOLUTION,PRESSURE_OUTPUT,OUTPUT_DEMAND,FITNESS
0.42230716756372044,26.552548671620066,10.1,82.01917523054902
