EMITTER_COEFFICIENT_SOLUTION,PRESSURE_OUTPUT,OUTPUT_DEMAND,FITNESS
1.70399655326759,26.484504326148517,10.1,17.903796758384097
