EMITTER_COEFFICIENT_SOLUTION,PRESSURE_OUTPUT,OUTPUT_DEMAND,FITNESS
1.9443582935582837,26.46520476404507,10.1,13.306075975698247
