EMITTER_COEFFICIENT_SOLUTION,PRESSURE_OUTPUT,OUTPUT_DEMAND,FITNESS
1.2387882589766195,26.421977866583063,10.1,8.447334749241445
