EMITTER_COEFFICIENT_SOLUTION,PRESSURE_OUTPUT,OUTPUT_DEMAND,FITNESS
0.736684059325998,26.5029127460649,10.1,26.70536830241414
