EMITTER_COEFFICIENT_SOLUTION,PRESSURE_OUTPUT,OUTPUT_DEMAND,FITNESS
0.23922043332250764,26.58108067321802,10.1,24.555380358723898
