EMITTER_COEFFICIENT_SOLUTION,PRESSURE_OUTPUT,OUTPUT_DEMAND,FITNESS
0.16179959521461118,26.60552830266645,10.1,15.344035861647438
