EMITTER_COEFFICIENT_SOLUTION,PRESSURE_OUTPUT,OUTPUT_DEMAND,FITNESS
0.3042814442036317,26.594553317356088,10.1,18.451234181493117
