EMITTER_COEFFICIENT_SOLUTION,PRESSURE_OUTPUT,OUTPUT_DEMAND,FITNESS
0.6183984659296874,26.57020805413449,10.1,33.498982033192526
