EMITTER_COEFFICIENT_SOLUTION,PRESSURE_OUTPUT,OUTPUT_DEMAND,FITNESS
0.9403822169521427,26.47032226344694,10.1,14.278343128881524
