EMITTER_COEFFICIENT_SOLUTION,PRESSURE_OUTPUT,OUTPUT_DEMAND,FITNESS
1.3386636427815977,26.513614742898497,10.1,37.39204282074592
