EMITTER_COEFFICIENT_SOLUTION,PRESSURE_OUTPUT,OUTPUT_DEMAND,FITNESS
1.3195695695269087,26.408768872954006,10.1,7.599388922971719
