EMITTER_COEFFICIENT_SOLUTION,PRESSURE_OUTPUT,OUTPUT_DEMAND,FITNESS
0.5107733101464854,26.578572540421412,10.1,26.166954823310693
