EMITTER_COEFFICIENT_SOLUTION,PRESSURE_OUTPUT,OUTPUT_DEMAND,FITNESS
1.9754826749152454,26.462697177264275,10.1,12.876438909498027
