EMITTER_COEFFICIENT_SOLUTION,PRESSURE_OUTPUT,OUTPUT_DEMAND,FITNESS
1.736291449135487,26.481918011679028,10.1,17.111453494727957
