EMITTER_COEFFICIENT_SOLUTION,PRESSURE_OUTPUT,OUTPUT_DEMAND,FITNESS
0.028698280583367763,26.615742319454938,10.1,13.26507678533052
