EMITTER_COEFFICIENT_SOLUTION,PRESSURE_OUTPUT,OUTPUT_DEMAND,FITNESS
0.7232989387081431,26.562032265677843,10.1,46.1342605641542
