EMITTER_COEFFICIENT_SOLUTION,PRESSURE_OUTPUT,OUTPUT_DEMAND,FITNESS
0.6721715803725716,26.513164262242455,10.1,36.772630223108855
