EMITTER_COEFFICIENT_SOLUTION,PRESSURE_OUTPUT,OUTPUT_DEMAND,FITNESS
0.11277191453992819,26.600623514952524,10.1,16.592797140274627
