EMITTER_COEFFICIENT_SOLUTION,PRESSURE_OUTPUT,OUTPUT_DEMAND,FITNESS
1.4565972196500692,26.504247170157747,10.1,27.692216057950947
