EMITTER_COEFFICIENT_SOLUTION,PRESSURE_OUTPUT,OUTPUT_DEMAND,FITNESS
0.9078961626463945,26.54758962842054,10.1,138.25086768314546
