EMITTER_COEFFICIENT_SOLUTION,PRESSURE_OUTPUT,OUTPUT_DEMAND,FITNESS
1.263299231761285,26.51958617509988,10.1,48.14120625714176
