EMITTER_COEFFICIENT_SOLUTION,PRESSURE_OUTPUT,OUTPUT_DEMAND,FITNESS
0.29680664362801035,26.595130136761085,10.1,18.256925180512418
