EMITTER_COEFFICIENT_SOLUTION,PRESSURE_OUTPUT,OUTPUT_DEMAND,FITNESS
1.489333450992687,26.501641888628,10.1,25.828772916053477
