EMITTER_COEFFICIENT_SOLUTION,PRESSURE_OUTPUT,OUTPUT_DEMAND,FITNESS
0.19081864664139014,26.588577025219898,10.1,20.73801430888815
