EMITTER_COEFFICIENT_SOLUTION,PRESSURE_OUTPUT,OUTPUT_DEMAND,FITNESS
0.8700242336964535,26.550558473726575,10.1,98.01929504246314
