EMITTER_COEFFICIENT_SOLUTION,PRESSURE_OUTPUT,OUTPUT_DEMAND,FITNESS
0.7999318124783656,26.49282939348432,10.1,21.03978301432657
