EMITTER_COEFFICIENT_SOLUTION,PRESSURE_OUTPUT,OUTPUT_DEMAND,FITNESS
0.13244405594239783,26.607784193146564,10.1,14.830679822505687
