EMITTER_COEFFICIENT_SOLUTION,PRESSURE_OUTPUT,OUTPUT_DEMAND,FITNESS
1.3241651206796534,26.40801588033719,10.1,7.556150485824141
