EMITTER_COEFFICIENT_SOLUTION,PRESSURE_OUTPUT,OUTPUT_DEMAND,FITNESS
1.3554673997010038,26.512281813030995,10.1,35.61686375835674
