EMITTER_COEFFICIENT_SOLUTION,PRESSURE_OUTPUT,OUTPUT_DEMAND,FITNESS
1.2335007422156328,26.521944035388493,10.1,54.30542838371315
