EMITTER_COEFFICIENT_SOLUTION,PRESSURE_OUTPUT,OUTPUT_DEMAND,FITNESS
0.3458498088532622,26.564497427386705,10.1,41.42325906552322
