EMITTER_COEFFICIENT_SOLUTION,PRESSURE_OUTPUT,OUTPUT_DEMAND,FITNESS
1.3815736307221886,26.510209637503955,10.1,33.16885642885849
