EMITTER_COEFFICIENT_SOLUTION,PRESSURE_OUTPUT,OUTPUT_DEMAND,FITNESS
1.0020912379927385,26.54019298884444,10.1,6045.513631942815
