EMITTER_COEFFICIENT_SOLUTION,PRESSURE_OUTPUT,OUTPUT_DEMAND,FITNESS
0.11371150822572029,26.600478792035396,10.1,16.63273829954275
