EMITTER_COEFFICIENT_SOLUTION,PRESSURE_OUTPUT,OUTPUT_DEMAND,FITNESS
0.9902763302178708,26.46228852159551,10.1,12.80903737371923
