EMITTER_COEFFICIENT_SOLUTION,PRESSURE_OUTPUT,OUTPUT_DEMAND,FITNESS
0.2714473534316726,26.576078626424604,10.1,27.99377646380174
