EMITTER_COEFFICIENT_SOLUTION,PRESSURE_OUTPUT,OUTPUT_DEMAND,FITNESS
0.45183091502492245,26.54792170305489,10.1,132.18242460517973
