EMITTER_COEFFICIENT_SOLUTION,PRESSURE_OUTPUT,OUTPUT_DEMAND,FITNESS
0.3038583697982249,26.594585968506273,10.1,18.440124854175565
