EMITTER_COEFFICIENT_SOLUTION,PRESSURE_OUTPUT,OUTPUT_DEMAND,FITNESS
0.11223003956598654,26.600706975035898,10.1,16.56985061077778
