EMITTER_COEFFICIENT_SOLUTION,PRESSURE_OUTPUT,OUTPUT_DEMAND,FITNESS
0.47784532901192245,26.58112685060736,10.1,24.52756846644432
