EMITTER_COEFFICIENT_SOLUTION,PRESSURE_OUTPUT,OUTPUT_DEMAND,FITNESS
1.1989316316335237,26.5246771074112,10.1,63.77025017361973
