EMITTER_COEFFICIENT_SOLUTION,PRESSURE_OUTPUT,OUTPUT_DEMAND,FITNESS
1.8380771526305915,26.473752819489434,10.1,15.013756818876407
