EMITTER_COEFFICIENT_SOLUTION,PRESSURE_OUTPUT,OUTPUT_DEMAND,FITNESS
1.7905784985449906,26.477565731803878,10.1,15.925425954955388
