EMITTER_COEFFICIENT_SOLUTION,PRESSURE_OUTPUT,OUTPUT_DEMAND,FITNESS
1.062816975535288,26.5354147807219,10.1,202.28091802615307
