EMITTER_COEFFICIENT_SOLUTION,PRESSURE_OUTPUT,OUTPUT_DEMAND,FITNESS
1.2164475004869542,26.523292588665406,10.1,58.5966840818455
