EMITTER_COEFFICIENT_SOLUTION,PRESSURE_OUTPUT,OUTPUT_DEMAND,FITNESS
1.180669162197139,26.526119972370005,10.1,70.23247036107306
