EMITTER_COEFFICIENT_SOLUTION,PRESSURE_OUTPUT,OUTPUT_DEMAND,FITNESS
0.331625012886297,26.59244225932987,10.1,19.199069142519367
