EMITTER_COEFFICIENT_SOLUTION,PRESSURE_OUTPUT,OUTPUT_DEMAND,FITNESS
1.9515321491203652,26.464626962920235,10.1,13.204555842382025
