EMITTER_COEFFICIENT_SOLUTION,PRESSURE_OUTPUT,OUTPUT_DEMAND,FITNESS
0.2608498395733343,26.577724454873447,10.1,26.76082615933111
