EMITTER_COEFFICIENT_SOLUTION,PRESSURE_OUTPUT,OUTPUT_DEMAND,FITNESS
1.4048203750223565,26.394773321906953,10.1,6.86883578912991
