EMITTER_COEFFICIENT_SOLUTION,PRESSURE_OUTPUT,OUTPUT_DEMAND,FITNESS
0.6743160409669222,26.56585272573185,10.1,39.22133880730808
