EMITTER_COEFFICIENT_SOLUTION,PRESSURE_OUTPUT,OUTPUT_DEMAND,FITNESS
0.5537480483718347,26.531894320167247,10.1,118.14632302400521
