EMITTER_COEFFICIENT_SOLUTION,PRESSURE_OUTPUT,OUTPUT_DEMAND,FITNESS
1.6882221863362232,26.485766840291156,10.1,18.31784970758722
