EMITTER_COEFFICIENT_SOLUTION,PRESSURE_OUTPUT,OUTPUT_DEMAND,FITNESS
0.4968129210513408,26.5408584833364,10.1,1991.7042537667269
