EMITTER_COEFFICIENT_SOLUTION,PRESSURE_OUTPUT,OUTPUT_DEMAND,FITNESS
1.8947404155545244,26.46919829019558,10.1,14.05281683861925
