EMITTER_COEFFICIENT_SOLUTION,PRESSURE_OUTPUT,OUTPUT_DEMAND,FITNESS
0.4588195465990146,26.546825405564434,10.1,154.5832829741872
