EMITTER_COEFFICIENT_SOLUTION,PRESSURE_OUTPUT,OUTPUT_DEMAND,FITNESS
0.15435244983786367,26.59421191076993,10.1,18.568202210787614
