EMITTER_COEFFICIENT_SOLUTION,PRESSURE_OUTPUT,OUTPUT_DEMAND,FITNESS
0.36099655082514903,26.590172892245327,10.1,20.073673801904924
