EMITTER_COEFFICIENT_SOLUTION,PRESSURE_OUTPUT,OUTPUT_DEMAND,FITNESS
1.180022603151903,26.526171042632697,10.1,70.48528633134063
