EMITTER_COEFFICIENT_SOLUTION,PRESSURE_OUTPUT,OUTPUT_DEMAND,FITNESS
0.19004201270196197,26.588697149168183,10.1,20.686481549456545
