EMITTER_COEFFICIENT_SOLUTION,PRESSURE_OUTPUT,OUTPUT_DEMAND,FITNESS
0.09245189303137225,26.603751539334873,10.1,15.774080197710557
