EMITTER_COEFFICIENT_SOLUTION,PRESSURE_OUTPUT,OUTPUT_DEMAND,FITNESS
1.4633048979247927,26.5037135232674,10.1,27.288943731867327
