EMITTER_COEFFICIENT_SOLUTION,PRESSURE_OUTPUT,OUTPUT_DEMAND,FITNESS
0.06181529051162693,26.61320445873828,10.1,13.727201901798315
