EMITTER_COEFFICIENT_SOLUTION,PRESSURE_OUTPUT,OUTPUT_DEMAND,FITNESS
1.663798823433589,26.48772059248855,10.1,18.997751479562652
