EMITTER_COEFFICIENT_SOLUTION,PRESSURE_OUTPUT,OUTPUT_DEMAND,FITNESS
0.5403726722095656,26.576274515465762,10.1,27.841104919789277
