EMITTER_COEFFICIENT_SOLUTION,PRESSURE_OUTPUT,OUTPUT_DEMAND,FITNESS
0.5832446940942317,26.527239804966804,10.1,76.22767067781545
