EMITTER_COEFFICIENT_SOLUTION,PRESSURE_OUTPUT,OUTPUT_DEMAND,FITNESS
1.8480300146245305,26.472953286998766,10.1,14.83566964249527
