EMITTER_COEFFICIENT_SOLUTION,PRESSURE_OUTPUT,OUTPUT_DEMAND,FITNESS
1.3416067012605808,26.513381317396835,10.1,37.06849945486056
