EMITTER_COEFFICIENT_SOLUTION,PRESSURE_OUTPUT,OUTPUT_DEMAND,FITNESS
0.18809049067929817,26.588998973830094,10.1,20.55812299632261
