EMITTER_COEFFICIENT_SOLUTION,PRESSURE_OUTPUT,OUTPUT_DEMAND,FITNESS
1.6879536772661483,26.485788326281913,10.1,18.325062033266864
