EMITTER_COEFFICIENT_SOLUTION,PRESSURE_OUTPUT,OUTPUT_DEMAND,FITNESS
0.4117913080852943,26.586244028970135,10.1,21.792366244235005
