EMITTER_COEFFICIENT_SOLUTION,PRESSURE_OUTPUT,OUTPUT_DEMAND,FITNESS
1.1764068008488524,26.432142855074524,10.1,9.240816498692364
