EMITTER_COEFFICIENT_SOLUTION,PRESSURE_OUTPUT,OUTPUT_DEMAND,FITNESS
1.742157670235127,26.481447993611717,10.1,16.97492936105466
