EMITTER_COEFFICIENT_SOLUTION,PRESSURE_OUTPUT,OUTPUT_DEMAND,FITNESS
0.07324871790847465,26.606704456144953,10.1,15.072031790862162
