EMITTER_COEFFICIENT_SOLUTION,PRESSURE_OUTPUT,OUTPUT_DEMAND,FITNESS
1.4721269437061109,26.383683252974137,10.1,6.3826332007462785
