EMITTER_COEFFICIENT_SOLUTION,PRESSURE_OUTPUT,OUTPUT_DEMAND,FITNESS
1.0051230343340039,26.53995452903702,10.1,2476.033698746924
