EMITTER_COEFFICIENT_SOLUTION,PRESSURE_OUTPUT,OUTPUT_DEMAND,FITNESS
1.1248881642466417,26.440514459088895,10.1,10.015630224998617
