EMITTER_COEFFICIENT_SOLUTION,PRESSURE_OUTPUT,OUTPUT_DEMAND,FITNESS
1.4321599429913452,26.39027281203373,10.1,6.662864892466461
