EMITTER_COEFFICIENT_SOLUTION,PRESSURE_OUTPUT,OUTPUT_DEMAND,FITNESS
1.2376408317405283,26.422165117018118,10.1,8.460717634095367
