EMITTER_COEFFICIENT_SOLUTION,PRESSURE_OUTPUT,OUTPUT_DEMAND,FITNESS
0.24632402091601335,26.599022747077072,10.1,17.045547623204072
