EMITTER_COEFFICIENT_SOLUTION,PRESSURE_OUTPUT,OUTPUT_DEMAND,FITNESS
0.7516900608492235,26.55981557056092,10.1,51.389653839915574
