EMITTER_COEFFICIENT_SOLUTION,PRESSURE_OUTPUT,OUTPUT_DEMAND,FITNESS
0.8507685691111296,26.552066766680746,10.1,85.39442805658841
