EMITTER_COEFFICIENT_SOLUTION,PRESSURE_OUTPUT,OUTPUT_DEMAND,FITNESS
0.677780140780117,26.51227444329693,10.1,35.60751725459496
