EMITTER_COEFFICIENT_SOLUTION,PRESSURE_OUTPUT,OUTPUT_DEMAND,FITNESS
1.435566283984076,26.505919748759943,10.1,29.0371411735949
