EMITTER_COEFFICIENT_SOLUTION,PRESSURE_OUTPUT,OUTPUT_DEMAND,FITNESS
0.08368589531574089,26.60509989096915,10.1,15.445568300288622
