EMITTER_COEFFICIENT_SOLUTION,PRESSURE_OUTPUT,OUTPUT_DEMAND,FITNESS
0.5841948391119813,26.572868922606595,10.1,30.75738033386353
