EMITTER_COEFFICIENT_SOLUTION,PRESSURE_OUTPUT,OUTPUT_DEMAND,FITNESS
0.7554232445341063,26.559523970604786,10.1,52.171454606946114
