EMITTER_COEFFICIENT_SOLUTION,PRESSURE_OUTPUT,OUTPUT_DEMAND,FITNESS
0.6276058699488043,26.569491350268898,10.1,34.32303871846556
