EMITTER_COEFFICIENT_SOLUTION,PRESSURE_OUTPUT,OUTPUT_DEMAND,FITNESS
0.02474700263579721,26.616044964220848,10.1,13.212035666897485
