EMITTER_COEFFICIENT_SOLUTION,PRESSURE_OUTPUT,OUTPUT_DEMAND,FITNESS
0.8842414947909086,26.549444256475923,10.1,110.0369582697532
