EMITTER_COEFFICIENT_SOLUTION,PRESSURE_OUTPUT,OUTPUT_DEMAND,FITNESS
1.5563118200116262,26.496304704577597,10.1,22.699570901463552
