EMITTER_COEFFICIENT_SOLUTION,PRESSURE_OUTPUT,OUTPUT_DEMAND,FITNESS
1.298873822463919,26.516768897109586,10.1,42.39173552577928
