EMITTER_COEFFICIENT_SOLUTION,PRESSURE_OUTPUT,OUTPUT_DEMAND,FITNESS
0.8288187066692303,26.48821328547327,10.1,19.177251684475642
