EMITTER_COEFFICIENT_SOLUTION,PRESSURE_OUTPUT,OUTPUT_DEMAND,FITNESS
0.5869259635132866,26.526658407613183,10.1,72.99273723480758
