EMITTER_COEFFICIENT_SOLUTION,PRESSURE_OUTPUT,OUTPUT_DEMAND,FITNESS
0.4770274908693317,26.543967260617315,10.1,276.94234613216815
