EMITTER_COEFFICIENT_SOLUTION,PRESSURE_OUTPUT,OUTPUT_DEMAND,FITNESS
1.166534431469734,26.527236248372688,10.1,76.20701012785518
