EMITTER_COEFFICIENT_SOLUTION,PRESSURE_OUTPUT,OUTPUT_DEMAND,FITNESS
0.37424302858794567,26.56006581315436,10.1,50.73717978353523
