EMITTER_COEFFICIENT_SOLUTION,PRESSURE_OUTPUT,OUTPUT_DEMAND,FITNESS
1.2668175610500993,26.51930766118084,10.1,47.50426920461372
