EMITTER_COEFFICIENT_SOLUTION,PRESSURE_OUTPUT,OUTPUT_DEMAND,FITNESS
0.09990398052595184,26.610282692097556,10.1,14.30077272646091
