EMITTER_COEFFICIENT_SOLUTION,PRESSURE_OUTPUT,OUTPUT_DEMAND,FITNESS
0.9588301625985653,26.46735418107145,10.1,13.697838347488183
