EMITTER_COEFFICIENT_SOLUTION,PRESSURE_OUTPUT,OUTPUT_DEMAND,FITNESS
1.4627644601419767,26.503756522593207,10.1,27.32100236495298
