EMITTER_COEFFICIENT_SOLUTION,PRESSURE_OUTPUT,OUTPUT_DEMAND,FITNESS
1.0573893529977174,26.53584209526896,10.1,221.41991980681235
