EMITTER_COEFFICIENT_SOLUTION,PRESSURE_OUTPUT,OUTPUT_DEMAND,FITNESS
1.3754827837895707,26.510693202555075,10.1,33.709533745185404
