EMITTER_COEFFICIENT_SOLUTION,PRESSURE_OUTPUT,OUTPUT_DEMAND,FITNESS
1.1193311107663806,26.441416199530813,10.1,10.106910777814651
