EMITTER_COEFFICIENT_SOLUTION,PRESSURE_OUTPUT,OUTPUT_DEMAND,FITNESS
0.9136511786502903,26.4746181548203,10.1,15.211382094510226
