EMITTER_COEFFICIENT_SOLUTION,PRESSURE_OUTPUT,OUTPUT_DEMAND,FITNESS
0.2583740419217502,26.57810881975189,10.1,26.488368871325424
