EMITTER_COEFFICIENT_SOLUTION,PRESSURE_OUTPUT,OUTPUT_DEMAND,FITNESS
0.22647920950551903,26.600551478896627,10.1,16.612653907627045
