EMITTER_COEFFICIENT_SOLUTION,PRESSURE_OUTPUT,OUTPUT_DEMAND,FITNESS
0.5001861421375144,26.5793940609492,10.1,25.616289377848616
