EMITTER_COEFFICIENT_SOLUTION,PRESSURE_OUTPUT,OUTPUT_DEMAND,FITNESS
1.7882649039710268,26.477751337543154,10.1,15.97263868632625
