EMITTER_COEFFICIENT_SOLUTION,PRESSURE_OUTPUT,OUTPUT_DEMAND,FITNESS
1.098804395532458,26.53257948479284,10.1,128.55261633084658
