EMITTER_COEFFICIENT_SOLUTION,PRESSURE_OUTPUT,OUTPUT_DEMAND,FITNESS
0.05788673119695775,26.60906447598945,10.1,14.554329992269587
