EMITTER_COEFFICIENT_SOLUTION,PRESSURE_OUTPUT,OUTPUT_DEMAND,FITNESS
1.7616965541942324,26.479881983062718,10.1,16.535370943750888
