EMITTER_COEFFICIENT_SOLUTION,PRESSURE_OUTPUT,OUTPUT_DEMAND,FITNESS
0.006321709778815077,26.616971764082322,10.1,13.052212463101965
