EMITTER_COEFFICIENT_SOLUTION,PRESSURE_OUTPUT,OUTPUT_DEMAND,FITNESS
0.33837888525783044,26.56566239577939,10.1,39.51632802015497
