EMITTER_COEFFICIENT_SOLUTION,PRESSURE_OUTPUT,OUTPUT_DEMAND,FITNESS
0.9223433392488072,26.473221885825104,10.1,14.895023981303037
