EMITTER_COEFFICIENT_SOLUTION,PRESSURE_OUTPUT,OUTPUT_DEMAND,FITNESS
1.349008904962782,26.403942281816263,10.1,7.330512022562484
