EMITTER_COEFFICIENT_SOLUTION,PRESSURE_OUTPUT,OUTPUT_DEMAND,FITNESS
0.43247749203577546,26.58464245620197,10.1,22.580471212799097
