EMITTER_COEFFICIENT_SOLUTION,PRESSURE_OUTPUT,OUTPUT_DEMAND,FITNESS
1.062829214325841,26.53541381695284,10.1,202.24149062478517
