EMITTER_COEFFICIENT_SOLUTION,PRESSURE_OUTPUT,OUTPUT_DEMAND,FITNESS
0.18728186329614083,26.603568596404628,10.1,15.819732091683353
