EMITTER_COEFFICIENT_SOLUTION,PRESSURE_OUTPUT,OUTPUT_DEMAND,FITNESS
0.7915026963624763,26.494175088409236,10.1,21.652842749143186
