EMITTER_COEFFICIENT_SOLUTION,PRESSURE_OUTPUT,OUTPUT_DEMAND,FITNESS
1.1196396899443641,26.441366132983383,10.1,10.101799084354232
