EMITTER_COEFFICIENT_SOLUTION,PRESSURE_OUTPUT,OUTPUT_DEMAND,FITNESS
0.8440365159056583,26.552593913522244,10.1,81.71595156287208
