EMITTER_COEFFICIENT_SOLUTION,PRESSURE_OUTPUT,OUTPUT_DEMAND,FITNESS
0.4335147597227531,26.550793083406504,10.1,95.81588652472512
