EMITTER_COEFFICIENT_SOLUTION,PRESSURE_OUTPUT,OUTPUT_DEMAND,FITNESS
0.06548259191047756,26.607897792448696,10.1,14.80573578691656
