EMITTER_COEFFICIENT_SOLUTION,PRESSURE_OUTPUT,OUTPUT_DEMAND,FITNESS
1.7666590791381096,26.479484122013453,10.1,16.427299354748744
