EMITTER_COEFFICIENT_SOLUTION,PRESSURE_OUTPUT,OUTPUT_DEMAND,FITNESS
1.0979116639669635,26.532649849831365,10.1,129.7260677204088
