EMITTER_COEFFICIENT_SOLUTION,PRESSURE_OUTPUT,OUTPUT_DEMAND,FITNESS
0.770611528054302,26.558337312815667,10.1,55.61453150943227
