EMITTER_COEFFICIENT_SOLUTION,PRESSURE_OUTPUT,OUTPUT_DEMAND,FITNESS
0.5631996677498323,26.53040364826161,10.1,100.45453164230312
