EMITTER_COEFFICIENT_SOLUTION,PRESSURE_OUTPUT,OUTPUT_DEMAND,FITNESS
0.005226888499179294,26.617139407927063,10.1,13.023714971788973
