EMITTER_COEFFICIENT_SOLUTION,PRESSURE_OUTPUT,OUTPUT_DEMAND,FITNESS
1.509493203612063,26.500036411931134,10.1,24.80036399506137
