EMITTER_COEFFICIENT_SOLUTION,PRESSURE_OUTPUT,OUTPUT_DEMAND,FITNESS
1.5235461033445898,26.498916783435995,10.1,24.130332369592995
