EMITTER_COEFFICIENT_SOLUTION,PRESSURE_OUTPUT,OUTPUT_DEMAND,FITNESS
1.8649853647963854,26.471590772445694,10.1,14.541725874366163
