EMITTER_COEFFICIENT_SOLUTION,PRESSURE_OUTPUT,OUTPUT_DEMAND,FITNESS
0.2682449585215032,26.597333123987553,10.1,17.551026864673094
