EMITTER_COEFFICIENT_SOLUTION,PRESSURE_OUTPUT,OUTPUT_DEMAND,FITNESS
0.9478535460453501,26.54445418053841,10.1,244.0345881093801
