EMITTER_COEFFICIENT_SOLUTION,PRESSURE_OUTPUT,OUTPUT_DEMAND,FITNESS
0.11739354495517551,26.59991158721565,10.1,16.791148840937673
