EMITTER_COEFFICIENT_SOLUTION,PRESSURE_OUTPUT,OUTPUT_DEMAND,FITNESS
1.349158740362094,26.403917698778464,10.1,7.329191256460297
