EMITTER_COEFFICIENT_SOLUTION,PRESSURE_OUTPUT,OUTPUT_DEMAND,FITNESS
1.7160148556848902,26.483542094534478,10.1,17.600581002270157
