EMITTER_COEFFICIENT_SOLUTION,PRESSURE_OUTPUT,OUTPUT_DEMAND,FITNESS
0.9544546917617438,26.543935873756205,10.1,279.37073460349825
