EMITTER_COEFFICIENT_SOLUTION,PRESSURE_OUTPUT,OUTPUT_DEMAND,FITNESS
0.7125738005425613,26.506748007913444,10.1,29.752701925210808
