EMITTER_COEFFICIENT_SOLUTION,PRESSURE_OUTPUT,OUTPUT_DEMAND,FITNESS
1.9261893512931756,26.466667676320498,10.1,13.57022892072997
