EMITTER_COEFFICIENT_SOLUTION,PRESSURE_OUTPUT,OUTPUT_DEMAND,FITNESS
0.6085627915502685,26.523238977913877,10.1,58.41318418826458
