EMITTER_COEFFICIENT_SOLUTION,PRESSURE_OUTPUT,OUTPUT_DEMAND,FITNESS
1.151471748063872,26.528425358616744,10.1,83.8009275306411
