EMITTER_COEFFICIENT_SOLUTION,PRESSURE_OUTPUT,OUTPUT_DEMAND,FITNESS
1.8314862960707259,26.474282165965853,10.1,15.134034242286772
