EMITTER_COEFFICIENT_SOLUTION,PRESSURE_OUTPUT,OUTPUT_DEMAND,FITNESS
1.1553536050169781,26.528118953253774,10.1,81.70303433727109
