EMITTER_COEFFICIENT_SOLUTION,PRESSURE_OUTPUT,OUTPUT_DEMAND,FITNESS
0.9857211927606637,26.541479682668992,10.1,890.2484704921231
