EMITTER_COEFFICIENT_SOLUTION,PRESSURE_OUTPUT,OUTPUT_DEMAND,FITNESS
0.6117032237204956,26.570729101038694,10.1,32.924303432899016
