EMITTER_COEFFICIENT_SOLUTION,PRESSURE_OUTPUT,OUTPUT_DEMAND,FITNESS
0.8984396937029211,26.47706019483242,10.1,15.798236068792054
