EMITTER_COEFFICIENT_SOLUTION,PRESSURE_OUTPUT,OUTPUT_DEMAND,FITNESS
0.591245629846188,26.572320605532838,10.1,31.284995423987226
