EMITTER_COEFFICIENT_SOLUTION,PRESSURE_OUTPUT,OUTPUT_DEMAND,FITNESS
1.615578232835883,26.491574469506176,10.1,20.498552992059395
