EMITTER_COEFFICIENT_SOLUTION,PRESSURE_OUTPUT,OUTPUT_DEMAND,FITNESS
0.5576709367874411,26.574930675816503,10.1,28.923238402297915
