EMITTER_COEFFICIENT_SOLUTION,PRESSURE_OUTPUT,OUTPUT_DEMAND,FITNESS
0.08677609201282199,26.611290050705968,10.1,14.097681435878272
