EMITTER_COEFFICIENT_SOLUTION,PRESSURE_OUTPUT,OUTPUT_DEMAND,FITNESS
0.676016490401492,26.512554226350304,10.1,35.96582244118789
