EMITTER_COEFFICIENT_SOLUTION,PRESSURE_OUTPUT,OUTPUT_DEMAND,FITNESS
0.3931022486656033,26.587690212620302,10.1,21.126546980514462
