EMITTER_COEFFICIENT_SOLUTION,PRESSURE_OUTPUT,OUTPUT_DEMAND,FITNESS
1.9354833342481914,26.465919433640465,10.1,13.433824227744685
