EMITTER_COEFFICIENT_SOLUTION,PRESSURE_OUTPUT,OUTPUT_DEMAND,FITNESS
0.10324705472353868,26.602090184177854,10.1,16.19858600366427
