EMITTER_COEFFICIENT_SOLUTION,PRESSURE_OUTPUT,OUTPUT_DEMAND,FITNESS
0.13553454038115254,26.607546783304905,10.1,14.883082401789922
