EMITTER_COEFFICIENT_SOLUTION,PRESSURE_OUTPUT,OUTPUT_DEMAND,FITNESS
1.1120701507332293,26.53153368647549,10.1,113.31811632425514
