EMITTER_COEFFICIENT_SOLUTION,PRESSURE_OUTPUT,OUTPUT_DEMAND,FITNESS
0.365385172045094,26.589833654463703,10.1,20.211307725780358
