EMITTER_COEFFICIENT_SOLUTION,PRESSURE_OUTPUT,OUTPUT_DEMAND,FITNESS
1.1497043672923508,26.52856485249624,10.1,84.79212341363383
