EMITTER_COEFFICIENT_SOLUTION,PRESSURE_OUTPUT,OUTPUT_DEMAND,FITNESS
1.7974284926720911,26.477016134877772,10.1,15.78724704661273
