EMITTER_COEFFICIENT_SOLUTION,PRESSURE_OUTPUT,OUTPUT_DEMAND,FITNESS
0.29273367544488904,26.57276997113368,10.1,30.851275824304075
