EMITTER_COEFFICIENT_SOLUTION,PRESSURE_OUTPUT,OUTPUT_DEMAND,FITNESS
0.439770783156191,26.58407757991123,10.1,22.872210206803683
