EMITTER_COEFFICIENT_SOLUTION,PRESSURE_OUTPUT,OUTPUT_DEMAND,FITNESS
1.586731173491573,26.49387773045715,10.1,21.51431968279015
