EMITTER_COEFFICIENT_SOLUTION,PRESSURE_OUTPUT,OUTPUT_DEMAND,FITNESS
1.3139578854381027,26.51557355746555,10.1,40.34723915966726
