EMITTER_COEFFICIENT_SOLUTION,PRESSURE_OUTPUT,OUTPUT_DEMAND,FITNESS
0.8410477365991028,26.55282791700308,10.1,80.18271240132032
