EMITTER_COEFFICIENT_SOLUTION,PRESSURE_OUTPUT,OUTPUT_DEMAND,FITNESS
1.2302828791295501,26.522198546251197,10.1,55.06652046292007
