EMITTER_COEFFICIENT_SOLUTION,PRESSURE_OUTPUT,OUTPUT_DEMAND,FITNESS
0.9060751138257612,26.475834643287527,10.1,15.49816748353568
