EMITTER_COEFFICIENT_SOLUTION,PRESSURE_OUTPUT,OUTPUT_DEMAND,FITNESS
0.420961158957883,26.552759444442117,10.1,80.62537113931928
