EMITTER_COEFFICIENT_SOLUTION,PRESSURE_OUTPUT,OUTPUT_DEMAND,FITNESS
0.5667479829031632,26.574225264244795,10.1,29.525643826098793
