EMITTER_COEFFICIENT_SOLUTION,PRESSURE_OUTPUT,OUTPUT_DEMAND,FITNESS
1.7163803310373804,26.483512828602272,10.1,17.59151965605046
