EMITTER_COEFFICIENT_SOLUTION,PRESSURE_OUTPUT,OUTPUT_DEMAND,FITNESS
1.0639624123352962,26.535324515036727,10.1,198.65369510907334
