EMITTER_COEFFICIENT_SOLUTION,PRESSURE_OUTPUT,OUTPUT_DEMAND,FITNESS
1.7607462897536594,26.47995816305435,10.1,16.55622623286758
