EMITTER_COEFFICIENT_SOLUTION,PRESSURE_OUTPUT,OUTPUT_DEMAND,FITNESS
0.035794188092565626,26.61245501668192,10.1,13.869891775799838
