EMITTER_COEFFICIENT_SOLUTION,PRESSURE_OUTPUT,OUTPUT_DEMAND,FITNESS
0.782471439999043,26.495616275538318,10.1,22.350301757234043
