EMITTER_COEFFICIENT_SOLUTION,PRESSURE_OUTPUT,OUTPUT_DEMAND,FITNESS
1.3342289955554092,26.40636630764275,10.1,7.4631269407300325
