EMITTER_COEFFICIENT_SOLUTION,PRESSURE_OUTPUT,OUTPUT_DEMAND,FITNESS
0.9215362052688857,26.54651966642235,10.1,162.25164629302756
