EMITTER_COEFFICIENT_SOLUTION,PRESSURE_OUTPUT,OUTPUT_DEMAND,FITNESS
0.568467251934539,26.574091634073127,10.1,29.642599200814708
