EMITTER_COEFFICIENT_SOLUTION,PRESSURE_OUTPUT,OUTPUT_DEMAND,FITNESS
0.4085683632043826,26.586493476592487,10.1,21.6745422632578
