EMITTER_COEFFICIENT_SOLUTION,PRESSURE_OUTPUT,OUTPUT_DEMAND,FITNESS
1.3161501149812316,26.51539979518529,10.1,40.06634092369661
