EMITTER_COEFFICIENT_SOLUTION,PRESSURE_OUTPUT,OUTPUT_DEMAND,FITNESS
0.35937817914302017,26.562386782256986,10.1,45.39186033654396
