EMITTER_COEFFICIENT_SOLUTION,PRESSURE_OUTPUT,OUTPUT_DEMAND,FITNESS
1.0513597388991716,26.53631680522912,10.1,247.4270351812981
