EMITTER_COEFFICIENT_SOLUTION,PRESSURE_OUTPUT,OUTPUT_DEMAND,FITNESS
1.873904015491748,26.47087384685529,10.1,14.391687702976014
