EMITTER_COEFFICIENT_SOLUTION,PRESSURE_OUTPUT,OUTPUT_DEMAND,FITNESS
1.7628582208804722,26.4797888530832,10.1,16.509946637043214
