EMITTER_COEFFICIENT_SOLUTION,PRESSURE_OUTPUT,OUTPUT_DEMAND,FITNESS
1.4609928061575665,26.503897478095446,10.1,27.42662354314672
