EMITTER_COEFFICIENT_SOLUTION,PRESSURE_OUTPUT,OUTPUT_DEMAND,FITNESS
0.22277453432022543,26.5836299643911,10.1,23.10879706052111
