EMITTER_COEFFICIENT_SOLUTION,PRESSURE_OUTPUT,OUTPUT_DEMAND,FITNESS
0.1917207835531376,26.588437483088008,10.1,20.79820069795879
