EMITTER_COEFFICIENT_SOLUTION,PRESSURE_OUTPUT,OUTPUT_DEMAND,FITNESS
1.9575555128790951,26.464141745691798,10.1,13.120491827991476
