EMITTER_COEFFICIENT_SOLUTION,PRESSURE_OUTPUT,OUTPUT_DEMAND,FITNESS
0.6088731591785086,26.570949318489873,10.1,32.6873039335951
