EMITTER_COEFFICIENT_SOLUTION,PRESSURE_OUTPUT,OUTPUT_DEMAND,FITNESS
1.2493100443080116,26.42026031407287,10.1,8.32652732088825
