EMITTER_COEFFICIENT_SOLUTION,PRESSURE_OUTPUT,OUTPUT_DEMAND,FITNESS
0.5555990552852839,26.57509166557177,10.1,28.789186017860487
