EMITTER_COEFFICIENT_SOLUTION,PRESSURE_OUTPUT,OUTPUT_DEMAND,FITNESS
1.5324923859005282,26.49820380286757,10.1,23.722204693168162
