EMITTER_COEFFICIENT_SOLUTION,PRESSURE_OUTPUT,OUTPUT_DEMAND,FITNESS
0.5963208759104399,26.525174129632994,10.1,65.85762276840546
