EMITTER_COEFFICIENT_SOLUTION,PRESSURE_OUTPUT,OUTPUT_DEMAND,FITNESS
0.9479168813339358,26.544449208023053,10.1,244.33107549791978
