EMITTER_COEFFICIENT_SOLUTION,PRESSURE_OUTPUT,OUTPUT_DEMAND,FITNESS
1.8787765461754429,26.4704821010245,10.1,14.31100392783509
