EMITTER_COEFFICIENT_SOLUTION,PRESSURE_OUTPUT,OUTPUT_DEMAND,FITNESS
0.35299130079723895,26.563383455652477,10.1,43.427177497872385
