EMITTER_COEFFICIENT_SOLUTION,PRESSURE_OUTPUT,OUTPUT_DEMAND,FITNESS
0.6164314506025905,26.52199448591093,10.1,54.45461973291104
