EMITTER_COEFFICIENT_SOLUTION,PRESSURE_OUTPUT,OUTPUT_DEMAND,FITNESS
0.44710826948319204,26.54866231049231,10.1,120.39620371755214
