EMITTER_COEFFICIENT_SOLUTION,PRESSURE_OUTPUT,OUTPUT_DEMAND,FITNESS
1.270197558802956,26.519040073911874,10.1,46.907996441265304
