EMITTER_COEFFICIENT_SOLUTION,PRESSURE_OUTPUT,OUTPUT_DEMAND,FITNESS
0.6906132155814377,26.56458214629518,10.1,41.27839940419107
