EMITTER_COEFFICIENT_SOLUTION,PRESSURE_OUTPUT,OUTPUT_DEMAND,FITNESS
1.5774524557243286,26.49461822120346,10.1,21.862616405543747
