EMITTER_COEFFICIENT_SOLUTION,PRESSURE_OUTPUT,OUTPUT_DEMAND,FITNESS
1.1847925808452757,26.430778197743876,10.1,9.125735967457448
