EMITTER_COEFFICIENT_SOLUTION,PRESSURE_OUTPUT,OUTPUT_DEMAND,FITNESS
0.21883812879266262,26.584239815388578,10.1,22.787652430877827
