EMITTER_COEFFICIENT_SOLUTION,PRESSURE_OUTPUT,OUTPUT_DEMAND,FITNESS
1.3414257984495885,26.513395666016635,10.1,37.088226007462175
