EMITTER_COEFFICIENT_SOLUTION,PRESSURE_OUTPUT,OUTPUT_DEMAND,FITNESS
0.4963103147927941,26.540937415495954,10.1,1721.1267474794436
