EMITTER_COEFFICIENT_SOLUTION,PRESSURE_OUTPUT,OUTPUT_DEMAND,FITNESS
1.210344603119494,26.52377505531092,10.1,60.30146347580885
