EMITTER_COEFFICIENT_SOLUTION,PRESSURE_OUTPUT,OUTPUT_DEMAND,FITNESS
1.160495022903919,26.434730717755244,10.1,9.467215142264907
