EMITTER_COEFFICIENT_SOLUTION,PRESSURE_OUTPUT,OUTPUT_DEMAND,FITNESS
1.4925087881731884,26.380317956879388,10.1,6.248420560093403
