EMITTER_COEFFICIENT_SOLUTION,PRESSURE_OUTPUT,OUTPUT_DEMAND,FITNESS
0.49410951595360575,26.541283374148982,10.1,1078.7796215046167
