EMITTER_COEFFICIENT_SOLUTION,PRESSURE_OUTPUT,OUTPUT_DEMAND,FITNESS
1.736016135830151,26.481940068847287,10.1,17.117914312702744
