EMITTER_COEFFICIENT_SOLUTION,PRESSURE_OUTPUT,OUTPUT_DEMAND,FITNESS
0.7771100662022667,26.49647151866607,10.1,22.785851996129125
