EMITTER_COEFFICIENT_SOLUTION,PRESSURE_OUTPUT,OUTPUT_DEMAND,FITNESS
0.2780649244947855,26.57505042258167,10.1,28.823409554125377
