EMITTER_COEFFICIENT_SOLUTION,PRESSURE_OUTPUT,OUTPUT_DEMAND,FITNESS
1.466094847445671,26.384678603922616,10.1,6.4234410649595555
