EMITTER_COEFFICIENT_SOLUTION,PRESSURE_OUTPUT,OUTPUT_DEMAND,FITNESS
0.13234989788681872,26.60779142601791,10.1,14.82908912985391
