EMITTER_COEFFICIENT_SOLUTION,PRESSURE_OUTPUT,OUTPUT_DEMAND,FITNESS
1.613577956052974,26.491734233683566,10.1,20.565904982916194
