EMITTER_COEFFICIENT_SOLUTION,PRESSURE_OUTPUT,OUTPUT_DEMAND,FITNESS
0.5605040331546858,26.57471052355732,10.1,29.10858780897555
