EMITTER_COEFFICIENT_SOLUTION,PRESSURE_OUTPUT,OUTPUT_DEMAND,FITNESS
0.9975981333350503,26.540546225078124,10.1,5268.028976670515
