EMITTER_COEFFICIENT_SOLUTION,PRESSURE_OUTPUT,OUTPUT_DEMAND,FITNESS
0.37082723434164033,26.589412930489516,10.1,20.384646153041192
