EMITTER_COEFFICIENT_SOLUTION,PRESSURE_OUTPUT,OUTPUT_DEMAND,FITNESS
0.6108620686628183,26.522875380983308,10.1,57.198356615855815
