EMITTER_COEFFICIENT_SOLUTION,PRESSURE_OUTPUT,OUTPUT_DEMAND,FITNESS
0.616540264202101,26.570352744339587,10.1,33.33739651966729
