EMITTER_COEFFICIENT_SOLUTION,PRESSURE_OUTPUT,OUTPUT_DEMAND,FITNESS
0.6120218242549507,26.52269196626517,10.1,56.60451746519273
