EMITTER_COEFFICIENT_SOLUTION,PRESSURE_OUTPUT,OUTPUT_DEMAND,FITNESS
1.1816799902513533,26.526040127594342,10.1,69.84082426138734
