EMITTER_COEFFICIENT_SOLUTION,PRESSURE_OUTPUT,OUTPUT_DEMAND,FITNESS
1.1528367434213642,26.528317619393853,10.1,83.05108858465118
