EMITTER_COEFFICIENT_SOLUTION,PRESSURE_OUTPUT,OUTPUT_DEMAND,FITNESS
1.261002097219743,26.519768004578978,10.1,48.566331173592246
