EMITTER_COEFFICIENT_SOLUTION,PRESSURE_OUTPUT,OUTPUT_DEMAND,FITNESS,NODE
0.5845891028661288,28.696823651413872,1.2,3.2949670097491635,N4
