EMITTER_COEFFICIENT_SOLUTION,PRESSURE_OUTPUT,OUTPUT_DEMAND,FITNESS,NODE
0.011296588609208902,28.995379392966115,1.2,202.53436691520002,N4
