EMITTER_COEFFICIENT_SOLUTION,PRESSURE_OUTPUT,OUTPUT_DEMAND,FITNESS,NODE
0.00026039917185904926,29.000202395731066,1.2,8738.898893913154,N4
