EMITTER_COEFFICIENT_SOLUTION,PRESSURE_OUTPUT,OUTPUT_DEMAND,FITNESS,NODE
0.30962087065622046,28.851475310828747,1.2,6.718555603655913,N4
