EMITTER_COEFFICIENT_SOLUTION,PRESSURE_OUTPUT,OUTPUT_DEMAND,FITNESS,NODE
0.18185990683280084,28.916248253373034,1.2,11.89505140071518,N4
