EMITTER_COEFFICIENT_SOLUTION,PRESSURE_OUTPUT,OUTPUT_DEMAND,FITNESS,NODE
0.18508809624259404,28.914668755557834,1.2,11.675686183666667,N4
