EMITTER_COEFFICIENT_SOLUTION,PRESSURE_OUTPUT,OUTPUT_DEMAND,FITNESS,NODE
0.6592877133245663,28.651345552447467,1.2,2.8655653745739063,N4
