EMITTER_COEFFICIENT_SOLUTION,PRESSURE_OUTPUT,OUTPUT_DEMAND,FITNESS,NODE
0.7608500710174662,28.587217529752508,1.2,2.4207254952363306,N4
