EMITTER_COEFFICIENT_SOLUTION,PRESSURE_OUTPUT,OUTPUT_DEMAND,FITNESS,NODE
0.5987913426701126,28.688288507444973,1.2,3.2048373129478778,N4
