EMITTER_COEFFICIENT_SOLUTION,PRESSURE_OUTPUT,OUTPUT_DEMAND,FITNESS,NODE
0.4743560736904622,28.761265688506093,1.2,4.1832053504323365,N4
