EMITTER_COEFFICIENT_SOLUTION,PRESSURE_OUTPUT,OUTPUT_DEMAND,FITNESS,NODE
0.8826807160270054,28.506880029003113,1.2,2.0266019981127736,N4
