EMITTER_COEFFICIENT_SOLUTION,PRESSURE_OUTPUT,OUTPUT_DEMAND,FITNESS,NODE
0.15801469220774633,28.92782237038525,1.2,13.794158227940661,N4
