EMITTER_COEFFICIENT_SOLUTION,PRESSURE_OUTPUT,OUTPUT_DEMAND,FITNESS,NODE
0.05732634122810709,28.974869748114045,1.2,39.29724190639113,N4
