EMITTER_COEFFICIENT_SOLUTION,PRESSURE_OUTPUT,OUTPUT_DEMAND,FITNESS,NODE
0.6125183795695948,28.679989026450798,1.2,3.1218021022859004,N4
