EMITTER_COEFFICIENT_SOLUTION,PRESSURE_OUTPUT,OUTPUT_DEMAND,FITNESS,NODE
0.03239719426174004,28.986056153943707,1.2,70.12291933546521,N4
