EMITTER_COEFFICIENT_SOLUTION,PRESSURE_OUTPUT,OUTPUT_DEMAND,FITNESS,NODE
0.019488193355928107,28.99177582102859,1.2,117.0822321655972,N4
