EMITTER_COEFFICIENT_SOLUTION,PRESSURE_OUTPUT,OUTPUT_DEMAND,FITNESS,NODE
0.32277983333352633,28.844543273846398,1.2,6.419574967455571,N4
