EMITTER_COEFFICIENT_SOLUTION,PRESSURE_OUTPUT,OUTPUT_DEMAND,FITNESS,NODE
0.36691738583557454,28.82094179384591,1.2,5.5749118732677365,N4
