EMITTER_COEFFICIENT_SOLUTION,PRESSURE_OUTPUT,OUTPUT_DEMAND,FITNESS,NODE
0.10335603584902997,28.95373078853114,1.2,21.465658831424086,N4
