EMITTER_COEFFICIENT_SOLUTION,PRESSURE_OUTPUT,OUTPUT_DEMAND,FITNESS,NODE
0.006564096446580958,28.997452067240275,1.2,349.0694561744276,N4
