EMITTER_COEFFICIENT_SOLUTION,PRESSURE_OUTPUT,OUTPUT_DEMAND,FITNESS,NODE
0.7948160360063843,28.565190047803213,1.2,2.2981807801188814,N4
