EMITTER_COEFFICIENT_SOLUTION,PRESSURE_OUTPUT,OUTPUT_DEMAND,FITNESS,NODE
0.6041920539127466,28.685029038997172,1.2,3.1717054679736982,N4
