EMITTER_COEFFICIENT_SOLUTION,PRESSURE_OUTPUT,OUTPUT_DEMAND,FITNESS,NODE
0.15025172621466854,28.931554970228184,1.2,14.542946517467781,N4
