EMITTER_COEFFICIENT_SOLUTION,PRESSURE_OUTPUT,OUTPUT_DEMAND,FITNESS,NODE
0.17610044435209127,28.919058819130342,1.2,12.306479457833738,N4
