EMITTER_COEFFICIENT_SOLUTION,PRESSURE_OUTPUT,OUTPUT_DEMAND,FITNESS,NODE
0.10550692867556788,28.95272773949803,1.2,21.013220895829622,N4
