EMITTER_COEFFICIENT_SOLUTION,PRESSURE_OUTPUT,OUTPUT_DEMAND,FITNESS,NODE
0.21215031006463625,28.90131020719334,1.2,10.100334763016837,N4
