EMITTER_COEFFICIENT_SOLUTION,PRESSURE_OUTPUT,OUTPUT_DEMAND,FITNESS,NODE
0.039184055742420565,28.983029058056857,1.2,57.844365288708396,N4
