EMITTER_COEFFICIENT_SOLUTION,PRESSURE_OUTPUT,OUTPUT_DEMAND,FITNESS,NODE
0.7900665100380435,28.568287531452697,1.2,2.3146578511637044,N4
