EMITTER_COEFFICIENT_SOLUTION,PRESSURE_OUTPUT,OUTPUT_DEMAND,FITNESS,NODE
0.028566897506088207,28.987758474434642,1.2,79.62828123908506,N4
