EMITTER_COEFFICIENT_SOLUTION,PRESSURE_OUTPUT,OUTPUT_DEMAND,FITNESS,NODE
0.36566689818746423,28.821617854473388,1.2,5.596003088140541,N4
