EMITTER_COEFFICIENT_SOLUTION,PRESSURE_OUTPUT,OUTPUT_DEMAND,FITNESS,NODE
0.0447207632413702,28.980549374136977,1.2,50.588208100051645,N4
