EMITTER_COEFFICIENT_SOLUTION,PRESSURE_OUTPUT,OUTPUT_DEMAND,FITNESS,NODE
0.13089512405984838,28.940785907689836,1.2,16.797993679771977,N4
