EMITTER_COEFFICIENT_SOLUTION,PRESSURE_OUTPUT,OUTPUT_DEMAND,FITNESS,NODE
0.6403529544612279,28.663010009282836,1.2,2.9646599137360967,N4
