EMITTER_COEFFICIENT_SOLUTION,PRESSURE_OUTPUT,OUTPUT_DEMAND,FITNESS,NODE
0.9763336541711334,28.442652899479427,1.2,1.7931947026250994,N4
