EMITTER_COEFFICIENT_SOLUTION,PRESSURE_OUTPUT,OUTPUT_DEMAND,FITNESS,NODE
0.21444994993740663,28.900165400905664,1.2,9.984880323287653,N4
