EMITTER_COEFFICIENT_SOLUTION,PRESSURE_OUTPUT,OUTPUT_DEMAND,FITNESS,NODE
0.9536763529111316,28.458385358650077,1.2,1.8452517690832781,N4
