EMITTER_COEFFICIENT_SOLUTION,PRESSURE_OUTPUT,OUTPUT_DEMAND,FITNESS,NODE
0.7040673413021552,28.623394034777576,1.2,2.6530632310729776,N4
