EMITTER_COEFFICIENT_SOLUTION,PRESSURE_OUTPUT,OUTPUT_DEMAND,FITNESS,NODE
0.20168573241658416,28.906500618708428,1.2,10.659138993386254,N4
