EMITTER_COEFFICIENT_SOLUTION,PRESSURE_OUTPUT,OUTPUT_DEMAND,FITNESS,NODE
0.6828987087423779,28.636671396951208,1.2,2.7499314398120207,N4
