EMITTER_COEFFICIENT_SOLUTION,PRESSURE_OUTPUT,OUTPUT_DEMAND,FITNESS,NODE
0.10821045292469833,28.951465052142332,1.2,20.470085490628644,N4
