EMITTER_COEFFICIENT_SOLUTION,PRESSURE_OUTPUT,OUTPUT_DEMAND,FITNESS,NODE
0.7948014760177406,28.565199551938306,1.2,2.2982309785869117,N4
