EMITTER_COEFFICIENT_SOLUTION,PRESSURE_OUTPUT,OUTPUT_DEMAND,FITNESS,NODE
0.1960169463543897,28.909299254042203,1.2,10.986889362556356,N4
