EMITTER_COEFFICIENT_SOLUTION,PRESSURE_OUTPUT,OUTPUT_DEMAND,FITNESS,NODE
0.20590802252912388,28.904410134631824,1.2,10.426801083765778,N4
