EMITTER_COEFFICIENT_SOLUTION,PRESSURE_OUTPUT,OUTPUT_DEMAND,FITNESS,NODE
0.6192256692998133,28.675915943336676,1.2,3.0826056633008525,N4
