EMITTER_COEFFICIENT_SOLUTION,PRESSURE_OUTPUT,OUTPUT_DEMAND,FITNESS,NODE
0.14352684112961311,28.934774324293336,1.2,15.257275270959624,N4
