EMITTER_COEFFICIENT_SOLUTION,PRESSURE_OUTPUT,OUTPUT_DEMAND,FITNESS,NODE
0.25086100339034956,28.881838923840583,1.2,8.440392482567932,N4
