EMITTER_COEFFICIENT_SOLUTION,PRESSURE_OUTPUT,OUTPUT_DEMAND,FITNESS,NODE
0.9321418841496256,28.473223758118856,1.2,1.8971981605389716,N4
