EMITTER_COEFFICIENT_SOLUTION,PRESSURE_OUTPUT,OUTPUT_DEMAND,FITNESS,NODE
0.44316281503503485,28.778913806483907,1.2,4.516650221704999,N4
