EMITTER_COEFFICIENT_SOLUTION,PRESSURE_OUTPUT,OUTPUT_DEMAND,FITNESS,NODE
0.9123515635853277,28.486761557290734,1.2,1.9472100856819061,N4
