EMITTER_COEFFICIENT_SOLUTION,PRESSURE_OUTPUT,OUTPUT_DEMAND,FITNESS,NODE
0.5362367880198688,28.725485905237754,1.2,3.6386007620887155,N4
