EMITTER_COEFFICIENT_SOLUTION,PRESSURE_OUTPUT,OUTPUT_DEMAND,FITNESS,NODE
0.7029066498404288,28.624124999953352,1.2,2.6582183054088895,N4
