EMITTER_COEFFICIENT_SOLUTION,PRESSURE_OUTPUT,OUTPUT_DEMAND,FITNESS,NODE
0.34338156717850565,28.833593957484183,1.2,5.997977393034888,N4
