EMITTER_COEFFICIENT_SOLUTION,PRESSURE_OUTPUT,OUTPUT_DEMAND,FITNESS,NODE
0.00875195217111635,28.99649469725314,1.2,261.63426275804284,N4
