EMITTER_COEFFICIENT_SOLUTION,PRESSURE_OUTPUT,OUTPUT_DEMAND,FITNESS,NODE
0.20602510743478053,28.904352092513612,1.2,10.42049466686491,N4
