EMITTER_COEFFICIENT_SOLUTION,PRESSURE_OUTPUT,OUTPUT_DEMAND,FITNESS,NODE
0.5714036680946695,28.704700557090185,1.2,3.3827637483499213,N4
