EMITTER_COEFFICIENT_SOLUTION,PRESSURE_OUTPUT,OUTPUT_DEMAND,FITNESS,NODE
0.9167032129983514,28.483792898732332,1.2,1.9360187321477813,N4
