EMITTER_COEFFICIENT_SOLUTION,PRESSURE_OUTPUT,OUTPUT_DEMAND,FITNESS,NODE
0.5412814165177977,28.722524290155654,1.2,3.5998087375377374,N4
