EMITTER_COEFFICIENT_SOLUTION,PRESSURE_OUTPUT,OUTPUT_DEMAND,FITNESS,NODE
0.22667791992154274,28.894052775920976,1.2,9.410520240741388,N4
