EMITTER_COEFFICIENT_SOLUTION,PRESSURE_OUTPUT,OUTPUT_DEMAND,FITNESS,NODE
0.13484942921261434,28.938908996333822,1.2,16.284568194014746,N4
