EMITTER_COEFFICIENT_SOLUTION,PRESSURE_OUTPUT,OUTPUT_DEMAND,FITNESS,NODE
0.057426038924915046,28.974824639537715,1.2,39.22770520363075,N4
