EMITTER_COEFFICIENT_SOLUTION,PRESSURE_OUTPUT,OUTPUT_DEMAND,FITNESS,NODE
0.9991259093139262,28.426702826075363,1.2,1.7433326227119297,N4
