EMITTER_COEFFICIENT_SOLUTION,PRESSURE_OUTPUT,OUTPUT_DEMAND,FITNESS,NODE
0.41884542368317845,28.792489748488734,1.2,4.811692532919966,N4
