EMITTER_COEFFICIENT_SOLUTION,PRESSURE_OUTPUT,OUTPUT_DEMAND,FITNESS,NODE
0.36676906423083744,28.82102200453739,1.2,5.5774059081265595,N4
