EMITTER_COEFFICIENT_SOLUTION,PRESSURE_OUTPUT,OUTPUT_DEMAND,FITNESS,NODE
0.8021537837033852,28.560393563494088,1.2,2.2731237099995223,N4
