EMITTER_COEFFICIENT_SOLUTION,PRESSURE_OUTPUT,OUTPUT_DEMAND,FITNESS,NODE
0.38972012601220407,28.808538566296136,1.2,5.214355361721417,N4
