EMITTER_COEFFICIENT_SOLUTION,PRESSURE_OUTPUT,OUTPUT_DEMAND,FITNESS,NODE
0.5248920907320429,28.732121615373856,1.2,3.7286273507280607,N4
