EMITTER_COEFFICIENT_SOLUTION,PRESSURE_OUTPUT,OUTPUT_DEMAND,FITNESS,NODE
0.7679988335140395,28.582605434485167,1.2,2.3939974317689816,N4
