EMITTER_COEFFICIENT_SOLUTION,PRESSURE_OUTPUT,OUTPUT_DEMAND,FITNESS,NODE
0.19474307265969615,28.909926889552764,1.2,11.063178406868285,N4
