EMITTER_COEFFICIENT_SOLUTION,PRESSURE_OUTPUT,OUTPUT_DEMAND,FITNESS,NODE
0.8323017288509791,28.540546349147597,1.2,2.1749982849915437,N4
