EMITTER_COEFFICIENT_SOLUTION,PRESSURE_OUTPUT,OUTPUT_DEMAND,FITNESS,NODE
0.7532498586076719,28.592106809326637,1.2,2.4497194033153282,N4
