EMITTER_COEFFICIENT_SOLUTION,PRESSURE_OUTPUT,OUTPUT_DEMAND,FITNESS,NODE
0.05365974146556385,24.355660108486017,3.9,60.18961570609639,N9
