EMITTER_COEFFICIENT_SOLUTION,PRESSURE_OUTPUT,OUTPUT_DEMAND,FITNESS,NODE
0.01766241355073983,24.366806255930964,3.9,182.88175152236076,N9
