EMITTER_COEFFICIENT_SOLUTION,PRESSURE_OUTPUT,OUTPUT_DEMAND,FITNESS,NODE
0.2742928248944353,24.287208356256485,3.9,11.755589934544778,N9
