EMITTER_COEFFICIENT_SOLUTION,PRESSURE_OUTPUT,OUTPUT_DEMAND,FITNESS,NODE
0.18127970535167626,24.316093560064107,3.9,17.799703852023953,N9
