EMITTER_COEFFICIENT_SOLUTION,PRESSURE_OUTPUT,OUTPUT_DEMAND,FITNESS,NODE
0.32779634185674433,24.270574763488202,3.9,9.832889399145218,N9
