EMITTER_COEFFICIENT_SOLUTION,PRESSURE_OUTPUT,OUTPUT_DEMAND,FITNESS,NODE
0.9042316355988725,24.090564606056088,3.9,3.5497539765292085,N9
