EMITTER_COEFFICIENT_SOLUTION,PRESSURE_OUTPUT,OUTPUT_DEMAND,FITNESS,NODE
0.9260905296175471,24.083710639293002,3.9,3.4654401781888695,N9
