EMITTER_COEFFICIENT_SOLUTION,PRESSURE_OUTPUT,OUTPUT_DEMAND,FITNESS,NODE
0.1870074976401891,24.314315958325277,3.9,17.253780694934413,N9
