EMITTER_COEFFICIENT_SOLUTION,PRESSURE_OUTPUT,OUTPUT_DEMAND,FITNESS,NODE
0.27836984792574737,24.285941321734402,3.9,11.583063239179939,N9
