EMITTER_COEFFICIENT_SOLUTION,PRESSURE_OUTPUT,OUTPUT_DEMAND,FITNESS,NODE
0.027040659022258384,24.363902941756333,3.9,119.45535577545199,N9
