EMITTER_COEFFICIENT_SOLUTION,PRESSURE_OUTPUT,OUTPUT_DEMAND,FITNESS,NODE
0.16897889937860577,24.319910745972177,3.9,19.097263172263435,N9
