EMITTER_COEFFICIENT_SOLUTION,PRESSURE_OUTPUT,OUTPUT_DEMAND,FITNESS,NODE
0.43342255350720527,24.237698637284595,3.9,7.430765729486831,N9
