EMITTER_COEFFICIENT_SOLUTION,PRESSURE_OUTPUT,OUTPUT_DEMAND,FITNESS,NODE
0.09971656428680442,24.341389880884453,3.9,32.37881748414497,N9
