EMITTER_COEFFICIENT_SOLUTION,PRESSURE_OUTPUT,OUTPUT_DEMAND,FITNESS,NODE
0.21432797798266467,24.305835028603564,3.9,15.051345833922314,N9
