EMITTER_COEFFICIENT_SOLUTION,PRESSURE_OUTPUT,OUTPUT_DEMAND,FITNESS,NODE
0.2997318998316659,24.279301293276433,3.9,10.755813513451695,N9
