EMITTER_COEFFICIENT_SOLUTION,PRESSURE_OUTPUT,OUTPUT_DEMAND,FITNESS,NODE
0.2524970431279877,24.293980628488118,3.9,12.772429280484893,N9
