EMITTER_COEFFICIENT_SOLUTION,PRESSURE_OUTPUT,OUTPUT_DEMAND,FITNESS,NODE
0.25777559272542383,24.292340706095157,3.9,12.510389259341748,N9
