EMITTER_COEFFICIENT_SOLUTION,PRESSURE_OUTPUT,OUTPUT_DEMAND,FITNESS,NODE
0.1291130062853746,24.332276432930293,3.9,25.001351871361685,N9
