EMITTER_COEFFICIENT_SOLUTION,PRESSURE_OUTPUT,OUTPUT_DEMAND,FITNESS,NODE
0.09044381955543834,24.34426375599716,3.9,35.700879962573026,N9
