EMITTER_COEFFICIENT_SOLUTION,PRESSURE_OUTPUT,OUTPUT_DEMAND,FITNESS,NODE
0.30666230429718133,24.277146645810152,3.9,10.512193571095464,N9
