EMITTER_COEFFICIENT_SOLUTION,PRESSURE_OUTPUT,OUTPUT_DEMAND,FITNESS,NODE
0.23821009512007796,24.298418604156055,3.9,13.539922602476953,N9
