EMITTER_COEFFICIENT_SOLUTION,PRESSURE_OUTPUT,OUTPUT_DEMAND,FITNESS,NODE
0.24670575504660996,24.29577969864153,3.9,13.072823097733512,N9
