EMITTER_COEFFICIENT_SOLUTION,PRESSURE_OUTPUT,OUTPUT_DEMAND,FITNESS,NODE
0.08831314409160174,24.344924052418584,3.9,36.56278035385887,N9
