EMITTER_COEFFICIENT_SOLUTION,PRESSURE_OUTPUT,OUTPUT_DEMAND,FITNESS,NODE
0.005520962564275256,24.370564373851494,3.9,584.8308213547328,N9
