EMITTER_COEFFICIENT_SOLUTION,PRESSURE_OUTPUT,OUTPUT_DEMAND,FITNESS,NODE
0.8601956158101199,24.104366343932725,3.9,3.7326256616640423,N9
