EMITTER_COEFFICIENT_SOLUTION,PRESSURE_OUTPUT,OUTPUT_DEMAND,FITNESS,NODE
0.9557372396784015,24.074411635637848,3.9,3.3572522514052223,N9
