EMITTER_COEFFICIENT_SOLUTION,PRESSURE_OUTPUT,OUTPUT_DEMAND,FITNESS,NODE
0.8503625402345004,24.107447122982226,3.9,3.7760479280943358,N9
