EMITTER_COEFFICIENT_SOLUTION,PRESSURE_OUTPUT,OUTPUT_DEMAND,FITNESS,NODE
0.06533662266765139,24.352043104840718,3.9,49.42869031534424,N9
