EMITTER_COEFFICIENT_SOLUTION,PRESSURE_OUTPUT,OUTPUT_DEMAND,FITNESS,NODE
0.8921528896761451,24.094351114963594,3.9,3.5981168955787424,N9
