EMITTER_COEFFICIENT_SOLUTION,PRESSURE_OUTPUT,OUTPUT_DEMAND,FITNESS,NODE
0.03336111292299859,24.361946019389514,3.9,96.82181741855021,N9
