EMITTER_COEFFICIENT_SOLUTION,PRESSURE_OUTPUT,OUTPUT_DEMAND,FITNESS,NODE
0.25448793326681496,24.293362120419204,3.9,12.672319847320669,N9
