EMITTER_COEFFICIENT_SOLUTION,PRESSURE_OUTPUT,OUTPUT_DEMAND,FITNESS,NODE
0.12457007568536504,24.333685093546737,3.9,25.914002073505376,N9
