EMITTER_COEFFICIENT_SOLUTION,PRESSURE_OUTPUT,OUTPUT_DEMAND,FITNESS,NODE
0.45924437704453613,24.229653966743637,3.9,7.011624409677232,N9
