EMITTER_COEFFICIENT_SOLUTION,PRESSURE_OUTPUT,OUTPUT_DEMAND,FITNESS,NODE
0.9951541593176091,24.062042557549972,3.9,3.2233970922299275,N9
