EMITTER_COEFFICIENT_SOLUTION,PRESSURE_OUTPUT,OUTPUT_DEMAND,FITNESS,NODE
0.2133990779611351,24.306123438472877,3.9,15.116967936944311,N9
