EMITTER_COEFFICIENT_SOLUTION,PRESSURE_OUTPUT,OUTPUT_DEMAND,FITNESS,NODE
0.022841235468965215,24.365203050194978,3.9,141.41831537814141,N9
