EMITTER_COEFFICIENT_SOLUTION,PRESSURE_OUTPUT,OUTPUT_DEMAND,FITNESS,NODE
0.40985659167665334,24.245037898692065,3.9,7.859387919533709,N9
