EMITTER_COEFFICIENT_SOLUTION,PRESSURE_OUTPUT,OUTPUT_DEMAND,FITNESS,NODE
0.02578085836856492,24.364292975006617,3.9,125.29294985081415,N9
