EMITTER_COEFFICIENT_SOLUTION,PRESSURE_OUTPUT,OUTPUT_DEMAND,FITNESS,NODE
0.1641174989071127,24.321419065352373,3.9,19.663670727221906,N9
