EMITTER_COEFFICIENT_SOLUTION,PRESSURE_OUTPUT,OUTPUT_DEMAND,FITNESS,NODE
0.13239795419600664,24.331257783763373,3.9,24.380440414545337,N9
