EMITTER_COEFFICIENT_SOLUTION,PRESSURE_OUTPUT,OUTPUT_DEMAND,FITNESS,NODE
0.4943772720083671,24.218703703700864,3.9,6.5116644663961605,N9
