EMITTER_COEFFICIENT_SOLUTION,PRESSURE_OUTPUT,OUTPUT_DEMAND,FITNESS,NODE
0.9668189985024483,24.070934804014296,3.9,3.3185165326845194,N9
