EMITTER_COEFFICIENT_SOLUTION,PRESSURE_OUTPUT,OUTPUT_DEMAND,FITNESS,NODE
0.2236407229007179,24.302943335789685,3.9,14.423576007226819,N9
