EMITTER_COEFFICIENT_SOLUTION,PRESSURE_OUTPUT,OUTPUT_DEMAND,FITNESS,NODE
0.28216511225721497,24.28476178188047,3.9,11.426940553074974,N9
