EMITTER_COEFFICIENT_SOLUTION,PRESSURE_OUTPUT,OUTPUT_DEMAND,FITNESS,NODE
0.41403764298156787,24.243735955613722,3.9,7.779781494426335,N9
