EMITTER_COEFFICIENT_SOLUTION,PRESSURE_OUTPUT,OUTPUT_DEMAND,FITNESS,NODE
0.058815627966258055,24.354063113336597,3.9,54.911393909172894,N9
