EMITTER_COEFFICIENT_SOLUTION,PRESSURE_OUTPUT,OUTPUT_DEMAND,FITNESS,NODE
0.9566537287451741,24.074124111973443,3.9,3.3540146563763567,N9
