EMITTER_COEFFICIENT_SOLUTION,PRESSURE_OUTPUT,OUTPUT_DEMAND,FITNESS,NODE
0.45854357721702976,24.229872337014708,3.9,7.022376583403529,N9
