EMITTER_COEFFICIENT_SOLUTION,PRESSURE_OUTPUT,OUTPUT_DEMAND,FITNESS,NODE
0.050004319611454906,24.356792269562938,3.9,64.59113605100866,N9
