EMITTER_COEFFICIENT_SOLUTION,PRESSURE_OUTPUT,OUTPUT_DEMAND,FITNESS,NODE
0.25000834115605064,24.294753765554912,3.9,12.89981284917649,N9
