EMITTER_COEFFICIENT_SOLUTION,PRESSURE_OUTPUT,OUTPUT_DEMAND,FITNESS,NODE
0.11452489679863331,24.33679953139393,3.9,28.189073064313742,N9
