EMITTER_COEFFICIENT_SOLUTION,PRESSURE_OUTPUT,OUTPUT_DEMAND,FITNESS,NODE
0.05237074479817705,24.356059345174945,3.9,61.67157772953789,N9
