EMITTER_COEFFICIENT_SOLUTION,PRESSURE_OUTPUT,OUTPUT_DEMAND,FITNESS,NODE
0.20852174636655996,24.307637712696522,3.9,15.47112100175419,N9
