EMITTER_COEFFICIENT_SOLUTION,PRESSURE_OUTPUT,OUTPUT_DEMAND,FITNESS,NODE
0.20096656108892696,24.30998316641217,3.9,16.053656807316333,N9
