EMITTER_COEFFICIENT_SOLUTION,PRESSURE_OUTPUT,OUTPUT_DEMAND,FITNESS,NODE
0.6838822201813713,24.159545120219217,3.9,4.7008132208539415,N9
