EMITTER_COEFFICIENT_SOLUTION,PRESSURE_OUTPUT,OUTPUT_DEMAND,FITNESS,NODE
0.40839580884313176,24.245492755256954,3.9,7.887585202055243,N9
