EMITTER_COEFFICIENT_SOLUTION,PRESSURE_OUTPUT,OUTPUT_DEMAND,FITNESS,NODE
0.8039599596308659,24.121979977571815,3.9,3.9952968566987486,N9
