EMITTER_COEFFICIENT_SOLUTION,PRESSURE_OUTPUT,OUTPUT_DEMAND,FITNESS
0.4499340493848921,28.907265832334417,0.89,17.0095932071342
