EMITTER_COEFFICIENT_SOLUTION,PRESSURE_OUTPUT,OUTPUT_DEMAND,FITNESS
0.3844351939625926,28.91639569766118,0.89,20.13673312267237
