EMITTER_COEFFICIENT_SOLUTION,PRESSURE_OUTPUT,OUTPUT_DEMAND,FITNESS
0.31481557779137337,28.925889806353368,0.89,24.89644347629469
