EMITTER_COEFFICIENT_SOLUTION,PRESSURE_OUTPUT,OUTPUT_DEMAND,FITNESS
0.7761539321733716,28.858996274993714,0.89,9.340564463352623
