EMITTER_COEFFICIENT_SOLUTION,PRESSURE_OUTPUT,OUTPUT_DEMAND,FITNESS
0.8299616411941412,28.85059484810158,0.89,8.660907784219384
