EMITTER_COEFFICIENT_SOLUTION,PRESSURE_OUTPUT,OUTPUT_DEMAND,FITNESS
0.8773881241675251,28.843088207253146,0.89,8.132198401247308
