EMITTER_COEFFICIENT_SOLUTION,PRESSURE_OUTPUT,OUTPUT_DEMAND,FITNESS
0.3677638665680395,28.918688981684333,0.89,21.111653408474563
