EMITTER_COEFFICIENT_SOLUTION,PRESSURE_OUTPUT,OUTPUT_DEMAND,FITNESS
0.4357921408296882,28.909253203224253,0.89,17.60470932161168
