EMITTER_COEFFICIENT_SOLUTION,PRESSURE_OUTPUT,OUTPUT_DEMAND,FITNESS
0.7215379472453273,28.86739791226637,0.89,10.135997340796106
