EMITTER_COEFFICIENT_SOLUTION,PRESSURE_OUTPUT,OUTPUT_DEMAND,FITNESS
0.23526513882001698,28.936470349584233,0.89,33.79995706907733
