EMITTER_COEFFICIENT_SOLUTION,PRESSURE_OUTPUT,OUTPUT_DEMAND,FITNESS
0.5116712958919424,28.898486379892454,0.89,14.79950969101999
