EMITTER_COEFFICIENT_SOLUTION,PRESSURE_OUTPUT,OUTPUT_DEMAND,FITNESS
0.4772830648659715,28.903397355129336,0.89,15.959442371296662
