EMITTER_COEFFICIENT_SOLUTION,PRESSURE_OUTPUT,OUTPUT_DEMAND,FITNESS
0.7178220928197611,28.867964895065754,0.89,10.194584969660227
