EMITTER_COEFFICIENT_SOLUTION,PRESSURE_OUTPUT,OUTPUT_DEMAND,FITNESS
0.1381174043946668,28.948999017262615,0.89,58.62637678152403
