EMITTER_COEFFICIENT_SOLUTION,PRESSURE_OUTPUT,OUTPUT_DEMAND,FITNESS
0.07808327928930969,28.956522776366015,0.89,104.89426559675448
