EMITTER_COEFFICIENT_SOLUTION,PRESSURE_OUTPUT,OUTPUT_DEMAND,FITNESS
0.7053318288819531,28.86986638253503,0.89,10.396112313309938
