EMITTER_COEFFICIENT_SOLUTION,PRESSURE_OUTPUT,OUTPUT_DEMAND,FITNESS
0.029488260647015596,28.962489154314994,0.89,280.3451424489533
