EMITTER_COEFFICIENT_SOLUTION,PRESSURE_OUTPUT,OUTPUT_DEMAND,FITNESS
0.9356213399394188,28.83374167011189,0.89,7.557749755918172
