EMITTER_COEFFICIENT_SOLUTION,PRESSURE_OUTPUT,OUTPUT_DEMAND,FITNESS
0.7522490484979888,28.86268925512931,0.89,9.674273887970648
