EMITTER_COEFFICIENT_SOLUTION,PRESSURE_OUTPUT,OUTPUT_DEMAND,FITNESS
0.7288107844843666,28.8662864774167,0.89,10.023082300319016
