EMITTER_COEFFICIENT_SOLUTION,PRESSURE_OUTPUT,OUTPUT_DEMAND,FITNESS
0.5460185013408411,28.893529423102905,0.89,13.788013697877416
