EMITTER_COEFFICIENT_SOLUTION,PRESSURE_OUTPUT,OUTPUT_DEMAND,FITNESS
0.24087403261060059,28.935733771654753,0.89,32.97890429510843
