EMITTER_COEFFICIENT_SOLUTION,PRESSURE_OUTPUT,OUTPUT_DEMAND,FITNESS
0.7405791929260664,28.86448323715036,0.89,9.845140970415782
