EMITTER_COEFFICIENT_SOLUTION,PRESSURE_OUTPUT,OUTPUT_DEMAND,FITNESS
0.5966431249027767,28.886129341953477,0.89,12.511441083287886
