EMITTER_COEFFICIENT_SOLUTION,PRESSURE_OUTPUT,OUTPUT_DEMAND,FITNESS
0.651969191339908,28.87791469281111,0.89,11.34539436600914
