EMITTER_COEFFICIENT_SOLUTION,PRESSURE_OUTPUT,OUTPUT_DEMAND,FITNESS
0.016592044982802867,28.96405377999855,0.89,499.39922758044804
