EMITTER_COEFFICIENT_SOLUTION,PRESSURE_OUTPUT,OUTPUT_DEMAND,FITNESS
0.06317495649483151,28.95836501571928,0.89,130.01922545146542
