EMITTER_COEFFICIENT_SOLUTION,PRESSURE_OUTPUT,OUTPUT_DEMAND,FITNESS
0.2679636097452397,28.93215609529799,0.89,29.498446166593336
