EMITTER_COEFFICIENT_SOLUTION,PRESSURE_OUTPUT,OUTPUT_DEMAND,FITNESS
0.2978996711282752,28.928163710400227,0.89,26.39046366653747
