EMITTER_COEFFICIENT_SOLUTION,PRESSURE_OUTPUT,OUTPUT_DEMAND,FITNESS
0.8940069720767886,28.840435364413914,0.89,7.960463779333788
