EMITTER_COEFFICIENT_SOLUTION,PRESSURE_OUTPUT,OUTPUT_DEMAND,FITNESS
0.38133682029665994,28.916822845647296,0.89,20.31143922512921
