EMITTER_COEFFICIENT_SOLUTION,PRESSURE_OUTPUT,OUTPUT_DEMAND,FITNESS
0.3444178814152071,28.921879500659713,0.89,22.636374657123582
