EMITTER_COEFFICIENT_SOLUTION,PRESSURE_OUTPUT,OUTPUT_DEMAND,FITNESS
0.5828522311729477,28.888156298460878,0.89,12.836989010616866
