EMITTER_COEFFICIENT_SOLUTION,PRESSURE_OUTPUT,OUTPUT_DEMAND,FITNESS
0.9046195055432008,28.838735229862998,0.89,7.854166592088232
