EMITTER_COEFFICIENT_SOLUTION,PRESSURE_OUTPUT,OUTPUT_DEMAND,FITNESS
0.7554870209656986,28.86219045843597,0.89,9.62781490732367
