EMITTER_COEFFICIENT_SOLUTION,PRESSURE_OUTPUT,OUTPUT_DEMAND,FITNESS
0.53749480675912,28.894764375668302,0.89,14.02685660022049
