EMITTER_COEFFICIENT_SOLUTION,PRESSURE_OUTPUT,OUTPUT_DEMAND,FITNESS
0.5428884849569048,28.89398328372245,0.89,13.874840178333443
