EMITTER_COEFFICIENT_SOLUTION,PRESSURE_OUTPUT,OUTPUT_DEMAND,FITNESS
0.7938841169082905,28.856241492863163,0.89,9.106249552088974
