EMITTER_COEFFICIENT_SOLUTION,PRESSURE_OUTPUT,OUTPUT_DEMAND,FITNESS
0.6411939731941637,28.879524952619583,0.89,11.556520821158005
