EMITTER_COEFFICIENT_SOLUTION,PRESSURE_OUTPUT,OUTPUT_DEMAND,FITNESS
0.7286625524409548,28.86630915283078,0.89,10.02536083968346
