EMITTER_COEFFICIENT_SOLUTION,PRESSURE_OUTPUT,OUTPUT_DEMAND,FITNESS
0.8197236297871121,28.8522028466501,0.89,8.783229423865466
