EMITTER_COEFFICIENT_SOLUTION,PRESSURE_OUTPUT,OUTPUT_DEMAND,FITNESS
0.5629886533920466,28.89106125330371,0.89,13.334234251907885
