EMITTER_COEFFICIENT_SOLUTION,PRESSURE_OUTPUT,OUTPUT_DEMAND,FITNESS
0.806147343168553,28.85432831382571,0.89,8.950318132139099
