EMITTER_COEFFICIENT_SOLUTION,PRESSURE_OUTPUT,OUTPUT_DEMAND,FITNESS
0.8923120051766568,28.84070646117779,0.89,7.977680059408917
