EMITTER_COEFFICIENT_SOLUTION,PRESSURE_OUTPUT,OUTPUT_DEMAND,FITNESS
0.20180419087883694,28.940834652065284,0.89,39.64865909489043
