EMITTER_COEFFICIENT_SOLUTION,PRESSURE_OUTPUT,OUTPUT_DEMAND,FITNESS
0.015768686946485144,28.964153405354217,0.89,525.546658879692
