EMITTER_COEFFICIENT_SOLUTION,PRESSURE_OUTPUT,OUTPUT_DEMAND,FITNESS
0.14507156643764063,28.948116643329186,0.89,55.74278115744142
