EMITTER_COEFFICIENT_SOLUTION,PRESSURE_OUTPUT,OUTPUT_DEMAND,FITNESS
0.24658157791026614,28.93498276493149,0.89,32.181844363615596
