EMITTER_COEFFICIENT_SOLUTION,PRESSURE_OUTPUT,OUTPUT_DEMAND,FITNESS
0.5470037932936883,28.893386464519097,0.89,13.760889403574721
