EMITTER_COEFFICIENT_SOLUTION,PRESSURE_OUTPUT,OUTPUT_DEMAND,FITNESS
0.9665923786694536,28.828712935625866,0.89,7.281027625514385
