EMITTER_COEFFICIENT_SOLUTION,PRESSURE_OUTPUT,OUTPUT_DEMAND,FITNESS
0.3831608183149152,28.916571437561082,0.89,20.208246620799766
