EMITTER_COEFFICIENT_SOLUTION,PRESSURE_OUTPUT,OUTPUT_DEMAND,FITNESS
0.6829581428794055,28.873255761945813,0.89,10.775812830780453
