EMITTER_COEFFICIENT_SOLUTION,PRESSURE_OUTPUT,OUTPUT_DEMAND,FITNESS
0.07168746006102011,28.957314394607977,0.89,114.39302970563975
