EMITTER_COEFFICIENT_SOLUTION,PRESSURE_OUTPUT,OUTPUT_DEMAND,FITNESS
0.7954769221882662,28.85599336090376,0.89,9.085719899659816
