EMITTER_COEFFICIENT_SOLUTION,PRESSURE_OUTPUT,OUTPUT_DEMAND,FITNESS
0.29156890073847064,28.92901139139471,0.89,26.99434593222872
