EMITTER_COEFFICIENT_SOLUTION,PRESSURE_OUTPUT,OUTPUT_DEMAND,FITNESS
0.9278293544328816,28.835000535769602,0.89,7.630346333037032
