EMITTER_COEFFICIENT_SOLUTION,PRESSURE_OUTPUT,OUTPUT_DEMAND,FITNESS
0.9795627135276083,28.82659506974521,0.89,7.170457450826206
