EMITTER_COEFFICIENT_SOLUTION,PRESSURE_OUTPUT,OUTPUT_DEMAND,FITNESS
0.5597167326600635,28.891538106024058,0.89,13.419562079471298
