EMITTER_COEFFICIENT_SOLUTION,PRESSURE_OUTPUT,OUTPUT_DEMAND,FITNESS
0.027741841903279885,28.96270149924466,0.89,298.09042666389894
