EMITTER_COEFFICIENT_SOLUTION,PRESSURE_OUTPUT,OUTPUT_DEMAND,FITNESS
0.925908053784582,28.835310548772682,0.89,7.648438765272547
