EMITTER_COEFFICIENT_SOLUTION,PRESSURE_OUTPUT,OUTPUT_DEMAND,FITNESS
0.09006222809817344,28.955034964742644,0.89,90.73404648571778
