EMITTER_COEFFICIENT_SOLUTION,PRESSURE_OUTPUT,OUTPUT_DEMAND,FITNESS
0.6094261659032812,28.884243136988452,0.89,12.222989026041988
