EMITTER_COEFFICIENT_SOLUTION,PRESSURE_OUTPUT,OUTPUT_DEMAND,FITNESS
0.20430045006771136,28.94051083677393,0.89,39.14606889761338
