EMITTER_COEFFICIENT_SOLUTION,PRESSURE_OUTPUT,OUTPUT_DEMAND,FITNESS
0.21852823619386996,28.938659748106204,0.89,36.50109567669376
