EMITTER_COEFFICIENT_SOLUTION,PRESSURE_OUTPUT,OUTPUT_DEMAND,FITNESS
0.5239863643989046,28.89671502663719,0.89,14.42144910022082
