EMITTER_COEFFICIENT_SOLUTION,PRESSURE_OUTPUT,OUTPUT_DEMAND,FITNESS
0.018709810974311014,28.963797384879918,0.89,442.7127294882181
