EMITTER_COEFFICIENT_SOLUTION,PRESSURE_OUTPUT,OUTPUT_DEMAND,FITNESS
0.8121836516818003,28.853384249889288,0.89,8.875324545791855
