EMITTER_COEFFICIENT_SOLUTION,PRESSURE_OUTPUT,OUTPUT_DEMAND,FITNESS
0.4703897160239038,28.904375523721214,0.89,16.21253669129953
