EMITTER_COEFFICIENT_SOLUTION,PRESSURE_OUTPUT,OUTPUT_DEMAND,FITNESS
0.9896918500445714,28.824936259335345,0.89,7.086171483948222
