EMITTER_COEFFICIENT_SOLUTION,PRESSURE_OUTPUT,OUTPUT_DEMAND,FITNESS
0.46787952453816917,28.90473119976876,0.89,16.306567058486266
