EMITTER_COEFFICIENT_SOLUTION,PRESSURE_OUTPUT,OUTPUT_DEMAND,FITNESS
0.22788212146892828,28.937437720607598,0.89,34.942474623219574
