EMITTER_COEFFICIENT_SOLUTION,PRESSURE_OUTPUT,OUTPUT_DEMAND,FITNESS
0.513860533230773,28.898171974665637,0.89,14.73096587042971
