EMITTER_COEFFICIENT_SOLUTION,PRESSURE_OUTPUT,OUTPUT_DEMAND,FITNESS
0.028676627728589588,28.962587857749007,0.89,288.32334590393083
