EMITTER_COEFFICIENT_SOLUTION,PRESSURE_OUTPUT,OUTPUT_DEMAND,FITNESS
0.48124651395709994,28.90283399113111,0.89,15.817230047201468
