EMITTER_COEFFICIENT_SOLUTION,PRESSURE_OUTPUT,OUTPUT_DEMAND,FITNESS
0.7065193721577235,28.86968588155655,0.89,10.376640459856871
