EMITTER_COEFFICIENT_SOLUTION,PRESSURE_OUTPUT,OUTPUT_DEMAND,FITNESS
0.9021006184965491,28.839139185059892,0.89,7.879165066596525
