EMITTER_COEFFICIENT_SOLUTION,PRESSURE_OUTPUT,OUTPUT_DEMAND,FITNESS
0.5901834787593189,28.88707979686722,0.89,12.66201216901773
