EMITTER_COEFFICIENT_SOLUTION,PRESSURE_OUTPUT,OUTPUT_DEMAND,FITNESS
0.4515008980657619,28.907045097010695,0.89,16.945967571196977
