EMITTER_COEFFICIENT_SOLUTION,PRESSURE_OUTPUT,OUTPUT_DEMAND,FITNESS
0.4996037942305035,28.90021566329205,0.89,15.188214783057445
