EMITTER_COEFFICIENT_SOLUTION,PRESSURE_OUTPUT,OUTPUT_DEMAND,FITNESS
0.27292913008852293,28.931496686872634,0.89,28.93560456182246
