EMITTER_COEFFICIENT_SOLUTION,PRESSURE_OUTPUT,OUTPUT_DEMAND,FITNESS
0.681287914197923,28.87350792126484,0.89,10.805172880196197
