EMITTER_COEFFICIENT_SOLUTION,PRESSURE_OUTPUT,OUTPUT_DEMAND,FITNESS
0.017065639830812773,28.963996460989307,0.89,485.50170772531715
