EMITTER_COEFFICIENT_SOLUTION,PRESSURE_OUTPUT,OUTPUT_DEMAND,FITNESS
0.8561138829256815,28.846467219227762,0.89,8.361975416002334
