EMITTER_COEFFICIENT_SOLUTION,PRESSURE_OUTPUT,OUTPUT_DEMAND,FITNESS
0.10209645493647435,28.953533522290016,0.89,79.85521489887809
