EMITTER_COEFFICIENT_SOLUTION,PRESSURE_OUTPUT,OUTPUT_DEMAND,FITNESS
0.7324057715398954,28.865736255754015,0.89,9.96810900641683
