EMITTER_COEFFICIENT_SOLUTION,PRESSURE_OUTPUT,OUTPUT_DEMAND,FITNESS
0.16165965422516926,28.946002828500028,0.89,49.866961232924275
