EMITTER_COEFFICIENT_SOLUTION,PRESSURE_OUTPUT,OUTPUT_DEMAND,FITNESS
0.7085558175020575,28.86937621067684,0.89,10.343403552528557
