EMITTER_COEFFICIENT_SOLUTION,PRESSURE_OUTPUT,OUTPUT_DEMAND,FITNESS
0.5470789605442622,28.89337555656376,0.89,13.758824160494173
