EMITTER_COEFFICIENT_SOLUTION,PRESSURE_OUTPUT,OUTPUT_DEMAND,FITNESS
0.7657561694954965,28.860605580083458,0.89,9.483112889739353
