EMITTER_COEFFICIENT_SOLUTION,PRESSURE_OUTPUT,OUTPUT_DEMAND,FITNESS
0.3001387310973399,28.92786346946668,0.89,26.1830027113728
