EMITTER_COEFFICIENT_SOLUTION,PRESSURE_OUTPUT,OUTPUT_DEMAND,FITNESS
0.2938923028145052,28.928700501894546,0.89,26.769687786627635
