EMITTER_COEFFICIENT_SOLUTION,PRESSURE_OUTPUT,OUTPUT_DEMAND,FITNESS
0.6517524517537764,28.877947132010696,0.89,11.349571411337006
