EMITTER_COEFFICIENT_SOLUTION,PRESSURE_OUTPUT,OUTPUT_DEMAND,FITNESS
0.9347601193087511,28.833880932936836,0.89,7.5657127713617545
