EMITTER_COEFFICIENT_SOLUTION,PRESSURE_OUTPUT,OUTPUT_DEMAND,FITNESS
0.10183483988048792,28.953566234517524,0.89,80.06436238560076
