EMITTER_COEFFICIENT_SOLUTION,PRESSURE_OUTPUT,OUTPUT_DEMAND,FITNESS
0.7284408331412774,28.866343068013606,0.89,10.028770741536986
