EMITTER_COEFFICIENT_SOLUTION,PRESSURE_OUTPUT,OUTPUT_DEMAND,FITNESS
0.194703079998633,28.941754244685534,0.89,41.14897603936701
