EMITTER_COEFFICIENT_SOLUTION,PRESSURE_OUTPUT,OUTPUT_DEMAND,FITNESS
0.24110396428331515,28.935703545651876,0.89,32.946062985575765
