EMITTER_COEFFICIENT_SOLUTION,PRESSURE_OUTPUT,OUTPUT_DEMAND,FITNESS
0.9445998053531272,28.83228796947899,0.89,7.475617348901497
