EMITTER_COEFFICIENT_SOLUTION,PRESSURE_OUTPUT,OUTPUT_DEMAND,FITNESS
0.5443426080335146,28.8937724853351,0.89,13.834377475009271
