EMITTER_COEFFICIENT_SOLUTION,PRESSURE_OUTPUT,OUTPUT_DEMAND,FITNESS
0.5356204986741807,28.895035507734498,0.89,14.080406224164543
