EMITTER_COEFFICIENT_SOLUTION,PRESSURE_OUTPUT,OUTPUT_DEMAND,FITNESS
0.8476434415300024,28.847807278165583,0.89,8.45673772798682
