EMITTER_COEFFICIENT_SOLUTION,PRESSURE_OUTPUT,OUTPUT_DEMAND,FITNESS
0.9620740898135144,28.829449059595028,0.89,7.320262320637107
