EMITTER_COEFFICIENT_SOLUTION,PRESSURE_OUTPUT,OUTPUT_DEMAND,FITNESS
0.29846758660249983,28.928087578709793,0.89,26.3375475667703
