EMITTER_COEFFICIENT_SOLUTION,PRESSURE_OUTPUT,OUTPUT_DEMAND,FITNESS
0.24934843581979982,28.934618163387135,0.89,31.80861636809409
