EMITTER_COEFFICIENT_SOLUTION,PRESSURE_OUTPUT,OUTPUT_DEMAND,FITNESS
0.5956907793590874,28.88626958149247,0.89,12.533432227552627
