EMITTER_COEFFICIENT_SOLUTION,PRESSURE_OUTPUT,OUTPUT_DEMAND,FITNESS
0.2639888046452884,28.932683131984184,0.89,29.96429395259036
