EMITTER_COEFFICIENT_SOLUTION,PRESSURE_OUTPUT,OUTPUT_DEMAND,FITNESS
0.04149478949687457,28.96102538631245,0.89,198.77555582756094
