EMITTER_COEFFICIENT_SOLUTION,PRESSURE_OUTPUT,OUTPUT_DEMAND,FITNESS
0.49317697868563937,28.901134018172392,0.89,15.403059290579217
