EMITTER_COEFFICIENT_SOLUTION,PRESSURE_OUTPUT,OUTPUT_DEMAND,FITNESS
0.996590434318717,28.823804061515112,0.89,7.029771989472098
