EMITTER_COEFFICIENT_SOLUTION,PRESSURE_OUTPUT,OUTPUT_DEMAND,FITNESS
0.1417600643995628,28.948537100697642,0.89,57.08060574698533
