EMITTER_COEFFICIENT_SOLUTION,PRESSURE_OUTPUT,OUTPUT_DEMAND,FITNESS
0.8827018223586734,28.842241252196075,0.89,8.07657016359781
