EMITTER_COEFFICIENT_SOLUTION,PRESSURE_OUTPUT,OUTPUT_DEMAND,FITNESS
0.14900533288906448,28.94761651718901,0.89,54.23090899204698
