EMITTER_COEFFICIENT_SOLUTION,PRESSURE_OUTPUT,OUTPUT_DEMAND,FITNESS
0.13559762194806446,28.949318184198667,0.89,59.74428806475903
