EMITTER_COEFFICIENT_SOLUTION,PRESSURE_OUTPUT,OUTPUT_DEMAND,FITNESS
0.6029920414690145,28.88519341271634,0.89,12.366630028261191
