EMITTER_COEFFICIENT_SOLUTION,PRESSURE_OUTPUT,OUTPUT_DEMAND,FITNESS
0.15536743002829467,28.94680614398365,0.89,51.94793861931343
