EMITTER_COEFFICIENT_SOLUTION,PRESSURE_OUTPUT,OUTPUT_DEMAND,FITNESS
0.7470618762428934,28.86348738587448,0.89,9.749553460504208
