EMITTER_COEFFICIENT_SOLUTION,PRESSURE_OUTPUT,OUTPUT_DEMAND,FITNESS
0.37485226061262467,28.917715431296543,0.89,20.68647886377249
