EMITTER_COEFFICIENT_SOLUTION,PRESSURE_OUTPUT,OUTPUT_DEMAND,FITNESS
0.8503172885668767,28.84738459151214,0.89,8.42661636503261
