EMITTER_COEFFICIENT_SOLUTION,PRESSURE_OUTPUT,OUTPUT_DEMAND,FITNESS
0.8223129330111664,28.851796585647364,0.89,8.751999806549698
