EMITTER_COEFFICIENT_SOLUTION,PRESSURE_OUTPUT,OUTPUT_DEMAND,FITNESS
0.7733207083120975,28.85943524106876,0.89,9.37902023697785
