EMITTER_COEFFICIENT_SOLUTION,PRESSURE_OUTPUT,OUTPUT_DEMAND,FITNESS
0.043771282785847965,28.960747080283625,0.89,188.35563979221155
