EMITTER_COEFFICIENT_SOLUTION,PRESSURE_OUTPUT,OUTPUT_DEMAND,FITNESS
0.5296924460813196,28.895892030229355,0.89,14.25229149149009
