EMITTER_COEFFICIENT_SOLUTION,PRESSURE_OUTPUT,OUTPUT_DEMAND,FITNESS
0.3057251550553032,28.927113384274257,0.89,25.678686592163203
