EMITTER_COEFFICIENT_SOLUTION,PRESSURE_OUTPUT,OUTPUT_DEMAND,FITNESS
0.2817111393196937,28.93032771826391,0.89,27.988885724708375
