EMITTER_COEFFICIENT_SOLUTION,PRESSURE_OUTPUT,OUTPUT_DEMAND,FITNESS
0.6949685324620308,28.871438986443152,0.89,10.568902957435705
