EMITTER_COEFFICIENT_SOLUTION,PRESSURE_OUTPUT,OUTPUT_DEMAND,FITNESS
0.5731789115768563,28.889573123797717,0.89,13.074790306227067
