EMITTER_COEFFICIENT_SOLUTION,PRESSURE_OUTPUT,OUTPUT_DEMAND,FITNESS
0.14315841067590862,28.948359616409043,0.89,56.508126958726244
