EMITTER_COEFFICIENT_SOLUTION,PRESSURE_OUTPUT,OUTPUT_DEMAND,FITNESS
0.986208665585436,28.825507168851615,0.89,7.114955482703882
