EMITTER_COEFFICIENT_SOLUTION,PRESSURE_OUTPUT,OUTPUT_DEMAND,FITNESS
0.6439698944709723,28.87911059564786,0.89,11.501445860451204
