EMITTER_COEFFICIENT_SOLUTION,PRESSURE_OUTPUT,OUTPUT_DEMAND,FITNESS
0.48624209602909174,28.902122933350583,0.89,15.641312758012267
