EMITTER_COEFFICIENT_SOLUTION,PRESSURE_OUTPUT,OUTPUT_DEMAND,FITNESS
0.7840618344462372,28.85776925586275,0.89,9.234724808666394
