EMITTER_COEFFICIENT_SOLUTION,PRESSURE_OUTPUT,OUTPUT_DEMAND,FITNESS
0.3780058151775364,28.91728158613668,0.89,20.502474714920158
