EMITTER_COEFFICIENT_SOLUTION,PRESSURE_OUTPUT,OUTPUT_DEMAND,FITNESS
0.5115087524980574,28.898509715013475,0.89,14.804622442948524
