EMITTER_COEFFICIENT_SOLUTION,PRESSURE_OUTPUT,OUTPUT_DEMAND,FITNESS
0.2760299030400476,28.931084344290433,0.89,28.5944334559712
