EMITTER_COEFFICIENT_SOLUTION,PRESSURE_OUTPUT,OUTPUT_DEMAND,FITNESS
0.28079480460583184,28.93044985457574,0.89,28.08489278693369
