EMITTER_COEFFICIENT_SOLUTION,PRESSURE_OUTPUT,OUTPUT_DEMAND,FITNESS
0.2595822103528428,28.933266581872594,0.89,30.497470989620773
