EMITTER_COEFFICIENT_SOLUTION,PRESSURE_OUTPUT,OUTPUT_DEMAND,FITNESS
0.017666066178299134,28.963923776296156,0.89,468.95303842769147
