EMITTER_COEFFICIENT_SOLUTION,PRESSURE_OUTPUT,OUTPUT_DEMAND,FITNESS
0.32692675306452357,28.92425384111538,0.89,23.922103012631652
