EMITTER_COEFFICIENT_SOLUTION,PRESSURE_OUTPUT,OUTPUT_DEMAND,FITNESS
0.35445960805204635,28.484760418128268,0.89,2.9543464776321744
