EMITTER_COEFFICIENT_SOLUTION,PRESSURE_OUTPUT,OUTPUT_DEMAND,FITNESS
0.10794495411814131,28.939003705251196,0.89,8.638491420071057
