EMITTER_COEFFICIENT_SOLUTION,PRESSURE_OUTPUT,OUTPUT_DEMAND,FITNESS
0.40887002382426463,28.459512994604978,0.89,2.749278772641721
