EMITTER_COEFFICIENT_SOLUTION,PRESSURE_OUTPUT,OUTPUT_DEMAND,FITNESS
0.9014476875777463,28.678198134490195,0.89,6.894335186984859
