EMITTER_COEFFICIENT_SOLUTION,PRESSURE_OUTPUT,OUTPUT_DEMAND,FITNESS
0.05057814285378592,28.61789189238877,0.89,4.869666782734814
