EMITTER_COEFFICIENT_SOLUTION,PRESSURE_OUTPUT,OUTPUT_DEMAND,FITNESS
0.2597626328046502,28.89735746303829,0.89,13.492598004356536
