EMITTER_COEFFICIENT_SOLUTION,PRESSURE_OUTPUT,OUTPUT_DEMAND,FITNESS
0.30962785182128594,28.882787914835518,0.89,16.79397544954591
