EMITTER_COEFFICIENT_SOLUTION,PRESSURE_OUTPUT,OUTPUT_DEMAND,FITNESS
0.5863570373202617,28.794232658609097,0.89,34.46838464159301
