EMITTER_COEFFICIENT_SOLUTION,PRESSURE_OUTPUT,OUTPUT_DEMAND,FITNESS
0.04048125616332943,28.62208128537398,0.89,4.971081558415373
