EMITTER_COEFFICIENT_SOLUTION,PRESSURE_OUTPUT,OUTPUT_DEMAND,FITNESS
0.4760368797353105,28.427769612902047,0.89,2.528603951842585
