EMITTER_COEFFICIENT_SOLUTION,PRESSURE_OUTPUT,OUTPUT_DEMAND,FITNESS
0.0027200047856430487,28.63761303863477,0.89,5.387010554250973
