EMITTER_COEFFICIENT_SOLUTION,PRESSURE_OUTPUT,OUTPUT_DEMAND,FITNESS
0.4875582887635691,28.827321848037066,0.89,245.15236507563966
