EMITTER_COEFFICIENT_SOLUTION,PRESSURE_OUTPUT,OUTPUT_DEMAND,FITNESS
0.35452537369920056,28.869300922587087,0.89,21.711674408076938
