EMITTER_COEFFICIENT_SOLUTION,PRESSURE_OUTPUT,OUTPUT_DEMAND,FITNESS
0.867827605318023,28.69132345119035,0.89,7.580276972704852
