EMITTER_COEFFICIENT_SOLUTION,PRESSURE_OUTPUT,OUTPUT_DEMAND,FITNESS
0.0554921583489415,28.952420289609563,0.89,7.741283970845259
