EMITTER_COEFFICIENT_SOLUTION,PRESSURE_OUTPUT,OUTPUT_DEMAND,FITNESS
0.17457178410126595,28.565204413614303,0.89,3.875363075440604
