EMITTER_COEFFICIENT_SOLUTION,PRESSURE_OUTPUT,OUTPUT_DEMAND,FITNESS
0.302387916217675,28.50852722422593,0.89,3.1774525128715485
