EMITTER_COEFFICIENT_SOLUTION,PRESSURE_OUTPUT,OUTPUT_DEMAND,FITNESS
0.294466966149145,28.512108437311724,0.89,3.2140253395565104
