EMITTER_COEFFICIENT_SOLUTION,PRESSURE_OUTPUT,OUTPUT_DEMAND,FITNESS
0.2561882519136579,28.898385125106437,0.89,13.308070544983629
