EMITTER_COEFFICIENT_SOLUTION,PRESSURE_OUTPUT,OUTPUT_DEMAND,FITNESS
0.07054235772423612,28.609563326222627,0.89,4.679863940359111
