EMITTER_COEFFICIENT_SOLUTION,PRESSURE_OUTPUT,OUTPUT_DEMAND,FITNESS
0.03975449435576561,28.956346052867957,0.89,7.5129616976528055
