EMITTER_COEFFICIENT_SOLUTION,PRESSURE_OUTPUT,OUTPUT_DEMAND,FITNESS
0.393526363700753,28.85730448490316,0.89,29.358459469339877
