EMITTER_COEFFICIENT_SOLUTION,PRESSURE_OUTPUT,OUTPUT_DEMAND,FITNESS
0.18618067432823404,28.918057800041232,0.89,10.546849075295272
