EMITTER_COEFFICIENT_SOLUTION,PRESSURE_OUTPUT,OUTPUT_DEMAND,FITNESS
0.26740479945293216,28.895152762519707,0.89,13.906269726432305
