EMITTER_COEFFICIENT_SOLUTION,PRESSURE_OUTPUT,OUTPUT_DEMAND,FITNESS
0.40507550583827445,28.461287338414003,0.89,2.7627559541668774
