EMITTER_COEFFICIENT_SOLUTION,PRESSURE_OUTPUT,OUTPUT_DEMAND,FITNESS
0.8325457556316344,28.70490911109033,0.89,8.450539422480206
