EMITTER_COEFFICIENT_SOLUTION,PRESSURE_OUTPUT,OUTPUT_DEMAND,FITNESS
0.09973435686240828,28.597277859774948,0.89,4.425427058874195
