EMITTER_COEFFICIENT_SOLUTION,PRESSURE_OUTPUT,OUTPUT_DEMAND,FITNESS
0.4646730269383855,28.83475569839026,0.89,86.8587397681208
