EMITTER_COEFFICIENT_SOLUTION,PRESSURE_OUTPUT,OUTPUT_DEMAND,FITNESS
0.3284975089855543,28.877161913770713,0.89,18.546282439318297
