EMITTER_COEFFICIENT_SOLUTION,PRESSURE_OUTPUT,OUTPUT_DEMAND,FITNESS
0.7514554986829117,28.73539584467361,0.89,11.383180833286033
