EMITTER_COEFFICIENT_SOLUTION,PRESSURE_OUTPUT,OUTPUT_DEMAND,FITNESS
0.8113699342294479,28.712969935393538,0.89,9.068253561983934
