EMITTER_COEFFICIENT_SOLUTION,PRESSURE_OUTPUT,OUTPUT_DEMAND,FITNESS
0.1054310433466018,28.939658296170464,0.89,8.589918198272004
