EMITTER_COEFFICIENT_SOLUTION,PRESSURE_OUTPUT,OUTPUT_DEMAND,FITNESS
0.28568216425183446,28.88983844688945,0.89,15.01598570542152
