EMITTER_COEFFICIENT_SOLUTION,PRESSURE_OUTPUT,OUTPUT_DEMAND,FITNESS
0.024792604260308493,28.9600352050373,0.89,7.310344825424479
