EMITTER_COEFFICIENT_SOLUTION,PRESSURE_OUTPUT,OUTPUT_DEMAND,FITNESS
0.11528874567527414,28.937084844389446,0.89,8.784097168936745
