EMITTER_COEFFICIENT_SOLUTION,PRESSURE_OUTPUT,OUTPUT_DEMAND,FITNESS
0.8279610435699617,28.706660276499534,0.89,8.577471350947322
