EMITTER_COEFFICIENT_SOLUTION,PRESSURE_OUTPUT,OUTPUT_DEMAND,FITNESS
0.1454288361679612,28.929106510503715,0.89,9.446103328545693
