EMITTER_COEFFICIENT_SOLUTION,PRESSURE_OUTPUT,OUTPUT_DEMAND,FITNESS
0.24767615492229533,28.900823379378572,0.89,12.88981587205408
