EMITTER_COEFFICIENT_SOLUTION,PRESSURE_OUTPUT,OUTPUT_DEMAND,FITNESS
0.11688176741167278,28.936667301281943,0.89,8.816433548116839
