EMITTER_COEFFICIENT_SOLUTION,PRESSURE_OUTPUT,OUTPUT_DEMAND,FITNESS
0.0387738295540897,28.956589144400333,0.89,7.499265508793329
