EMITTER_COEFFICIENT_SOLUTION,PRESSURE_OUTPUT,OUTPUT_DEMAND,FITNESS
0.73810406592682,28.740316076743603,0.89,12.05855507637781
