EMITTER_COEFFICIENT_SOLUTION,PRESSURE_OUTPUT,OUTPUT_DEMAND,FITNESS
0.04880534342221832,28.954093977952326,0.89,7.64226696384189
