EMITTER_COEFFICIENT_SOLUTION,PRESSURE_OUTPUT,OUTPUT_DEMAND,FITNESS
0.1700379871222668,28.567171020130793,0.89,3.905125262359714
