EMITTER_COEFFICIENT_SOLUTION,PRESSURE_OUTPUT,OUTPUT_DEMAND,FITNESS
0.3420694368002444,28.49045079034422,0.89,3.0048622112126493
