EMITTER_COEFFICIENT_SOLUTION,PRESSURE_OUTPUT,OUTPUT_DEMAND,FITNESS
0.18495032608877227,28.918395743161646,0.89,10.509391134669668
