EMITTER_COEFFICIENT_SOLUTION,PRESSURE_OUTPUT,OUTPUT_DEMAND,FITNESS
0.39060314103734395,28.858212640644766,0.89,28.596030571447873
