EMITTER_COEFFICIENT_SOLUTION,PRESSURE_OUTPUT,OUTPUT_DEMAND,FITNESS
0.7125877107628599,28.749640552892245,0.89,13.586181357285543
