EMITTER_COEFFICIENT_SOLUTION,PRESSURE_OUTPUT,OUTPUT_DEMAND,FITNESS
0.13197129219256543,28.932689256305366,0.89,9.136883885598285
