EMITTER_COEFFICIENT_SOLUTION,PRESSURE_OUTPUT,OUTPUT_DEMAND,FITNESS
0.6448635151964895,28.773884435452935,0.89,20.259189295718528
