EMITTER_COEFFICIENT_SOLUTION,PRESSURE_OUTPUT,OUTPUT_DEMAND,FITNESS
0.07445699397031247,28.947628138617596,0.89,8.039529630713204
