EMITTER_COEFFICIENT_SOLUTION,PRESSURE_OUTPUT,OUTPUT_DEMAND,FITNESS
0.9939852962507018,28.641175062379787,0.89,5.492402393669006
