EMITTER_COEFFICIENT_SOLUTION,PRESSURE_OUTPUT,OUTPUT_DEMAND,FITNESS
0.078136491489457,28.94669064669698,0.89,8.100583681922647
