EMITTER_COEFFICIENT_SOLUTION,PRESSURE_OUTPUT,OUTPUT_DEMAND,FITNESS
0.6602309498781113,28.768447822797334,0.89,18.249197747196433
