EMITTER_COEFFICIENT_SOLUTION,PRESSURE_OUTPUT,OUTPUT_DEMAND,FITNESS
0.8164390809984982,28.711046686780357,0.89,8.912809651012624
