EMITTER_COEFFICIENT_SOLUTION,PRESSURE_OUTPUT,OUTPUT_DEMAND,FITNESS
0.19027100477808645,28.558371292971174,0.89,3.775387700365854
