EMITTER_COEFFICIENT_SOLUTION,PRESSURE_OUTPUT,OUTPUT_DEMAND,FITNESS
0.2093894201144576,28.911632335628326,0.89,11.313550317088055
