EMITTER_COEFFICIENT_SOLUTION,PRESSURE_OUTPUT,OUTPUT_DEMAND,FITNESS
0.7307882704264687,28.743000082446237,0.89,12.461886920141124
