EMITTER_COEFFICIENT_SOLUTION,PRESSURE_OUTPUT,OUTPUT_DEMAND,FITNESS
0.34696241973313235,28.871597108648004,0.89,20.68065987778876
