EMITTER_COEFFICIENT_SOLUTION,PRESSURE_OUTPUT,OUTPUT_DEMAND,FITNESS
0.3096323611808677,28.882786577728425,0.89,16.794352572505172
