EMITTER_COEFFICIENT_SOLUTION,PRESSURE_OUTPUT,OUTPUT_DEMAND,FITNESS
0.5643209995212385,28.801752091277713,0.89,46.527510258825814
