EMITTER_COEFFICIENT_SOLUTION,PRESSURE_OUTPUT,OUTPUT_DEMAND,FITNESS
0.13610795272223764,28.93159147015365,0.89,9.22945853517251
