EMITTER_COEFFICIENT_SOLUTION,PRESSURE_OUTPUT,OUTPUT_DEMAND,FITNESS
0.20685090983371968,28.551115618958036,0.89,3.674725995740267
