EMITTER_COEFFICIENT_SOLUTION,PRESSURE_OUTPUT,OUTPUT_DEMAND,FITNESS
0.8081418373269956,28.714192587990347,0.89,9.169923472432982
