EMITTER_COEFFICIENT_SOLUTION,PRESSURE_OUTPUT,OUTPUT_DEMAND,FITNESS
0.5922572371787159,28.792205840289043,0.89,32.2176242499366
