EMITTER_COEFFICIENT_SOLUTION,PRESSURE_OUTPUT,OUTPUT_DEMAND,FITNESS
0.6332394584287838,28.777971411272347,0.89,22.088054034589387
