EMITTER_COEFFICIENT_SOLUTION,PRESSURE_OUTPUT,OUTPUT_DEMAND,FITNESS
0.3733875605627063,28.863531474310058,0.89,24.82084183362208
