EMITTER_COEFFICIENT_SOLUTION,PRESSURE_OUTPUT,OUTPUT_DEMAND,FITNESS
0.7803805415375998,28.724639787396626,0.89,10.141477179492766
