EMITTER_COEFFICIENT_SOLUTION,PRESSURE_OUTPUT,OUTPUT_DEMAND,FITNESS
0.11428610894300073,28.59110632132942,0.89,4.307774444728318
