EMITTER_COEFFICIENT_SOLUTION,PRESSURE_OUTPUT,OUTPUT_DEMAND,FITNESS
0.6028635248855571,28.788548127199455,0.89,28.821247050546276
