EMITTER_COEFFICIENT_SOLUTION,PRESSURE_OUTPUT,OUTPUT_DEMAND,FITNESS
0.20193037623790355,28.913707886517372,0.89,11.053982367651699
