EMITTER_COEFFICIENT_SOLUTION,PRESSURE_OUTPUT,OUTPUT_DEMAND,FITNESS
0.9012490363476252,28.678276200633086,0.89,6.898047813966012
