EMITTER_COEFFICIENT_SOLUTION,PRESSURE_OUTPUT,OUTPUT_DEMAND,FITNESS
0.1301194985774533,28.933179676804805,0.89,9.096124921553772
