EMITTER_COEFFICIENT_SOLUTION,PRESSURE_OUTPUT,OUTPUT_DEMAND,FITNESS
0.09616188440492579,28.942061846731775,0.89,8.416155700058715
