EMITTER_COEFFICIENT_SOLUTION,PRESSURE_OUTPUT,OUTPUT_DEMAND,FITNESS
0.44191861249371034,28.842060125365535,0.89,53.142380152180415
