EMITTER_COEFFICIENT_SOLUTION,PRESSURE_OUTPUT,OUTPUT_DEMAND,FITNESS
0.36538370800702624,28.86598707867423,0.89,23.394917681599676
