EMITTER_COEFFICIENT_SOLUTION,PRESSURE_OUTPUT,OUTPUT_DEMAND,FITNESS
0.3951717163185796,28.856792685255215,0.89,29.80631875957967
