EMITTER_COEFFICIENT_SOLUTION,PRESSURE_OUTPUT,OUTPUT_DEMAND,FITNESS
0.1761632601511779,28.92080142508692,0.89,10.250241932025393
