EMITTER_COEFFICIENT_SOLUTION,PRESSURE_OUTPUT,OUTPUT_DEMAND,FITNESS
0.42117441452174387,28.84864336959363,0.89,39.36912174970236
