EMITTER_COEFFICIENT_SOLUTION,PRESSURE_OUTPUT,OUTPUT_DEMAND,FITNESS
0.14321693069988628,28.578743138025374,0.89,4.089952549033646
