EMITTER_COEFFICIENT_SOLUTION,PRESSURE_OUTPUT,OUTPUT_DEMAND,FITNESS
0.024306759432333624,28.628760429821448,0.89,5.1418026293398595
