EMITTER_COEFFICIENT_SOLUTION,PRESSURE_OUTPUT,OUTPUT_DEMAND,FITNESS
0.7473827905464338,28.7368997013009,0.89,11.581439700054975
