EMITTER_COEFFICIENT_SOLUTION,PRESSURE_OUTPUT,OUTPUT_DEMAND,FITNESS
0.05849868710841877,28.61459479124784,0.89,4.7927159707883344
