EMITTER_COEFFICIENT_SOLUTION,PRESSURE_OUTPUT,OUTPUT_DEMAND,FITNESS
0.5931305403441006,28.791905363302554,0.89,31.90872688475747
