EMITTER_COEFFICIENT_SOLUTION,PRESSURE_OUTPUT,OUTPUT_DEMAND,FITNESS
0.4174273781524427,28.455504045901677,0.89,2.719307335205436
