EMITTER_COEFFICIENT_SOLUTION,PRESSURE_OUTPUT,OUTPUT_DEMAND,FITNESS
0.30143220484100597,28.885212244872974,0.89,16.13697250579755
