EMITTER_COEFFICIENT_SOLUTION,PRESSURE_OUTPUT,OUTPUT_DEMAND,FITNESS
0.4850605885255185,28.828137428514758,0.89,204.30360025517436
