EMITTER_COEFFICIENT_SOLUTION,PRESSURE_OUTPUT,OUTPUT_DEMAND,FITNESS
0.30297397944315463,28.88475706724867,0.89,16.256378676521308
