EMITTER_COEFFICIENT_SOLUTION,PRESSURE_OUTPUT,OUTPUT_DEMAND,FITNESS
0.8751350302066704,28.68848548947671,0.89,7.42064018486635
