EMITTER_COEFFICIENT_SOLUTION,PRESSURE_OUTPUT,OUTPUT_DEMAND,FITNESS
0.008883703097940732,28.635092523989158,0.89,5.314845376460802
