EMITTER_COEFFICIENT_SOLUTION,PRESSURE_OUTPUT,OUTPUT_DEMAND,FITNESS
0.47808160117374765,28.42679334112502,0.89,2.52237719969917
