EMITTER_COEFFICIENT_SOLUTION,PRESSURE_OUTPUT,OUTPUT_DEMAND,FITNESS
0.4310624067890324,28.845514429201486,0.89,44.90007638115173
