EMITTER_COEFFICIENT_SOLUTION,PRESSURE_OUTPUT,OUTPUT_DEMAND,FITNESS
0.48731211118391204,28.422378877555694,0.89,2.4945999730470487
