EMITTER_COEFFICIENT_SOLUTION,PRESSURE_OUTPUT,OUTPUT_DEMAND,FITNESS
0.3795137311383555,28.861644555863997,0.89,26.040443513578587
