EMITTER_COEFFICIENT_SOLUTION,PRESSURE_OUTPUT,OUTPUT_DEMAND,FITNESS
0.838277756681037,28.702715118630806,0.89,8.296714846498896
