EMITTER_COEFFICIENT_SOLUTION,PRESSURE_OUTPUT,OUTPUT_DEMAND,FITNESS
0.036563229148291465,28.95713645554582,0.89,7.4686111053945305
