EMITTER_COEFFICIENT_SOLUTION,PRESSURE_OUTPUT,OUTPUT_DEMAND,FITNESS
0.28552995398178893,28.88988294432341,0.89,15.005959131207533
