EMITTER_COEFFICIENT_SOLUTION,PRESSURE_OUTPUT,OUTPUT_DEMAND,FITNESS
0.11643658917055955,28.93678403257821,0.89,8.807369411154598
