EMITTER_COEFFICIENT_SOLUTION,PRESSURE_OUTPUT,OUTPUT_DEMAND,FITNESS
0.15566665366069998,28.926358963472836,0.89,9.697796179019578
