EMITTER_COEFFICIENT_SOLUTION,PRESSURE_OUTPUT,OUTPUT_DEMAND,FITNESS
0.13308123065039468,28.93239500637057,0.89,9.161514870154587
