EMITTER_COEFFICIENT_SOLUTION,PRESSURE_OUTPUT,OUTPUT_DEMAND,FITNESS
0.008724319847427497,28.963950098866164,0.89,7.106949448315726
