EMITTER_COEFFICIENT_SOLUTION,PRESSURE_OUTPUT,OUTPUT_DEMAND,FITNESS
0.8473756935218087,28.699222264710976,0.89,8.063053890588268
