EMITTER_COEFFICIENT_SOLUTION,PRESSURE_OUTPUT,OUTPUT_DEMAND,FITNESS
0.1030823935325188,28.940268807996226,0.89,8.545105557145204
