EMITTER_COEFFICIENT_SOLUTION,PRESSURE_OUTPUT,OUTPUT_DEMAND,FITNESS
0.19100629668266877,28.91672971879519,0.89,10.696678222254441
