EMITTER_COEFFICIENT_SOLUTION,PRESSURE_OUTPUT,OUTPUT_DEMAND,FITNESS
0.6929075023678551,28.75676144456719,0.89,15.041369572411956
