EMITTER_COEFFICIENT_SOLUTION,PRESSURE_OUTPUT,OUTPUT_DEMAND,FITNESS
0.265221604072856,28.895783640511432,0.89,13.785328837540817
