EMITTER_COEFFICIENT_SOLUTION,PRESSURE_OUTPUT,OUTPUT_DEMAND,FITNESS
0.35714553266166604,28.868503128063196,0.89,22.09438123726582
