EMITTER_COEFFICIENT_SOLUTION,PRESSURE_OUTPUT,OUTPUT_DEMAND,FITNESS
0.23130576627027466,28.54034038912438,0.89,3.534763441773256
