EMITTER_COEFFICIENT_SOLUTION,PRESSURE_OUTPUT,OUTPUT_DEMAND,FITNESS
0.4019168296163277,28.85468975875179,0.89,31.79952906782953
