EMITTER_COEFFICIENT_SOLUTION,PRESSURE_OUTPUT,OUTPUT_DEMAND,FITNESS
0.4662737214378806,28.83423858933393,0.89,90.94350750999047
