EMITTER_COEFFICIENT_SOLUTION,PRESSURE_OUTPUT,OUTPUT_DEMAND,FITNESS
0.7529256853371465,28.734852329940665,0.89,11.313186977083447
