EMITTER_COEFFICIENT_SOLUTION,PRESSURE_OUTPUT,OUTPUT_DEMAND,FITNESS
0.80973359223478,28.713589909403453,0.89,9.11952427089269
