EMITTER_COEFFICIENT_SOLUTION,PRESSURE_OUTPUT,OUTPUT_DEMAND,FITNESS
0.06225895666280412,28.950718089518226,0.89,7.844654666353977
