EMITTER_COEFFICIENT_SOLUTION,PRESSURE_OUTPUT,OUTPUT_DEMAND,FITNESS
0.06562329264822031,28.611620980725213,0.89,4.725367066226209
