EMITTER_COEFFICIENT_SOLUTION,PRESSURE_OUTPUT,OUTPUT_DEMAND,FITNESS
0.08382149179622067,28.94523725133073,0.89,8.19709090862453
