EMITTER_COEFFICIENT_SOLUTION,PRESSURE_OUTPUT,OUTPUT_DEMAND,FITNESS
0.41102157983860055,28.45850600732158,0.89,2.74168843900788
