EMITTER_COEFFICIENT_SOLUTION,PRESSURE_OUTPUT,OUTPUT_DEMAND,FITNESS
0.14736590823433937,28.92858810826261,0.89,9.49258740071281
