EMITTER_COEFFICIENT_SOLUTION,PRESSURE_OUTPUT,OUTPUT_DEMAND,FITNESS
0.3964690406777397,28.85638881810646,0.89,30.169492868814125
