EMITTER_COEFFICIENT_SOLUTION,PRESSURE_OUTPUT,OUTPUT_DEMAND,FITNESS
0.14136682408823964,28.93019138528134,0.89,9.350283130105279
