EMITTER_COEFFICIENT_SOLUTION,PRESSURE_OUTPUT,OUTPUT_DEMAND,FITNESS
0.4812118559381372,28.82939212921866,0.89,162.61809798681676
