EMITTER_COEFFICIENT_SOLUTION,PRESSURE_OUTPUT,OUTPUT_DEMAND,FITNESS
0.334965509727731,28.87521932175239,0.89,19.239438230925042
