EMITTER_COEFFICIENT_SOLUTION,PRESSURE_OUTPUT,OUTPUT_DEMAND,FITNESS
0.026238352753052863,28.959680567116976,0.89,7.3293463426115295
