EMITTER_COEFFICIENT_SOLUTION,PRESSURE_OUTPUT,OUTPUT_DEMAND,FITNESS
0.7698222883439417,28.728581278541405,0.89,10.563736589243467
