EMITTER_COEFFICIENT_SOLUTION,PRESSURE_OUTPUT,OUTPUT_DEMAND,FITNESS
0.5572235671883216,28.80415703207767,0.89,52.3897037120046
