EMITTER_COEFFICIENT_SOLUTION,PRESSURE_OUTPUT,OUTPUT_DEMAND,FITNESS
0.44885317991517804,28.44069312274759,0.89,2.614026246649536
