EMITTER_COEFFICIENT_SOLUTION,PRESSURE_OUTPUT,OUTPUT_DEMAND,FITNESS
0.2860193593125113,28.515917800321247,0.89,3.2538636588664795
