EMITTER_COEFFICIENT_SOLUTION,PRESSURE_OUTPUT,OUTPUT_DEMAND,FITNESS
0.23155989096786167,28.905404856780258,0.89,12.171061156514114
