EMITTER_COEFFICIENT_SOLUTION,PRESSURE_OUTPUT,OUTPUT_DEMAND,FITNESS
0.43408749872348784,28.84455387926708,0.89,46.923843834625956
