EMITTER_COEFFICIENT_SOLUTION,PRESSURE_OUTPUT,OUTPUT_DEMAND,FITNESS
0.4358382077775639,28.843997276519346,0.89,48.1822653705209
