EMITTER_COEFFICIENT_SOLUTION,PRESSURE_OUTPUT,OUTPUT_DEMAND,FITNESS
0.3935093052259945,28.857309788663457,0.89,29.353888768518242
