EMITTER_COEFFICIENT_SOLUTION,PRESSURE_OUTPUT,OUTPUT_DEMAND,FITNESS
0.43392401794950386,28.44774654481035,0.89,2.6631285593624634
