EMITTER_COEFFICIENT_SOLUTION,PRESSURE_OUTPUT,OUTPUT_DEMAND,FITNESS
0.17548220981506457,28.5648091375744,0.89,3.8694357261003685
