EMITTER_COEFFICIENT_SOLUTION,PRESSURE_OUTPUT,OUTPUT_DEMAND,FITNESS
0.4422386845899301,28.841957981491333,0.89,53.432420338109424
