EMITTER_COEFFICIENT_SOLUTION,PRESSURE_OUTPUT,OUTPUT_DEMAND,FITNESS
0.9213835937968865,28.670332816524642,0.89,6.539711866188724
