EMITTER_COEFFICIENT_SOLUTION,PRESSURE_OUTPUT,OUTPUT_DEMAND,FITNESS
0.1295824989232215,28.58458507121719,0.89,4.1900667763472095
