EMITTER_COEFFICIENT_SOLUTION,PRESSURE_OUTPUT,OUTPUT_DEMAND,FITNESS
0.01207042970491623,28.963138881971908,0.89,7.148160577366423
