EMITTER_COEFFICIENT_SOLUTION,PRESSURE_OUTPUT,OUTPUT_DEMAND,FITNESS
0.4939693401466245,28.419187698648884,0.89,2.474898015747676
