EMITTER_COEFFICIENT_SOLUTION,PRESSURE_OUTPUT,OUTPUT_DEMAND,FITNESS
0.14650206947784827,28.57733144762871,0.89,4.066473759436899
