EMITTER_COEFFICIENT_SOLUTION,PRESSURE_OUTPUT,OUTPUT_DEMAND,FITNESS
0.05911831086853192,28.951509185536594,0.89,7.796271976440665
