EMITTER_COEFFICIENT_SOLUTION,PRESSURE_OUTPUT,OUTPUT_DEMAND,FITNESS
0.8331625121207392,28.704673286051914,0.89,8.433732269383054
