EMITTER_COEFFICIENT_SOLUTION,PRESSURE_OUTPUT,OUTPUT_DEMAND,FITNESS
0.0285221048397305,28.959119566098344,0.89,7.359607360993787
