EMITTER_COEFFICIENT_SOLUTION,PRESSURE_OUTPUT,OUTPUT_DEMAND,FITNESS
0.10886828117617642,28.93876299160239,0.89,8.656491753173496
