EMITTER_COEFFICIENT_SOLUTION,PRESSURE_OUTPUT,OUTPUT_DEMAND,FITNESS
0.8408658402001662,28.701722820634593,0.89,8.228967293332689
