EMITTER_COEFFICIENT_SOLUTION,PRESSURE_OUTPUT,OUTPUT_DEMAND,FITNESS
0.06246832300104377,28.95066528702494,0.89,7.8479054047403505
