EMITTER_COEFFICIENT_SOLUTION,PRESSURE_OUTPUT,OUTPUT_DEMAND,FITNESS
0.019747728391847574,28.96126960687463,0.89,7.244966945858137
