EMITTER_COEFFICIENT_SOLUTION,PRESSURE_OUTPUT,OUTPUT_DEMAND,FITNESS
0.22246605666347552,28.544245385653575,0.89,3.5842375289160238
