EMITTER_COEFFICIENT_SOLUTION,PRESSURE_OUTPUT,OUTPUT_DEMAND,FITNESS
0.24506025384717056,28.90157013236624,0.89,12.766927700786256
