EMITTER_COEFFICIENT_SOLUTION,PRESSURE_OUTPUT,OUTPUT_DEMAND,FITNESS
0.23683248348033226,28.90391102596422,0.89,12.396447239091176
