EMITTER_COEFFICIENT_SOLUTION,PRESSURE_OUTPUT,OUTPUT_DEMAND,FITNESS
0.13344470208255543,28.932298599690775,0.89,9.169613759398716
