EMITTER_COEFFICIENT_SOLUTION,PRESSURE_OUTPUT,OUTPUT_DEMAND,FITNESS
0.23445970588829346,28.904583888998367,0.89,12.293902433020955
