EMITTER_COEFFICIENT_SOLUTION,PRESSURE_OUTPUT,OUTPUT_DEMAND,FITNESS
0.6554496648245643,23.179673729894912,1.2,2.708407335785893
