EMITTER_COEFFICIENT_SOLUTION,PRESSURE_OUTPUT,OUTPUT_DEMAND,FITNESS
0.4718697416380736,23.613620936974158,1.2,15.449138968335333
