EMITTER_COEFFICIENT_SOLUTION,PRESSURE_OUTPUT,OUTPUT_DEMAND,FITNESS
0.19453444547034104,21.774694911863616,1.2,0.5636344733174039
