EMITTER_COEFFICIENT_SOLUTION,PRESSURE_OUTPUT,OUTPUT_DEMAND,FITNESS
0.3505295862054584,23.884935322950856,1.2,2.9758104191051364
