EMITTER_COEFFICIENT_SOLUTION,PRESSURE_OUTPUT,OUTPUT_DEMAND,FITNESS
0.3619345700713835,23.859996965899324,1.2,3.214353447397006
