EMITTER_COEFFICIENT_SOLUTION,PRESSURE_OUTPUT,OUTPUT_DEMAND,FITNESS
0.10357698149263994,22.022937455967092,1.2,0.6553264802123961
