EMITTER_COEFFICIENT_SOLUTION,PRESSURE_OUTPUT,OUTPUT_DEMAND,FITNESS
0.5531569292631432,23.424789177702998,1.2,8.057677964819247
