EMITTER_COEFFICIENT_SOLUTION,PRESSURE_OUTPUT,OUTPUT_DEMAND,FITNESS
0.34310746939418413,23.901100082011414,1.2,2.839234011684397
