EMITTER_COEFFICIENT_SOLUTION,PRESSURE_OUTPUT,OUTPUT_DEMAND,FITNESS
0.22617878803823366,24.14883791256223,1.2,1.6668180637070602
