EMITTER_COEFFICIENT_SOLUTION,PRESSURE_OUTPUT,OUTPUT_DEMAND,FITNESS
0.29404595344680384,21.499029142789926,1.2,0.4878369401782869
