EMITTER_COEFFICIENT_SOLUTION,PRESSURE_OUTPUT,OUTPUT_DEMAND,FITNESS
0.5220554447605127,23.497681846604998,1.2,19.5264584125633
