EMITTER_COEFFICIENT_SOLUTION,PRESSURE_OUTPUT,OUTPUT_DEMAND,FITNESS
0.6794869734818699,23.120927870373404,1.2,2.3366312693419307
