EMITTER_COEFFICIENT_SOLUTION,PRESSURE_OUTPUT,OUTPUT_DEMAND,FITNESS
0.719099378457846,23.023205848287606,1.2,1.9022669918923436
