EMITTER_COEFFICIENT_SOLUTION,PRESSURE_OUTPUT,OUTPUT_DEMAND,FITNESS
0.2283637135612916,24.1443312224147,1.2,1.679433688345067
