EMITTER_COEFFICIENT_SOLUTION,PRESSURE_OUTPUT,OUTPUT_DEMAND,FITNESS
0.9873554680404474,22.33427778337073,1.2,0.8233050475567687
