EMITTER_COEFFICIENT_SOLUTION,PRESSURE_OUTPUT,OUTPUT_DEMAND,FITNESS
0.6272151201202071,23.248130868190923,1.2,3.3248710670474715
