EMITTER_COEFFICIENT_SOLUTION,PRESSURE_OUTPUT,OUTPUT_DEMAND,FITNESS
0.8378235750883681,22.72386388396146,1.2,1.2120763629674054
