EMITTER_COEFFICIENT_SOLUTION,PRESSURE_OUTPUT,OUTPUT_DEMAND,FITNESS
0.34035893732940703,23.907073176516242,1.2,2.791886374166266
