EMITTER_COEFFICIENT_SOLUTION,PRESSURE_OUTPUT,OUTPUT_DEMAND,FITNESS
0.9879006553481214,22.332833849084466,1.2,0.8223274659922513
