EMITTER_COEFFICIENT_SOLUTION,PRESSURE_OUTPUT,OUTPUT_DEMAND,FITNESS
0.0526368781015889,22.160250477658476,1.2,0.720127007591083
