EMITTER_COEFFICIENT_SOLUTION,PRESSURE_OUTPUT,OUTPUT_DEMAND,FITNESS
0.7428840885803539,22.96399821316943,1.2,1.7097050801233233
