EMITTER_COEFFICIENT_SOLUTION,PRESSURE_OUTPUT,OUTPUT_DEMAND,FITNESS
0.8601855973449398,22.666454659439456,1.2,1.1332218417696318
