EMITTER_COEFFICIENT_SOLUTION,PRESSURE_OUTPUT,OUTPUT_DEMAND,FITNESS
0.5761296413327569,23.370449032103235,1.2,5.603955724295906
