EMITTER_COEFFICIENT_SOLUTION,PRESSURE_OUTPUT,OUTPUT_DEMAND,FITNESS
0.13334932369998265,24.335808044560064,1.2,1.2707842578998387
