EMITTER_COEFFICIENT_SOLUTION,PRESSURE_OUTPUT,OUTPUT_DEMAND,FITNESS
0.4467372496554849,21.06893104921366,1.2,0.40323176365906027
