EMITTER_COEFFICIENT_SOLUTION,PRESSURE_OUTPUT,OUTPUT_DEMAND,FITNESS
0.3421202657329734,21.364478973275414,1.2,0.4577883780428554
