EMITTER_COEFFICIENT_SOLUTION,PRESSURE_OUTPUT,OUTPUT_DEMAND,FITNESS
0.04346241603856926,22.184842528481916,1.2,0.7331099448259997
