EMITTER_COEFFICIENT_SOLUTION,PRESSURE_OUTPUT,OUTPUT_DEMAND,FITNESS
0.40052868400758745,21.19991156759239,1.2,0.42571617881316054
