EMITTER_COEFFICIENT_SOLUTION,PRESSURE_OUTPUT,OUTPUT_DEMAND,FITNESS
0.969835426028039,22.380592803004703,1.2,0.8559433570448293
