EMITTER_COEFFICIENT_SOLUTION,PRESSURE_OUTPUT,OUTPUT_DEMAND,FITNESS
0.6825565452507031,23.1133956079577,1.2,2.296217564907359
