EMITTER_COEFFICIENT_SOLUTION,PRESSURE_OUTPUT,OUTPUT_DEMAND,FITNESS
0.9355114307101647,22.470831874460604,1.2,0.9275899741687497
