EMITTER_COEFFICIENT_SOLUTION,PRESSURE_OUTPUT,OUTPUT_DEMAND,FITNESS
0.4014617381248824,21.19727343807226,1.2,0.42523859571976624
