EMITTER_COEFFICIENT_SOLUTION,PRESSURE_OUTPUT,OUTPUT_DEMAND,FITNESS
0.29592308082735264,24.002655479060575,1.2,2.203793277567003
