EMITTER_COEFFICIENT_SOLUTION,PRESSURE_OUTPUT,OUTPUT_DEMAND,FITNESS
0.3587442956098261,21.31775862190311,1.2,0.44820221390834236
