EMITTER_COEFFICIENT_SOLUTION,PRESSURE_OUTPUT,OUTPUT_DEMAND,FITNESS
0.19157679924365778,24.21956688122408,1.2,1.4910363279362084
