EMITTER_COEFFICIENT_SOLUTION,PRESSURE_OUTPUT,OUTPUT_DEMAND,FITNESS
0.6446305050430078,23.205976197188342,1.2,2.9161472358315
