EMITTER_COEFFICIENT_SOLUTION,PRESSURE_OUTPUT,OUTPUT_DEMAND,FITNESS
0.01755591948698587,22.254049232205055,1.2,0.7722931024704192
