EMITTER_COEFFICIENT_SOLUTION,PRESSURE_OUTPUT,OUTPUT_DEMAND,FITNESS
0.16269809289807025,24.27765978752186,1.2,1.372179973464285
