EMITTER_COEFFICIENT_SOLUTION,PRESSURE_OUTPUT,OUTPUT_DEMAND,FITNESS
0.0867110629259239,24.42632660875407,1.2,1.1396866021891396
