EMITTER_COEFFICIENT_SOLUTION,PRESSURE_OUTPUT,OUTPUT_DEMAND,FITNESS
0.9102543940326252,22.536801215307477,1.2,0.9880513026906186
