EMITTER_COEFFICIENT_SOLUTION,PRESSURE_OUTPUT,OUTPUT_DEMAND,FITNESS
0.9658573380209884,22.39108537260741,1.2,0.863700288417343
