EMITTER_COEFFICIENT_SOLUTION,PRESSURE_OUTPUT,OUTPUT_DEMAND,FITNESS
0.0232352780821804,24.545703820640384,1.2,1.0031987895339056
