EMITTER_COEFFICIENT_SOLUTION,PRESSURE_OUTPUT,OUTPUT_DEMAND,FITNESS
0.8453329671442994,22.704620237762438,1.2,1.1844493557142592
