EMITTER_COEFFICIENT_SOLUTION,PRESSURE_OUTPUT,OUTPUT_DEMAND,FITNESS
0.10592132885319006,24.38932549206515,1.2,1.1898627290976467
