EMITTER_COEFFICIENT_SOLUTION,PRESSURE_OUTPUT,OUTPUT_DEMAND,FITNESS
0.7410698071125817,22.968528347605634,1.2,1.7230504398088602
