EMITTER_COEFFICIENT_SOLUTION,PRESSURE_OUTPUT,OUTPUT_DEMAND,FITNESS
0.113726560067274,24.37417788884502,1.2,1.2117019216930973
