EMITTER_COEFFICIENT_SOLUTION,PRESSURE_OUTPUT,OUTPUT_DEMAND,FITNESS
0.9112431008835008,22.534225809115878,1.2,0.9855434558537495
