EMITTER_COEFFICIENT_SOLUTION,PRESSURE_OUTPUT,OUTPUT_DEMAND,FITNESS
0.694901574543083,23.08303407039824,1.2,2.1465660710294556
