EMITTER_COEFFICIENT_SOLUTION,PRESSURE_OUTPUT,OUTPUT_DEMAND,FITNESS
0.4760585418321791,23.604024875945854,1.2,18.138133180736755
