EMITTER_COEFFICIENT_SOLUTION,PRESSURE_OUTPUT,OUTPUT_DEMAND,FITNESS
0.2730509720453038,21.557518817411566,1.2,0.5021654395321075
