EMITTER_COEFFICIENT_SOLUTION,PRESSURE_OUTPUT,OUTPUT_DEMAND,FITNESS
0.3578078288721992,23.869034414216824,1.2,3.123613860520048
