EMITTER_COEFFICIENT_SOLUTION,PRESSURE_OUTPUT,OUTPUT_DEMAND,FITNESS
0.6287808301516794,23.244350347592746,1.2,3.2835970936416143
