EMITTER_COEFFICIENT_SOLUTION,PRESSURE_OUTPUT,OUTPUT_DEMAND,FITNESS
0.4980146520503431,23.55348348068963,1.2,217.8141410988239
