EMITTER_COEFFICIENT_SOLUTION,PRESSURE_OUTPUT,OUTPUT_DEMAND,FITNESS
0.6998141395441703,23.07092159398256,1.2,2.0921691890122576
