EMITTER_COEFFICIENT_SOLUTION,PRESSURE_OUTPUT,OUTPUT_DEMAND,FITNESS
0.42052676816892776,21.143307917044343,1.2,0.41569904166873334
