EMITTER_COEFFICIENT_SOLUTION,PRESSURE_OUTPUT,OUTPUT_DEMAND,FITNESS
0.07419288359169574,24.450221901085172,1.2,1.10947218580644
