EMITTER_COEFFICIENT_SOLUTION,PRESSURE_OUTPUT,OUTPUT_DEMAND,FITNESS
0.2693062340313518,24.059005544445288,1.2,1.9603494471051217
