EMITTER_COEFFICIENT_SOLUTION,PRESSURE_OUTPUT,OUTPUT_DEMAND,FITNESS
0.7844769524236991,22.85952934039355,1.2,1.4506101966820892
