EMITTER_COEFFICIENT_SOLUTION,PRESSURE_OUTPUT,OUTPUT_DEMAND,FITNESS
0.05932967824990698,24.478370037080797,1.2,1.0758731264230745
