EMITTER_COEFFICIENT_SOLUTION,PRESSURE_OUTPUT,OUTPUT_DEMAND,FITNESS
0.19322902827936483,24.216217265665552,1.2,1.4985205366301753
