EMITTER_COEFFICIENT_SOLUTION,PRESSURE_OUTPUT,OUTPUT_DEMAND,FITNESS
0.08026584945563242,24.43865094102041,1.2,1.1239004356239386
