EMITTER_COEFFICIENT_SOLUTION,PRESSURE_OUTPUT,OUTPUT_DEMAND,FITNESS
0.3976075528822167,21.20816917897833,1.2,0.42721802051501273
