EMITTER_COEFFICIENT_SOLUTION,PRESSURE_OUTPUT,OUTPUT_DEMAND,FITNESS
0.40070041870834394,23.77434337915133,1.2,4.435554241293964
