EMITTER_COEFFICIENT_SOLUTION,PRESSURE_OUTPUT,OUTPUT_DEMAND,FITNESS
0.17066430865225657,21.840204260548568,1.2,0.5852436148246916
