EMITTER_COEFFICIENT_SOLUTION,PRESSURE_OUTPUT,OUTPUT_DEMAND,FITNESS
0.8008181276429148,22.81816875723301,1.2,1.368502659603909
