EMITTER_COEFFICIENT_SOLUTION,PRESSURE_OUTPUT,OUTPUT_DEMAND,FITNESS
0.0008727799824864713,24.58668407386794,1.2,0.9635845375740361
