EMITTER_COEFFICIENT_SOLUTION,PRESSURE_OUTPUT,OUTPUT_DEMAND,FITNESS
0.06210583207020581,24.473131031468494,1.2,1.08197166550147
