EMITTER_COEFFICIENT_SOLUTION,PRESSURE_OUTPUT,OUTPUT_DEMAND,FITNESS
0.4841913546008487,20.96229286479335,1.2,0.3866076712286645
