EMITTER_COEFFICIENT_SOLUTION,PRESSURE_OUTPUT,OUTPUT_DEMAND,FITNESS
0.33632862004999564,23.915819111894052,1.2,2.7253399557100546
