EMITTER_COEFFICIENT_SOLUTION,PRESSURE_OUTPUT,OUTPUT_DEMAND,FITNESS
0.8720970115857015,22.63574804453794,1.2,1.0951146905083102
