EMITTER_COEFFICIENT_SOLUTION,PRESSURE_OUTPUT,OUTPUT_DEMAND,FITNESS
0.3013602108560186,23.991060688360854,1.2,2.2615824114350764
