EMITTER_COEFFICIENT_SOLUTION,PRESSURE_OUTPUT,OUTPUT_DEMAND,FITNESS
0.14005733110217855,24.322597510054926,1.2,1.292482110606552
