EMITTER_COEFFICIENT_SOLUTION,PRESSURE_OUTPUT,OUTPUT_DEMAND,FITNESS
0.09171962221562924,24.41671813671295,1.2,1.1523050882775194
