EMITTER_COEFFICIENT_SOLUTION,PRESSURE_OUTPUT,OUTPUT_DEMAND,FITNESS
0.32145511734887167,23.947963547088055,1.2,2.505818909043793
