EMITTER_COEFFICIENT_SOLUTION,PRESSURE_OUTPUT,OUTPUT_DEMAND,FITNESS
0.4587848832846544,21.034673875931965,1.2,0.397737583570172
