EMITTER_COEFFICIENT_SOLUTION,PRESSURE_OUTPUT,OUTPUT_DEMAND,FITNESS
0.9980045960468392,22.30604416829686,1.2,0.8046021684721405
