EMITTER_COEFFICIENT_SOLUTION,PRESSURE_OUTPUT,OUTPUT_DEMAND,FITNESS
0.2520384561306125,24.09519428871128,1.2,1.8304897712578458
