EMITTER_COEFFICIENT_SOLUTION,PRESSURE_OUTPUT,OUTPUT_DEMAND,FITNESS
0.308811343402707,23.97512513654404,1.2,2.346136134101613
