EMITTER_COEFFICIENT_SOLUTION,PRESSURE_OUTPUT,OUTPUT_DEMAND,FITNESS
0.14315852282749064,24.31647404936907,1.2,1.3027930182562057
