EMITTER_COEFFICIENT_SOLUTION,PRESSURE_OUTPUT,OUTPUT_DEMAND,FITNESS
0.4424523723139614,23.680589615741983,1.2,7.593175561424552
