EMITTER_COEFFICIENT_SOLUTION,PRESSURE_OUTPUT,OUTPUT_DEMAND,FITNESS
0.3600259145911221,23.864178814441743,1.2,3.171719387974404
