EMITTER_COEFFICIENT_SOLUTION,PRESSURE_OUTPUT,OUTPUT_DEMAND,FITNESS
0.8986320502893862,22.567031933464374,1.2,1.0184725695720735
