EMITTER_COEFFICIENT_SOLUTION,PRESSURE_OUTPUT,OUTPUT_DEMAND,FITNESS
0.1069615594783263,24.387310502438144,1.2,1.1927223537644807
