EMITTER_COEFFICIENT_SOLUTION,PRESSURE_OUTPUT,OUTPUT_DEMAND,FITNESS
0.1485072819708858,24.305888843610557,1.2,1.3210101875276297
