EMITTER_COEFFICIENT_SOLUTION,PRESSURE_OUTPUT,OUTPUT_DEMAND,FITNESS
0.4362254524826068,21.098785398864894,1.2,0.40814510506769436
