EMITTER_COEFFICIENT_SOLUTION,PRESSURE_OUTPUT,OUTPUT_DEMAND,FITNESS
0.17705478200542057,24.24888728078387,1.2,1.4285818975510078
