EMITTER_COEFFICIENT_SOLUTION,PRESSURE_OUTPUT,OUTPUT_DEMAND,FITNESS
0.27113596182140753,21.56284534794031,1.2,0.5035122338256173
