EMITTER_COEFFICIENT_SOLUTION,PRESSURE_OUTPUT,OUTPUT_DEMAND,FITNESS
0.4467399963392128,23.670875272831033,1.2,8.197872891894866
