EMITTER_COEFFICIENT_SOLUTION,PRESSURE_OUTPUT,OUTPUT_DEMAND,FITNESS
0.3615783554774713,23.86077768316424,1.2,3.2063072154897982
