EMITTER_COEFFICIENT_SOLUTION,PRESSURE_OUTPUT,OUTPUT_DEMAND,FITNESS
0.2398992746110563,24.120458851463432,1.2,1.7495778765375967
