EMITTER_COEFFICIENT_SOLUTION,PRESSURE_OUTPUT,OUTPUT_DEMAND,FITNESS
0.1252432252943666,24.35170825950775,1.2,1.2456156680185106
