EMITTER_COEFFICIENT_SOLUTION,PRESSURE_OUTPUT,OUTPUT_DEMAND,FITNESS
0.5083561967466953,23.529538140755204,1.2,51.662846756843244
