EMITTER_COEFFICIENT_SOLUTION,PRESSURE_OUTPUT,OUTPUT_DEMAND,FITNESS
0.4918965499967506,23.567607645425902,1.2,53.432404478574945
