EMITTER_COEFFICIENT_SOLUTION,PRESSURE_OUTPUT,OUTPUT_DEMAND,FITNESS
0.8430136495989439,22.71056753696937,1.2,1.1928521338380675
