EMITTER_COEFFICIENT_SOLUTION,PRESSURE_OUTPUT,OUTPUT_DEMAND,FITNESS
0.014572671933862025,24.56164613320223,1.2,0.9874068864219884
