EMITTER_COEFFICIENT_SOLUTION,PRESSURE_OUTPUT,OUTPUT_DEMAND,FITNESS
0.20718428385298815,24.18781424674994,1.2,1.5651366776596252
