EMITTER_COEFFICIENT_SOLUTION,PRESSURE_OUTPUT,OUTPUT_DEMAND,FITNESS
0.5251744646579931,23.490407288916103,1.2,17.097781052097496
