EMITTER_COEFFICIENT_SOLUTION,PRESSURE_OUTPUT,OUTPUT_DEMAND,FITNESS
0.16277413828897302,24.277507947579366,1.2,1.372465929112595
