EMITTER_COEFFICIENT_SOLUTION,PRESSURE_OUTPUT,OUTPUT_DEMAND,FITNESS
0.014614993714222702,24.561568453957022,1.2,0.9874826273483687
