EMITTER_COEFFICIENT_SOLUTION,PRESSURE_OUTPUT,OUTPUT_DEMAND,FITNESS
0.5898734198003864,23.337739977624253,1.2,4.735870264060779
