EMITTER_COEFFICIENT_SOLUTION,PRESSURE_OUTPUT,OUTPUT_DEMAND,FITNESS
0.9920684292939586,22.32179009849458,1.2,0.8149266449304738
