EMITTER_COEFFICIENT_SOLUTION,PRESSURE_OUTPUT,OUTPUT_DEMAND,FITNESS
0.11224365065284037,21.999449405786358,1.2,0.6453923804510574
