EMITTER_COEFFICIENT_SOLUTION,PRESSURE_OUTPUT,OUTPUT_DEMAND,FITNESS
0.20031465445633545,21.75879446786238,1.2,0.5586280274947686
