EMITTER_COEFFICIENT_SOLUTION,PRESSURE_OUTPUT,OUTPUT_DEMAND,FITNESS
0.1462406916893051,21.90696973088269,1.2,0.6090413356871481
