EMITTER_COEFFICIENT_SOLUTION,PRESSURE_OUTPUT,OUTPUT_DEMAND,FITNESS
0.870218289113546,22.640597029883484,1.2,1.1009610082441257
