EMITTER_COEFFICIENT_SOLUTION,PRESSURE_OUTPUT,OUTPUT_DEMAND,FITNESS
0.511522266472349,23.5221895095182,1.2,37.446309909512024
