EMITTER_COEFFICIENT_SOLUTION,PRESSURE_OUTPUT,OUTPUT_DEMAND,FITNESS
0.9102094432122193,22.536918290515846,1.2,0.9881656100441736
