EMITTER_COEFFICIENT_SOLUTION,PRESSURE_OUTPUT,OUTPUT_DEMAND,FITNESS
0.6420477296029893,23.212242291185095,1.2,2.9704253812439445
