EMITTER_COEFFICIENT_SOLUTION,PRESSURE_OUTPUT,OUTPUT_DEMAND,FITNESS
0.3460747030193382,23.89464382255702,1.2,2.8922513842659714
