EMITTER_COEFFICIENT_SOLUTION,PRESSURE_OUTPUT,OUTPUT_DEMAND,FITNESS
0.40893472311698786,23.75597531253593,1.2,4.828983901577398
