EMITTER_COEFFICIENT_SOLUTION,PRESSURE_OUTPUT,OUTPUT_DEMAND,FITNESS
0.7479032810027698,22.95145384818207,1.2,1.673806672989836
