EMITTER_COEFFICIENT_SOLUTION,PRESSURE_OUTPUT,OUTPUT_DEMAND,FITNESS
0.15409942535771892,24.2947898395435,1.2,1.340666908242839
