EMITTER_COEFFICIENT_SOLUTION,PRESSURE_OUTPUT,OUTPUT_DEMAND,FITNESS
0.47493019311453677,23.60661126017402,1.2,17.32536262329154
