EMITTER_COEFFICIENT_SOLUTION,PRESSURE_OUTPUT,OUTPUT_DEMAND,FITNESS
0.30651733764960476,23.980036906258736,1.2,2.319408017368985
