EMITTER_COEFFICIENT_SOLUTION,PRESSURE_OUTPUT,OUTPUT_DEMAND,FITNESS
0.20606890503541753,24.19009165131218,1.2,1.559577642053201
