EMITTER_COEFFICIENT_SOLUTION,PRESSURE_OUTPUT,OUTPUT_DEMAND,FITNESS
0.39574261812860945,21.21343950729135,1.2,0.4281821064522812
