EMITTER_COEFFICIENT_SOLUTION,PRESSURE_OUTPUT,OUTPUT_DEMAND,FITNESS
0.15385437256759038,24.29527689482133,1.2,1.339792052311039
