EMITTER_COEFFICIENT_SOLUTION,PRESSURE_OUTPUT,OUTPUT_DEMAND,FITNESS
0.1983309132938813,21.76425304621422,1.2,0.5603366704291738
