EMITTER_COEFFICIENT_SOLUTION,PRESSURE_OUTPUT,OUTPUT_DEMAND,FITNESS
0.23532314932099208,24.12994467764109,1.2,1.7210155723165106
