EMITTER_COEFFICIENT_SOLUTION,PRESSURE_OUTPUT,OUTPUT_DEMAND,FITNESS
0.30475446347033774,23.9838080480389,1.2,2.2992964929134088
