EMITTER_COEFFICIENT_SOLUTION,PRESSURE_OUTPUT,OUTPUT_DEMAND,FITNESS
0.3256812572247717,23.93885119448345,1.2,2.5643735727750445
