EMITTER_COEFFICIENT_SOLUTION,PRESSURE_OUTPUT,OUTPUT_DEMAND,FITNESS
0.10045889677907027,22.03137913453742,1.2,0.6589719496136185
