EMITTER_COEFFICIENT_SOLUTION,PRESSURE_OUTPUT,OUTPUT_DEMAND,FITNESS
0.008565556449693257,24.572651195991387,1.2,0.9767925943270058
