EMITTER_COEFFICIENT_SOLUTION,PRESSURE_OUTPUT,OUTPUT_DEMAND,FITNESS
0.4674553232784492,23.623717704377803,1.2,13.364464725677827
