EMITTER_COEFFICIENT_SOLUTION,PRESSURE_OUTPUT,OUTPUT_DEMAND,FITNESS
0.3800672112989344,23.820102268470507,1.2,3.6871816078284105
