EMITTER_COEFFICIENT_SOLUTION,PRESSURE_OUTPUT,OUTPUT_DEMAND,FITNESS
0.3779319387364014,23.824815770473805,1.2,3.6241947773563985
