EMITTER_COEFFICIENT_SOLUTION,PRESSURE_OUTPUT,OUTPUT_DEMAND,FITNESS
0.691804222618214,23.090662047256064,1.2,2.1822989385118636
