EMITTER_COEFFICIENT_SOLUTION,PRESSURE_OUTPUT,OUTPUT_DEMAND,FITNESS
0.010799823867336467,24.568562803701067,1.2,0.9807090670800619
