EMITTER_COEFFICIENT_SOLUTION,PRESSURE_OUTPUT,OUTPUT_DEMAND,FITNESS
0.9021684182758053,22.557842032954536,1.2,1.0090284051686635
