EMITTER_COEFFICIENT_SOLUTION,PRESSURE_OUTPUT,OUTPUT_DEMAND,FITNESS
0.018392368978954132,24.554627106818558,1.2,0.9942980029489462
