EMITTER_COEFFICIENT_SOLUTION,PRESSURE_OUTPUT,OUTPUT_DEMAND,FITNESS
0.25770985760859133,24.083340866575938,1.2,1.8710878265583193
