EMITTER_COEFFICIENT_SOLUTION,PRESSURE_OUTPUT,OUTPUT_DEMAND,FITNESS
0.5449523883929396,23.444094230674676,1.2,9.541968355638685
