EMITTER_COEFFICIENT_SOLUTION,PRESSURE_OUTPUT,OUTPUT_DEMAND,FITNESS
0.13769606596322936,26.607380723814785,10.1,14.919956732815805
