EMITTER_COEFFICIENT_SOLUTION,PRESSURE_OUTPUT,OUTPUT_DEMAND,FITNESS
0.9197545630598356,26.546659445024723,10.1,158.65349476418078
