EMITTER_COEFFICIENT_SOLUTION,PRESSURE_OUTPUT,OUTPUT_DEMAND,FITNESS
0.26626924422271836,26.597485449421384,10.1,17.504229870078277
