EMITTER_COEFFICIENT_SOLUTION,PRESSURE_OUTPUT,OUTPUT_DEMAND,FITNESS
0.31889796655427505,26.593425044282583,10.1,18.84351914147465
