EMITTER_COEFFICIENT_SOLUTION,PRESSURE_OUTPUT,OUTPUT_DEMAND,FITNESS
0.07376987477438601,26.612287715771004,10.1,13.902150959829854
