EMITTER_COEFFICIENT_SOLUTION,PRESSURE_OUTPUT,OUTPUT_DEMAND,FITNESS
0.8156078017743078,26.554818965215098,10.1,69.14403066028527
