EMITTER_COEFFICIENT_SOLUTION,PRESSURE_OUTPUT,OUTPUT_DEMAND,FITNESS
0.29937481752549977,26.51672920310172,10.1,42.3205228715161
