EMITTER_COEFFICIENT_SOLUTION,PRESSURE_OUTPUT,OUTPUT_DEMAND,FITNESS
0.7908471715771526,26.477544177088205,10.1,15.919961141281787
