EMITTER_COEFFICIENT_SOLUTION,PRESSURE_OUTPUT,OUTPUT_DEMAND,FITNESS
0.02948442097802295,26.615682101782156,10.1,13.275681294050253
