EMITTER_COEFFICIENT_SOLUTION,PRESSURE_OUTPUT,OUTPUT_DEMAND,FITNESS
0.9787170436721686,26.4624364836287,10.1,12.833359814474637
