EMITTER_COEFFICIENT_SOLUTION,PRESSURE_OUTPUT,OUTPUT_DEMAND,FITNESS
0.7096778806574717,26.563095165914937,10.1,43.97776190817491
