EMITTER_COEFFICIENT_SOLUTION,PRESSURE_OUTPUT,OUTPUT_DEMAND,FITNESS
0.8370782363386511,26.47383305334789,10.1,15.031864377668864
