EMITTER_COEFFICIENT_SOLUTION,PRESSURE_OUTPUT,OUTPUT_DEMAND,FITNESS
0.3773859887914517,26.588905793297563,10.1,20.59758006774141
