EMITTER_COEFFICIENT_SOLUTION,PRESSURE_OUTPUT,OUTPUT_DEMAND,FITNESS
0.2740580713165388,26.518734416787453,10.1,46.24494733237935
