EMITTER_COEFFICIENT_SOLUTION,PRESSURE_OUTPUT,OUTPUT_DEMAND,FITNESS
0.6603545489218159,26.56694077046432,10.1,37.61608837004446
