EMITTER_COEFFICIENT_SOLUTION,PRESSURE_OUTPUT,OUTPUT_DEMAND,FITNESS
0.8171392944281066,26.475434147172237,10.1,15.402564445716692
