EMITTER_COEFFICIENT_SOLUTION,PRESSURE_OUTPUT,OUTPUT_DEMAND,FITNESS
0.06267127639918102,26.535426254080313,10.1,202.75147205111156
