EMITTER_COEFFICIENT_SOLUTION,PRESSURE_OUTPUT,OUTPUT_DEMAND,FITNESS
0.8628021563989479,26.5511242555811,10.1,92.86900842939124
