EMITTER_COEFFICIENT_SOLUTION,PRESSURE_OUTPUT,OUTPUT_DEMAND,FITNESS
0.6928318138205485,26.485397957000707,10.1,18.194904035905992
