EMITTER_COEFFICIENT_SOLUTION,PRESSURE_OUTPUT,OUTPUT_DEMAND,FITNESS
0.17129744924536405,26.604798032215896,10.1,15.5179187340874
