EMITTER_COEFFICIENT_SOLUTION,PRESSURE_OUTPUT,OUTPUT_DEMAND,FITNESS
0.6903076643958357,26.56460597309377,10.1,41.23784066380515
