EMITTER_COEFFICIENT_SOLUTION,PRESSURE_OUTPUT,OUTPUT_DEMAND,FITNESS
0.04234486517193625,26.614696818233753,10.1,13.451632826441907
