EMITTER_COEFFICIENT_SOLUTION,PRESSURE_OUTPUT,OUTPUT_DEMAND,FITNESS
0.4192907102992689,26.585663510762096,10.1,22.071590970793352
