EMITTER_COEFFICIENT_SOLUTION,PRESSURE_OUTPUT,OUTPUT_DEMAND,FITNESS
0.7683301396991193,26.479350136724122,10.1,16.39122200536505
