EMITTER_COEFFICIENT_SOLUTION,PRESSURE_OUTPUT,OUTPUT_DEMAND,FITNESS
0.07726358934144395,26.534276873773898,10.1,164.43238713311453
