EMITTER_COEFFICIENT_SOLUTION,PRESSURE_OUTPUT,OUTPUT_DEMAND,FITNESS
0.6287978931065212,26.56939855039296,10.1,34.43271289118585
