EMITTER_COEFFICIENT_SOLUTION,PRESSURE_OUTPUT,OUTPUT_DEMAND,FITNESS
0.12159790300438278,26.530782349047165,10.1,104.42717205610404
