EMITTER_COEFFICIENT_SOLUTION,PRESSURE_OUTPUT,OUTPUT_DEMAND,FITNESS
0.306775195737649,26.51614280902573,10.1,41.295707778196366
