EMITTER_COEFFICIENT_SOLUTION,PRESSURE_OUTPUT,OUTPUT_DEMAND,FITNESS
0.9994136456987526,26.46076781867564,10.1,12.564300621902358
