EMITTER_COEFFICIENT_SOLUTION,PRESSURE_OUTPUT,OUTPUT_DEMAND,FITNESS
0.7062242172463737,26.484325992793217,10.1,17.84681466062476
