EMITTER_COEFFICIENT_SOLUTION,PRESSURE_OUTPUT,OUTPUT_DEMAND,FITNESS
0.15078193373987436,26.60637519089667,10.1,15.147202757788222
