EMITTER_COEFFICIENT_SOLUTION,PRESSURE_OUTPUT,OUTPUT_DEMAND,FITNESS
0.12110674000725519,26.530821085618285,10.1,104.85131139893659
