EMITTER_COEFFICIENT_SOLUTION,PRESSURE_OUTPUT,OUTPUT_DEMAND,FITNESS
0.6536115211261866,26.488535171777862,10.1,19.296366120182658
