EMITTER_COEFFICIENT_SOLUTION,PRESSURE_OUTPUT,OUTPUT_DEMAND,FITNESS
0.23571351602350687,26.5217690079107,10.1,53.794118399745024
