EMITTER_COEFFICIENT_SOLUTION,PRESSURE_OUTPUT,OUTPUT_DEMAND,FITNESS
0.325559357346334,26.592910692620173,10.1,19.027941670126655
