EMITTER_COEFFICIENT_SOLUTION,PRESSURE_OUTPUT,OUTPUT_DEMAND,FITNESS
0.05918470211265858,26.535700733486536,10.1,214.69975009952685
