EMITTER_COEFFICIENT_SOLUTION,PRESSURE_OUTPUT,OUTPUT_DEMAND,FITNESS
0.6265545581450542,26.49069763498138,10.1,20.136620615677106
