EMITTER_COEFFICIENT_SOLUTION,PRESSURE_OUTPUT,OUTPUT_DEMAND,FITNESS
0.38967174514009617,26.50956659439236,10.1,32.47617200527234
