EMITTER_COEFFICIENT_SOLUTION,PRESSURE_OUTPUT,OUTPUT_DEMAND,FITNESS
0.022910871425442236,26.616185530765264,10.1,13.187544152906536
