EMITTER_COEFFICIENT_SOLUTION,PRESSURE_OUTPUT,OUTPUT_DEMAND,FITNESS
0.7549187080001436,26.559563381769287,10.1,52.06440302091416
