EMITTER_COEFFICIENT_SOLUTION,PRESSURE_OUTPUT,OUTPUT_DEMAND,FITNESS
0.8404730707515786,26.473560369001675,10.1,14.97050098114039
