EMITTER_COEFFICIENT_SOLUTION,PRESSURE_OUTPUT,OUTPUT_DEMAND,FITNESS
0.3685027964836429,26.511247265476534,10.1,34.35111651291344
