EMITTER_COEFFICIENT_SOLUTION,PRESSURE_OUTPUT,OUTPUT_DEMAND,FITNESS
0.6533569981635263,26.56748595052936,10.1,36.86017676518406
