EMITTER_COEFFICIENT_SOLUTION,PRESSURE_OUTPUT,OUTPUT_DEMAND,FITNESS
0.5302424537104005,26.577061206834955,10.1,27.24438859589951
