EMITTER_COEFFICIENT_SOLUTION,PRESSURE_OUTPUT,OUTPUT_DEMAND,FITNESS
0.7383711907645201,26.481751384894444,10.1,17.062803577423868
