EMITTER_COEFFICIENT_SOLUTION,PRESSURE_OUTPUT,OUTPUT_DEMAND,FITNESS
0.952707661241692,26.464532274249372,10.1,13.188066514764143
