EMITTER_COEFFICIENT_SOLUTION,PRESSURE_OUTPUT,OUTPUT_DEMAND,FITNESS
0.4014112927424345,26.587047337941364,10.1,21.417432598313823
