EMITTER_COEFFICIENT_SOLUTION,PRESSURE_OUTPUT,OUTPUT_DEMAND,FITNESS
0.7240436860394732,26.482899113033056,10.1,17.4036268031127
