EMITTER_COEFFICIENT_SOLUTION,PRESSURE_OUTPUT,OUTPUT_DEMAND,FITNESS
0.21107185378290083,26.523717566254646,10.1,60.09314013566905
