EMITTER_COEFFICIENT_SOLUTION,PRESSURE_OUTPUT,OUTPUT_DEMAND,FITNESS
0.5879874856417173,26.493777456706034,10.1,21.468006290456916
