EMITTER_COEFFICIENT_SOLUTION,PRESSURE_OUTPUT,OUTPUT_DEMAND,FITNESS
0.9503105104458192,26.46472536419371,10.1,13.22173543967892
