EMITTER_COEFFICIENT_SOLUTION,PRESSURE_OUTPUT,OUTPUT_DEMAND,FITNESS
0.7472410365475457,26.481040643941768,10.1,16.858358333366645
