EMITTER_COEFFICIENT_SOLUTION,PRESSURE_OUTPUT,OUTPUT_DEMAND,FITNESS
0.5735589554950287,26.49492889118965,10.1,22.012124044979505
