EMITTER_COEFFICIENT_SOLUTION,PRESSURE_OUTPUT,OUTPUT_DEMAND,FITNESS
0.2746942573438129,26.518684043667804,10.1,46.13746999152681
