EMITTER_COEFFICIENT_SOLUTION,PRESSURE_OUTPUT,OUTPUT_DEMAND,FITNESS
0.6085207600815452,26.492138121057714,10.1,20.738162576848353
