EMITTER_COEFFICIENT_SOLUTION,PRESSURE_OUTPUT,OUTPUT_DEMAND,FITNESS
0.7205535996026584,26.483178629378727,10.1,17.488702312296823
