EMITTER_COEFFICIENT_SOLUTION,PRESSURE_OUTPUT,OUTPUT_DEMAND,FITNESS
0.21984757993035609,26.601062158210603,10.1,16.4729021104768
