EMITTER_COEFFICIENT_SOLUTION,PRESSURE_OUTPUT,OUTPUT_DEMAND,FITNESS
0.6101239137822392,26.570851994846436,10.1,32.79162220016564
