EMITTER_COEFFICIENT_SOLUTION,PRESSURE_OUTPUT,OUTPUT_DEMAND,FITNESS
0.9102642457004677,26.467949376261316,10.1,13.810433256096088
