EMITTER_COEFFICIENT_SOLUTION,PRESSURE_OUTPUT,OUTPUT_DEMAND,FITNESS
0.4306715255846112,26.58478231388122,10.1,22.509385396471288
