EMITTER_COEFFICIENT_SOLUTION,PRESSURE_OUTPUT,OUTPUT_DEMAND,FITNESS
0.9695347035004809,26.463176535475654,10.1,12.956411409537031
