EMITTER_COEFFICIENT_SOLUTION,PRESSURE_OUTPUT,OUTPUT_DEMAND,FITNESS
0.2506902857996609,26.598686284110457,10.1,17.14387107580865
