EMITTER_COEFFICIENT_SOLUTION,PRESSURE_OUTPUT,OUTPUT_DEMAND,FITNESS
0.46597201313088554,26.58204734150179,10.1,23.986026274423388
