EMITTER_COEFFICIENT_SOLUTION,PRESSURE_OUTPUT,OUTPUT_DEMAND,FITNESS
0.8504613568649493,26.472757942333722,10.1,14.79279909125309
