EMITTER_COEFFICIENT_SOLUTION,PRESSURE_OUTPUT,OUTPUT_DEMAND,FITNESS
0.8485796964479138,26.47290912419801,10.1,14.82595590269153
