EMITTER_COEFFICIENT_SOLUTION,PRESSURE_OUTPUT,OUTPUT_DEMAND,FITNESS
0.3997571900935877,26.508765557726583,10.1,31.652738529801773
