EMITTER_COEFFICIENT_SOLUTION,PRESSURE_OUTPUT,OUTPUT_DEMAND,FITNESS
0.8695056371425054,26.55059910583295,10.1,97.63045924221751
