EMITTER_COEFFICIENT_SOLUTION,PRESSURE_OUTPUT,OUTPUT_DEMAND,FITNESS
0.4682268924308395,26.503321882999273,10.1,27.0003785565817
