EMITTER_COEFFICIENT_SOLUTION,PRESSURE_OUTPUT,OUTPUT_DEMAND,FITNESS
0.7354550011539362,26.561083360218845,10.1,48.24634322569565
