EMITTER_COEFFICIENT_SOLUTION,PRESSURE_OUTPUT,OUTPUT_DEMAND,FITNESS
0.7898262563635261,26.556835386733226,10.1,60.683345548139606
