EMITTER_COEFFICIENT_SOLUTION,PRESSURE_OUTPUT,OUTPUT_DEMAND,FITNESS
0.597824784052027,26.5718088730411,10.1,31.794003063197582
