EMITTER_COEFFICIENT_SOLUTION,PRESSURE_OUTPUT,OUTPUT_DEMAND,FITNESS
0.7886882853290151,26.477717373016176,10.1,15.963978178395736
