EMITTER_COEFFICIENT_SOLUTION,PRESSURE_OUTPUT,OUTPUT_DEMAND,FITNESS
0.7139930992122359,26.483703984543617,10.1,17.650874667080707
