EMITTER_COEFFICIENT_SOLUTION,PRESSURE_OUTPUT,OUTPUT_DEMAND,FITNESS
0.9173229448562061,26.54685020689886,10.1,153.99289397631856
