EMITTER_COEFFICIENT_SOLUTION,PRESSURE_OUTPUT,OUTPUT_DEMAND,FITNESS
0.4950071042958166,26.501190135203743,10.1,25.530872653097493
