EMITTER_COEFFICIENT_SOLUTION,PRESSURE_OUTPUT,OUTPUT_DEMAND,FITNESS
0.24558847329068412,26.599079424212626,10.1,17.029095936004545
