EMITTER_COEFFICIENT_SOLUTION,PRESSURE_OUTPUT,OUTPUT_DEMAND,FITNESS
0.8470711599668954,26.55235630025689,10.1,83.33403128846159
