EMITTER_COEFFICIENT_SOLUTION,PRESSURE_OUTPUT,OUTPUT_DEMAND,FITNESS
0.03037679580589514,26.53796820537309,10.1,418.37583856665924
