EMITTER_COEFFICIENT_SOLUTION,PRESSURE_OUTPUT,OUTPUT_DEMAND,FITNESS
0.35162212678119364,26.59089739492267,10.1,19.785918670550714
