EMITTER_COEFFICIENT_SOLUTION,PRESSURE_OUTPUT,OUTPUT_DEMAND,FITNESS
0.8269154231374478,26.474649225571703,10.1,15.218574835405445
