EMITTER_COEFFICIENT_SOLUTION,PRESSURE_OUTPUT,OUTPUT_DEMAND,FITNESS
0.8713405728970547,26.47107992551944,10.1,14.43449782208325
