EMITTER_COEFFICIENT_SOLUTION,PRESSURE_OUTPUT,OUTPUT_DEMAND,FITNESS
0.781339991453726,26.478306817077637,10.1,16.11562414093036
