EMITTER_COEFFICIENT_SOLUTION,PRESSURE_OUTPUT,OUTPUT_DEMAND,FITNESS
0.8275823526378197,26.553881947232405,10.1,73.93416614681433
