EMITTER_COEFFICIENT_SOLUTION,PRESSURE_OUTPUT,OUTPUT_DEMAND,FITNESS
0.9671340540425073,26.46336998824208,10.1,12.988967654666467
