EMITTER_COEFFICIENT_SOLUTION,PRESSURE_OUTPUT,OUTPUT_DEMAND,FITNESS
0.4955936908365839,26.50114342568471,10.1,25.500462464648233
