EMITTER_COEFFICIENT_SOLUTION,PRESSURE_OUTPUT,OUTPUT_DEMAND,FITNESS
0.3814294256290023,26.51022108711983,10.1,33.1814577731477
