EMITTER_COEFFICIENT_SOLUTION,PRESSURE_OUTPUT,OUTPUT_DEMAND,FITNESS
0.804010489082315,26.47648795124882,10.1,15.65669269010138
