EMITTER_COEFFICIENT_SOLUTION,PRESSURE_OUTPUT,OUTPUT_DEMAND,FITNESS
0.972452483899503,26.542522273260957,10.1,461.70769530080867
