EMITTER_COEFFICIENT_SOLUTION,PRESSURE_OUTPUT,OUTPUT_DEMAND,FITNESS
0.5057917749890828,26.578959116023363,10.1,25.904913507215607
