EMITTER_COEFFICIENT_SOLUTION,PRESSURE_OUTPUT,OUTPUT_DEMAND,FITNESS
0.9936048534670279,26.46123623959766,10.1,12.638684096712133
