EMITTER_COEFFICIENT_SOLUTION,PRESSURE_OUTPUT,OUTPUT_DEMAND,FITNESS
0.7475735434008495,26.481013997074776,10.1,16.85078858113551
