EMITTER_COEFFICIENT_SOLUTION,PRESSURE_OUTPUT,OUTPUT_DEMAND,FITNESS
0.11778680115182238,26.531082906406795,10.1,107.81096529733126
