EMITTER_COEFFICIENT_SOLUTION,PRESSURE_OUTPUT,OUTPUT_DEMAND,FITNESS
0.7210994899694876,26.562203922574568,10.1,45.771781740745624
