EMITTER_COEFFICIENT_SOLUTION,PRESSURE_OUTPUT,OUTPUT_DEMAND,FITNESS
0.6184926029779234,26.49134168125852,10.1,20.401202082432654
