EMITTER_COEFFICIENT_SOLUTION,PRESSURE_OUTPUT,OUTPUT_DEMAND,FITNESS
0.9436528145653515,26.465261579595847,10.1,13.316142873650996
