EMITTER_COEFFICIENT_SOLUTION,PRESSURE_OUTPUT,OUTPUT_DEMAND,FITNESS
0.18702354807757882,26.525618008056618,10.1,67.84079773281661
