EMITTER_COEFFICIENT_SOLUTION,PRESSURE_OUTPUT,OUTPUT_DEMAND,FITNESS
0.32887657445383756,26.514390866736157,10.1,38.50962509650513
