EMITTER_COEFFICIENT_SOLUTION,PRESSURE_OUTPUT,OUTPUT_DEMAND,FITNESS
0.1592628364518549,26.605723316807605,10.1,15.298258820960493
