EMITTER_COEFFICIENT_SOLUTION,PRESSURE_OUTPUT,OUTPUT_DEMAND,FITNESS
0.5270503316082187,26.577309056098443,10.1,27.0616547277616
