EMITTER_COEFFICIENT_SOLUTION,PRESSURE_OUTPUT,OUTPUT_DEMAND,FITNESS
0.9070224069716584,26.54765815513428,10.1,136.9533880432595
