EMITTER_COEFFICIENT_SOLUTION,PRESSURE_OUTPUT,OUTPUT_DEMAND,FITNESS
0.1319478021538143,26.52996596825386,10.1,96.22386282102438
