EMITTER_COEFFICIENT_SOLUTION,PRESSURE_OUTPUT,OUTPUT_DEMAND,FITNESS
0.6838215435121326,26.56511171343793,10.1,40.39536939299599
