EMITTER_COEFFICIENT_SOLUTION,PRESSURE_OUTPUT,OUTPUT_DEMAND,FITNESS
0.5142624320329017,26.499656480869554,10.1,24.568865612547263
