EMITTER_COEFFICIENT_SOLUTION,PRESSURE_OUTPUT,OUTPUT_DEMAND,FITNESS
0.22305643509026774,26.600815066654583,10.1,16.54022604087644
