EMITTER_COEFFICIENT_SOLUTION,PRESSURE_OUTPUT,OUTPUT_DEMAND,FITNESS
0.9462558492004112,26.465051939984235,10.1,13.27907313233823
