EMITTER_COEFFICIENT_SOLUTION,PRESSURE_OUTPUT,OUTPUT_DEMAND,FITNESS
0.2561292320834836,26.598267104847096,10.1,17.26796480532184
