EMITTER_COEFFICIENT_SOLUTION,PRESSURE_OUTPUT,OUTPUT_DEMAND,FITNESS
0.6538644704280068,26.56744641671333,10.1,36.91396866584668
