EMITTER_COEFFICIENT_SOLUTION,PRESSURE_OUTPUT,OUTPUT_DEMAND,FITNESS
0.26600685315024997,26.51937183974301,10.1,47.64954101411929
