EMITTER_COEFFICIENT_SOLUTION,PRESSURE_OUTPUT,OUTPUT_DEMAND,FITNESS
0.34574080052561773,26.591351839755568,10.1,19.609596852730576
