EMITTER_COEFFICIENT_SOLUTION,PRESSURE_OUTPUT,OUTPUT_DEMAND,FITNESS
0.5777172997886988,26.494597087663344,10.1,21.852519787908275
