EMITTER_COEFFICIENT_SOLUTION,PRESSURE_OUTPUT,OUTPUT_DEMAND,FITNESS
0.32052954246934573,26.5932990725901,10.1,18.888355375019607
