EMITTER_COEFFICIENT_SOLUTION,PRESSURE_OUTPUT,OUTPUT_DEMAND,FITNESS
0.44270608257322475,26.583850205311293,10.1,22.991780331774347
