EMITTER_COEFFICIENT_SOLUTION,PRESSURE_OUTPUT,OUTPUT_DEMAND,FITNESS
0.29231435194571054,26.595476744128575,10.1,18.14212210802159
