EMITTER_COEFFICIENT_SOLUTION,PRESSURE_OUTPUT,OUTPUT_DEMAND,FITNESS
0.4505183436800282,26.58324496332918,10.1,23.316239578418813
