EMITTER_COEFFICIENT_SOLUTION,PRESSURE_OUTPUT,OUTPUT_DEMAND,FITNESS
0.3956275273204144,26.509093581290117,10.1,31.984832054205423
