EMITTER_COEFFICIENT_SOLUTION,PRESSURE_OUTPUT,OUTPUT_DEMAND,FITNESS
0.3217076189511323,26.51495924789681,10.1,39.371391846178014
