EMITTER_COEFFICIENT_SOLUTION,PRESSURE_OUTPUT,OUTPUT_DEMAND,FITNESS
0.8301522625701374,26.55368081120465,10.1,75.05022486908868
