EMITTER_COEFFICIENT_SOLUTION,PRESSURE_OUTPUT,OUTPUT_DEMAND,FITNESS
0.04630547142354158,26.536714668931367,10.1,274.4439071247331
