EMITTER_COEFFICIENT_SOLUTION,PRESSURE_OUTPUT,OUTPUT_DEMAND,FITNESS
0.6245433134281584,26.56972975902771,10.1,34.044455895713014
