EMITTER_COEFFICIENT_SOLUTION,PRESSURE_OUTPUT,OUTPUT_DEMAND,FITNESS
0.9067012445730773,26.46823606749941,10.1,13.865330678707595
