EMITTER_COEFFICIENT_SOLUTION,PRESSURE_OUTPUT,OUTPUT_DEMAND,FITNESS
0.5968834162595422,26.493067328121157,10.1,21.145640057762225
