EMITTER_COEFFICIENT_SOLUTION,PRESSURE_OUTPUT,OUTPUT_DEMAND,FITNESS
0.664443291571277,26.566622169047555,10.1,38.0723681528166
