EMITTER_COEFFICIENT_SOLUTION,PRESSURE_OUTPUT,OUTPUT_DEMAND,FITNESS
0.8535397011788775,26.472510597639257,10.1,14.738870736860994
