EMITTER_COEFFICIENT_SOLUTION,PRESSURE_OUTPUT,OUTPUT_DEMAND,FITNESS
0.03323490059840495,26.53774331989458,10.1,382.3973524555993
