EMITTER_COEFFICIENT_SOLUTION,PRESSURE_OUTPUT,OUTPUT_DEMAND,FITNESS
0.4334332532044398,26.584568437382124,10.1,22.61827494134159
