EMITTER_COEFFICIENT_SOLUTION,PRESSURE_OUTPUT,OUTPUT_DEMAND,FITNESS
0.8119197666520626,26.475853142277238,10.1,15.502612089255424
