EMITTER_COEFFICIENT_SOLUTION,PRESSURE_OUTPUT,OUTPUT_DEMAND,FITNESS
0.8035885137761856,26.555759186322163,10.1,64.92332156849965
