EMITTER_COEFFICIENT_SOLUTION,PRESSURE_OUTPUT,OUTPUT_DEMAND,FITNESS
0.9420816653888804,26.54490730188183,10.1,219.73670127703176
