EMITTER_COEFFICIENT_SOLUTION,PRESSURE_OUTPUT,OUTPUT_DEMAND,FITNESS
0.817720501805165,26.475387487633988,10.1,15.391502933567741
