EMITTER_COEFFICIENT_SOLUTION,PRESSURE_OUTPUT,OUTPUT_DEMAND,FITNESS
0.009665832796665885,26.61719973219605,10.1,13.013490973551352
