EMITTER_COEFFICIENT_SOLUTION,PRESSURE_OUTPUT,OUTPUT_DEMAND,FITNESS
0.5073461595032001,26.578838498680618,10.1,25.986109231987395
