EMITTER_COEFFICIENT_SOLUTION,PRESSURE_OUTPUT,OUTPUT_DEMAND,FITNESS
0.15041149519373453,26.60640366075709,10.1,15.140673512695228
