EMITTER_COEFFICIENT_SOLUTION,PRESSURE_OUTPUT,OUTPUT_DEMAND,FITNESS
0.08345954215942242,26.533788737778607,10.1,152.21480958626583
