EMITTER_COEFFICIENT_SOLUTION,PRESSURE_OUTPUT,OUTPUT_DEMAND,FITNESS
0.3708509126299764,26.51106088593506,10.1,34.13258789767977
