EMITTER_COEFFICIENT_SOLUTION,PRESSURE_OUTPUT,OUTPUT_DEMAND,FITNESS
0.2942752084804958,26.51713322293771,10.1,43.05672092516429
