EMITTER_COEFFICIENT_SOLUTION,PRESSURE_OUTPUT,OUTPUT_DEMAND,FITNESS
0.9963399083363222,26.461015693234565,10.1,12.603552754478862
