EMITTER_COEFFICIENT_SOLUTION,PRESSURE_OUTPUT,OUTPUT_DEMAND,FITNESS
0.3453067199479618,26.513087829381604,10.1,36.66956537383195
