EMITTER_COEFFICIENT_SOLUTION,PRESSURE_OUTPUT,OUTPUT_DEMAND,FITNESS
0.3715254094715972,26.51100734629891,10.1,34.070326204861445
