EMITTER_COEFFICIENT_SOLUTION,PRESSURE_OUTPUT,OUTPUT_DEMAND,FITNESS
0.21709041558929743,26.523241758360292,10.1,58.42267289082531
