EMITTER_COEFFICIENT_SOLUTION,PRESSURE_OUTPUT,OUTPUT_DEMAND,FITNESS
0.5599070684323699,26.574756913458316,10.1,29.06933419323881
