EMITTER_COEFFICIENT_SOLUTION,PRESSURE_OUTPUT,OUTPUT_DEMAND,FITNESS
0.9857783916947618,26.541475187471697,10.1,893.8254190565997
