EMITTER_COEFFICIENT_SOLUTION,PRESSURE_OUTPUT,OUTPUT_DEMAND,FITNESS
0.4371417835898379,26.505794481291993,10.1,28.931904001215173
