EMITTER_COEFFICIENT_SOLUTION,PRESSURE_OUTPUT,OUTPUT_DEMAND,FITNESS
0.41340712910266686,26.50768108157461,10.1,30.602265573810207
