EMITTER_COEFFICIENT_SOLUTION,PRESSURE_OUTPUT,OUTPUT_DEMAND,FITNESS
0.830546788463311,28.875313290540035,1.2,10.54980605617349
