EMITTER_COEFFICIENT_SOLUTION,PRESSURE_OUTPUT,OUTPUT_DEMAND,FITNESS
0.7478642257401519,28.885402351934523,1.2,11.806457545937782
