EMITTER_COEFFICIENT_SOLUTION,PRESSURE_OUTPUT,OUTPUT_DEMAND,FITNESS
0.17494492146746354,28.95136377416157,1.2,53.367520534792135
