EMITTER_COEFFICIENT_SOLUTION,PRESSURE_OUTPUT,OUTPUT_DEMAND,FITNESS
0.3858926252747127,28.92788837671894,1.2,23.689168056046633
