EMITTER_COEFFICIENT_SOLUTION,PRESSURE_OUTPUT,OUTPUT_DEMAND,FITNESS
0.618773061053476,28.900870158577277,1.2,14.44427020653715
