EMITTER_COEFFICIENT_SOLUTION,PRESSURE_OUTPUT,OUTPUT_DEMAND,FITNESS
0.9093745709839757,28.865563205779665,1.2,9.565848499611523
