EMITTER_COEFFICIENT_SOLUTION,PRESSURE_OUTPUT,OUTPUT_DEMAND,FITNESS
0.5031846100350895,28.914423773273498,1.2,17.960418583666492
