EMITTER_COEFFICIENT_SOLUTION,PRESSURE_OUTPUT,OUTPUT_DEMAND,FITNESS
0.695643218203044,28.89170136897122,1.2,12.755037948106933
