EMITTER_COEFFICIENT_SOLUTION,PRESSURE_OUTPUT,OUTPUT_DEMAND,FITNESS
0.1565460476205004,28.95336575481953,1.2,59.751405103564544
