EMITTER_COEFFICIENT_SOLUTION,PRESSURE_OUTPUT,OUTPUT_DEMAND,FITNESS
0.5087970533670901,28.913772176886518,1.2,17.752660198042744
