EMITTER_COEFFICIENT_SOLUTION,PRESSURE_OUTPUT,OUTPUT_DEMAND,FITNESS
0.008230588465766187,28.969234272075717,1.2,1152.7499146153339
