EMITTER_COEFFICIENT_SOLUTION,PRESSURE_OUTPUT,OUTPUT_DEMAND,FITNESS
0.46323563601600337,28.919042532984015,1.2,19.585097566048084
