EMITTER_COEFFICIENT_SOLUTION,PRESSURE_OUTPUT,OUTPUT_DEMAND,FITNESS
0.1490121060643167,28.954183400201487,1.2,62.82053107483803
