EMITTER_COEFFICIENT_SOLUTION,PRESSURE_OUTPUT,OUTPUT_DEMAND,FITNESS
0.9926486004611205,28.85512466571648,1.2,8.69738429910825
