EMITTER_COEFFICIENT_SOLUTION,PRESSURE_OUTPUT,OUTPUT_DEMAND,FITNESS
0.9310846895061867,28.86285548734959,1.2,9.324333126296859
