EMITTER_COEFFICIENT_SOLUTION,PRESSURE_OUTPUT,OUTPUT_DEMAND,FITNESS
0.6688372886683213,28.8949127011482,1.2,13.299806865481111
