EMITTER_COEFFICIENT_SOLUTION,PRESSURE_OUTPUT,OUTPUT_DEMAND,FITNESS
0.3923491562664484,28.927154804469367,1.2,23.284535995310964
