EMITTER_COEFFICIENT_SOLUTION,PRESSURE_OUTPUT,OUTPUT_DEMAND,FITNESS
0.41539096487377847,28.924529617671055,1.2,21.94322857688829
