EMITTER_COEFFICIENT_SOLUTION,PRESSURE_OUTPUT,OUTPUT_DEMAND,FITNESS
0.5416820764916229,28.909940906582783,1.2,16.622103820245275
