EMITTER_COEFFICIENT_SOLUTION,PRESSURE_OUTPUT,OUTPUT_DEMAND,FITNESS
0.09297851210527053,28.960225843648182,1.2,101.2563967145531
