EMITTER_COEFFICIENT_SOLUTION,PRESSURE_OUTPUT,OUTPUT_DEMAND,FITNESS
0.6838357797471372,28.893117739162008,1.2,12.989708138745407
