EMITTER_COEFFICIENT_SOLUTION,PRESSURE_OUTPUT,OUTPUT_DEMAND,FITNESS
0.9983891627077078,28.854399854011206,1.2,8.642899753394452
