EMITTER_COEFFICIENT_SOLUTION,PRESSURE_OUTPUT,OUTPUT_DEMAND,FITNESS
0.8764067711230338,28.869656496586643,1.2,9.955670749605146
