EMITTER_COEFFICIENT_SOLUTION,PRESSURE_OUTPUT,OUTPUT_DEMAND,FITNESS
0.47010086406824414,28.91825120489812,1.2,19.286195522185395
