EMITTER_COEFFICIENT_SOLUTION,PRESSURE_OUTPUT,OUTPUT_DEMAND,FITNESS
0.15658010929523936,28.953362055364266,1.2,59.738200114808976
