EMITTER_COEFFICIENT_SOLUTION,PRESSURE_OUTPUT,OUTPUT_DEMAND,FITNESS
0.5064206728807893,28.914048152426403,1.2,17.84006402340146
