EMITTER_COEFFICIENT_SOLUTION,PRESSURE_OUTPUT,OUTPUT_DEMAND,FITNESS
0.3950081568064542,28.926852438124094,1.2,23.121748250460595
