EMITTER_COEFFICIENT_SOLUTION,PRESSURE_OUTPUT,OUTPUT_DEMAND,FITNESS
0.696794544518453,28.891563105248615,1.2,12.732583285894858
