EMITTER_COEFFICIENT_SOLUTION,PRESSURE_OUTPUT,OUTPUT_DEMAND,FITNESS
0.40757300876343205,28.925421596482003,1.2,22.381295318655532
