EMITTER_COEFFICIENT_SOLUTION,PRESSURE_OUTPUT,OUTPUT_DEMAND,FITNESS
0.9261953607416374,28.86346613491225,1.2,9.377728800924768
