EMITTER_COEFFICIENT_SOLUTION,PRESSURE_OUTPUT,OUTPUT_DEMAND,FITNESS
0.4217443785718421,28.923803775528107,1.2,21.599211029912773
