EMITTER_COEFFICIENT_SOLUTION,PRESSURE_OUTPUT,OUTPUT_DEMAND,FITNESS
0.5696492376508054,28.906664651958593,1.2,15.763643469875642
