EMITTER_COEFFICIENT_SOLUTION,PRESSURE_OUTPUT,OUTPUT_DEMAND,FITNESS
0.19518404129132672,28.949153072049498,1.2,47.73567981140511
