EMITTER_COEFFICIENT_SOLUTION,PRESSURE_OUTPUT,OUTPUT_DEMAND,FITNESS
0.16046194086887822,28.952940282560405,1.2,58.270031423771705
