EMITTER_COEFFICIENT_SOLUTION,PRESSURE_OUTPUT,OUTPUT_DEMAND,FITNESS
0.15552669717152778,28.953476455304532,1.2,60.14926297641725
