EMITTER_COEFFICIENT_SOLUTION,PRESSURE_OUTPUT,OUTPUT_DEMAND,FITNESS
0.08057158014036225,28.961554500786015,1.2,116.9965287114111
