EMITTER_COEFFICIENT_SOLUTION,PRESSURE_OUTPUT,OUTPUT_DEMAND,FITNESS
0.9392270286169909,28.861837471396818,1.2,9.236655834571735
