EMITTER_COEFFICIENT_SOLUTION,PRESSURE_OUTPUT,OUTPUT_DEMAND,FITNESS
0.4099842169565876,28.925146631835148,1.2,22.24440182475247
