EMITTER_COEFFICIENT_SOLUTION,PRESSURE_OUTPUT,OUTPUT_DEMAND,FITNESS
0.8819278021617275,28.868972561089976,1.2,9.888340675844283
