EMITTER_COEFFICIENT_SOLUTION,PRESSURE_OUTPUT,OUTPUT_DEMAND,FITNESS
0.09080153609776331,28.960459217853597,1.2,103.7070599944889
