EMITTER_COEFFICIENT_SOLUTION,PRESSURE_OUTPUT,OUTPUT_DEMAND,FITNESS
0.21100838289311674,28.947418410117066,1.2,44.08519360257851
