EMITTER_COEFFICIENT_SOLUTION,PRESSURE_OUTPUT,OUTPUT_DEMAND,FITNESS
0.2870486425588409,28.939007444932358,1.2,32.160216548397145
