EMITTER_COEFFICIENT_SOLUTION,PRESSURE_OUTPUT,OUTPUT_DEMAND,FITNESS
0.4872097850399312,28.91627478052257,1.2,18.57804311902507
