EMITTER_COEFFICIENT_SOLUTION,PRESSURE_OUTPUT,OUTPUT_DEMAND,FITNESS
0.07839908144702068,28.961786805803996,1.2,120.26520229774832
