EMITTER_COEFFICIENT_SOLUTION,PRESSURE_OUTPUT,OUTPUT_DEMAND,FITNESS
0.50024211015159,28.914765127085374,1.2,18.071210597919634
