EMITTER_COEFFICIENT_SOLUTION,PRESSURE_OUTPUT,OUTPUT_DEMAND,FITNESS
0.9159019571318062,28.86475011670551,1.2,9.492020636646515
