EMITTER_COEFFICIENT_SOLUTION,PRESSURE_OUTPUT,OUTPUT_DEMAND,FITNESS
0.5277167084172919,28.911570730261566,1.2,17.08495398990125
