EMITTER_COEFFICIENT_SOLUTION,PRESSURE_OUTPUT,OUTPUT_DEMAND,FITNESS
0.016892977179903457,28.96832072222324,1.2,561.4694825337293
