EMITTER_COEFFICIENT_SOLUTION,PRESSURE_OUTPUT,OUTPUT_DEMAND,FITNESS
0.46128760548217473,28.919266892853763,1.2,19.671536459920286
