EMITTER_COEFFICIENT_SOLUTION,PRESSURE_OUTPUT,OUTPUT_DEMAND,FITNESS
0.9676175447066658,28.858277261536728,1.2,8.942584027687957
