EMITTER_COEFFICIENT_SOLUTION,PRESSURE_OUTPUT,OUTPUT_DEMAND,FITNESS
0.718557433372936,28.888944388822047,1.2,12.321739226771056
