EMITTER_COEFFICIENT_SOLUTION,PRESSURE_OUTPUT,OUTPUT_DEMAND,FITNESS
0.43081284462777136,28.922766266213756,1.2,21.12579500633392
