EMITTER_COEFFICIENT_SOLUTION,PRESSURE_OUTPUT,OUTPUT_DEMAND,FITNESS
0.10854403272441837,28.95855418676586,1.2,86.59825979080284
