EMITTER_COEFFICIENT_SOLUTION,PRESSURE_OUTPUT,OUTPUT_DEMAND,FITNESS
0.23807340464734728,28.94443900075121,1.2,38.96696673999591
