EMITTER_COEFFICIENT_SOLUTION,PRESSURE_OUTPUT,OUTPUT_DEMAND,FITNESS
0.8630734198773914,28.871305622246517,1.2,10.121852869493955
