EMITTER_COEFFICIENT_SOLUTION,PRESSURE_OUTPUT,OUTPUT_DEMAND,FITNESS
0.4101078139351274,28.925132533988638,1.2,22.237428208124864
