EMITTER_COEFFICIENT_SOLUTION,PRESSURE_OUTPUT,OUTPUT_DEMAND,FITNESS
0.5467246904987825,28.909351399488997,1.2,16.460806873827245
