EMITTER_COEFFICIENT_SOLUTION,PRESSURE_OUTPUT,OUTPUT_DEMAND,FITNESS
0.6089884229108081,28.902028363653272,1.2,14.690025923921025
