EMITTER_COEFFICIENT_SOLUTION,PRESSURE_OUTPUT,OUTPUT_DEMAND,FITNESS
0.8522432847549372,28.87264244545385,1.2,10.260691599012429
