EMITTER_COEFFICIENT_SOLUTION,PRESSURE_OUTPUT,OUTPUT_DEMAND,FITNESS
0.1349444114434165,28.95570683733832,1.2,69.46892459606315
