EMITTER_COEFFICIENT_SOLUTION,PRESSURE_OUTPUT,OUTPUT_DEMAND,FITNESS
0.1634851159898999,28.95261157861539,1.2,57.17492637122072
