EMITTER_COEFFICIENT_SOLUTION,PRESSURE_OUTPUT,OUTPUT_DEMAND,FITNESS
0.740088913269651,28.8863438203715,1.2,11.939166239506681
