EMITTER_COEFFICIENT_SOLUTION,PRESSURE_OUTPUT,OUTPUT_DEMAND,FITNESS
0.1583959729985739,28.95316479701173,1.2,59.04245218687917
