EMITTER_COEFFICIENT_SOLUTION,PRESSURE_OUTPUT,OUTPUT_DEMAND,FITNESS
0.25990549390238515,28.942024119625067,1.2,35.61552475730055
