EMITTER_COEFFICIENT_SOLUTION,PRESSURE_OUTPUT,OUTPUT_DEMAND,FITNESS
0.30485439161850236,28.937019921943993,1.2,30.228063808120957
