EMITTER_COEFFICIENT_SOLUTION,PRESSURE_OUTPUT,OUTPUT_DEMAND,FITNESS
0.05815255163410582,28.963946796987663,1.2,162.4704361526874
