EMITTER_COEFFICIENT_SOLUTION,PRESSURE_OUTPUT,OUTPUT_DEMAND,FITNESS
0.6830030563612975,28.89321751937949,1.2,13.006566155985096
