EMITTER_COEFFICIENT_SOLUTION,PRESSURE_OUTPUT,OUTPUT_DEMAND,FITNESS
0.6384863500576053,28.898530609441572,1.2,13.972109591067708
