EMITTER_COEFFICIENT_SOLUTION,PRESSURE_OUTPUT,OUTPUT_DEMAND,FITNESS
0.5942145052179643,28.903773343045373,1.2,15.076493633448848
