EMITTER_COEFFICIENT_SOLUTION,PRESSURE_OUTPUT,OUTPUT_DEMAND,FITNESS
0.2187881601130316,28.94656360514137,1.2,42.48420837698127
