EMITTER_COEFFICIENT_SOLUTION,PRESSURE_OUTPUT,OUTPUT_DEMAND,FITNESS
0.47367793893591126,28.917838493530205,1.2,19.133896742787837
