EMITTER_COEFFICIENT_SOLUTION,PRESSURE_OUTPUT,OUTPUT_DEMAND,FITNESS
0.27305634036763016,28.9405645260179,1.2,33.8555702829251
