EMITTER_COEFFICIENT_SOLUTION,PRESSURE_OUTPUT,OUTPUT_DEMAND,FITNESS
0.7765679349016433,28.88191591897352,1.2,11.339688494382376
