EMITTER_COEFFICIENT_SOLUTION,PRESSURE_OUTPUT,OUTPUT_DEMAND,FITNESS
0.17645401592857513,28.95119924353601,1.2,52.90300089280557
