EMITTER_COEFFICIENT_SOLUTION,PRESSURE_OUTPUT,OUTPUT_DEMAND,FITNESS
0.33740929450894364,28.933368466541758,1.2,27.22325787548558
