EMITTER_COEFFICIENT_SOLUTION,PRESSURE_OUTPUT,OUTPUT_DEMAND,FITNESS
0.2021581372856115,28.948389240858596,1.2,46.056372310834576
