EMITTER_COEFFICIENT_SOLUTION,PRESSURE_OUTPUT,OUTPUT_DEMAND,FITNESS
0.8108849932035516,28.87772527252757,1.2,10.825265126664132
