EMITTER_COEFFICIENT_SOLUTION,PRESSURE_OUTPUT,OUTPUT_DEMAND,FITNESS
0.6839382515980742,28.893105459579125,1.2,12.987636504254032
