EMITTER_COEFFICIENT_SOLUTION,PRESSURE_OUTPUT,OUTPUT_DEMAND,FITNESS
0.3291698181115227,28.93429477852314,1.2,27.92751237680755
