EMITTER_COEFFICIENT_SOLUTION,PRESSURE_OUTPUT,OUTPUT_DEMAND,FITNESS
0.7405864762015567,28.886283610904393,1.2,11.930589924953281
