EMITTER_COEFFICIENT_SOLUTION,PRESSURE_OUTPUT,OUTPUT_DEMAND,FITNESS
0.023295671442707166,28.967644422672166,1.2,406.9440525007646
