EMITTER_COEFFICIENT_SOLUTION,PRESSURE_OUTPUT,OUTPUT_DEMAND,FITNESS
0.7128584130482213,28.889631101780083,1.2,12.426889325855552
