EMITTER_COEFFICIENT_SOLUTION,PRESSURE_OUTPUT,OUTPUT_DEMAND,FITNESS
0.8850486433420591,28.86858567953532,1.2,9.850655843195518
