EMITTER_COEFFICIENT_SOLUTION,PRESSURE_OUTPUT,OUTPUT_DEMAND,FITNESS
0.741128247812269,28.88621804595227,1.2,11.921264771210884
