EMITTER_COEFFICIENT_SOLUTION,PRESSURE_OUTPUT,OUTPUT_DEMAND,FITNESS
0.31844285241792003,28.935498562980598,1.2,28.899061406688485
