EMITTER_COEFFICIENT_SOLUTION,PRESSURE_OUTPUT,OUTPUT_DEMAND,FITNESS
0.0277223192189876,28.96717632074106,1.2,341.8286665221998
