EMITTER_COEFFICIENT_SOLUTION,PRESSURE_OUTPUT,OUTPUT_DEMAND,FITNESS
0.4669348104183283,28.918616267714626,1.2,19.422946131819007
