EMITTER_COEFFICIENT_SOLUTION,PRESSURE_OUTPUT,OUTPUT_DEMAND,FITNESS
0.1830543853205292,28.95047905065274,1.2,50.96135469108915
