EMITTER_COEFFICIENT_SOLUTION,PRESSURE_OUTPUT,OUTPUT_DEMAND,FITNESS
0.15210595125913196,28.953847779968505,1.2,61.52338185704214
