EMITTER_COEFFICIENT_SOLUTION,PRESSURE_OUTPUT,OUTPUT_DEMAND,FITNESS
0.052383880158761165,28.964560581107413,1.2,180.46691722121744
