EMITTER_COEFFICIENT_SOLUTION,PRESSURE_OUTPUT,OUTPUT_DEMAND,FITNESS
0.4165370144616328,28.92439875138767,1.2,21.88039620167135
