EMITTER_COEFFICIENT_SOLUTION,PRESSURE_OUTPUT,OUTPUT_DEMAND,FITNESS
0.3227734921303106,28.93501287377193,1.2,28.499049818819888
