EMITTER_COEFFICIENT_SOLUTION,PRESSURE_OUTPUT,OUTPUT_DEMAND,FITNESS
0.08219911578123063,28.961380400958745,1.2,114.66099034899226
