EMITTER_COEFFICIENT_SOLUTION,PRESSURE_OUTPUT,OUTPUT_DEMAND,FITNESS
0.7617328215089579,28.883719966947517,1.2,11.576513184388743
