EMITTER_COEFFICIENT_SOLUTION,PRESSURE_OUTPUT,OUTPUT_DEMAND,FITNESS
0.4523979022753094,28.920289721773024,1.2,20.075467234749865
