EMITTER_COEFFICIENT_SOLUTION,PRESSURE_OUTPUT,OUTPUT_DEMAND,FITNESS
0.5661689108926199,28.907073257065434,1.2,15.86583699543349
