EMITTER_COEFFICIENT_SOLUTION,PRESSURE_OUTPUT,OUTPUT_DEMAND,FITNESS
0.6264774108363232,28.899956784625495,1.2,14.256188030458619
