EMITTER_COEFFICIENT_SOLUTION,PRESSURE_OUTPUT,OUTPUT_DEMAND,FITNESS
0.8297003031264197,28.87541729632126,1.2,10.561394449286142
