EMITTER_COEFFICIENT_SOLUTION,PRESSURE_OUTPUT,OUTPUT_DEMAND,FITNESS
0.29837325111481106,28.937744151810996,1.2,30.90463002791491
