EMITTER_COEFFICIENT_SOLUTION,PRESSURE_OUTPUT,OUTPUT_DEMAND,FITNESS
0.8033163356248091,28.878651617424254,1.2,10.934919726453485
