EMITTER_COEFFICIENT_SOLUTION,PRESSURE_OUTPUT,OUTPUT_DEMAND,FITNESS
0.3337162151258076,28.933783835839108,1.2,27.53461114929009
