EMITTER_COEFFICIENT_SOLUTION,PRESSURE_OUTPUT,OUTPUT_DEMAND,FITNESS
0.2823670321888544,28.939528886730997,1.2,32.70873154765263
