EMITTER_COEFFICIENT_SOLUTION,PRESSURE_OUTPUT,OUTPUT_DEMAND,FITNESS
0.39394754516002284,28.92697306289167,1.2,23.186416452994617
