EMITTER_COEFFICIENT_SOLUTION,PRESSURE_OUTPUT,OUTPUT_DEMAND,FITNESS
0.43701616065839277,28.9220555472262,1.2,20.813293731873646
