EMITTER_COEFFICIENT_SOLUTION,PRESSURE_OUTPUT,OUTPUT_DEMAND,FITNESS
0.10522159525077768,28.95891144351966,1.2,89.36295417198492
