EMITTER_COEFFICIENT_SOLUTION,PRESSURE_OUTPUT,OUTPUT_DEMAND,FITNESS
0.40527082504347456,28.925684012855385,1.2,22.513522150050026
