EMITTER_COEFFICIENT_SOLUTION,PRESSURE_OUTPUT,OUTPUT_DEMAND,FITNESS
0.4773792297876963,28.917411165107673,1.2,18.978718053400755
