EMITTER_COEFFICIENT_SOLUTION,PRESSURE_OUTPUT,OUTPUT_DEMAND,FITNESS
0.5937175055751973,28.903831965097197,1.2,15.089830251638553
