EMITTER_COEFFICIENT_SOLUTION,PRESSURE_OUTPUT,OUTPUT_DEMAND,FITNESS
0.06300771276156081,28.963429644746064,1.2,149.87744124113317
