EMITTER_COEFFICIENT_SOLUTION,PRESSURE_OUTPUT,OUTPUT_DEMAND,FITNESS
0.9271994818288575,28.863340766247106,1.2,9.366716601915083
