EMITTER_COEFFICIENT_SOLUTION,PRESSURE_OUTPUT,OUTPUT_DEMAND,FITNESS
0.6406052239438952,28.89827865979786,1.2,13.923096559324396
