EMITTER_COEFFICIENT_SOLUTION,PRESSURE_OUTPUT,OUTPUT_DEMAND,FITNESS
0.9234984755389127,28.86380274986361,1.2,9.407425066518629
