EMITTER_COEFFICIENT_SOLUTION,PRESSURE_OUTPUT,OUTPUT_DEMAND,FITNESS
0.2005281069034489,28.948567862701772,1.2,46.438405942814526
