EMITTER_COEFFICIENT_SOLUTION,PRESSURE_OUTPUT,OUTPUT_DEMAND,FITNESS
0.050188182254885194,28.964794010704658,1.2,188.40367049660168
