EMITTER_COEFFICIENT_SOLUTION,PRESSURE_OUTPUT,OUTPUT_DEMAND,FITNESS
0.5495972948046862,28.909015337936417,1.2,16.37024920383796
