EMITTER_COEFFICIENT_SOLUTION,PRESSURE_OUTPUT,OUTPUT_DEMAND,FITNESS
0.1375443871870684,28.95542560181036,1.2,68.13770933237039
