EMITTER_COEFFICIENT_SOLUTION,PRESSURE_OUTPUT,OUTPUT_DEMAND,FITNESS
0.5291333565934657,28.91140558829965,1.2,17.03688539191796
