EMITTER_COEFFICIENT_SOLUTION,PRESSURE_OUTPUT,OUTPUT_DEMAND,FITNESS
0.805478595928326,28.87838709439567,1.2,10.903381280861199
