EMITTER_COEFFICIENT_SOLUTION,PRESSURE_OUTPUT,OUTPUT_DEMAND,FITNESS
0.789166223622732,28.880380303264197,1.2,11.145605564200036
