EMITTER_COEFFICIENT_SOLUTION,PRESSURE_OUTPUT,OUTPUT_DEMAND,FITNESS
0.14198619471687068,28.954944797646924,1.2,65.9762677945929
