EMITTER_COEFFICIENT_SOLUTION,PRESSURE_OUTPUT,OUTPUT_DEMAND,FITNESS
0.19624350591177764,28.949037103062466,1.2,47.47287668665982
