EMITTER_COEFFICIENT_SOLUTION,PRESSURE_OUTPUT,OUTPUT_DEMAND,FITNESS
0.16974497026309787,28.951930325797314,1.2,55.03142063501936
