EMITTER_COEFFICIENT_SOLUTION,PRESSURE_OUTPUT,OUTPUT_DEMAND,FITNESS
0.06935517386213996,28.96275275988048,1.2,136.07287876058902
