EMITTER_COEFFICIENT_SOLUTION,PRESSURE_OUTPUT,OUTPUT_DEMAND,FITNESS
0.8094034627602648,28.877906693556426,1.2,10.846567033050357
