EMITTER_COEFFICIENT_SOLUTION,PRESSURE_OUTPUT,OUTPUT_DEMAND,FITNESS
0.16381673062626378,28.95257551071844,1.2,57.05726405936847
