EMITTER_COEFFICIENT_SOLUTION,PRESSURE_OUTPUT,OUTPUT_DEMAND,FITNESS
0.7686651634361256,28.88287751611479,1.2,11.464702036351744
