EMITTER_COEFFICIENT_SOLUTION,PRESSURE_OUTPUT,OUTPUT_DEMAND,FITNESS
0.5276365139061171,28.911580077455135,1.2,17.08768283085612
