EMITTER_COEFFICIENT_SOLUTION,PRESSURE_OUTPUT,OUTPUT_DEMAND,FITNESS
0.5080615624290695,28.913857604205965,1.2,17.779624103422112
