EMITTER_COEFFICIENT_SOLUTION,PRESSURE_OUTPUT,OUTPUT_DEMAND,FITNESS
0.9187728993425178,28.864392218719694,1.2,9.459883755414316
