EMITTER_COEFFICIENT_SOLUTION,PRESSURE_OUTPUT,OUTPUT_DEMAND,FITNESS
0.14153360095298095,28.954993808377473,1.2,66.19029710437307
