EMITTER_COEFFICIENT_SOLUTION,PRESSURE_OUTPUT,OUTPUT_DEMAND,FITNESS
0.4385368274006308,28.921881198385726,1.2,20.738040078926375
