EMITTER_COEFFICIENT_SOLUTION,PRESSURE_OUTPUT,OUTPUT_DEMAND,FITNESS
0.23292377580844958,28.945007110062598,1.2,39.84912664731892
