EMITTER_COEFFICIENT_SOLUTION,PRESSURE_OUTPUT,OUTPUT_DEMAND,FITNESS
0.6980720982186986,28.89140965044478,1.2,12.70775390962145
