EMITTER_COEFFICIENT_SOLUTION,PRESSURE_OUTPUT,OUTPUT_DEMAND,FITNESS
0.6473201640759846,28.897479583631103,1.2,13.769897980921593
