EMITTER_COEFFICIENT_SOLUTION,PRESSURE_OUTPUT,OUTPUT_DEMAND,FITNESS
0.900271651126339,28.86669565815496,1.2,9.670608928209106
