EMITTER_COEFFICIENT_SOLUTION,PRESSURE_OUTPUT,OUTPUT_DEMAND,FITNESS
0.852008529671422,28.87267139581038,1.2,10.263740450092822
