EMITTER_COEFFICIENT_SOLUTION,PRESSURE_OUTPUT,OUTPUT_DEMAND,FITNESS
0.5129067817238243,28.913294621290547,1.2,17.603420472590297
