EMITTER_COEFFICIENT_SOLUTION,PRESSURE_OUTPUT,OUTPUT_DEMAND,FITNESS
0.8845606400246459,28.868646189087613,1.2,9.856530914936933
