EMITTER_COEFFICIENT_SOLUTION,PRESSURE_OUTPUT,OUTPUT_DEMAND,FITNESS,NODE
0.2822644919364069,28.93025394462898,0.89,27.93121218920595,N15
