EMITTER_COEFFICIENT_SOLUTION,PRESSURE_OUTPUT,OUTPUT_DEMAND,FITNESS,NODE
0.5515803755708178,28.89272187989495,0.89,13.636182755342388,N15
