EMITTER_COEFFICIENT_SOLUTION,PRESSURE_OUTPUT,OUTPUT_DEMAND,FITNESS,NODE
0.6297542546607684,28.881229024213077,0.89,11.78867687166068,N15
