EMITTER_COEFFICIENT_SOLUTION,PRESSURE_OUTPUT,OUTPUT_DEMAND,FITNESS,NODE
0.29878960295277623,28.928044404451327,0.89,26.307633049736772,N15
