EMITTER_COEFFICIENT_SOLUTION,PRESSURE_OUTPUT,OUTPUT_DEMAND,FITNESS,NODE
0.46585950136650967,28.9050172204157,0.89,16.38297750903004,N15
