EMITTER_COEFFICIENT_SOLUTION,PRESSURE_OUTPUT,OUTPUT_DEMAND,FITNESS,NODE
0.8562163478308065,28.84645099032447,0.89,8.360840802329333,N15
