EMITTER_COEFFICIENT_SOLUTION,PRESSURE_OUTPUT,OUTPUT_DEMAND,FITNESS,NODE
0.9192426831896836,28.836384846770436,0.89,7.711804367121155,N15
