EMITTER_COEFFICIENT_SOLUTION,PRESSURE_OUTPUT,OUTPUT_DEMAND,FITNESS,NODE
0.20132049402853103,28.940897364238864,0.89,39.74748938261442,N15
