EMITTER_COEFFICIENT_SOLUTION,PRESSURE_OUTPUT,OUTPUT_DEMAND,FITNESS,NODE
0.6344184501713871,28.880534924524284,0.89,11.692998711531732,N15
