EMITTER_COEFFICIENT_SOLUTION,PRESSURE_OUTPUT,OUTPUT_DEMAND,FITNESS,NODE
0.8693002594387395,28.844375058357656,0.89,8.218201290103611,N15
