EMITTER_COEFFICIENT_SOLUTION,PRESSURE_OUTPUT,OUTPUT_DEMAND,FITNESS,NODE
0.621834241217573,28.88240547966494,0.89,11.954471684244995,N15
