EMITTER_COEFFICIENT_SOLUTION,PRESSURE_OUTPUT,OUTPUT_DEMAND,FITNESS,NODE
0.06892694106478747,28.957655473715604,0.89,119.03752546587056,N15
