EMITTER_COEFFICIENT_SOLUTION,PRESSURE_OUTPUT,OUTPUT_DEMAND,FITNESS,NODE
0.3335720197547204,28.92335339774025,0.89,23.41767461192842,N15
