EMITTER_COEFFICIENT_SOLUTION,PRESSURE_OUTPUT,OUTPUT_DEMAND,FITNESS,NODE
0.7980808494123907,28.855587481361283,0.89,9.052337523640254,N15
