EMITTER_COEFFICIENT_SOLUTION,PRESSURE_OUTPUT,OUTPUT_DEMAND,FITNESS,NODE
0.5882823951506413,28.887359171651987,0.89,12.706962373986613,N15
