EMITTER_COEFFICIENT_SOLUTION,PRESSURE_OUTPUT,OUTPUT_DEMAND,FITNESS,NODE
0.14393710546073302,28.94826074171636,0.89,56.19415763013897,N15
