EMITTER_COEFFICIENT_SOLUTION,PRESSURE_OUTPUT,OUTPUT_DEMAND,FITNESS,NODE
0.09129767754778695,28.954881136770346,0.89,89.48506456818667,N15
