EMITTER_COEFFICIENT_SOLUTION,PRESSURE_OUTPUT,OUTPUT_DEMAND,FITNESS,NODE
0.509131691884471,28.898850838988118,0.89,14.879768422798893,N15
