EMITTER_COEFFICIENT_SOLUTION,PRESSURE_OUTPUT,OUTPUT_DEMAND,FITNESS,NODE
0.4788800010605483,28.903170450215768,0.89,15.901857358608334,N15
