EMITTER_COEFFICIENT_SOLUTION,PRESSURE_OUTPUT,OUTPUT_DEMAND,FITNESS,NODE
0.22596256167792006,28.937688825717025,0.89,35.25178200440903,N15
