EMITTER_COEFFICIENT_SOLUTION,PRESSURE_OUTPUT,OUTPUT_DEMAND,FITNESS,NODE
0.4982061574769918,28.90041553215788,0.89,15.234461294722337,N15
