EMITTER_COEFFICIENT_SOLUTION,PRESSURE_OUTPUT,OUTPUT_DEMAND,FITNESS,NODE
0.4050820667297659,28.913538337615115,0.89,19.04114565145328,N15
