EMITTER_COEFFICIENT_SOLUTION,PRESSURE_OUTPUT,OUTPUT_DEMAND,FITNESS,NODE
0.2846782549655087,28.929931976507852,0.89,27.68226667479876,N15
