EMITTER_COEFFICIENT_SOLUTION,PRESSURE_OUTPUT,OUTPUT_DEMAND,FITNESS,NODE
0.28738260073771094,28.929570934359802,0.89,27.408335029008065,N15
