EMITTER_COEFFICIENT_SOLUTION,PRESSURE_OUTPUT,OUTPUT_DEMAND,FITNESS,NODE
0.031225860801186722,28.962277738224074,0.89,264.65894590281573,N15
