EMITTER_COEFFICIENT_SOLUTION,PRESSURE_OUTPUT,OUTPUT_DEMAND,FITNESS,NODE
0.3582054564220457,28.919998212113384,0.89,21.711767063724018,N15
