EMITTER_COEFFICIENT_SOLUTION,PRESSURE_OUTPUT,OUTPUT_DEMAND,FITNESS,NODE
0.7900917216458327,28.85683184983086,0.89,9.155468783464139,N15
