EMITTER_COEFFICIENT_SOLUTION,PRESSURE_OUTPUT,OUTPUT_DEMAND,FITNESS,NODE
0.9422677075012128,28.832665882675194,0.89,7.496796807797245,N15
