EMITTER_COEFFICIENT_SOLUTION,PRESSURE_OUTPUT,OUTPUT_DEMAND,FITNESS,NODE
0.27074309266708374,28.93178712504551,0.89,29.180840465317523,N15
