EMITTER_COEFFICIENT_SOLUTION,PRESSURE_OUTPUT,OUTPUT_DEMAND,FITNESS,NODE
0.9028713118703335,28.839015616841664,0.89,7.871501259711711,N15
