EMITTER_COEFFICIENT_SOLUTION,PRESSURE_OUTPUT,OUTPUT_DEMAND,FITNESS,NODE
0.3662343611394072,28.918898755501985,0.89,21.205565907260535,N15
