EMITTER_COEFFICIENT_SOLUTION,PRESSURE_OUTPUT,OUTPUT_DEMAND,FITNESS,NODE
0.6093436014449404,28.88425534256723,0.89,12.224812829431114,N15
