EMITTER_COEFFICIENT_SOLUTION,PRESSURE_OUTPUT,OUTPUT_DEMAND,FITNESS,NODE
0.0009719341974496754,28.96593830890813,0.89,8483.414047947306,N15
