EMITTER_COEFFICIENT_SOLUTION,PRESSURE_OUTPUT,OUTPUT_DEMAND,FITNESS,NODE
0.16396720105804863,28.94570776991206,0.89,49.14387423101467,N15
