EMITTER_COEFFICIENT_SOLUTION,PRESSURE_OUTPUT,OUTPUT_DEMAND,FITNESS,NODE
0.5498221738687568,28.892977303994265,0.89,13.683843715715293,N15
