EMITTER_COEFFICIENT_SOLUTION,PRESSURE_OUTPUT,OUTPUT_DEMAND,FITNESS,NODE
0.6522618457808766,28.87787088829289,0.89,11.339758737993284,N15
