EMITTER_COEFFICIENT_SOLUTION,PRESSURE_OUTPUT,OUTPUT_DEMAND,FITNESS,NODE
0.3003609789880567,28.92783365534452,0.89,26.162579593689777,N15
