EMITTER_COEFFICIENT_SOLUTION,PRESSURE_OUTPUT,OUTPUT_DEMAND,FITNESS,NODE
0.11157560822445178,28.95234609770722,0.89,72.93899062994547,N15
