EMITTER_COEFFICIENT_SOLUTION,PRESSURE_OUTPUT,OUTPUT_DEMAND,FITNESS,NODE
0.298973971501608,28.928019683174902,0.89,26.29053478305177,N15
