EMITTER_COEFFICIENT_SOLUTION,PRESSURE_OUTPUT,OUTPUT_DEMAND,FITNESS,NODE
0.7678867000807171,28.860276203980014,0.89,9.453584516666176,N15
