EMITTER_COEFFICIENT_SOLUTION,PRESSURE_OUTPUT,OUTPUT_DEMAND,FITNESS,NODE
0.352322723677746,28.920801943301953,0.89,22.097375645720177,N15
