EMITTER_COEFFICIENT_SOLUTION,PRESSURE_OUTPUT,OUTPUT_DEMAND,FITNESS,NODE
0.09917536740727917,28.9538985922483,0.89,82.25311867962843,N15
