EMITTER_COEFFICIENT_SOLUTION,PRESSURE_OUTPUT,OUTPUT_DEMAND,FITNESS,NODE
0.8033380530363771,28.854767153084616,0.89,8.985611375991752,N15
