EMITTER_COEFFICIENT_SOLUTION,PRESSURE_OUTPUT,OUTPUT_DEMAND,FITNESS,NODE
0.30627130954577597,28.927039976819735,0.89,25.630373158879586,N15
