EMITTER_COEFFICIENT_SOLUTION,PRESSURE_OUTPUT,OUTPUT_DEMAND,FITNESS,NODE
0.021565743525886694,28.963451283713177,0.89,383.8915621031195,N15
