EMITTER_COEFFICIENT_SOLUTION,PRESSURE_OUTPUT,OUTPUT_DEMAND,FITNESS,NODE
0.6695296645579375,28.87527970139201,0.89,11.016068804034406,N15
