EMITTER_COEFFICIENT_SOLUTION,PRESSURE_OUTPUT,OUTPUT_DEMAND,FITNESS,NODE
0.5796623655776413,28.888623959891447,0.89,12.914519580874675,N15
