EMITTER_COEFFICIENT_SOLUTION,PRESSURE_OUTPUT,OUTPUT_DEMAND,FITNESS,NODE
0.3747677357038921,28.917727053553662,0.89,20.691453577039276,N15
