EMITTER_COEFFICIENT_SOLUTION,PRESSURE_OUTPUT,OUTPUT_DEMAND,FITNESS,NODE
0.7148774723523745,28.868413779283237,0.89,10.241451781443448,N15
