EMITTER_COEFFICIENT_SOLUTION,PRESSURE_OUTPUT,OUTPUT_DEMAND,FITNESS,NODE
0.5916506420337966,28.886864081631842,0.89,12.627521496520712,N15
