EMITTER_COEFFICIENT_SOLUTION,PRESSURE_OUTPUT,OUTPUT_DEMAND,FITNESS,NODE
0.34201172603735797,28.92220694128232,0.89,22.8054099201597,N15
