EMITTER_COEFFICIENT_SOLUTION,PRESSURE_OUTPUT,OUTPUT_DEMAND,FITNESS,NODE
0.7650958649248324,28.86070762270346,0.89,9.492298413062464,N15
