EMITTER_COEFFICIENT_SOLUTION,PRESSURE_OUTPUT,OUTPUT_DEMAND,FITNESS,NODE
0.4994590609579058,28.900236364843487,0.89,15.192991757593537,N15
