EMITTER_COEFFICIENT_SOLUTION,PRESSURE_OUTPUT,OUTPUT_DEMAND,FITNESS,NODE
0.11187882082242284,28.95230804598806,0.89,72.7371121220909,N15
