EMITTER_COEFFICIENT_SOLUTION,PRESSURE_OUTPUT,OUTPUT_DEMAND,FITNESS,NODE
0.3121133412561441,28.926253919121926,0.89,25.12419716162957,N15
