EMITTER_COEFFICIENT_SOLUTION,PRESSURE_OUTPUT,OUTPUT_DEMAND,FITNESS,NODE
0.028315975056550702,28.962631707039534,0.89,292.0152284891149,N15
