EMITTER_COEFFICIENT_SOLUTION,PRESSURE_OUTPUT,OUTPUT_DEMAND,FITNESS,NODE
0.05647112439278079,28.959190008908905,0.89,145.641452262798,N15
