EMITTER_COEFFICIENT_SOLUTION,PRESSURE_OUTPUT,OUTPUT_DEMAND,FITNESS,NODE
0.315322914489922,28.925821408550334,0.89,24.854120338304234,N15
