EMITTER_COEFFICIENT_SOLUTION,PRESSURE_OUTPUT,OUTPUT_DEMAND,FITNESS,NODE
0.6617630841730869,28.876446735396648,0.89,11.159537230725702,N15
