EMITTER_COEFFICIENT_SOLUTION,PRESSURE_OUTPUT,OUTPUT_DEMAND,FITNESS,NODE
0.21966390522724932,28.938511593513397,0.89,36.304766579658526,N15
