EMITTER_COEFFICIENT_SOLUTION,PRESSURE_OUTPUT,OUTPUT_DEMAND,FITNESS,NODE
0.0629564580111236,28.958391938140196,0.89,130.47594767498845,N15
