EMITTER_COEFFICIENT_SOLUTION,PRESSURE_OUTPUT,OUTPUT_DEMAND,FITNESS,NODE
0.6140141463725827,28.88356442692944,0.89,12.122423033768932,N15
