EMITTER_COEFFICIENT_SOLUTION,PRESSURE_OUTPUT,OUTPUT_DEMAND,FITNESS,NODE
0.018480314476804094,28.963825180005884,0.89,448.22829342240715,N15
