EMITTER_COEFFICIENT_SOLUTION,PRESSURE_OUTPUT,OUTPUT_DEMAND,FITNESS,NODE
0.5119442531925152,28.89844719087494,0.89,14.790931272666297,N15
