EMITTER_COEFFICIENT_SOLUTION,PRESSURE_OUTPUT,OUTPUT_DEMAND,FITNESS,NODE
0.8991440350713826,28.839612994123897,0.89,7.9086899446905266,N15
