EMITTER_COEFFICIENT_SOLUTION,PRESSURE_OUTPUT,OUTPUT_DEMAND,FITNESS,NODE
0.9208064479558019,28.836132972425744,0.89,7.696853954348627,N15
