EMITTER_COEFFICIENT_SOLUTION,PRESSURE_OUTPUT,OUTPUT_DEMAND,FITNESS,NODE
0.3088152441669231,28.926697874478805,0.89,25.407594022216227,N15
