EMITTER_COEFFICIENT_SOLUTION,PRESSURE_OUTPUT,OUTPUT_DEMAND,FITNESS,NODE
0.860891959965757,28.845709972475625,0.89,8.309359894991085,N15
