EMITTER_COEFFICIENT_SOLUTION,PRESSURE_OUTPUT,OUTPUT_DEMAND,FITNESS,NODE
0.07446610539389376,28.956970714307467,0.89,110.06583214823077,N15
