EMITTER_COEFFICIENT_SOLUTION,PRESSURE_OUTPUT,OUTPUT_DEMAND,FITNESS,NODE
0.6907585097126457,28.87207652954102,0.89,10.640600720418819,N15
