EMITTER_COEFFICIENT_SOLUTION,PRESSURE_OUTPUT,OUTPUT_DEMAND,FITNESS,NODE
0.7878303894842063,28.857183577524502,0.89,9.185046764235576,N15
