EMITTER_COEFFICIENT_SOLUTION,PRESSURE_OUTPUT,OUTPUT_DEMAND,FITNESS,NODE
0.20658190061525838,28.940214636358597,0.89,38.697369727615424,N15
