EMITTER_COEFFICIENT_SOLUTION,PRESSURE_OUTPUT,OUTPUT_DEMAND,FITNESS,NODE
0.4187914907752933,28.91163057135858,0.89,18.373701555269786,N15
