EMITTER_COEFFICIENT_SOLUTION,PRESSURE_OUTPUT,OUTPUT_DEMAND,FITNESS,NODE
0.43372880124146707,28.909542424418213,0.89,17.69480516568003,N15
