EMITTER_COEFFICIENT_SOLUTION,PRESSURE_OUTPUT,OUTPUT_DEMAND,FITNESS,NODE
0.7335406140479683,28.865562450525033,0.89,9.950869031600957,N15
