EMITTER_COEFFICIENT_SOLUTION,PRESSURE_OUTPUT,OUTPUT_DEMAND,FITNESS,NODE
0.4164780185609356,28.911953094350146,0.89,18.483232101738462,N15
