EMITTER_COEFFICIENT_SOLUTION,PRESSURE_OUTPUT,OUTPUT_DEMAND,FITNESS,NODE
0.7796008546883648,28.858461764857203,0.89,9.294162183993382,N15
