EMITTER_COEFFICIENT_SOLUTION,PRESSURE_OUTPUT,OUTPUT_DEMAND,FITNESS,NODE
0.17242148875029217,28.944624645994473,0.89,46.66020270667705,N15
