EMITTER_COEFFICIENT_SOLUTION,PRESSURE_OUTPUT,OUTPUT_DEMAND,FITNESS,NODE
0.7010548914705762,28.87051595553953,0.89,10.466794934436377,N15
