EMITTER_COEFFICIENT_SOLUTION,PRESSURE_OUTPUT,OUTPUT_DEMAND,FITNESS,NODE
0.4505074976955056,28.9071850583937,0.89,16.986255249638294,N15
