EMITTER_COEFFICIENT_SOLUTION,PRESSURE_OUTPUT,OUTPUT_DEMAND,FITNESS,NODE
0.8927791623376463,28.840631755073943,0.89,7.972928342453443,N15
