EMITTER_COEFFICIENT_SOLUTION,PRESSURE_OUTPUT,OUTPUT_DEMAND,FITNESS,NODE
0.8537451879188815,28.846842261517494,0.89,8.388281859824799,N15
