EMITTER_COEFFICIENT_SOLUTION,PRESSURE_OUTPUT,OUTPUT_DEMAND,FITNESS,NODE
0.05422220154716628,28.95946629369054,0.89,151.74754854983883,N15
