EMITTER_COEFFICIENT_SOLUTION,PRESSURE_OUTPUT,OUTPUT_DEMAND,FITNESS,NODE
0.8162341845874385,28.852749890571666,0.89,8.825634942912323,N15
