EMITTER_COEFFICIENT_SOLUTION,PRESSURE_OUTPUT,OUTPUT_DEMAND,FITNESS,NODE
0.023428067297573185,28.963225386264085,0.89,353.2570653755186,N15
