EMITTER_COEFFICIENT_SOLUTION,PRESSURE_OUTPUT,OUTPUT_DEMAND,FITNESS,NODE
0.3437914336734543,28.92196477557789,0.89,22.680154499481862,N15
