EMITTER_COEFFICIENT_SOLUTION,PRESSURE_OUTPUT,OUTPUT_DEMAND,FITNESS,NODE
0.3027776690642626,28.927509316910864,0.89,25.942444202905634,N15
