EMITTER_COEFFICIENT_SOLUTION,PRESSURE_OUTPUT,OUTPUT_DEMAND,FITNESS,NODE
0.7529308685145698,28.862584260659993,0.89,9.664457261385508,N15
