EMITTER_COEFFICIENT_SOLUTION,PRESSURE_OUTPUT,OUTPUT_DEMAND,FITNESS,NODE
0.05536255721202399,28.959326228450998,0.89,148.5893478258834,N15
