EMITTER_COEFFICIENT_SOLUTION,PRESSURE_OUTPUT,OUTPUT_DEMAND,FITNESS,NODE
0.3676081888539817,28.918710337889813,0.89,21.121176203532645,N15
