EMITTER_COEFFICIENT_SOLUTION,PRESSURE_OUTPUT,OUTPUT_DEMAND,FITNESS,NODE
0.23959181571456745,28.935902283106522,0.89,33.163202926830515,N15
