EMITTER_COEFFICIENT_SOLUTION,PRESSURE_OUTPUT,OUTPUT_DEMAND,FITNESS,NODE
0.5767313002806064,28.889053288406508,0.89,12.986524293543491,N15
