EMITTER_COEFFICIENT_SOLUTION,PRESSURE_OUTPUT,OUTPUT_DEMAND,FITNESS,NODE
0.004332357431588663,28.965533854801073,0.89,1914.4941792185748,N15
