EMITTER_COEFFICIENT_SOLUTION,PRESSURE_OUTPUT,OUTPUT_DEMAND,FITNESS,NODE
0.10602823342015988,28.95304150946243,0.89,76.83633156132758,N15
