EMITTER_COEFFICIENT_SOLUTION,PRESSURE_OUTPUT,OUTPUT_DEMAND,FITNESS,NODE
0.2441895037932904,28.935297698212892,0.89,32.51135126018432,N15
