EMITTER_COEFFICIENT_SOLUTION,PRESSURE_OUTPUT,OUTPUT_DEMAND,FITNESS,NODE
0.47281669022900674,28.904031374439953,0.89,16.122580225309964,N15
