EMITTER_COEFFICIENT_SOLUTION,PRESSURE_OUTPUT,OUTPUT_DEMAND,FITNESS,NODE
0.5321825432955015,28.895532432730832,0.89,14.17961968755875,N15
