EMITTER_COEFFICIENT_SOLUTION,PRESSURE_OUTPUT,OUTPUT_DEMAND,FITNESS,NODE
0.48191103562847226,28.902739468325493,0.89,15.793617184491998,N15
