EMITTER_COEFFICIENT_SOLUTION,PRESSURE_OUTPUT,OUTPUT_DEMAND,FITNESS,NODE
0.2840796759029379,28.930011844669387,0.89,27.743605893830125,N15
