EMITTER_COEFFICIENT_SOLUTION,PRESSURE_OUTPUT,OUTPUT_DEMAND,FITNESS,NODE
0.10824029742628483,28.952764380101215,0.89,75.23432174570634,N15
