EMITTER_COEFFICIENT_SOLUTION,PRESSURE_OUTPUT,OUTPUT_DEMAND,FITNESS,NODE
0.7321853275238988,28.865770011163605,0.89,9.971464180776218,N15
