EMITTER_COEFFICIENT_SOLUTION,PRESSURE_OUTPUT,OUTPUT_DEMAND,FITNESS,NODE
0.357267927025787,28.920126406483952,0.89,21.772366664750642,N15
