EMITTER_COEFFICIENT_SOLUTION,PRESSURE_OUTPUT,OUTPUT_DEMAND,FITNESS,NODE
0.8743412932638077,28.843573308402576,0.89,8.164406485102694,N15
