EMITTER_COEFFICIENT_SOLUTION,PRESSURE_OUTPUT,OUTPUT_DEMAND,FITNESS,NODE
0.9035487656749461,28.838906977494716,0.89,7.864775659398918,N15
