EMITTER_COEFFICIENT_SOLUTION,PRESSURE_OUTPUT,OUTPUT_DEMAND,FITNESS,NODE
0.33722009376420703,28.922858233466606,0.89,23.149245319213772,N15
