EMITTER_COEFFICIENT_SOLUTION,PRESSURE_OUTPUT,OUTPUT_DEMAND,FITNESS,NODE
0.21012433046986956,28.939754249928384,0.89,38.02001487916826,N15
