EMITTER_COEFFICIENT_SOLUTION,PRESSURE_OUTPUT,OUTPUT_DEMAND,FITNESS,NODE
0.9505406419066529,28.831324238608687,0.89,7.422144632486999,N15
