EMITTER_COEFFICIENT_SOLUTION,PRESSURE_OUTPUT,OUTPUT_DEMAND,FITNESS,NODE
0.5537180316107144,28.892411148334787,0.89,13.57864741449985,N15
