EMITTER_COEFFICIENT_SOLUTION,PRESSURE_OUTPUT,OUTPUT_DEMAND,FITNESS,NODE
0.8695055788778213,28.844342424283894,0.89,8.21599781382161,N15
