EMITTER_COEFFICIENT_SOLUTION,PRESSURE_OUTPUT,OUTPUT_DEMAND,FITNESS,NODE
0.02120675954636375,28.963494809084864,0.89,390.4150155494286,N15
