EMITTER_COEFFICIENT_SOLUTION,PRESSURE_OUTPUT,OUTPUT_DEMAND,FITNESS,NODE
0.8549567649315364,28.846650458615294,0.89,8.374807658538874,N15
