EMITTER_COEFFICIENT_SOLUTION,PRESSURE_OUTPUT,OUTPUT_DEMAND,FITNESS,NODE
0.24021428345677764,28.93582048654889,0.89,33.07348660174039,N15
