EMITTER_COEFFICIENT_SOLUTION,PRESSURE_OUTPUT,OUTPUT_DEMAND,FITNESS,NODE
0.7600988537414964,28.861479252094824,0.89,9.562338107047369,N15
