EMITTER_COEFFICIENT_SOLUTION,PRESSURE_OUTPUT,OUTPUT_DEMAND,FITNESS,NODE
0.677381692269923,28.874097186500563,0.89,10.874411484143591,N15
