EMITTER_COEFFICIENT_SOLUTION,PRESSURE_OUTPUT,OUTPUT_DEMAND,FITNESS,NODE
0.375399325287884,28.917640201644588,0.89,20.654335830299406,N15
