EMITTER_COEFFICIENT_SOLUTION,PRESSURE_OUTPUT,OUTPUT_DEMAND,FITNESS,NODE
0.7284110690378843,28.86634762070483,0.89,10.02922865502123,N15
