EMITTER_COEFFICIENT_SOLUTION,PRESSURE_OUTPUT,OUTPUT_DEMAND,FITNESS,NODE
0.5470489440240265,28.89337991246458,0.89,13.759648804776983,N15
