EMITTER_COEFFICIENT_SOLUTION,PRESSURE_OUTPUT,OUTPUT_DEMAND,FITNESS,NODE
0.8157981748925874,28.852818208012998,0.89,8.830959524013682,N15
