EMITTER_COEFFICIENT_SOLUTION,PRESSURE_OUTPUT,OUTPUT_DEMAND,FITNESS,NODE
0.3958981921267889,28.914811659271365,0.89,19.514279167859158,N15
