EMITTER_COEFFICIENT_SOLUTION,PRESSURE_OUTPUT,OUTPUT_DEMAND,FITNESS,NODE
0.6221047721885724,28.882365339234028,0.89,11.948737990975195,N15
