EMITTER_COEFFICIENT_SOLUTION,PRESSURE_OUTPUT,OUTPUT_DEMAND,FITNESS,NODE
0.2101961356514268,28.939744911927583,0.89,38.00652138855651,N15
