EMITTER_COEFFICIENT_SOLUTION,PRESSURE_OUTPUT,OUTPUT_DEMAND,FITNESS,NODE
0.7414018306304123,28.864356965331567,0.89,9.832917043342466,N15
