EMITTER_COEFFICIENT_SOLUTION,PRESSURE_OUTPUT,OUTPUT_DEMAND,FITNESS,NODE
0.7257512501816513,28.866754311229784,0.89,10.070303330367437,N15
