EMITTER_COEFFICIENT_SOLUTION,PRESSURE_OUTPUT,OUTPUT_DEMAND,FITNESS,NODE
0.1428667143716853,28.94839664727867,0.89,56.626620715432026,N15
