EMITTER_COEFFICIENT_SOLUTION,PRESSURE_OUTPUT,OUTPUT_DEMAND,FITNESS,NODE
0.035136033852784965,28.961801459479787,0.89,235.0327336330892,N15
