EMITTER_COEFFICIENT_SOLUTION,PRESSURE_OUTPUT,OUTPUT_DEMAND,FITNESS,NODE
0.6733222646901923,28.87470886747616,0.89,10.947228844681968,N15
