EMITTER_COEFFICIENT_SOLUTION,PRESSURE_OUTPUT,OUTPUT_DEMAND,FITNESS,NODE
0.12586831786321373,28.950547773263736,0.89,64.48113152210921,N15
