EMITTER_COEFFICIENT_SOLUTION,PRESSURE_OUTPUT,OUTPUT_DEMAND,FITNESS,NODE
0.4624817630062408,28.90549508093995,0.89,16.512248238422526,N15
