EMITTER_COEFFICIENT_SOLUTION,PRESSURE_OUTPUT,OUTPUT_DEMAND,FITNESS,NODE
0.3558347681614379,28.920322295254856,0.89,21.865622717933096,N15
