EMITTER_COEFFICIENT_SOLUTION,PRESSURE_OUTPUT,OUTPUT_DEMAND,FITNESS,NODE
0.7567381201757024,28.861997611836088,0.89,9.609972154965744,N15
