EMITTER_COEFFICIENT_SOLUTION,PRESSURE_OUTPUT,OUTPUT_DEMAND,FITNESS,NODE
0.08491739912257834,28.955674787750425,0.89,96.326138153112,N15
