EMITTER_COEFFICIENT_SOLUTION,PRESSURE_OUTPUT,OUTPUT_DEMAND,FITNESS,NODE
0.7250724890011313,28.86685804640704,0.89,10.080834220417355,N15
