EMITTER_COEFFICIENT_SOLUTION,PRESSURE_OUTPUT,OUTPUT_DEMAND,FITNESS,NODE
0.4397883943537305,28.908692505779356,0.89,17.432633271044484,N15
