EMITTER_COEFFICIENT_SOLUTION,PRESSURE_OUTPUT,OUTPUT_DEMAND,FITNESS,NODE
0.2087081464934607,28.939938371149374,0.89,38.28804233886307,N15
