EMITTER_COEFFICIENT_SOLUTION,PRESSURE_OUTPUT,OUTPUT_DEMAND,FITNESS,NODE
0.7705838932699086,28.859858945595803,0.89,9.416440543939725,N15
