EMITTER_COEFFICIENT_SOLUTION,PRESSURE_OUTPUT,OUTPUT_DEMAND,FITNESS,NODE
0.9784604891106131,28.826775319278788,0.89,7.179737057147394,N15
