EMITTER_COEFFICIENT_SOLUTION,PRESSURE_OUTPUT,OUTPUT_DEMAND,FITNESS,NODE
0.26465888645137736,28.932594333252126,0.89,29.884776798184244,N15
