EMITTER_COEFFICIENT_SOLUTION,PRESSURE_OUTPUT,OUTPUT_DEMAND,FITNESS,NODE
0.4669926358144626,28.904856798982593,0.89,16.34003294929571,N15
