EMITTER_COEFFICIENT_SOLUTION,PRESSURE_OUTPUT,OUTPUT_DEMAND,FITNESS,NODE
0.39330105415255256,28.915171064002415,0.89,19.65210971603333,N15
