EMITTER_COEFFICIENT_SOLUTION,PRESSURE_OUTPUT,OUTPUT_DEMAND,FITNESS,NODE
0.8080024230572563,28.854038348279573,0.89,8.927149644525075,N15
