EMITTER_COEFFICIENT_SOLUTION,PRESSURE_OUTPUT,OUTPUT_DEMAND,FITNESS,NODE
0.5731267746659209,28.88958074910842,0.89,13.07609398414662,N15
