EMITTER_COEFFICIENT_SOLUTION,PRESSURE_OUTPUT,OUTPUT_DEMAND,FITNESS,NODE
0.7629841716977503,28.86103383636167,0.89,9.521782779023109,N15
