EMITTER_COEFFICIENT_SOLUTION,PRESSURE_OUTPUT,OUTPUT_DEMAND,FITNESS,NODE
0.9908525326145065,28.824745906186074,0.89,7.076625999640761,N15
