EMITTER_COEFFICIENT_SOLUTION,PRESSURE_OUTPUT,OUTPUT_DEMAND,FITNESS,NODE
0.35174157179549026,28.920881259197316,0.89,22.13617312165127,N15
