EMITTER_COEFFICIENT_SOLUTION,PRESSURE_OUTPUT,OUTPUT_DEMAND,FITNESS,NODE
0.7760371608159353,28.85901437373549,0.89,9.342143775779464,N15
