EMITTER_COEFFICIENT_SOLUTION,PRESSURE_OUTPUT,OUTPUT_DEMAND,FITNESS,NODE
0.142526872783582,28.948439785219243,0.89,56.765284443201494,N15
