EMITTER_COEFFICIENT_SOLUTION,PRESSURE_OUTPUT,OUTPUT_DEMAND,FITNESS,NODE
0.5940356866288801,28.88651321169433,0.89,12.571820566070619,N15
