EMITTER_COEFFICIENT_SOLUTION,PRESSURE_OUTPUT,OUTPUT_DEMAND,FITNESS,NODE
0.6831954882755323,28.87321991947949,0.89,10.771652477040783,N15
