EMITTER_COEFFICIENT_SOLUTION,PRESSURE_OUTPUT,OUTPUT_DEMAND,FITNESS,NODE
0.012962602961281489,28.964492696258674,0.89,639.5948671238281,N15
