EMITTER_COEFFICIENT_SOLUTION,PRESSURE_OUTPUT,OUTPUT_DEMAND,FITNESS,NODE
0.9005691869978615,28.83938465134782,0.89,7.894433448767033,N15
