EMITTER_COEFFICIENT_SOLUTION,PRESSURE_OUTPUT,OUTPUT_DEMAND,FITNESS,NODE
0.22256418964849056,28.938132966706803,0.89,35.812489607575536,N15
