EMITTER_COEFFICIENT_SOLUTION,PRESSURE_OUTPUT,OUTPUT_DEMAND,FITNESS,NODE
0.8688453690551369,28.844447353644725,0.89,8.22308693212527,N15
