EMITTER_COEFFICIENT_SOLUTION,PRESSURE_OUTPUT,OUTPUT_DEMAND,FITNESS,NODE
0.04462002015058919,28.960643257721294,0.89,184.74288820542785,N15
