EMITTER_COEFFICIENT_SOLUTION,PRESSURE_OUTPUT,OUTPUT_DEMAND,FITNESS,NODE
0.23433082598320942,28.936592906980273,0.89,33.94055359687054,N15
