EMITTER_COEFFICIENT_SOLUTION,PRESSURE_OUTPUT,OUTPUT_DEMAND,FITNESS,NODE
0.3123633434643104,28.926220246416477,0.89,25.10296006517972,N15
