EMITTER_COEFFICIENT_SOLUTION,PRESSURE_OUTPUT,OUTPUT_DEMAND,FITNESS,NODE
0.8991650843101082,28.839609622162364,0.89,7.908479042966781,N15
