EMITTER_COEFFICIENT_SOLUTION,PRESSURE_OUTPUT,OUTPUT_DEMAND,FITNESS,NODE
0.0709056155462533,28.957411032659095,0.89,115.67174843312694,N15
