EMITTER_COEFFICIENT_SOLUTION,PRESSURE_OUTPUT,OUTPUT_DEMAND,FITNESS,NODE
0.9738727707430952,28.827525016942275,0.89,7.21859208258042,N15
