EMITTER_COEFFICIENT_SOLUTION,PRESSURE_OUTPUT,OUTPUT_DEMAND,FITNESS,NODE
0.4972682976935493,28.900549602498288,0.89,15.265641205247166,N15
