EMITTER_COEFFICIENT_SOLUTION,PRESSURE_OUTPUT,OUTPUT_DEMAND,FITNESS,NODE
0.7042159526587035,28.870035935332282,0.89,10.41446979427258,N15
