EMITTER_COEFFICIENT_SOLUTION,PRESSURE_OUTPUT,OUTPUT_DEMAND,FITNESS,NODE
0.873903207796627,28.843643026045555,0.89,8.169056337918988,N15
