EMITTER_COEFFICIENT_SOLUTION,PRESSURE_OUTPUT,OUTPUT_DEMAND,FITNESS,NODE
0.16267382172560219,28.94587318047713,0.89,49.54663466257393,N15
