EMITTER_COEFFICIENT_SOLUTION,PRESSURE_OUTPUT,OUTPUT_DEMAND,FITNESS,NODE
0.8814202777116121,28.84244562741965,0.89,8.089923803061465,N15
