EMITTER_COEFFICIENT_SOLUTION,PRESSURE_OUTPUT,OUTPUT_DEMAND,FITNESS,NODE
0.4916391997472128,28.901353488393944,0.89,15.4553061513941,N15
