EMITTER_COEFFICIENT_SOLUTION,PRESSURE_OUTPUT,OUTPUT_DEMAND,FITNESS,NODE
0.42728072843574993,28.91044504205236,0.89,17.98200737098554,N15
