EMITTER_COEFFICIENT_SOLUTION,PRESSURE_OUTPUT,OUTPUT_DEMAND,FITNESS,NODE
0.4371788110691487,28.909058725616433,0.89,17.54464135132923,N15
