EMITTER_COEFFICIENT_SOLUTION,PRESSURE_OUTPUT,OUTPUT_DEMAND,FITNESS,NODE
0.6241270072499586,28.882065186715742,0.89,11.906037656061022,N15
