EMITTER_COEFFICIENT_SOLUTION,PRESSURE_OUTPUT,OUTPUT_DEMAND,FITNESS,NODE
0.47488745400346477,28.903737530887348,0.89,16.046559389436926,N15
