EMITTER_COEFFICIENT_SOLUTION,PRESSURE_OUTPUT,OUTPUT_DEMAND,FITNESS,NODE
0.6029771208303905,28.885195614303186,0.89,12.366966733894435,N15
