EMITTER_COEFFICIENT_SOLUTION,PRESSURE_OUTPUT,OUTPUT_DEMAND,FITNESS,NODE
0.7189887644173126,28.867786942429014,0.89,10.176123921113575,N15
