EMITTER_COEFFICIENT_SOLUTION,PRESSURE_OUTPUT,OUTPUT_DEMAND,FITNESS,NODE
0.7924574303875043,28.856463654876087,0.89,9.124709411627993,N15
