EMITTER_COEFFICIENT_SOLUTION,PRESSURE_OUTPUT,OUTPUT_DEMAND,FITNESS,NODE
0.8943548645132499,28.840379706798814,0.89,7.956938374803551,N15
