EMITTER_COEFFICIENT_SOLUTION,PRESSURE_OUTPUT,OUTPUT_DEMAND,FITNESS,NODE
0.955764927689843,28.830475529787712,0.89,7.375683435166572,N15
