EMITTER_COEFFICIENT_SOLUTION,PRESSURE_OUTPUT,OUTPUT_DEMAND,FITNESS,NODE
0.07412387173241186,28.957013063497023,0.89,110.58127344613584,N15
