EMITTER_COEFFICIENT_SOLUTION,PRESSURE_OUTPUT,OUTPUT_DEMAND,FITNESS,NODE
0.05946624669254874,28.958821681949416,0.89,138.226476327031,N15
