EMITTER_COEFFICIENT_SOLUTION,PRESSURE_OUTPUT,OUTPUT_DEMAND,FITNESS,NODE
0.5605280497520644,28.89141990749163,0.89,13.398310047942603,N15
