EMITTER_COEFFICIENT_SOLUTION,PRESSURE_OUTPUT,OUTPUT_DEMAND,FITNESS,NODE
0.05455534880214852,28.95942538090894,0.89,150.81124982797513,N15
