EMITTER_COEFFICIENT_SOLUTION,PRESSURE_OUTPUT,OUTPUT_DEMAND,FITNESS,NODE
0.5807803519657028,28.888460103997424,0.89,12.887248614380521,N15
