EMITTER_COEFFICIENT_SOLUTION,PRESSURE_OUTPUT,OUTPUT_DEMAND,FITNESS,NODE
0.5640173501387862,28.890911233574357,0.89,13.307613725184595,N15
