EMITTER_COEFFICIENT_SOLUTION,PRESSURE_OUTPUT,OUTPUT_DEMAND,FITNESS,NODE
0.3139706923487491,28.92600368581958,0.89,24.96723041050299,N15
