EMITTER_COEFFICIENT_SOLUTION,PRESSURE_OUTPUT,OUTPUT_DEMAND,FITNESS,NODE
0.8018087830327488,28.85500589965143,0.89,9.004929505982172,N15
