EMITTER_COEFFICIENT_SOLUTION,PRESSURE_OUTPUT,OUTPUT_DEMAND,FITNESS,NODE
0.7369979726967775,28.865032604171056,0.89,9.898678923302116,N15
