EMITTER_COEFFICIENT_SOLUTION,PRESSURE_OUTPUT,OUTPUT_DEMAND,FITNESS,NODE
0.17719001834295744,28.944012269218398,0.89,45.36398911565799,N15
