EMITTER_COEFFICIENT_SOLUTION,PRESSURE_OUTPUT,OUTPUT_DEMAND,FITNESS,NODE
0.20614171034216544,28.940271804798094,0.89,38.78316849953218,N15
