EMITTER_COEFFICIENT_SOLUTION,PRESSURE_OUTPUT,OUTPUT_DEMAND,FITNESS,NODE
0.8622640353744512,28.84549234316539,0.89,8.294360702693966,N15
