EMITTER_COEFFICIENT_SOLUTION,PRESSURE_OUTPUT,OUTPUT_DEMAND,FITNESS,NODE
0.4046902726719831,28.913592735647967,0.89,19.060888936733626,N15
