EMITTER_COEFFICIENT_SOLUTION,PRESSURE_OUTPUT,OUTPUT_DEMAND,FITNESS,NODE
0.48559274432158783,28.902215422524016,0.89,15.663973077377191,N15
