EMITTER_COEFFICIENT_SOLUTION,PRESSURE_OUTPUT,OUTPUT_DEMAND,FITNESS,NODE
0.3386389306492481,28.922665488720384,0.89,23.04641462747168,N15
