EMITTER_COEFFICIENT_SOLUTION,PRESSURE_OUTPUT,OUTPUT_DEMAND,FITNESS,NODE
0.3938255081154576,28.915098511727386,0.89,19.624129528751478,N15
