EMITTER_COEFFICIENT_SOLUTION,PRESSURE_OUTPUT,OUTPUT_DEMAND,FITNESS,NODE
0.6077830515832195,28.884485984442634,0.89,12.25937880701042,N15
