EMITTER_COEFFICIENT_SOLUTION,PRESSURE_OUTPUT,OUTPUT_DEMAND,FITNESS,NODE
0.9203344968201759,28.83620900001153,0.89,7.701360584353142,N15
