EMITTER_COEFFICIENT_SOLUTION,PRESSURE_OUTPUT,OUTPUT_DEMAND,FITNESS,NODE
0.13185717933446484,28.949791421708447,0.89,61.48260026140946,N15
