EMITTER_COEFFICIENT_SOLUTION,PRESSURE_OUTPUT,OUTPUT_DEMAND,FITNESS,NODE
0.501541967112321,28.89993835294259,0.89,15.124512617457997,N15
