EMITTER_COEFFICIENT_SOLUTION,PRESSURE_OUTPUT,OUTPUT_DEMAND,FITNESS,NODE
0.3848659520742266,28.91633627852986,0.89,20.112668170601417,N15
