EMITTER_COEFFICIENT_SOLUTION,PRESSURE_OUTPUT,OUTPUT_DEMAND,FITNESS,NODE
0.5829099663829832,28.888147829906913,0.89,12.835593643808195,N15
