EMITTER_COEFFICIENT_SOLUTION,PRESSURE_OUTPUT,OUTPUT_DEMAND,FITNESS,NODE
0.8171980272151304,28.852598839521434,0.89,8.813884964010931,N15
