EMITTER_COEFFICIENT_SOLUTION,PRESSURE_OUTPUT,OUTPUT_DEMAND,FITNESS,NODE
0.7387900755835584,28.864757760169816,0.89,9.871821718952381,N15
