EMITTER_COEFFICIENT_SOLUTION,PRESSURE_OUTPUT,OUTPUT_DEMAND,FITNESS,NODE
0.5541832768673325,28.892343493423972,0.89,13.566184673715712,N15
