EMITTER_COEFFICIENT_SOLUTION,PRESSURE_OUTPUT,OUTPUT_DEMAND,FITNESS,NODE
0.5300980745664531,28.89583347152385,0.89,14.240406508878918,N15
