EMITTER_COEFFICIENT_SOLUTION,PRESSURE_OUTPUT,OUTPUT_DEMAND,FITNESS,NODE
0.31472026072338455,28.92590265545465,0.89,24.90441032054477,N15
