EMITTER_COEFFICIENT_SOLUTION,PRESSURE_OUTPUT,OUTPUT_DEMAND,FITNESS,NODE
0.5591283143341436,28.891623813079086,0.89,13.435014376647747,N15
