EMITTER_COEFFICIENT_SOLUTION,PRESSURE_OUTPUT,OUTPUT_DEMAND,FITNESS,NODE
0.9528469960620365,28.830949701425297,0.89,7.401569238533513,N15
