EMITTER_COEFFICIENT_SOLUTION,PRESSURE_OUTPUT,OUTPUT_DEMAND,FITNESS,NODE
0.9911059853282782,28.82470433222546,0.89,7.074544644760818,N15
