EMITTER_COEFFICIENT_SOLUTION,PRESSURE_OUTPUT,OUTPUT_DEMAND,FITNESS,NODE
0.9980024671132742,28.823572074376187,0.89,7.018326385658564,N15
