EMITTER_COEFFICIENT_SOLUTION,PRESSURE_OUTPUT,OUTPUT_DEMAND,FITNESS,NODE
0.12729800848532447,28.950367364815243,0.89,63.739651918672486,N15
