EMITTER_COEFFICIENT_SOLUTION,PRESSURE_OUTPUT,OUTPUT_DEMAND,FITNESS,NODE
0.9785377177657134,28.826762691530206,0.89,7.179086173092826,N15
