EMITTER_COEFFICIENT_SOLUTION,PRESSURE_OUTPUT,OUTPUT_DEMAND,FITNESS,NODE
0.6906569134660767,28.872091905318285,0.89,10.642341887440036,N15
