EMITTER_COEFFICIENT_SOLUTION,PRESSURE_OUTPUT,OUTPUT_DEMAND,FITNESS,NODE
0.6284740388404804,28.881419374171657,0.89,11.815189852316553,N15
