EMITTER_COEFFICIENT_SOLUTION,PRESSURE_OUTPUT,OUTPUT_DEMAND,FITNESS,NODE
0.09199108265991562,28.954794768381838,0.89,88.79876723878053,N15
