EMITTER_COEFFICIENT_SOLUTION,PRESSURE_OUTPUT,OUTPUT_DEMAND,FITNESS,NODE
0.08313993014905696,28.955895549700045,0.89,98.41903327050478,N15
