EMITTER_COEFFICIENT_SOLUTION,PRESSURE_OUTPUT,OUTPUT_DEMAND,FITNESS,NODE
0.1362317932359315,28.949237884980555,0.89,59.45903810885234,N15
