EMITTER_COEFFICIENT_SOLUTION,PRESSURE_OUTPUT,OUTPUT_DEMAND,FITNESS,NODE
0.0781888331399131,28.9565096957309,0.89,104.75053909852124,N15
