EMITTER_COEFFICIENT_SOLUTION,PRESSURE_OUTPUT,OUTPUT_DEMAND,FITNESS,NODE
0.5758971204332063,28.889175406706286,0.89,13.007152235686574,N15
