EMITTER_COEFFICIENT_SOLUTION,PRESSURE_OUTPUT,OUTPUT_DEMAND,FITNESS,NODE
0.7755853304947469,28.859084398801663,0.89,9.348259259621988,N15
