EMITTER_COEFFICIENT_SOLUTION,PRESSURE_OUTPUT,OUTPUT_DEMAND,FITNESS,NODE
0.19723772309343002,28.941426274744117,0.89,40.601039543282575,N15
