EMITTER_COEFFICIENT_SOLUTION,PRESSURE_OUTPUT,OUTPUT_DEMAND,FITNESS,NODE
0.7839496188225468,28.85778668625153,0.89,9.236211514009074,N15
