EMITTER_COEFFICIENT_SOLUTION,PRESSURE_OUTPUT,OUTPUT_DEMAND,FITNESS,NODE
0.5912267595906486,28.88692641416739,0.89,12.637468516644208,N15
