EMITTER_COEFFICIENT_SOLUTION,PRESSURE_OUTPUT,OUTPUT_DEMAND,FITNESS,NODE
0.7807844973037105,28.85827810224317,0.89,9.278324176276012,N15
