EMITTER_COEFFICIENT_SOLUTION,PRESSURE_OUTPUT,OUTPUT_DEMAND,FITNESS,NODE
0.1869517803815477,28.942755390365363,0.89,42.9169894700713,N15
