EMITTER_COEFFICIENT_SOLUTION,PRESSURE_OUTPUT,OUTPUT_DEMAND,FITNESS,NODE
0.6375612013474475,28.880066707078797,0.89,11.629329689962903,N15
