EMITTER_COEFFICIENT_SOLUTION,PRESSURE_OUTPUT,OUTPUT_DEMAND,FITNESS,NODE
0.5617239458880019,28.89124562832386,0.89,13.36709725662139,N15
