EMITTER_COEFFICIENT_SOLUTION,PRESSURE_OUTPUT,OUTPUT_DEMAND,FITNESS,NODE
0.7667719297449274,28.860448569536594,0.89,9.469014013247754,N15
