EMITTER_COEFFICIENT_SOLUTION,PRESSURE_OUTPUT,OUTPUT_DEMAND,FITNESS,NODE
0.48496043405958666,28.902305466576692,0.89,15.686097496209177,N15
