EMITTER_COEFFICIENT_SOLUTION,PRESSURE_OUTPUT,OUTPUT_DEMAND,FITNESS,NODE
0.5158469901434093,28.89788650946779,0.89,14.66927894008324,N15
