EMITTER_COEFFICIENT_SOLUTION,PRESSURE_OUTPUT,OUTPUT_DEMAND,FITNESS,NODE
0.9569274921021975,28.830286510991137,0.89,7.3654149948321495,N15
