EMITTER_COEFFICIENT_SOLUTION,PRESSURE_OUTPUT,OUTPUT_DEMAND,FITNESS,NODE
0.9514845725023963,28.831170977155566,0.89,7.413711323293398,N15
