EMITTER_COEFFICIENT_SOLUTION,PRESSURE_OUTPUT,OUTPUT_DEMAND,FITNESS,NODE
0.04562801219629187,28.960519909988044,0.89,180.6268332018457,N15
