EMITTER_COEFFICIENT_SOLUTION,PRESSURE_OUTPUT,OUTPUT_DEMAND,FITNESS,NODE
0.9572588937330054,28.830232618797204,0.89,7.362492539020323,N15
