EMITTER_COEFFICIENT_SOLUTION,PRESSURE_OUTPUT,OUTPUT_DEMAND,FITNESS,NODE
0.348528769669171,28.92131947047961,0.89,22.353004435716393,N15
