EMITTER_COEFFICIENT_SOLUTION,PRESSURE_OUTPUT,OUTPUT_DEMAND,FITNESS,NODE
0.35946977040736916,28.919825271998242,0.89,21.63054791461754,N15
