EMITTER_COEFFICIENT_SOLUTION,PRESSURE_OUTPUT,OUTPUT_DEMAND,FITNESS,NODE
0.3507473168254349,28.921016920459223,0.89,22.20284874668257,N15
