EMITTER_COEFFICIENT_SOLUTION,PRESSURE_OUTPUT,OUTPUT_DEMAND,FITNESS,NODE
0.5370436558104845,28.894829651932298,0.89,14.039711652157546,N15
