EMITTER_COEFFICIENT_SOLUTION,PRESSURE_OUTPUT,OUTPUT_DEMAND,FITNESS,NODE
0.7309598890001501,28.865957618104773,0.89,9.990152918623789,N15
