EMITTER_COEFFICIENT_SOLUTION,PRESSURE_OUTPUT,OUTPUT_DEMAND,FITNESS,NODE
0.03156233897459626,28.962236781956058,0.89,261.82095268298116,N15
