EMITTER_COEFFICIENT_SOLUTION,PRESSURE_OUTPUT,OUTPUT_DEMAND,FITNESS,NODE
0.7454430238024126,28.86373623747896,0.89,9.773265278748783,N15
