EMITTER_COEFFICIENT_SOLUTION,PRESSURE_OUTPUT,OUTPUT_DEMAND,FITNESS,NODE
0.2422630395327211,28.935551140999635,0.89,32.781462891545814,N15
