EMITTER_COEFFICIENT_SOLUTION,PRESSURE_OUTPUT,OUTPUT_DEMAND,FITNESS,NODE
0.6814941662473368,28.873476789282158,0.89,10.801539388653051,N15
