EMITTER_COEFFICIENT_SOLUTION,PRESSURE_OUTPUT,OUTPUT_DEMAND,FITNESS,NODE
0.6826670742527605,28.873299714062178,0.89,10.780918887206159,N15
