EMITTER_COEFFICIENT_SOLUTION,PRESSURE_OUTPUT,OUTPUT_DEMAND,FITNESS,NODE
0.3477190813014215,28.921429835105997,0.89,22.40828524929202,N15
