EMITTER_COEFFICIENT_SOLUTION,PRESSURE_OUTPUT,OUTPUT_DEMAND,FITNESS,NODE
0.9141250532482065,28.837208423027185,0.89,7.761097104751585,N15
