EMITTER_COEFFICIENT_SOLUTION,PRESSURE_OUTPUT,OUTPUT_DEMAND,FITNESS,NODE
0.8870674651044657,28.841544519912276,0.89,8.031375947239573,N15
