EMITTER_COEFFICIENT_SOLUTION,PRESSURE_OUTPUT,OUTPUT_DEMAND,FITNESS,NODE
0.6182339021914959,28.882939383365837,0.89,12.031261652985668,N15
