EMITTER_COEFFICIENT_SOLUTION,PRESSURE_OUTPUT,OUTPUT_DEMAND,FITNESS,NODE
0.47126247650309117,28.90425179466562,0.89,16.180080067894945,N15
