EMITTER_COEFFICIENT_SOLUTION,PRESSURE_OUTPUT,OUTPUT_DEMAND,FITNESS,NODE
0.3641790129375444,28.919180484405658,0.89,21.333014044232936,N15
