EMITTER_COEFFICIENT_SOLUTION,PRESSURE_OUTPUT,OUTPUT_DEMAND,FITNESS,NODE
0.8333994536986339,28.850053905164962,0.89,8.62052015685826,N15
