EMITTER_COEFFICIENT_SOLUTION,PRESSURE_OUTPUT,OUTPUT_DEMAND,FITNESS,NODE
0.5936957783334451,28.88656323157212,0.89,12.57973121592636,N15
