EMITTER_COEFFICIENT_SOLUTION,PRESSURE_OUTPUT,OUTPUT_DEMAND,FITNESS,NODE
0.3144177201611916,28.925943436351325,0.89,24.92972955678443,N15
