EMITTER_COEFFICIENT_SOLUTION,PRESSURE_OUTPUT,OUTPUT_DEMAND,FITNESS,NODE
0.9551967658785617,28.83056788545167,0.89,7.380711073258978,N15
