EMITTER_COEFFICIENT_SOLUTION,PRESSURE_OUTPUT,OUTPUT_DEMAND,FITNESS,NODE
0.9271560845846342,28.835109189350916,0.89,7.6366776310209605,N15
