EMITTER_COEFFICIENT_SOLUTION,PRESSURE_OUTPUT,OUTPUT_DEMAND,FITNESS,NODE
0.5496438430606564,28.89300320359306,0.89,13.688695072232884,N15
