EMITTER_COEFFICIENT_SOLUTION,PRESSURE_OUTPUT,OUTPUT_DEMAND,FITNESS,NODE
0.6670186013424855,28.875657307025747,0.89,11.062084083097611,N15
