EMITTER_COEFFICIENT_SOLUTION,PRESSURE_OUTPUT,OUTPUT_DEMAND,FITNESS,NODE
0.3946616796305322,28.914982811477316,0.89,19.57967355308824,N15
