EMITTER_COEFFICIENT_SOLUTION,PRESSURE_OUTPUT,OUTPUT_DEMAND,FITNESS,NODE
0.27094089696859514,28.931760853583555,0.89,29.15848688870647,N15
