EMITTER_COEFFICIENT_SOLUTION,PRESSURE_OUTPUT,OUTPUT_DEMAND,FITNESS,NODE
0.9209807463081308,28.836104891984142,0.89,7.695190784622945,N15
