EMITTER_COEFFICIENT_SOLUTION,PRESSURE_OUTPUT,OUTPUT_DEMAND,FITNESS,NODE
0.08091562597087287,28.9561716000009,0.89,101.1676161452951,N15
