EMITTER_COEFFICIENT_SOLUTION,PRESSURE_OUTPUT,OUTPUT_DEMAND,FITNESS,NODE
0.34274837862109486,28.92210672186104,0.89,22.753405987232313,N15
