EMITTER_COEFFICIENT_SOLUTION,PRESSURE_OUTPUT,OUTPUT_DEMAND,FITNESS,NODE
0.33995618016176954,28.922486463292877,0.89,22.951718265484576,N15
