EMITTER_COEFFICIENT_SOLUTION,PRESSURE_OUTPUT,OUTPUT_DEMAND,FITNESS,NODE
0.8461393374151731,28.848044917067412,0.89,8.47376703277501,N15
