EMITTER_COEFFICIENT_SOLUTION,PRESSURE_OUTPUT,OUTPUT_DEMAND,FITNESS,NODE
0.36247583409709483,28.91941379767791,0.89,21.43972546050003,N15
