EMITTER_COEFFICIENT_SOLUTION,PRESSURE_OUTPUT,OUTPUT_DEMAND,FITNESS,NODE
0.8610052564953494,28.84569200515319,0.89,8.308119518099563,N15
