EMITTER_COEFFICIENT_SOLUTION,PRESSURE_OUTPUT,OUTPUT_DEMAND,FITNESS,NODE
0.9401646844477334,28.83300647972282,0.89,7.515988032875656,N15
