EMITTER_COEFFICIENT_SOLUTION,PRESSURE_OUTPUT,OUTPUT_DEMAND,FITNESS,NODE
0.8606007661003946,28.84575614946631,0.89,8.312549430469232,N15
