EMITTER_COEFFICIENT_SOLUTION,PRESSURE_OUTPUT,OUTPUT_DEMAND,FITNESS,NODE
0.5582971464083938,28.89174485247903,0.89,13.456897526926184,N15
