EMITTER_COEFFICIENT_SOLUTION,PRESSURE_OUTPUT,OUTPUT_DEMAND,FITNESS,NODE
0.7866285907954524,28.857370416910435,0.89,9.200836582092107,N15
