EMITTER_COEFFICIENT_SOLUTION,PRESSURE_OUTPUT,OUTPUT_DEMAND,FITNESS,NODE
0.1642228510499345,28.945675065628862,0.89,49.065016192164734,N15
