EMITTER_COEFFICIENT_SOLUTION,PRESSURE_OUTPUT,OUTPUT_DEMAND,FITNESS,NODE
0.602764705671444,28.885226955775202,0.89,12.371762015760225,N15
