EMITTER_COEFFICIENT_SOLUTION,PRESSURE_OUTPUT,OUTPUT_DEMAND,FITNESS,NODE
0.7593165757835281,28.86159995369107,0.89,9.573387610251467,N15
