EMITTER_COEFFICIENT_SOLUTION,PRESSURE_OUTPUT,OUTPUT_DEMAND,FITNESS,NODE
0.44743868444636015,28.907617151261377,0.89,17.111850064428545,N15
