EMITTER_COEFFICIENT_SOLUTION,PRESSURE_OUTPUT,OUTPUT_DEMAND,FITNESS,NODE
0.7216788378987232,28.867376402864153,0.89,10.133787980005188,N15
