EMITTER_COEFFICIENT_SOLUTION,PRESSURE_OUTPUT,OUTPUT_DEMAND,FITNESS,NODE
0.7837602951749972,28.857816092572122,0.89,9.238720778259452,N15
