EMITTER_COEFFICIENT_SOLUTION,PRESSURE_OUTPUT,OUTPUT_DEMAND,FITNESS,NODE
0.8800318646117119,28.84266696760016,0.89,8.104435810013134,N15
