EMITTER_COEFFICIENT_SOLUTION,PRESSURE_OUTPUT,OUTPUT_DEMAND,FITNESS,NODE
0.36855198047194293,28.91858084986346,0.89,21.06356861937179,N15
