EMITTER_COEFFICIENT_SOLUTION,PRESSURE_OUTPUT,OUTPUT_DEMAND,FITNESS,NODE
0.9104085588912187,28.837805827548337,0.89,7.7972491635544285,N15
