EMITTER_COEFFICIENT_SOLUTION,PRESSURE_OUTPUT,OUTPUT_DEMAND,FITNESS,NODE
0.5326445796248657,28.89546567971464,0.89,14.166210910193518,N15
