EMITTER_COEFFICIENT_SOLUTION,PRESSURE_OUTPUT,OUTPUT_DEMAND,FITNESS,NODE
0.5702046291583441,28.890007939605617,0.89,13.149547132074169,N15
