EMITTER_COEFFICIENT_SOLUTION,PRESSURE_OUTPUT,OUTPUT_DEMAND,FITNESS,NODE
0.2066660115454344,28.94020371168297,0.89,38.68101708735774,N15
