EMITTER_COEFFICIENT_SOLUTION,PRESSURE_OUTPUT,OUTPUT_DEMAND,FITNESS,NODE
0.16303366772047923,28.9458271674566,0.89,49.433935654692206,N15
