EMITTER_COEFFICIENT_SOLUTION,PRESSURE_OUTPUT,OUTPUT_DEMAND,FITNESS,NODE
0.9946365080229014,28.824124941320648,0.89,7.0456649795911375,N15
