EMITTER_COEFFICIENT_SOLUTION,PRESSURE_OUTPUT,OUTPUT_DEMAND,FITNESS,NODE
0.3181706708970685,28.92543726600463,0.89,24.619069158607193,N15
