EMITTER_COEFFICIENT_SOLUTION,PRESSURE_OUTPUT,OUTPUT_DEMAND,FITNESS
0.346630878601478,26.56437566497236,10.1,41.63324868009248
