EMITTER_COEFFICIENT_SOLUTION,PRESSURE_OUTPUT,OUTPUT_DEMAND,FITNESS
0.8406564761455744,26.486319668169834,10.1,18.50524525722564
