EMITTER_COEFFICIENT_SOLUTION,PRESSURE_OUTPUT,OUTPUT_DEMAND,FITNESS
0.21783784297406839,26.425395154470472,10.1,8.698432170815401
