EMITTER_COEFFICIENT_SOLUTION,PRESSURE_OUTPUT,OUTPUT_DEMAND,FITNESS
0.058898867007432854,26.451206613154696,10.1,11.21682499973468
