EMITTER_COEFFICIENT_SOLUTION,PRESSURE_OUTPUT,OUTPUT_DEMAND,FITNESS
0.9154424625015865,26.474330460899345,10.1,15.14510375587037
