EMITTER_COEFFICIENT_SOLUTION,PRESSURE_OUTPUT,OUTPUT_DEMAND,FITNESS
0.8526548131073102,26.484399210652306,10.1,17.870165705528464
