EMITTER_COEFFICIENT_SOLUTION,PRESSURE_OUTPUT,OUTPUT_DEMAND,FITNESS
0.25039881927857843,26.57934661769569,10.1,25.6474592508688
