EMITTER_COEFFICIENT_SOLUTION,PRESSURE_OUTPUT,OUTPUT_DEMAND,FITNESS
0.4923313461864627,26.541562867762387,10.1,828.8664334257461
