EMITTER_COEFFICIENT_SOLUTION,PRESSURE_OUTPUT,OUTPUT_DEMAND,FITNESS
0.14082738336649703,26.596299026478754,10.1,17.875456991521233
