EMITTER_COEFFICIENT_SOLUTION,PRESSURE_OUTPUT,OUTPUT_DEMAND,FITNESS
0.1660169818241677,26.59241067446237,10.1,19.21071852328832
