EMITTER_COEFFICIENT_SOLUTION,PRESSURE_OUTPUT,OUTPUT_DEMAND,FITNESS
0.2591220822346967,26.57799269268567,10.1,26.570098935812336
