EMITTER_COEFFICIENT_SOLUTION,PRESSURE_OUTPUT,OUTPUT_DEMAND,FITNESS
0.390216395378284,26.557569725605006,10.1,58.09452904052056
