EMITTER_COEFFICIENT_SOLUTION,PRESSURE_OUTPUT,OUTPUT_DEMAND,FITNESS
0.009064274011740703,26.616551766278555,10.1,13.124157791162494
