EMITTER_COEFFICIENT_SOLUTION,PRESSURE_OUTPUT,OUTPUT_DEMAND,FITNESS
0.7363166474263987,26.502971226365638,10.1,26.74714032704162
