EMITTER_COEFFICIENT_SOLUTION,PRESSURE_OUTPUT,OUTPUT_DEMAND,FITNESS
0.429994474772023,26.390629488890006,10.1,6.678736841804384
