EMITTER_COEFFICIENT_SOLUTION,PRESSURE_OUTPUT,OUTPUT_DEMAND,FITNESS
0.683212805724398,26.511412130756838,10.1,34.54676543250593
