EMITTER_COEFFICIENT_SOLUTION,PRESSURE_OUTPUT,OUTPUT_DEMAND,FITNESS
0.35233373736946416,26.563486049360293,10.1,43.234552212604825
