EMITTER_COEFFICIENT_SOLUTION,PRESSURE_OUTPUT,OUTPUT_DEMAND,FITNESS
0.18421293668477356,26.589598586504223,10.1,20.307790666045207
