EMITTER_COEFFICIENT_SOLUTION,PRESSURE_OUTPUT,OUTPUT_DEMAND,FITNESS
0.06375259466337146,26.450421354479474,10.1,11.118888615301266
