EMITTER_COEFFICIENT_SOLUTION,PRESSURE_OUTPUT,OUTPUT_DEMAND,FITNESS
0.4553796588626491,26.547365066521827,10.1,142.6805092736455
