EMITTER_COEFFICIENT_SOLUTION,PRESSURE_OUTPUT,OUTPUT_DEMAND,FITNESS
0.5275387106395346,26.53602412187262,10.1,230.71888672096006
