EMITTER_COEFFICIENT_SOLUTION,PRESSURE_OUTPUT,OUTPUT_DEMAND,FITNESS
0.0004164165865869762,26.46065336514188,10.1,12.546258742939013
