EMITTER_COEFFICIENT_SOLUTION,PRESSURE_OUTPUT,OUTPUT_DEMAND,FITNESS
0.13235944216589668,26.59760497477175,10.1,17.467683995456156
