EMITTER_COEFFICIENT_SOLUTION,PRESSURE_OUTPUT,OUTPUT_DEMAND,FITNESS
0.9096432090198576,26.475261771929276,10.1,15.361778604173416
