EMITTER_COEFFICIENT_SOLUTION,PRESSURE_OUTPUT,OUTPUT_DEMAND,FITNESS
0.46515224363905716,26.38483411642931,10.1,6.429864019586248
