EMITTER_COEFFICIENT_SOLUTION,PRESSURE_OUTPUT,OUTPUT_DEMAND,FITNESS
0.02138139345871415,26.61466479395054,10.1,13.457430003326586
