EMITTER_COEFFICIENT_SOLUTION,PRESSURE_OUTPUT,OUTPUT_DEMAND,FITNESS
0.09604272003952952,26.60319902623562,10.1,15.912766095572533
