EMITTER_COEFFICIENT_SOLUTION,PRESSURE_OUTPUT,OUTPUT_DEMAND,FITNESS
0.33029665895533045,26.566922166152168,10.1,37.6424313509345
