EMITTER_COEFFICIENT_SOLUTION,PRESSURE_OUTPUT,OUTPUT_DEMAND,FITNESS
0.014922074526197537,26.45831279883567,10.1,12.188343756719245
