EMITTER_COEFFICIENT_SOLUTION,PRESSURE_OUTPUT,OUTPUT_DEMAND,FITNESS
0.47818276721452624,26.54378582205684,10.1,291.5943868966584
