EMITTER_COEFFICIENT_SOLUTION,PRESSURE_OUTPUT,OUTPUT_DEMAND,FITNESS
0.2599983765449576,26.418514677819026,10.1,8.20723444630318
