EMITTER_COEFFICIENT_SOLUTION,PRESSURE_OUTPUT,OUTPUT_DEMAND,FITNESS
0.2386062406045435,26.58117592018077,10.1,24.498083618545806
