EMITTER_COEFFICIENT_SOLUTION,PRESSURE_OUTPUT,OUTPUT_DEMAND,FITNESS
0.08797526952530399,26.44649968512236,10.1,10.654311570209611
