EMITTER_COEFFICIENT_SOLUTION,PRESSURE_OUTPUT,OUTPUT_DEMAND,FITNESS
0.920686878791356,26.47348801896033,10.1,14.95430373004456
