EMITTER_COEFFICIENT_SOLUTION,PRESSURE_OUTPUT,OUTPUT_DEMAND,FITNESS
0.6449723670326821,26.517476265944083,10.1,43.70221607273661
