EMITTER_COEFFICIENT_SOLUTION,PRESSURE_OUTPUT,OUTPUT_DEMAND,FITNESS
0.8530909142174914,26.484329386279526,10.1,17.847895581318852
