EMITTER_COEFFICIENT_SOLUTION,PRESSURE_OUTPUT,OUTPUT_DEMAND,FITNESS
0.026931046335162412,26.456373811365886,10.1,11.906946348078447
