EMITTER_COEFFICIENT_SOLUTION,PRESSURE_OUTPUT,OUTPUT_DEMAND,FITNESS
0.2599629329926978,26.41852046801256,10.1,8.207624484731666
