EMITTER_COEFFICIENT_SOLUTION,PRESSURE_OUTPUT,OUTPUT_DEMAND,FITNESS
0.633608778203933,26.519275995611103,10.1,47.432918249230575
