EMITTER_COEFFICIENT_SOLUTION,PRESSURE_OUTPUT,OUTPUT_DEMAND,FITNESS
0.39477446025030893,26.5568570702139,10.1,60.60360174415095
