EMITTER_COEFFICIENT_SOLUTION,PRESSURE_OUTPUT,OUTPUT_DEMAND,FITNESS
0.6675988789701157,26.513889613183558,10.1,37.78034777951494
