EMITTER_COEFFICIENT_SOLUTION,PRESSURE_OUTPUT,OUTPUT_DEMAND,FITNESS
0.35013367536183115,26.56382927922531,10.1,42.60235920981964
