EMITTER_COEFFICIENT_SOLUTION,PRESSURE_OUTPUT,OUTPUT_DEMAND,FITNESS
0.14075075515170865,26.5963108469749,10.1,17.871680763092332
