EMITTER_COEFFICIENT_SOLUTION,PRESSURE_OUTPUT,OUTPUT_DEMAND,FITNESS
0.05506853859130478,26.60949721202018,10.1,14.463237873502644
