EMITTER_COEFFICIENT_SOLUTION,PRESSURE_OUTPUT,OUTPUT_DEMAND,FITNESS
0.5966134706308355,26.52512789175551,10.1,65.65768744833521
