EMITTER_COEFFICIENT_SOLUTION,PRESSURE_OUTPUT,OUTPUT_DEMAND,FITNESS
0.7383784174362313,26.502643043904037,10.1,26.51439846577616
