EMITTER_COEFFICIENT_SOLUTION,PRESSURE_OUTPUT,OUTPUT_DEMAND,FITNESS
0.46685759602386034,26.545563989973594,10.1,192.0274352082283
