EMITTER_COEFFICIENT_SOLUTION,PRESSURE_OUTPUT,OUTPUT_DEMAND,FITNESS
0.23030060472110114,26.582463622117636,10.1,23.748895505219814
