EMITTER_COEFFICIENT_SOLUTION,PRESSURE_OUTPUT,OUTPUT_DEMAND,FITNESS
0.9609670099935257,26.467010207907386,10.1,13.633601062098096
