EMITTER_COEFFICIENT_SOLUTION,PRESSURE_OUTPUT,OUTPUT_DEMAND,FITNESS
0.4215881121244809,26.55266127108377,10.1,81.26863378617183
