EMITTER_COEFFICIENT_SOLUTION,PRESSURE_OUTPUT,OUTPUT_DEMAND,FITNESS
0.3217379132109164,26.568255621059087,10.1,35.84329559523757
