EMITTER_COEFFICIENT_SOLUTION,PRESSURE_OUTPUT,OUTPUT_DEMAND,FITNESS
0.6632863883391953,26.514573531717204,10.1,38.782434701481776
