EMITTER_COEFFICIENT_SOLUTION,PRESSURE_OUTPUT,OUTPUT_DEMAND,FITNESS
0.5028711432419735,26.539905837692046,10.1,2209.6367717713224
