EMITTER_COEFFICIENT_SOLUTION,PRESSURE_OUTPUT,OUTPUT_DEMAND,FITNESS
0.4464054837738709,26.548772505962305,10.1,118.81980751792541
