EMITTER_COEFFICIENT_SOLUTION,PRESSURE_OUTPUT,OUTPUT_DEMAND,FITNESS
0.4466198258358667,26.548738897963702,10.1,119.29619251737797
