EMITTER_COEFFICIENT_SOLUTION,PRESSURE_OUTPUT,OUTPUT_DEMAND,FITNESS
0.4013892072666867,26.555822546437355,10.1,64.65735038088437
