EMITTER_COEFFICIENT_SOLUTION,PRESSURE_OUTPUT,OUTPUT_DEMAND,FITNESS
0.05894659909353206,26.608901715047615,10.1,14.58888926859609
