EMITTER_COEFFICIENT_SOLUTION,PRESSURE_OUTPUT,OUTPUT_DEMAND,FITNESS
0.4961325195261128,26.540965365830665,10.1,1642.1303138320254
