EMITTER_COEFFICIENT_SOLUTION,PRESSURE_OUTPUT,OUTPUT_DEMAND,FITNESS
0.38381428812875806,26.398227122795532,10.1,7.035749022385054
