EMITTER_COEFFICIENT_SOLUTION,PRESSURE_OUTPUT,OUTPUT_DEMAND,FITNESS
0.011876351717297062,26.616121057373483,10.1,13.198766347249135
