EMITTER_COEFFICIENT_SOLUTION,PRESSURE_OUTPUT,OUTPUT_DEMAND,FITNESS
0.046190409876140315,26.61086002045915,10.1,14.18366892777499
