EMITTER_COEFFICIENT_SOLUTION,PRESSURE_OUTPUT,OUTPUT_DEMAND,FITNESS
0.7940096333666022,26.493774920026503,10.1,21.46683726119427
