EMITTER_COEFFICIENT_SOLUTION,PRESSURE_OUTPUT,OUTPUT_DEMAND,FITNESS
0.13301065566480474,26.59750456420231,10.1,17.498375097166925
