EMITTER_COEFFICIENT_SOLUTION,PRESSURE_OUTPUT,OUTPUT_DEMAND,FITNESS
0.315914395448357,26.569162579510433,10.1,34.71477451829758
