EMITTER_COEFFICIENT_SOLUTION,PRESSURE_OUTPUT,OUTPUT_DEMAND,FITNESS
0.8932195953909483,26.477897795890577,10.1,16.010091513925612
