EMITTER_COEFFICIENT_SOLUTION,PRESSURE_OUTPUT,OUTPUT_DEMAND,FITNESS
0.033347375393804723,26.45533734767202,10.1,11.76179268147334
