EMITTER_COEFFICIENT_SOLUTION,PRESSURE_OUTPUT,OUTPUT_DEMAND,FITNESS
0.7426151587998135,26.50196855180605,10.1,26.048552604576763
