EMITTER_COEFFICIENT_SOLUTION,PRESSURE_OUTPUT,OUTPUT_DEMAND,FITNESS
0.8804585825678195,26.479944464596244,10.1,16.552472218714243
