EMITTER_COEFFICIENT_SOLUTION,PRESSURE_OUTPUT,OUTPUT_DEMAND,FITNESS
0.7200590469310134,26.505557822053134,10.1,28.735154331130346
