EMITTER_COEFFICIENT_SOLUTION,PRESSURE_OUTPUT,OUTPUT_DEMAND,FITNESS
0.34260848673169964,26.565002915354178,10.1,40.573688269113916
