EMITTER_COEFFICIENT_SOLUTION,PRESSURE_OUTPUT,OUTPUT_DEMAND,FITNESS
0.5812675877293092,26.527552011375114,10.1,78.0860217366475
