EMITTER_COEFFICIENT_SOLUTION,PRESSURE_OUTPUT,OUTPUT_DEMAND,FITNESS
0.3211209089703637,26.568351727020286,10.1,35.72024811424532
