EMITTER_COEFFICIENT_SOLUTION,PRESSURE_OUTPUT,OUTPUT_DEMAND,FITNESS
0.7883290757198553,26.494681602785825,10.1,21.892953191041542
