EMITTER_COEFFICIENT_SOLUTION,PRESSURE_OUTPUT,OUTPUT_DEMAND,FITNESS
0.952681374760308,26.468343760794795,10.1,13.88606539532997
