EMITTER_COEFFICIENT_SOLUTION,PRESSURE_OUTPUT,OUTPUT_DEMAND,FITNESS
0.03649422056399931,26.45482890067789,10.1,11.69187238346329
