EMITTER_COEFFICIENT_SOLUTION,PRESSURE_OUTPUT,OUTPUT_DEMAND,FITNESS
0.4273105858065678,26.551765050364835,10.1,87.65279281740455
