EMITTER_COEFFICIENT_SOLUTION,PRESSURE_OUTPUT,OUTPUT_DEMAND,FITNESS
0.9982105526230725,26.461009145537865,10.1,12.602512741683029
