EMITTER_COEFFICIENT_SOLUTION,PRESSURE_OUTPUT,OUTPUT_DEMAND,FITNESS
0.32636074679968075,26.567535457744548,10.1,36.793035189811555
