EMITTER_COEFFICIENT_SOLUTION,PRESSURE_OUTPUT,OUTPUT_DEMAND,FITNESS
0.48638505066091575,26.542497320656878,10.1,467.08893789021715
