EMITTER_COEFFICIENT_SOLUTION,PRESSURE_OUTPUT,OUTPUT_DEMAND,FITNESS
0.6634950946178806,26.51454043644749,10.1,38.73272066822188
