EMITTER_COEFFICIENT_SOLUTION,PRESSURE_OUTPUT,OUTPUT_DEMAND,FITNESS
0.9391698398057786,26.470517226538092,10.1,14.318201420840586
