EMITTER_COEFFICIENT_SOLUTION,PRESSURE_OUTPUT,OUTPUT_DEMAND,FITNESS
0.1733166174294456,26.591282886799135,10.1,19.636147667103483
