EMITTER_COEFFICIENT_SOLUTION,PRESSURE_OUTPUT,OUTPUT_DEMAND,FITNESS
0.005393476088920268,26.61711389995458,10.1,13.028042999233747
