EMITTER_COEFFICIENT_SOLUTION,PRESSURE_OUTPUT,OUTPUT_DEMAND,FITNESS
0.45815465326074123,26.546929723826082,10.1,152.13005510122903
