EMITTER_COEFFICIENT_SOLUTION,PRESSURE_OUTPUT,OUTPUT_DEMAND,FITNESS
0.4830842975454457,26.381874461325175,10.1,6.309787626153975
