EMITTER_COEFFICIENT_SOLUTION,PRESSURE_OUTPUT,OUTPUT_DEMAND,FITNESS
0.34463405542440384,26.404659972126886,10.1,7.369282091629823
