EMITTER_COEFFICIENT_SOLUTION,PRESSURE_OUTPUT,OUTPUT_DEMAND,FITNESS
0.5147248843472574,26.538041143441156,10.1,431.54465029991326
