EMITTER_COEFFICIENT_SOLUTION,PRESSURE_OUTPUT,OUTPUT_DEMAND,FITNESS
0.6620533416857852,26.514769052904803,10.1,39.07876064668646
