EMITTER_COEFFICIENT_SOLUTION,PRESSURE_OUTPUT,OUTPUT_DEMAND,FITNESS
0.011835376373910966,26.616127333796634,10.1,13.197673038254031
