EMITTER_COEFFICIENT_SOLUTION,PRESSURE_OUTPUT,OUTPUT_DEMAND,FITNESS
0.6305130081771064,26.519766111317516,10.1,48.561865970078834
