EMITTER_COEFFICIENT_SOLUTION,PRESSURE_OUTPUT,OUTPUT_DEMAND,FITNESS
0.4046854515229008,26.55530689022452,10.1,66.88744221245344
