EMITTER_COEFFICIENT_SOLUTION,PRESSURE_OUTPUT,OUTPUT_DEMAND,FITNESS
0.13674675513858725,26.596928426663993,10.1,17.6765810318532
