EMITTER_COEFFICIENT_SOLUTION,PRESSURE_OUTPUT,OUTPUT_DEMAND,FITNESS
0.14699289702468632,26.436925179890885,10.1,9.668073676735562
