EMITTER_COEFFICIENT_SOLUTION,PRESSURE_OUTPUT,OUTPUT_DEMAND,FITNESS
0.834513603462623,26.487302448182923,10.1,18.848026496506044
