EMITTER_COEFFICIENT_SOLUTION,PRESSURE_OUTPUT,OUTPUT_DEMAND,FITNESS
0.4259842304838539,26.551972800509184,10.1,86.08519177439716
