EMITTER_COEFFICIENT_SOLUTION,PRESSURE_OUTPUT,OUTPUT_DEMAND,FITNESS
0.5408060909235206,26.53393428667424,10.1,155.66348704322445
