EMITTER_COEFFICIENT_SOLUTION,PRESSURE_OUTPUT,OUTPUT_DEMAND,FITNESS
0.14476731859488634,26.595691194735288,10.1,18.07181211292217
