EMITTER_COEFFICIENT_SOLUTION,PRESSURE_OUTPUT,OUTPUT_DEMAND,FITNESS
0.8242094183091133,26.48895029945522,10.1,19.452187001431753
