EMITTER_COEFFICIENT_SOLUTION,PRESSURE_OUTPUT,OUTPUT_DEMAND,FITNESS
0.19591206327755062,26.587789088755727,10.1,21.082507491954026
