EMITTER_COEFFICIENT_SOLUTION,PRESSURE_OUTPUT,OUTPUT_DEMAND,FITNESS
0.33218634113851975,26.56662767133146,10.1,38.06439423400848
