EMITTER_COEFFICIENT_SOLUTION,PRESSURE_OUTPUT,OUTPUT_DEMAND,FITNESS
0.034034874103844315,26.455226272817328,10.1,11.746446660592886
