EMITTER_COEFFICIENT_SOLUTION,PRESSURE_OUTPUT,OUTPUT_DEMAND,FITNESS
0.3062761850279121,26.570663022682666,10.1,32.99608919146595
