EMITTER_COEFFICIENT_SOLUTION,PRESSURE_OUTPUT,OUTPUT_DEMAND,FITNESS
0.9287407174037148,26.472193851867708,10.1,14.67038242352119
