EMITTER_COEFFICIENT_SOLUTION,PRESSURE_OUTPUT,OUTPUT_DEMAND,FITNESS
0.15826732681896605,26.593607502500447,10.1,18.77895418772582
