EMITTER_COEFFICIENT_SOLUTION,PRESSURE_OUTPUT,OUTPUT_DEMAND,FITNESS
0.4994925083889785,26.540437195776512,10.1,12377.001240886972
