EMITTER_COEFFICIENT_SOLUTION,PRESSURE_OUTPUT,OUTPUT_DEMAND,FITNESS
0.0018632345874121103,26.460419988922645,10.1,12.509630564274783
