EMITTER_COEFFICIENT_SOLUTION,PRESSURE_OUTPUT,OUTPUT_DEMAND,FITNESS
0.29642462998584107,26.57219588202846,10.1,31.407546863535373
