EMITTER_COEFFICIENT_SOLUTION,PRESSURE_OUTPUT,OUTPUT_DEMAND,FITNESS
0.19366515147263574,26.429333714825773,10.1,9.007005888565518
