EMITTER_COEFFICIENT_SOLUTION,PRESSURE_OUTPUT,OUTPUT_DEMAND,FITNESS
0.7370497445649256,26.50285453950518,10.1,26.663921167028526
