EMITTER_COEFFICIENT_SOLUTION,PRESSURE_OUTPUT,OUTPUT_DEMAND,FITNESS
0.3063566435770608,26.570650500364636,10.1,33.00972839936559
