EMITTER_COEFFICIENT_SOLUTION,PRESSURE_OUTPUT,OUTPUT_DEMAND,FITNESS
0.1105254182746882,26.600969506337854,10.1,16.49808222978636
