EMITTER_COEFFICIENT_SOLUTION,PRESSURE_OUTPUT,OUTPUT_DEMAND,FITNESS
0.3181021776654749,26.568821885861773,10.1,35.13026377314134
