EMITTER_COEFFICIENT_SOLUTION,PRESSURE_OUTPUT,OUTPUT_DEMAND,FITNESS
0.06077839322670586,26.608620389309884,10.1,14.64901218440349
