EMITTER_COEFFICIENT_SOLUTION,PRESSURE_OUTPUT,OUTPUT_DEMAND,FITNESS
0.07082248344370146,26.60707732365247,10.1,14.987802276587615
