EMITTER_COEFFICIENT_SOLUTION,PRESSURE_OUTPUT,OUTPUT_DEMAND,FITNESS
0.5429960109732981,26.53358919866448,10.1,147.72789845164837
