EMITTER_COEFFICIENT_SOLUTION,PRESSURE_OUTPUT,OUTPUT_DEMAND,FITNESS
0.18538006025482345,26.58941811941333,10.1,20.38249020786047
