EMITTER_COEFFICIENT_SOLUTION,PRESSURE_OUTPUT,OUTPUT_DEMAND,FITNESS
0.3236150462478269,26.56796321520848,10.1,36.22294060488864
