EMITTER_COEFFICIENT_SOLUTION,PRESSURE_OUTPUT,OUTPUT_DEMAND,FITNESS
0.43413518201427537,26.389947486667836,10.1,6.648453711123041
