EMITTER_COEFFICIENT_SOLUTION,PRESSURE_OUTPUT,OUTPUT_DEMAND,FITNESS
0.09964490472537268,26.60264465692655,10.1,16.054390692068793
