EMITTER_COEFFICIENT_SOLUTION,PRESSURE_OUTPUT,OUTPUT_DEMAND,FITNESS
0.05761992765195134,26.609105446775203,10.1,14.545656383390822
