EMITTER_COEFFICIENT_SOLUTION,PRESSURE_OUTPUT,OUTPUT_DEMAND,FITNESS
0.24477426160918836,26.580219261426222,10.1,25.086006958028644
