EMITTER_COEFFICIENT_SOLUTION,PRESSURE_OUTPUT,OUTPUT_DEMAND,FITNESS
0.36051124415263636,26.56220993202033,10.1,45.75919507744805
