EMITTER_COEFFICIENT_SOLUTION,PRESSURE_OUTPUT,OUTPUT_DEMAND,FITNESS
0.9732713355534821,26.46502883948584,10.1,13.27500098320583
