EMITTER_COEFFICIENT_SOLUTION,PRESSURE_OUTPUT,OUTPUT_DEMAND,FITNESS
0.18903985658052314,26.430086805617336,10.1,9.068518494648277
