EMITTER_COEFFICIENT_SOLUTION,PRESSURE_OUTPUT,OUTPUT_DEMAND,FITNESS
0.463561518095126,26.546081309664693,10.1,174.6752685369821
