EMITTER_COEFFICIENT_SOLUTION,PRESSURE_OUTPUT,OUTPUT_DEMAND,FITNESS
0.05463012911460807,26.451897073888126,10.1,11.304374864628274
