EMITTER_COEFFICIENT_SOLUTION,PRESSURE_OUTPUT,OUTPUT_DEMAND,FITNESS
0.7473460628044042,26.50121521647131,10.1,25.547231737311385
