EMITTER_COEFFICIENT_SOLUTION,PRESSURE_OUTPUT,OUTPUT_DEMAND,FITNESS
0.11610872201931399,26.600109522574073,10.1,16.73552727735519
