EMITTER_COEFFICIENT_SOLUTION,PRESSURE_OUTPUT,OUTPUT_DEMAND,FITNESS
0.4565534085326428,26.547180935746653,10.1,146.53013021226738
