EMITTER_COEFFICIENT_SOLUTION,PRESSURE_OUTPUT,OUTPUT_DEMAND,FITNESS
0.33324211837605433,26.566463122350882,10.1,38.30431165321057
