EMITTER_COEFFICIENT_SOLUTION,PRESSURE_OUTPUT,OUTPUT_DEMAND,FITNESS
0.8209231233447167,26.489475665124374,10.1,19.653031376494457
