EMITTER_COEFFICIENT_SOLUTION,PRESSURE_OUTPUT,OUTPUT_DEMAND,FITNESS
0.5167913800558122,26.537715947971492,10.1,378.4362785018517
