EMITTER_COEFFICIENT_SOLUTION,PRESSURE_OUTPUT,OUTPUT_DEMAND,FITNESS
0.3335753944341371,26.566411177434205,10.1,38.38067823666707
