EMITTER_COEFFICIENT_SOLUTION,PRESSURE_OUTPUT,OUTPUT_DEMAND,FITNESS
0.38280741948536634,26.39839258777328,10.1,7.043949377322085
