EMITTER_COEFFICIENT_SOLUTION,PRESSURE_OUTPUT,OUTPUT_DEMAND,FITNESS
0.44724459121447446,26.54864093503143,10.1,120.70684572337971
