EMITTER_COEFFICIENT_SOLUTION,PRESSURE_OUTPUT,OUTPUT_DEMAND,FITNESS
0.6017580347272106,29.93849449800526,1.7,1.5349040983294313
