EMITTER_COEFFICIENT_SOLUTION,PRESSURE_OUTPUT,OUTPUT_DEMAND,FITNESS
0.49727862071806117,30.060543028342334,1.7,1.8887240414364266
