EMITTER_COEFFICIENT_SOLUTION,PRESSURE_OUTPUT,OUTPUT_DEMAND,FITNESS
0.42588530516094825,30.142081573964237,1.7,2.2325443860525
