EMITTER_COEFFICIENT_SOLUTION,PRESSURE_OUTPUT,OUTPUT_DEMAND,FITNESS
0.5836342470638963,29.95989440004224,1.7,1.587033051339311
