EMITTER_COEFFICIENT_SOLUTION,PRESSURE_OUTPUT,OUTPUT_DEMAND,FITNESS
0.9554459495128106,29.50251674993187,1.7,0.9195535474995175
