EMITTER_COEFFICIENT_SOLUTION,PRESSURE_OUTPUT,OUTPUT_DEMAND,FITNESS
0.09953024706638847,30.49466023380228,1.7,10.488692716462564
