EMITTER_COEFFICIENT_SOLUTION,PRESSURE_OUTPUT,OUTPUT_DEMAND,FITNESS
0.7913727830106049,29.709016404709477,1.7,1.135093627454665
