EMITTER_COEFFICIENT_SOLUTION,PRESSURE_OUTPUT,OUTPUT_DEMAND,FITNESS
0.28877312941957356,30.29431553173621,1.7,3.3819720863247484
