EMITTER_COEFFICIENT_SOLUTION,PRESSURE_OUTPUT,OUTPUT_DEMAND,FITNESS
0.8533109402788054,29.631904850203767,1.7,1.0437365813573927
