EMITTER_COEFFICIENT_SOLUTION,PRESSURE_OUTPUT,OUTPUT_DEMAND,FITNESS
0.5855342520285863,29.957655405342678,1.7,1.5814137213083854
