EMITTER_COEFFICIENT_SOLUTION,PRESSURE_OUTPUT,OUTPUT_DEMAND,FITNESS
0.0011532887589912333,30.594161094238828,1.7,240.26366118071164
