EMITTER_COEFFICIENT_SOLUTION,PRESSURE_OUTPUT,OUTPUT_DEMAND,FITNESS
0.12745662352602138,30.46582732797598,1.7,8.053236919711612
