EMITTER_COEFFICIENT_SOLUTION,PRESSURE_OUTPUT,OUTPUT_DEMAND,FITNESS
0.6862774635056813,29.837453679070453,1.7,1.3288200916917752
