EMITTER_COEFFICIENT_SOLUTION,PRESSURE_OUTPUT,OUTPUT_DEMAND,FITNESS
0.5260208956499116,30.02728698165878,1.7,1.7771016313896348
