EMITTER_COEFFICIENT_SOLUTION,PRESSURE_OUTPUT,OUTPUT_DEMAND,FITNESS
0.6080081586666061,29.93109258130661,1.7,1.517661592460746
