EMITTER_COEFFICIENT_SOLUTION,PRESSURE_OUTPUT,OUTPUT_DEMAND,FITNESS
0.03569790344718193,30.559592271883048,1.7,32.88529517426713
