EMITTER_COEFFICIENT_SOLUTION,PRESSURE_OUTPUT,OUTPUT_DEMAND,FITNESS
0.6524533543478604,29.878133654825014,1.7,1.4047561062857676
