EMITTER_COEFFICIENT_SOLUTION,PRESSURE_OUTPUT,OUTPUT_DEMAND,FITNESS
0.6524250359755844,29.878167577295223,1.7,1.4048230500336252
