EMITTER_COEFFICIENT_SOLUTION,PRESSURE_OUTPUT,OUTPUT_DEMAND,FITNESS
0.3598836215712332,30.216087421934695,1.7,2.6744147810148475
