EMITTER_COEFFICIENT_SOLUTION,PRESSURE_OUTPUT,OUTPUT_DEMAND,FITNESS
0.8973381628105913,29.57646673817025,1.7,0.986646468363767
