EMITTER_COEFFICIENT_SOLUTION,PRESSURE_OUTPUT,OUTPUT_DEMAND,FITNESS
0.12545068781443935,30.467906946290434,1.7,8.19040706420291
