EMITTER_COEFFICIENT_SOLUTION,PRESSURE_OUTPUT,OUTPUT_DEMAND,FITNESS
0.9420646437214965,29.519624386578112,1.7,0.9342506062451228
