EMITTER_COEFFICIENT_SOLUTION,PRESSURE_OUTPUT,OUTPUT_DEMAND,FITNESS
0.7972372051192659,29.70175986297117,1.7,1.125820408796876
