EMITTER_COEFFICIENT_SOLUTION,PRESSURE_OUTPUT,OUTPUT_DEMAND,FITNESS
0.39524236496082377,30.176606284077252,1.7,2.418995602708363
