EMITTER_COEFFICIENT_SOLUTION,PRESSURE_OUTPUT,OUTPUT_DEMAND,FITNESS
0.3889987155312332,30.18360577308757,1.7,2.4606588212107185
