EMITTER_COEFFICIENT_SOLUTION,PRESSURE_OUTPUT,OUTPUT_DEMAND,FITNESS
0.8689334170822399,29.612292366392598,1.7,1.0227996006441622
