EMITTER_COEFFICIENT_SOLUTION,PRESSURE_OUTPUT,OUTPUT_DEMAND,FITNESS
0.6296385329216888,29.905389387958138,1.7,1.4606822063936205
