EMITTER_COEFFICIENT_SOLUTION,PRESSURE_OUTPUT,OUTPUT_DEMAND,FITNESS
0.9068065555429082,29.56447727029468,1.7,0.9751115172023831
