EMITTER_COEFFICIENT_SOLUTION,PRESSURE_OUTPUT,OUTPUT_DEMAND,FITNESS
0.1120412199142683,30.481774951970227,1.7,9.239919762430015
