EMITTER_COEFFICIENT_SOLUTION,PRESSURE_OUTPUT,OUTPUT_DEMAND,FITNESS
0.23028944886489977,30.35746105993098,1.7,4.300336534460237
