EMITTER_COEFFICIENT_SOLUTION,PRESSURE_OUTPUT,OUTPUT_DEMAND,FITNESS
0.7406905245729537,29.77133729028847,1.7,1.221502783300812
