EMITTER_COEFFICIENT_SOLUTION,PRESSURE_OUTPUT,OUTPUT_DEMAND,FITNESS
0.8055714330399023,29.69143112194755,1.7,1.1128795037814834
