EMITTER_COEFFICIENT_SOLUTION,PRESSURE_OUTPUT,OUTPUT_DEMAND,FITNESS
0.37262952629532065,30.201899814651092,1.7,2.5766476314700983
