EMITTER_COEFFICIENT_SOLUTION,PRESSURE_OUTPUT,OUTPUT_DEMAND,FITNESS
0.3653361808988621,30.21002424882582,1.7,2.631739960168265
