EMITTER_COEFFICIENT_SOLUTION,PRESSURE_OUTPUT,OUTPUT_DEMAND,FITNESS
0.13684291150059458,30.456078698613734,1.7,7.467016244857864
