EMITTER_COEFFICIENT_SOLUTION,PRESSURE_OUTPUT,OUTPUT_DEMAND,FITNESS
0.18146899179563147,30.40933597895783,1.7,5.535105767743441
