EMITTER_COEFFICIENT_SOLUTION,PRESSURE_OUTPUT,OUTPUT_DEMAND,FITNESS
0.6341488557622167,29.90001291086287,1.7,1.4493003803160684
