EMITTER_COEFFICIENT_SOLUTION,PRESSURE_OUTPUT,OUTPUT_DEMAND,FITNESS
0.6133082014456376,29.92480701452815,1.7,1.5033208685593518
