EMITTER_COEFFICIENT_SOLUTION,PRESSURE_OUTPUT,OUTPUT_DEMAND,FITNESS
0.3684226276209951,30.206588096609824,1.7,2.6081542670001423
