EMITTER_COEFFICIENT_SOLUTION,PRESSURE_OUTPUT,OUTPUT_DEMAND,FITNESS
0.26719568232852964,30.317739240595806,1.7,3.672935935580368
