EMITTER_COEFFICIENT_SOLUTION,PRESSURE_OUTPUT,OUTPUT_DEMAND,FITNESS
0.37559405191762674,30.198592794941092,1.7,2.554877458047917
