EMITTER_COEFFICIENT_SOLUTION,PRESSURE_OUTPUT,OUTPUT_DEMAND,FITNESS
0.6405793750479932,29.89233743474299,1.7,1.4333556312799784
