EMITTER_COEFFICIENT_SOLUTION,PRESSURE_OUTPUT,OUTPUT_DEMAND,FITNESS
0.5594600729794846,29.98829001608703,1.7,1.6619274481195776
