EMITTER_COEFFICIENT_SOLUTION,PRESSURE_OUTPUT,OUTPUT_DEMAND,FITNESS
0.05481000277587411,30.54029356233043,1.7,20.11771370408365
