EMITTER_COEFFICIENT_SOLUTION,PRESSURE_OUTPUT,OUTPUT_DEMAND,FITNESS
0.3463918245992238,30.231050620792363,1.7,2.785900386029526
