EMITTER_COEFFICIENT_SOLUTION,PRESSURE_OUTPUT,OUTPUT_DEMAND,FITNESS
0.8655417965990962,29.616555745708492,1.7,1.0272791362343427
