EMITTER_COEFFICIENT_SOLUTION,PRESSURE_OUTPUT,OUTPUT_DEMAND,FITNESS
0.7688054814304398,29.736853191417644,1.7,1.172129834877808
