EMITTER_COEFFICIENT_SOLUTION,PRESSURE_OUTPUT,OUTPUT_DEMAND,FITNESS
0.7677717866836967,29.738124912953573,1.7,1.1738796465893762
