EMITTER_COEFFICIENT_SOLUTION,PRESSURE_OUTPUT,OUTPUT_DEMAND,FITNESS
0.2634776394432917,30.32176054584869,1.7,3.7279984600529996
