EMITTER_COEFFICIENT_SOLUTION,PRESSURE_OUTPUT,OUTPUT_DEMAND,FITNESS
0.27249507595468103,30.312000035210097,1.7,3.5971098185063632
