EMITTER_COEFFICIENT_SOLUTION,PRESSURE_OUTPUT,OUTPUT_DEMAND,FITNESS
0.29106515303175107,30.291818763972206,1.7,3.3536538370675704
