EMITTER_COEFFICIENT_SOLUTION,PRESSURE_OUTPUT,OUTPUT_DEMAND,FITNESS
0.05547486171863392,30.539620014818563,1.7,19.84875834402033
