EMITTER_COEFFICIENT_SOLUTION,PRESSURE_OUTPUT,OUTPUT_DEMAND,FITNESS
0.2234112934499498,30.364815915561824,1.7,4.440791460477691
