EMITTER_COEFFICIENT_SOLUTION,PRESSURE_OUTPUT,OUTPUT_DEMAND,FITNESS
0.19916096009514173,30.390625814759016,1.7,5.015669321090805
