EMITTER_COEFFICIENT_SOLUTION,PRESSURE_OUTPUT,OUTPUT_DEMAND,FITNESS
0.1450773150453616,30.447502631443438,1.7,7.01762420250496
