EMITTER_COEFFICIENT_SOLUTION,PRESSURE_OUTPUT,OUTPUT_DEMAND,FITNESS
0.7679815583903485,29.737866861273755,1.7,1.1735241607557025
