EMITTER_COEFFICIENT_SOLUTION,PRESSURE_OUTPUT,OUTPUT_DEMAND,FITNESS
0.21483854209667508,30.37396158726448,1.7,4.6287850320358634
