EMITTER_COEFFICIENT_SOLUTION,PRESSURE_OUTPUT,OUTPUT_DEMAND,FITNESS
0.7364500364062702,29.776519465160558,1.7,1.2292842027414563
