EMITTER_COEFFICIENT_SOLUTION,PRESSURE_OUTPUT,OUTPUT_DEMAND,FITNESS
0.40964296297692215,30.16041695759129,1.7,2.327833209057134
