EMITTER_COEFFICIENT_SOLUTION,PRESSURE_OUTPUT,OUTPUT_DEMAND,FITNESS
0.5570190387208042,29.991147851607263,1.7,1.6698584664435705
