EMITTER_COEFFICIENT_SOLUTION,PRESSURE_OUTPUT,OUTPUT_DEMAND,FITNESS
0.9759457634970391,29.47621838535477,1.7,0.8978412724807409
