EMITTER_COEFFICIENT_SOLUTION,PRESSURE_OUTPUT,OUTPUT_DEMAND,FITNESS
0.27155905159287774,30.313014389111853,1.7,3.610282810398446
