EMITTER_COEFFICIENT_SOLUTION,PRESSURE_OUTPUT,OUTPUT_DEMAND,FITNESS
0.02246313963596347,30.572884069858592,1.7,58.42169079027092
