EMITTER_COEFFICIENT_SOLUTION,PRESSURE_OUTPUT,OUTPUT_DEMAND,FITNESS
0.46063226567787974,30.102588264244968,1.7,2.051649303851159
