EMITTER_COEFFICIENT_SOLUTION,PRESSURE_OUTPUT,OUTPUT_DEMAND,FITNESS
0.8542640374345761,29.63071019753245,1.7,1.0424367641467391
