EMITTER_COEFFICIENT_SOLUTION,PRESSURE_OUTPUT,OUTPUT_DEMAND,FITNESS
0.36239654514785047,30.213294224419965,1.7,2.65458458627469
