EMITTER_COEFFICIENT_SOLUTION,PRESSURE_OUTPUT,OUTPUT_DEMAND,FITNESS
0.9262320878679094,29.539805690164393,1.7,0.9522038335483859
