EMITTER_COEFFICIENT_SOLUTION,PRESSURE_OUTPUT,OUTPUT_DEMAND,FITNESS
0.16777320877602053,30.423750347607633,1.7,6.015013990079932
