EMITTER_COEFFICIENT_SOLUTION,PRESSURE_OUTPUT,OUTPUT_DEMAND,FITNESS
0.6339154371795627,29.900291297447783,1.7,1.4498853594484435
