EMITTER_COEFFICIENT_SOLUTION,PRESSURE_OUTPUT,OUTPUT_DEMAND,FITNESS
0.24695911411076643,30.339573355860438,1.7,3.9931693780687594
