EMITTER_COEFFICIENT_SOLUTION,PRESSURE_OUTPUT,OUTPUT_DEMAND,FITNESS
0.9258337174986696,29.54031263735725,1.7,0.9526637005695177
