EMITTER_COEFFICIENT_SOLUTION,PRESSURE_OUTPUT,OUTPUT_DEMAND,FITNESS
0.9004386487648909,29.57254331168866,1.7,0.9828418532663352
