EMITTER_COEFFICIENT_SOLUTION,PRESSURE_OUTPUT,OUTPUT_DEMAND,FITNESS
0.04676350749186742,30.548433464616924,1.7,24.057235791928683
