EMITTER_COEFFICIENT_SOLUTION,PRESSURE_OUTPUT,OUTPUT_DEMAND,FITNESS
0.30734240316658845,30.274039985138188,1.7,3.1649474237742856
