EMITTER_COEFFICIENT_SOLUTION,PRESSURE_OUTPUT,OUTPUT_DEMAND,FITNESS
0.035247252984696,30.56004583517207,1.7,33.38322475420254
