EMITTER_COEFFICIENT_SOLUTION,PRESSURE_OUTPUT,OUTPUT_DEMAND,FITNESS
0.3742927230265768,30.200044800355567,1.7,2.564390567227326
