EMITTER_COEFFICIENT_SOLUTION,PRESSURE_OUTPUT,OUTPUT_DEMAND,FITNESS
0.8311653688898425,29.659594476269703,1.7,1.0747989986040518
