EMITTER_COEFFICIENT_SOLUTION,PRESSURE_OUTPUT,OUTPUT_DEMAND,FITNESS
0.15991153478252962,30.431996961080568,1.7,6.328952138431796
