EMITTER_COEFFICIENT_SOLUTION,PRESSURE_OUTPUT,OUTPUT_DEMAND,FITNESS
0.08886851453523248,30.505600056280358,1.7,11.848208751335012
