EMITTER_COEFFICIENT_SOLUTION,PRESSURE_OUTPUT,OUTPUT_DEMAND,FITNESS
0.5063830888018604,30.05003524691584,1.7,1.8519693041424028
