EMITTER_COEFFICIENT_SOLUTION,PRESSURE_OUTPUT,OUTPUT_DEMAND,FITNESS
0.11402953245891878,30.479722390931457,1.7,9.067941720034344
