EMITTER_COEFFICIENT_SOLUTION,PRESSURE_OUTPUT,OUTPUT_DEMAND,FITNESS
0.6646184790741917,29.863540040525468,1.7,1.3765364634643626
