EMITTER_COEFFICIENT_SOLUTION,PRESSURE_OUTPUT,OUTPUT_DEMAND,FITNESS
0.8026427995335209,29.695062775540695,1.7,1.1173955616927305
