EMITTER_COEFFICIENT_SOLUTION,PRESSURE_OUTPUT,OUTPUT_DEMAND,FITNESS
0.5005134466023761,30.056812422750216,1.7,1.8755090462703745
