EMITTER_COEFFICIENT_SOLUTION,PRESSURE_OUTPUT,OUTPUT_DEMAND,FITNESS
0.9818340426260822,29.468644526837377,1.7,0.8917770788620368
