EMITTER_COEFFICIENT_SOLUTION,PRESSURE_OUTPUT,OUTPUT_DEMAND,FITNESS
0.38994068748882216,30.182550533062297,1.7,2.4542860571881393
