EMITTER_COEFFICIENT_SOLUTION,PRESSURE_OUTPUT,OUTPUT_DEMAND,FITNESS
0.7484380007981507,29.76185647496957,1.7,1.2075186996656828
