EMITTER_COEFFICIENT_SOLUTION,PRESSURE_OUTPUT,OUTPUT_DEMAND,FITNESS
0.2363162196165577,30.351004155685416,1.7,4.184155664765736
