EMITTER_COEFFICIENT_SOLUTION,PRESSURE_OUTPUT,OUTPUT_DEMAND,FITNESS
0.10580602040008935,30.488203166254866,1.7,9.823391748233588
