EMITTER_COEFFICIENT_SOLUTION,PRESSURE_OUTPUT,OUTPUT_DEMAND,FITNESS
0.9242827638430501,29.542285911841955,1.7,0.9544579545552487
