EMITTER_COEFFICIENT_SOLUTION,PRESSURE_OUTPUT,OUTPUT_DEMAND,FITNESS
0.9239660280969327,29.542688816559156,1.7,0.9548251379207642
