EMITTER_COEFFICIENT_SOLUTION,PRESSURE_OUTPUT,OUTPUT_DEMAND,FITNESS
0.6037397205053149,29.936148840047306,1.7,1.5293977159490448
