EMITTER_COEFFICIENT_SOLUTION,PRESSURE_OUTPUT,OUTPUT_DEMAND,FITNESS
0.5195406455734398,30.034806248318002,1.7,1.8011697642501785
