EMITTER_COEFFICIENT_SOLUTION,PRESSURE_OUTPUT,OUTPUT_DEMAND,FITNESS
0.36726606911562787,30.207876041354577,1.7,2.6169450002555568
