EMITTER_COEFFICIENT_SOLUTION,PRESSURE_OUTPUT,OUTPUT_DEMAND,FITNESS
0.02308868108977158,30.57225716317034,1.7,56.35759670245262
