EMITTER_COEFFICIENT_SOLUTION,PRESSURE_OUTPUT,OUTPUT_DEMAND,FITNESS
0.20907491126174815,30.380097137452676,1.7,4.764085747943515
