EMITTER_COEFFICIENT_SOLUTION,PRESSURE_OUTPUT,OUTPUT_DEMAND,FITNESS
0.8955860721026937,29.578682752503948,1.7,0.988808421558619
