EMITTER_COEFFICIENT_SOLUTION,PRESSURE_OUTPUT,OUTPUT_DEMAND,FITNESS
0.6434726584986671,29.888880159015063,1.7,1.4262876547717458
