EMITTER_COEFFICIENT_SOLUTION,PRESSURE_OUTPUT,OUTPUT_DEMAND,FITNESS
0.29872641027423763,30.283461141957066,1.7,3.262218513391297
