EMITTER_COEFFICIENT_SOLUTION,PRESSURE_OUTPUT,OUTPUT_DEMAND,FITNESS
0.34939847087494436,30.227720951626125,1.7,2.760295535149083
