EMITTER_COEFFICIENT_SOLUTION,PRESSURE_OUTPUT,OUTPUT_DEMAND,FITNESS
0.32062394769021074,30.25947174067089,1.7,3.025450763511054
