EMITTER_COEFFICIENT_SOLUTION,PRESSURE_OUTPUT,OUTPUT_DEMAND,FITNESS
0.09020471800331298,30.5042310669997,1.7,11.659097366865296
