EMITTER_COEFFICIENT_SOLUTION,PRESSURE_OUTPUT,OUTPUT_DEMAND,FITNESS
0.9147179723793079,29.55444125038037,1.7,0.9656613250633873
