EMITTER_COEFFICIENT_SOLUTION,PRESSURE_OUTPUT,OUTPUT_DEMAND,FITNESS
0.6542353539922589,29.875998545812894,1.7,1.4005554100489808
