EMITTER_COEFFICIENT_SOLUTION,PRESSURE_OUTPUT,OUTPUT_DEMAND,FITNESS
0.27032748445548094,30.314348595501688,1.7,3.627757217717735
