EMITTER_COEFFICIENT_SOLUTION,PRESSURE_OUTPUT,OUTPUT_DEMAND,FITNESS
0.851784879703963,29.63381717355373,1.7,1.04582400616059
