EMITTER_COEFFICIENT_SOLUTION,PRESSURE_OUTPUT,OUTPUT_DEMAND,FITNESS
0.1714859261473075,30.419848850350757,1.7,5.8770929551077185
