EMITTER_COEFFICIENT_SOLUTION,PRESSURE_OUTPUT,OUTPUT_DEMAND,FITNESS
0.7756886832305533,29.72837753220112,1.7,1.1605997716782461
