EMITTER_COEFFICIENT_SOLUTION,PRESSURE_OUTPUT,OUTPUT_DEMAND,FITNESS
0.024992224943695462,30.570348652046217,1.7,50.884505116220275
