EMITTER_COEFFICIENT_SOLUTION,PRESSURE_OUTPUT,OUTPUT_DEMAND,FITNESS
0.8569832741886199,29.627300454874202,1.7,1.0387446076176559
