EMITTER_COEFFICIENT_SOLUTION,PRESSURE_OUTPUT,OUTPUT_DEMAND,FITNESS
0.6241486035465947,29.911926043016212,1.7,1.4747632097315597
