EMITTER_COEFFICIENT_SOLUTION,PRESSURE_OUTPUT,OUTPUT_DEMAND,FITNESS
0.421776961933385,30.146726715642043,1.7,2.2559395735044947
