EMITTER_COEFFICIENT_SOLUTION,PRESSURE_OUTPUT,OUTPUT_DEMAND,FITNESS
0.5494935203467003,29.99994737070814,1.7,1.6947612053503103
