EMITTER_COEFFICIENT_SOLUTION,PRESSURE_OUTPUT,OUTPUT_DEMAND,FITNESS
0.5378634508746086,30.013513666950605,1.7,1.7346434911420974
