EMITTER_COEFFICIENT_SOLUTION,PRESSURE_OUTPUT,OUTPUT_DEMAND,FITNESS
0.6550406680511923,29.875033359983863,1.7,1.3986647003736146
