EMITTER_COEFFICIENT_SOLUTION,PRESSURE_OUTPUT,OUTPUT_DEMAND,FITNESS
0.8185707073816461,29.675283285647655,1.7,1.093233447116566
