EMITTER_COEFFICIENT_SOLUTION,PRESSURE_OUTPUT,OUTPUT_DEMAND,FITNESS
0.6466820624403523,29.885042349915334,1.7,1.4185229160318835
