EMITTER_COEFFICIENT_SOLUTION,PRESSURE_OUTPUT,OUTPUT_DEMAND,FITNESS
0.6082419587787439,29.93081547736026,1.7,1.5170236081573067
