EMITTER_COEFFICIENT_SOLUTION,PRESSURE_OUTPUT,OUTPUT_DEMAND,FITNESS
0.5030742192183576,30.053856973989753,1.7,1.8651704607091657
