EMITTER_COEFFICIENT_SOLUTION,PRESSURE_OUTPUT,OUTPUT_DEMAND,FITNESS
0.9318429001467187,29.532661231125143,1.7,0.94576977943819
