EMITTER_COEFFICIENT_SOLUTION,PRESSURE_OUTPUT,OUTPUT_DEMAND,FITNESS
0.4240043116713915,30.144209091043052,1.7,2.2431990799020425
