EMITTER_COEFFICIENT_SOLUTION,PRESSURE_OUTPUT,OUTPUT_DEMAND,FITNESS
0.6368120547330139,29.896835545543478,1.7,1.4426570071701752
