EMITTER_COEFFICIENT_SOLUTION,PRESSURE_OUTPUT,OUTPUT_DEMAND,FITNESS
0.6421458353724884,29.890465918159663,1.7,1.429520871732694
