EMITTER_COEFFICIENT_SOLUTION,PRESSURE_OUTPUT,OUTPUT_DEMAND,FITNESS
0.30430233394001893,30.277366806863068,1.7,3.1986264521040577
