EMITTER_COEFFICIENT_SOLUTION,PRESSURE_OUTPUT,OUTPUT_DEMAND,FITNESS
0.019877062982231686,30.57547438770048,1.7,68.8391745701882
