EMITTER_COEFFICIENT_SOLUTION,PRESSURE_OUTPUT,OUTPUT_DEMAND,FITNESS
0.05587752599982154,30.539212016424184,1.7,19.689309168930983
