EMITTER_COEFFICIENT_SOLUTION,PRESSURE_OUTPUT,OUTPUT_DEMAND,FITNESS
0.8995400505740324,29.57368067950695,1.7,0.9839417552085031
