EMITTER_COEFFICIENT_SOLUTION,PRESSURE_OUTPUT,OUTPUT_DEMAND,FITNESS
0.6043326376310131,29.935446802940607,1.7,1.5277573721053723
