EMITTER_COEFFICIENT_SOLUTION,PRESSURE_OUTPUT,OUTPUT_DEMAND,FITNESS
0.9766392597772277,29.47532683207559,1.7,0.8971231493253866
