EMITTER_COEFFICIENT_SOLUTION,PRESSURE_OUTPUT,OUTPUT_DEMAND,FITNESS
0.9403789490685345,29.52177620130745,1.7,0.9361325455315647
