EMITTER_COEFFICIENT_SOLUTION,PRESSURE_OUTPUT,OUTPUT_DEMAND,FITNESS
0.04302872865270124,30.55220421661571,1.7,26.45727785438076
