EMITTER_COEFFICIENT_SOLUTION,PRESSURE_OUTPUT,OUTPUT_DEMAND,FITNESS
0.6862623114107428,29.83747197469722,1.7,1.3288523982150056
