EMITTER_COEFFICIENT_SOLUTION,PRESSURE_OUTPUT,OUTPUT_DEMAND,FITNESS
0.18919354385289477,30.40117931543037,1.7,5.296001898718546
