EMITTER_COEFFICIENT_SOLUTION,PRESSURE_OUTPUT,OUTPUT_DEMAND,FITNESS
0.2936605369279225,30.288989541250317,1.7,3.3221326661573545
