EMITTER_COEFFICIENT_SOLUTION,PRESSURE_OUTPUT,OUTPUT_DEMAND,FITNESS
0.8332179613173721,29.657033566791608,1.7,1.0718487745720005
