EMITTER_COEFFICIENT_SOLUTION,PRESSURE_OUTPUT,OUTPUT_DEMAND,FITNESS
0.03781559972718551,30.557459721005408,1.7,30.73019963862491
