EMITTER_COEFFICIENT_SOLUTION,PRESSURE_OUTPUT,OUTPUT_DEMAND,FITNESS
0.7814723334436108,29.721245772962757,1.7,1.1510722109958946
