EMITTER_COEFFICIENT_SOLUTION,PRESSURE_OUTPUT,OUTPUT_DEMAND,FITNESS
0.38672252910238025,30.18615453882004,1.7,2.4761885917687625
