EMITTER_COEFFICIENT_SOLUTION,PRESSURE_OUTPUT,OUTPUT_DEMAND,FITNESS
0.10632724135891836,30.487666302483976,1.7,9.771856704256361
