EMITTER_COEFFICIENT_SOLUTION,PRESSURE_OUTPUT,OUTPUT_DEMAND,FITNESS
0.61119297500318,29.927316528955018,1.7,1.509013782114296
