EMITTER_COEFFICIENT_SOLUTION,PRESSURE_OUTPUT,OUTPUT_DEMAND,FITNESS
0.892792612022505,29.582214196438123,1.7,0.9922733622484882
