EMITTER_COEFFICIENT_SOLUTION,PRESSURE_OUTPUT,OUTPUT_DEMAND,FITNESS
0.6461809842137748,29.885641733141796,1.7,1.4197300256451542
