EMITTER_COEFFICIENT_SOLUTION,PRESSURE_OUTPUT,OUTPUT_DEMAND,FITNESS
0.24220322270081118,30.34468579520524,1.7,4.076388175109816
