EMITTER_COEFFICIENT_SOLUTION,PRESSURE_OUTPUT,OUTPUT_DEMAND,FITNESS
0.6588960059932482,29.870410105270103,1.7,1.389678506667816
