EMITTER_COEFFICIENT_SOLUTION,PRESSURE_OUTPUT,OUTPUT_DEMAND,FITNESS
0.8366245352816616,29.652780864256073,1.7,1.066985185082735
