EMITTER_COEFFICIENT_SOLUTION,PRESSURE_OUTPUT,OUTPUT_DEMAND,FITNESS
0.6384326129170307,29.894901125510792,1.7,1.4386421817941586
