EMITTER_COEFFICIENT_SOLUTION,PRESSURE_OUTPUT,OUTPUT_DEMAND,FITNESS
0.9261941901868412,29.539853918737915,1.7,0.9522475640252057
