EMITTER_COEFFICIENT_SOLUTION,PRESSURE_OUTPUT,OUTPUT_DEMAND,FITNESS
0.16906437418382703,30.42239403872719,1.7,5.966339300026623
