EMITTER_COEFFICIENT_SOLUTION,PRESSURE_OUTPUT,OUTPUT_DEMAND,FITNESS
0.8015196255305198,29.69645494984529,1.7,1.1191365009412308
