EMITTER_COEFFICIENT_SOLUTION,PRESSURE_OUTPUT,OUTPUT_DEMAND,FITNESS
0.44431778913243114,30.121176633023545,1.7,2.1329949346472885
