EMITTER_COEFFICIENT_SOLUTION,PRESSURE_OUTPUT,OUTPUT_DEMAND,FITNESS
0.786815182773733,29.714649430698696,1.7,1.142398134726815
