EMITTER_COEFFICIENT_SOLUTION,PRESSURE_OUTPUT,OUTPUT_DEMAND,FITNESS
0.5619122618350963,29.98541736922846,1.7,1.6540308885370434
