EMITTER_COEFFICIENT_SOLUTION,PRESSURE_OUTPUT,OUTPUT_DEMAND,FITNESS
0.9530859781382072,29.505537284454356,1.7,0.9221147611166072
