EMITTER_COEFFICIENT_SOLUTION,PRESSURE_OUTPUT,OUTPUT_DEMAND,FITNESS
0.13846882512548409,30.454387082173827,1.7,7.373874422548447
