EMITTER_COEFFICIENT_SOLUTION,PRESSURE_OUTPUT,OUTPUT_DEMAND,FITNESS
0.740420316681509,29.771667651939257,1.7,1.2219959046881865
