EMITTER_COEFFICIENT_SOLUTION,PRESSURE_OUTPUT,OUTPUT_DEMAND,FITNESS
0.16036320276937166,30.43152372254926,1.7,6.310052873736706
