EMITTER_COEFFICIENT_SOLUTION,PRESSURE_OUTPUT,OUTPUT_DEMAND,FITNESS
0.7029257942376285,29.817312425906596,1.7,1.2941824604735503
