EMITTER_COEFFICIENT_SOLUTION,PRESSURE_OUTPUT,OUTPUT_DEMAND,FITNESS
0.5914725109679587,29.95065092767842,1.7,1.5640883504851186
