EMITTER_COEFFICIENT_SOLUTION,PRESSURE_OUTPUT,OUTPUT_DEMAND,FITNESS
0.671730313389613,29.854989065510527,1.7,1.3605221263442244
