EMITTER_COEFFICIENT_SOLUTION,PRESSURE_OUTPUT,OUTPUT_DEMAND,FITNESS
0.9607903673444612,29.49567108095374,1.7,0.9138012061952305
