EMITTER_COEFFICIENT_SOLUTION,PRESSURE_OUTPUT,OUTPUT_DEMAND,FITNESS
0.4548212769911629,30.1092183664269,1.7,2.0799420157258233
