EMITTER_COEFFICIENT_SOLUTION,PRESSURE_OUTPUT,OUTPUT_DEMAND,FITNESS
0.5250768711959862,30.02838313812972,1.7,1.7805701490152641
