EMITTER_COEFFICIENT_SOLUTION,PRESSURE_OUTPUT,OUTPUT_DEMAND,FITNESS
0.934863530220933,29.528811544935632,1.7,0.9423388022069477
