EMITTER_COEFFICIENT_SOLUTION,PRESSURE_OUTPUT,OUTPUT_DEMAND,FITNESS
0.23612848582789125,30.351205463254207,1.7,4.187682959353373
