EMITTER_COEFFICIENT_SOLUTION,PRESSURE_OUTPUT,OUTPUT_DEMAND,FITNESS
0.8628847355096795,29.61989361789472,1.7,1.0308137206727055
