EMITTER_COEFFICIENT_SOLUTION,PRESSURE_OUTPUT,OUTPUT_DEMAND,FITNESS
0.1553017385693264,30.436823106488873,1.7,6.528357173989741
