EMITTER_COEFFICIENT_SOLUTION,PRESSURE_OUTPUT,OUTPUT_DEMAND,FITNESS
0.025298365402264822,30.5700415985331,1.7,50.10170278193437
