EMITTER_COEFFICIENT_SOLUTION,PRESSURE_OUTPUT,OUTPUT_DEMAND,FITNESS
0.14109335471141404,30.451654668092832,1.7,7.228236457118458
