EMITTER_COEFFICIENT_SOLUTION,PRESSURE_OUTPUT,OUTPUT_DEMAND,FITNESS
0.19810058490255578,30.391750064628912,1.7,5.044112392852984
