EMITTER_COEFFICIENT_SOLUTION,PRESSURE_OUTPUT,OUTPUT_DEMAND,FITNESS
0.8315852080167706,29.659070757815844,1.7,1.0741943431269263
