EMITTER_COEFFICIENT_SOLUTION,PRESSURE_OUTPUT,OUTPUT_DEMAND,FITNESS
0.43116904430673386,30.136099607689633,1.7,2.2031216844477646
