EMITTER_COEFFICIENT_SOLUTION,PRESSURE_OUTPUT,OUTPUT_DEMAND,FITNESS
0.4266644975011301,30.141199946090303,1.7,2.228158760521116
