EMITTER_COEFFICIENT_SOLUTION,PRESSURE_OUTPUT,OUTPUT_DEMAND,FITNESS
0.39769002751304205,30.173859059529345,1.7,2.403026233955185
