EMITTER_COEFFICIENT_SOLUTION,PRESSURE_OUTPUT,OUTPUT_DEMAND,FITNESS
0.1259245717957277,30.467415774817056,1.7,8.157589942080026
