EMITTER_COEFFICIENT_SOLUTION,PRESSURE_OUTPUT,OUTPUT_DEMAND,FITNESS
0.41845052340404354,30.150484239783477,1.7,2.2752260903710746
