EMITTER_COEFFICIENT_SOLUTION,PRESSURE_OUTPUT,OUTPUT_DEMAND,FITNESS
0.5035311306762346,30.053329436937837,1.7,1.8633370367048294
