EMITTER_COEFFICIENT_SOLUTION,PRESSURE_OUTPUT,OUTPUT_DEMAND,FITNESS
0.2889199087018285,30.294155690372946,1.7,3.380144850904052
