EMITTER_COEFFICIENT_SOLUTION,PRESSURE_OUTPUT,OUTPUT_DEMAND,FITNESS
0.864722969244191,29.61758457949637,1.7,1.0283660157467147
