EMITTER_COEFFICIENT_SOLUTION,PRESSURE_OUTPUT,OUTPUT_DEMAND,FITNESS
0.6456296721448606,29.88630112281839,1.7,1.421060358863646
