EMITTER_COEFFICIENT_SOLUTION,PRESSURE_OUTPUT,OUTPUT_DEMAND,FITNESS
0.8708894473784586,29.609832178792775,1.7,1.0202324113598618
