EMITTER_COEFFICIENT_SOLUTION,PRESSURE_OUTPUT,OUTPUT_DEMAND,FITNESS
0.6181912947917636,29.919008778349863,1.7,1.4903302418927458
