EMITTER_COEFFICIENT_SOLUTION,PRESSURE_OUTPUT,OUTPUT_DEMAND,FITNESS
0.643892175702878,29.888378666566545,1.7,1.4252681996401204
