EMITTER_COEFFICIENT_SOLUTION,PRESSURE_OUTPUT,OUTPUT_DEMAND,FITNESS
0.7167143552508174,29.800572157661296,1.7,1.2667386170455515
