EMITTER_COEFFICIENT_SOLUTION,PRESSURE_OUTPUT,OUTPUT_DEMAND,FITNESS
0.1146035970681708,30.479129533910434,1.7,9.019453203515582
