EMITTER_COEFFICIENT_SOLUTION,PRESSURE_OUTPUT,OUTPUT_DEMAND,FITNESS
0.37222565563299315,30.20235013552693,1.7,2.579640835728029
