EMITTER_COEFFICIENT_SOLUTION,PRESSURE_OUTPUT,OUTPUT_DEMAND,FITNESS
0.05683999932056094,30.538236573194794,1.7,19.318285968143595
