EMITTER_COEFFICIENT_SOLUTION,PRESSURE_OUTPUT,OUTPUT_DEMAND,FITNESS
0.6443105225794122,29.887878523187695,1.7,1.4242529373793638
