EMITTER_COEFFICIENT_SOLUTION,PRESSURE_OUTPUT,OUTPUT_DEMAND,FITNESS
0.971659459357043,29.48172607561173,1.7,0.9023031902954628
