EMITTER_COEFFICIENT_SOLUTION,PRESSURE_OUTPUT,OUTPUT_DEMAND,FITNESS
0.7371526113552053,29.77566121355314,1.7,1.227988631579963
