EMITTER_COEFFICIENT_SOLUTION,PRESSURE_OUTPUT,OUTPUT_DEMAND,FITNESS
1.005219992427818,29.438476336225463,1.7,0.8684138789716757
