EMITTER_COEFFICIENT_SOLUTION,PRESSURE_OUTPUT,OUTPUT_DEMAND,FITNESS
0.08222730302493242,30.512395421314405,1.7,12.885671583628353
