EMITTER_COEFFICIENT_SOLUTION,PRESSURE_OUTPUT,OUTPUT_DEMAND,FITNESS
0.9734364990948182,29.479443241135808,1.7,0.9004484386500858
