EMITTER_COEFFICIENT_SOLUTION,PRESSURE_OUTPUT,OUTPUT_DEMAND,FITNESS
0.1688188083201444,30.42265203592623,1.7,5.975537437800851
