EMITTER_COEFFICIENT_SOLUTION,PRESSURE_OUTPUT,OUTPUT_DEMAND,FITNESS
0.42808459293949974,30.139592686143303,1.7,2.2202076854162196
