EMITTER_COEFFICIENT_SOLUTION,PRESSURE_OUTPUT,OUTPUT_DEMAND,FITNESS
0.040370174734710385,30.554885522528416,1.7,28.47747124638165
