EMITTER_COEFFICIENT_SOLUTION,PRESSURE_OUTPUT,OUTPUT_DEMAND,FITNESS,NODE
0.005142634126223955,26.53995298793172,10.1,2466.621493776424,N6
