EMITTER_COEFFICIENT_SOLUTION,PRESSURE_OUTPUT,OUTPUT_DEMAND,FITNESS,NODE
0.10653810888597981,26.53196984570019,10.1,119.21004185832827,N6
