EMITTER_COEFFICIENT_SOLUTION,PRESSURE_OUTPUT,OUTPUT_DEMAND,FITNESS,NODE
0.5454958469426008,26.575876579337603,10.1,28.15301161450791,N6
