EMITTER_COEFFICIENT_SOLUTION,PRESSURE_OUTPUT,OUTPUT_DEMAND,FITNESS,NODE
0.5071057310891907,26.57885715580619,10.1,25.973516593154223,N6
