EMITTER_COEFFICIENT_SOLUTION,PRESSURE_OUTPUT,OUTPUT_DEMAND,FITNESS,NODE
0.9937203241198087,26.461226928704512,10.1,12.637196983758244,N6
