EMITTER_COEFFICIENT_SOLUTION,PRESSURE_OUTPUT,OUTPUT_DEMAND,FITNESS,NODE
0.49444496716852715,26.57983945492579,10.1,25.327321332366253,N6
