EMITTER_COEFFICIENT_SOLUTION,PRESSURE_OUTPUT,OUTPUT_DEMAND,FITNESS,NODE
0.07074553806680473,26.61251965194689,10.1,13.857468774960724,N6
