EMITTER_COEFFICIENT_SOLUTION,PRESSURE_OUTPUT,OUTPUT_DEMAND,FITNESS,NODE
0.32594162037136987,26.592881173805573,10.1,19.038635334274534,N6
