EMITTER_COEFFICIENT_SOLUTION,PRESSURE_OUTPUT,OUTPUT_DEMAND,FITNESS,NODE
0.4737468370370288,26.58144462353323,10.1,24.337874275013114,N6
