EMITTER_COEFFICIENT_SOLUTION,PRESSURE_OUTPUT,OUTPUT_DEMAND,FITNESS,NODE
0.7799848885772369,26.47841550489894,10.1,16.143901347741938,N6
