EMITTER_COEFFICIENT_SOLUTION,PRESSURE_OUTPUT,OUTPUT_DEMAND,FITNESS,NODE
0.1400305832484099,26.529328260977394,10.1,90.66068241792985,N6
