EMITTER_COEFFICIENT_SOLUTION,PRESSURE_OUTPUT,OUTPUT_DEMAND,FITNESS,NODE
0.14072892143573057,26.607147707756212,10.1,14.972008259704443,N6
