EMITTER_COEFFICIENT_SOLUTION,PRESSURE_OUTPUT,OUTPUT_DEMAND,FITNESS,NODE
0.7743883892131018,26.478864340353816,10.1,16.261733139248804,N6
