EMITTER_COEFFICIENT_SOLUTION,PRESSURE_OUTPUT,OUTPUT_DEMAND,FITNESS,NODE
0.4416811862132415,26.505433526644524,10.1,28.632887742076537,N6
