EMITTER_COEFFICIENT_SOLUTION,PRESSURE_OUTPUT,OUTPUT_DEMAND,FITNESS,NODE
0.41387505600228214,26.5860827407284,10.1,21.869233372400604,N6
