EMITTER_COEFFICIENT_SOLUTION,PRESSURE_OUTPUT,OUTPUT_DEMAND,FITNESS,NODE
0.5669520872042155,26.495455995865413,10.1,22.27052208700812,N6
