EMITTER_COEFFICIENT_SOLUTION,PRESSURE_OUTPUT,OUTPUT_DEMAND,FITNESS,NODE
0.8867860398531409,26.46983809787632,10.1,14.180313457061596,N6
