EMITTER_COEFFICIENT_SOLUTION,PRESSURE_OUTPUT,OUTPUT_DEMAND,FITNESS,NODE
0.24279562464747717,26.52120875527997,10.1,52.22028788784133,N6
