EMITTER_COEFFICIENT_SOLUTION,PRESSURE_OUTPUT,OUTPUT_DEMAND,FITNESS,NODE
0.6718700123237129,26.487075069286156,10.1,18.76759527435193,N6
