EMITTER_COEFFICIENT_SOLUTION,PRESSURE_OUTPUT,OUTPUT_DEMAND,FITNESS,NODE
0.17806358632978725,26.526325775799975,10.1,71.26250453751352,N6
