EMITTER_COEFFICIENT_SOLUTION,PRESSURE_OUTPUT,OUTPUT_DEMAND,FITNESS,NODE
0.3834510838816978,26.510060567357442,10.1,33.005660393631686,N6
