EMITTER_COEFFICIENT_SOLUTION,PRESSURE_OUTPUT,OUTPUT_DEMAND,FITNESS,NODE
0.4103415611625343,26.507924671355283,10.1,30.83210035678725,N6
