EMITTER_COEFFICIENT_SOLUTION,PRESSURE_OUTPUT,OUTPUT_DEMAND,FITNESS,NODE
0.3141269828063933,26.515560154681125,10.1,40.32543256306914,N6
