EMITTER_COEFFICIENT_SOLUTION,PRESSURE_OUTPUT,OUTPUT_DEMAND,FITNESS,NODE
0.048475426131990185,26.614227012057363,10.1,13.537183224273244,N6
