EMITTER_COEFFICIENT_SOLUTION,PRESSURE_OUTPUT,OUTPUT_DEMAND,FITNESS,NODE
0.7200714856753669,26.483217239305205,10.1,17.50051931939383,N6
