EMITTER_COEFFICIENT_SOLUTION,PRESSURE_OUTPUT,OUTPUT_DEMAND,FITNESS,NODE
0.47221132698290447,26.503004807809035,10.1,26.771186409571285,N6
