EMITTER_COEFFICIENT_SOLUTION,PRESSURE_OUTPUT,OUTPUT_DEMAND,FITNESS,NODE
0.4610131102685391,26.582431698606968,10.1,23.766914346626884,N6
