EMITTER_COEFFICIENT_SOLUTION,PRESSURE_OUTPUT,OUTPUT_DEMAND,FITNESS,NODE
0.08620776930479002,26.533572198893708,10.1,147.35783277144458,N6
