EMITTER_COEFFICIENT_SOLUTION,PRESSURE_OUTPUT,OUTPUT_DEMAND,FITNESS,NODE
0.07349645301980412,26.61230868525741,10.1,13.898099372481088,N6
