EMITTER_COEFFICIENT_SOLUTION,PRESSURE_OUTPUT,OUTPUT_DEMAND,FITNESS,NODE
0.0010875874552029874,26.54027187687533,10.1,11557.502133525237,N6
