EMITTER_COEFFICIENT_SOLUTION,PRESSURE_OUTPUT,OUTPUT_DEMAND,FITNESS,NODE
0.6581604086658994,26.48817146748557,10.1,19.161884732928144,N6
