EMITTER_COEFFICIENT_SOLUTION,PRESSURE_OUTPUT,OUTPUT_DEMAND,FITNESS,NODE
0.9624500636143578,26.463747407374534,10.1,13.052956968562274,N6
