EMITTER_COEFFICIENT_SOLUTION,PRESSURE_OUTPUT,OUTPUT_DEMAND,FITNESS,NODE
0.7449312786279831,26.481225740175496,10.1,16.911128132719934,N6
