EMITTER_COEFFICIENT_SOLUTION,PRESSURE_OUTPUT,OUTPUT_DEMAND,FITNESS,NODE
0.4540572632618838,26.504449219179598,10.1,27.848030947650628,N6
