EMITTER_COEFFICIENT_SOLUTION,PRESSURE_OUTPUT,OUTPUT_DEMAND,FITNESS,NODE
0.4834449637875997,26.502110678693157,10.1,26.145347903618905,N6
