EMITTER_COEFFICIENT_SOLUTION,PRESSURE_OUTPUT,OUTPUT_DEMAND,FITNESS,NODE
0.613028245907568,26.491778138184053,10.1,20.584491456875487,N6
