EMITTER_COEFFICIENT_SOLUTION,PRESSURE_OUTPUT,OUTPUT_DEMAND,FITNESS,NODE
0.25957270291146184,26.519881142721637,10.1,48.8346632175611,N6
