EMITTER_COEFFICIENT_SOLUTION,PRESSURE_OUTPUT,OUTPUT_DEMAND,FITNESS,NODE
0.39740316000917697,26.50895254512357,10.1,31.841195843412486,N6
