EMITTER_COEFFICIENT_SOLUTION,PRESSURE_OUTPUT,OUTPUT_DEMAND,FITNESS,NODE
0.9867679471804418,26.541397418399605,10.1,960.5985177188571,N6
