EMITTER_COEFFICIENT_SOLUTION,PRESSURE_OUTPUT,OUTPUT_DEMAND,FITNESS,NODE
0.4787002870411192,26.502488357332645,10.1,26.406095939033968,N6
