EMITTER_COEFFICIENT_SOLUTION,PRESSURE_OUTPUT,OUTPUT_DEMAND,FITNESS,NODE
0.42794752365769484,26.584993253219942,10.1,22.40301331580119,N6
