EMITTER_COEFFICIENT_SOLUTION,PRESSURE_OUTPUT,OUTPUT_DEMAND,FITNESS,NODE
0.11607409790647938,26.60904139268726,10.1,14.559221337350193,N6
