EMITTER_COEFFICIENT_SOLUTION,PRESSURE_OUTPUT,OUTPUT_DEMAND,FITNESS,NODE
0.6985158926446093,26.56396588984257,10.1,42.355850927981365,N6
