EMITTER_COEFFICIENT_SOLUTION,PRESSURE_OUTPUT,OUTPUT_DEMAND,FITNESS,NODE
0.847061195334555,26.473031122863553,10.1,14.852820895484548,N6
