EMITTER_COEFFICIENT_SOLUTION,PRESSURE_OUTPUT,OUTPUT_DEMAND,FITNESS,NODE
0.38636445169929434,26.588211413438074,10.1,20.896452515021686,N6
