EMITTER_COEFFICIENT_SOLUTION,PRESSURE_OUTPUT,OUTPUT_DEMAND,FITNESS,NODE
0.4762805680176063,26.502680950581002,10.1,26.541074175856206,N6
