EMITTER_COEFFICIENT_SOLUTION,PRESSURE_OUTPUT,OUTPUT_DEMAND,FITNESS,NODE
0.3460387918451835,26.591328815969213,10.1,19.618454333126618,N6
