EMITTER_COEFFICIENT_SOLUTION,PRESSURE_OUTPUT,OUTPUT_DEMAND,FITNESS,NODE
0.4941277745538264,26.579864060377588,10.1,25.311547424463548,N6
