EMITTER_COEFFICIENT_SOLUTION,PRESSURE_OUTPUT,OUTPUT_DEMAND,FITNESS,NODE
0.8704274467095907,26.471153329795023,10.1,14.449808172050764,N6
