EMITTER_COEFFICIENT_SOLUTION,PRESSURE_OUTPUT,OUTPUT_DEMAND,FITNESS,NODE
0.16435460044520034,26.52740836193903,10.1,77.21984572419349,N6
