EMITTER_COEFFICIENT_SOLUTION,PRESSURE_OUTPUT,OUTPUT_DEMAND,FITNESS,NODE
0.9969915771188695,26.460963142468927,10.1,12.595210614642731,N6
