EMITTER_COEFFICIENT_SOLUTION,PRESSURE_OUTPUT,OUTPUT_DEMAND,FITNESS,NODE
0.01712450553291367,26.616628650826087,10.1,13.110928275412537,N6
