EMITTER_COEFFICIENT_SOLUTION,PRESSURE_OUTPUT,OUTPUT_DEMAND,FITNESS,NODE
0.6684905183927949,26.487345372836963,10.1,18.86328774545479,N6
