EMITTER_COEFFICIENT_SOLUTION,PRESSURE_OUTPUT,OUTPUT_DEMAND,FITNESS,NODE
0.9635135880264782,26.543224444168445,10.1,348.6697577897773,N6
