EMITTER_COEFFICIENT_SOLUTION,PRESSURE_OUTPUT,OUTPUT_DEMAND,FITNESS,NODE
0.10028112631075348,26.610253746749464,10.1,14.306694851810558,N6
