EMITTER_COEFFICIENT_SOLUTION,PRESSURE_OUTPUT,OUTPUT_DEMAND,FITNESS,NODE
0.13739958380704587,26.60740350167619,10.1,14.914887987083823,N6
