EMITTER_COEFFICIENT_SOLUTION,PRESSURE_OUTPUT,OUTPUT_DEMAND,FITNESS,NODE
0.015804188798088203,26.616729750841387,10.1,13.0935725479519,N6
