EMITTER_COEFFICIENT_SOLUTION,PRESSURE_OUTPUT,OUTPUT_DEMAND,FITNESS,NODE
0.3156228016109912,26.59367789839265,10.1,18.754161912688712,N6
