EMITTER_COEFFICIENT_SOLUTION,PRESSURE_OUTPUT,OUTPUT_DEMAND,FITNESS,NODE
0.18415791556508143,26.603808915909504,10.1,15.759816575731357,N6
