EMITTER_COEFFICIENT_SOLUTION,PRESSURE_OUTPUT,OUTPUT_DEMAND,FITNESS,NODE
0.34287502010410886,26.51328071661886,10.1,36.930780148293465,N6
