EMITTER_COEFFICIENT_SOLUTION,PRESSURE_OUTPUT,OUTPUT_DEMAND,FITNESS,NODE
0.7222451779865573,26.562114508122846,10.1,45.959879846004874,N6
