EMITTER_COEFFICIENT_SOLUTION,PRESSURE_OUTPUT,OUTPUT_DEMAND,FITNESS,NODE
0.8982436943805998,26.46891648878453,10.1,13.997385740756059,N6
