EMITTER_COEFFICIENT_SOLUTION,PRESSURE_OUTPUT,OUTPUT_DEMAND,FITNESS,NODE
0.13925699170784278,26.529389300826644,10.1,91.16518273431798,N6
