EMITTER_COEFFICIENT_SOLUTION,PRESSURE_OUTPUT,OUTPUT_DEMAND,FITNESS,NODE
0.7035422268556095,26.484540695553775,10.1,17.91546241962079,N6
