EMITTER_COEFFICIENT_SOLUTION,PRESSURE_OUTPUT,OUTPUT_DEMAND,FITNESS,NODE
0.6034792087739382,26.571368995061988,10.1,32.24496442682428,N6
