EMITTER_COEFFICIENT_SOLUTION,PRESSURE_OUTPUT,OUTPUT_DEMAND,FITNESS,NODE
0.8144628019753057,26.47564900817867,10.1,15.453707106254399,N6
