EMITTER_COEFFICIENT_SOLUTION,PRESSURE_OUTPUT,OUTPUT_DEMAND,FITNESS,NODE
0.8817777793573436,26.549637356121316,10.1,107.7475282705233,N6
