EMITTER_COEFFICIENT_SOLUTION,PRESSURE_OUTPUT,OUTPUT_DEMAND,FITNESS,NODE
0.5861419243563175,26.493924760837466,10.1,21.536110493042468,N6
