EMITTER_COEFFICIENT_SOLUTION,PRESSURE_OUTPUT,OUTPUT_DEMAND,FITNESS,NODE
0.19148015729892087,26.525265909230555,10.1,66.25811238283272,N6
