EMITTER_COEFFICIENT_SOLUTION,PRESSURE_OUTPUT,OUTPUT_DEMAND,FITNESS,NODE
0.38902832142903776,26.509617691311817,10.1,32.53015359434138,N6
