EMITTER_COEFFICIENT_SOLUTION,PRESSURE_OUTPUT,OUTPUT_DEMAND,FITNESS,NODE
0.08599401343513935,26.533589041745962,10.1,147.72447401475057,N6
