EMITTER_COEFFICIENT_SOLUTION,PRESSURE_OUTPUT,OUTPUT_DEMAND,FITNESS,NODE
0.8914388669441919,26.548880073426666,10.1,117.32031945534459,N6
