EMITTER_COEFFICIENT_SOLUTION,PRESSURE_OUTPUT,OUTPUT_DEMAND,FITNESS,NODE
0.6558648679916044,26.48835501165211,10.1,19.229515943563698,N6
