EMITTER_COEFFICIENT_SOLUTION,PRESSURE_OUTPUT,OUTPUT_DEMAND,FITNESS,NODE
0.28143660822904626,26.596315852784123,10.1,17.87008206580114,N6
