EMITTER_COEFFICIENT_SOLUTION,PRESSURE_OUTPUT,OUTPUT_DEMAND,FITNESS,NODE
0.9487735253568526,26.544381951253754,10.1,248.41322992853705,N6
