EMITTER_COEFFICIENT_SOLUTION,PRESSURE_OUTPUT,OUTPUT_DEMAND,FITNESS,NODE
0.11624079573736834,26.531204821537045,10.1,109.24688315571856,N6
