EMITTER_COEFFICIENT_SOLUTION,PRESSURE_OUTPUT,OUTPUT_DEMAND,FITNESS,NODE
0.4151671518907025,26.585982724144714,10.1,21.917172497177244,N6
