EMITTER_COEFFICIENT_SOLUTION,PRESSURE_OUTPUT,OUTPUT_DEMAND,FITNESS,NODE
0.7028142690031096,26.563630612796395,10.1,42.96600883864079,N6
