EMITTER_COEFFICIENT_SOLUTION,PRESSURE_OUTPUT,OUTPUT_DEMAND,FITNESS,NODE
0.07456021263287993,26.612227101645253,10.1,13.91387571993547,N6
