EMITTER_COEFFICIENT_SOLUTION,PRESSURE_OUTPUT,OUTPUT_DEMAND,FITNESS,NODE
0.9758033440019074,26.462671331924028,10.1,12.872155108477335,N6
