EMITTER_COEFFICIENT_SOLUTION,PRESSURE_OUTPUT,OUTPUT_DEMAND,FITNESS,NODE
0.13537888433698297,26.607558741222626,10.1,14.880434120888198,N6
