EMITTER_COEFFICIENT_SOLUTION,PRESSURE_OUTPUT,OUTPUT_DEMAND,FITNESS,NODE
0.21014845976807162,26.601808888674228,10.1,16.272734171829743,N6
