EMITTER_COEFFICIENT_SOLUTION,PRESSURE_OUTPUT,OUTPUT_DEMAND,FITNESS,NODE
0.794020847441127,26.477289552959668,10.1,15.855688423874971,N6
