EMITTER_COEFFICIENT_SOLUTION,PRESSURE_OUTPUT,OUTPUT_DEMAND,FITNESS,NODE
0.6834859146245753,26.565137880957423,10.1,40.352714692482394,N6
