EMITTER_COEFFICIENT_SOLUTION,PRESSURE_OUTPUT,OUTPUT_DEMAND,FITNESS,NODE
0.6949559783181349,26.485227957286966,10.1,18.138798402018452,N6
