EMITTER_COEFFICIENT_SOLUTION,PRESSURE_OUTPUT,OUTPUT_DEMAND,FITNESS,NODE
0.7797628102324421,26.478433316633954,10.1,16.14854487623988,N6
