EMITTER_COEFFICIENT_SOLUTION,PRESSURE_OUTPUT,OUTPUT_DEMAND,FITNESS,NODE
0.5598098337433297,26.49602571482832,10.1,22.556720373435375,N6
