EMITTER_COEFFICIENT_SOLUTION,PRESSURE_OUTPUT,OUTPUT_DEMAND,FITNESS,NODE
0.6911330533266176,26.564541609044632,10.1,41.34758685129914,N6
