EMITTER_COEFFICIENT_SOLUTION,PRESSURE_OUTPUT,OUTPUT_DEMAND,FITNESS,NODE
0.5613782339223741,26.495900616483652,10.1,22.493248735662842,N6
