EMITTER_COEFFICIENT_SOLUTION,PRESSURE_OUTPUT,OUTPUT_DEMAND,FITNESS,NODE
0.029216644491608212,26.53805948526894,10.1,434.9877162506685,N6
