EMITTER_COEFFICIENT_SOLUTION,PRESSURE_OUTPUT,OUTPUT_DEMAND,FITNESS,NODE
0.7305158469578057,26.561468948768493,10.1,47.36519721223871,N6
