EMITTER_COEFFICIENT_SOLUTION,PRESSURE_OUTPUT,OUTPUT_DEMAND,FITNESS,NODE
0.2002293822104153,26.602572349685545,10.1,16.073049070138133,N6
