EMITTER_COEFFICIENT_SOLUTION,PRESSURE_OUTPUT,OUTPUT_DEMAND,FITNESS,NODE
0.9496173938749717,26.54431569603797,10.1,252.57020004665353,N6
