EMITTER_COEFFICIENT_SOLUTION,PRESSURE_OUTPUT,OUTPUT_DEMAND,FITNESS,NODE
0.17397549731175843,26.604592088415544,10.1,15.56767019272951,N6
