EMITTER_COEFFICIENT_SOLUTION,PRESSURE_OUTPUT,OUTPUT_DEMAND,FITNESS,NODE
0.9491329682263747,26.464820210726266,10.1,13.238336787424034,N6
