EMITTER_COEFFICIENT_SOLUTION,PRESSURE_OUTPUT,OUTPUT_DEMAND,FITNESS,NODE
0.6309765931313491,26.49034431557355,10.1,19.994367511479492,N6
