EMITTER_COEFFICIENT_SOLUTION,PRESSURE_OUTPUT,OUTPUT_DEMAND,FITNESS,NODE
0.05606472836102405,26.535946389017447,10.1,226.6539751006744,N6
