EMITTER_COEFFICIENT_SOLUTION,PRESSURE_OUTPUT,OUTPUT_DEMAND,FITNESS,NODE
0.49118936007936553,26.580091990839342,10.1,25.166355854868392,N6
