EMITTER_COEFFICIENT_SOLUTION,PRESSURE_OUTPUT,OUTPUT_DEMAND,FITNESS,NODE
0.26410040194353135,26.597652655409554,10.1,17.453147786780484,N6
