EMITTER_COEFFICIENT_SOLUTION,PRESSURE_OUTPUT,OUTPUT_DEMAND,FITNESS,NODE
0.7553961797589908,26.480387032151384,10.1,16.674623627480283,N6
