EMITTER_COEFFICIENT_SOLUTION,PRESSURE_OUTPUT,OUTPUT_DEMAND,FITNESS,NODE
0.8977103572519831,26.468959391658125,10.1,14.005796614781318,N6
