EMITTER_COEFFICIENT_SOLUTION,PRESSURE_OUTPUT,OUTPUT_DEMAND,FITNESS,NODE
0.9319653186094439,26.46620268345626,10.1,13.485136902966403,N6
