EMITTER_COEFFICIENT_SOLUTION,PRESSURE_OUTPUT,OUTPUT_DEMAND,FITNESS,NODE
0.3227903719167129,26.514873409973532,10.1,39.23878208615074,N6
