EMITTER_COEFFICIENT_SOLUTION,PRESSURE_OUTPUT,OUTPUT_DEMAND,FITNESS,NODE
0.5392355993316895,26.576362828769632,10.1,27.77281878048372,N6
