EMITTER_COEFFICIENT_SOLUTION,PRESSURE_OUTPUT,OUTPUT_DEMAND,FITNESS,NODE
0.7456412806697732,26.481168844144165,10.1,16.894872290793096,N6
