EMITTER_COEFFICIENT_SOLUTION,PRESSURE_OUTPUT,OUTPUT_DEMAND,FITNESS,NODE
0.7794816301412173,26.478455868466405,10.1,16.154427984165807,N6
