EMITTER_COEFFICIENT_SOLUTION,PRESSURE_OUTPUT,OUTPUT_DEMAND,FITNESS,NODE
0.28537174230657225,26.596012325287482,10.1,17.967539098819675,N6
