EMITTER_COEFFICIENT_SOLUTION,PRESSURE_OUTPUT,OUTPUT_DEMAND,FITNESS,NODE
0.8938698398247766,26.469268314901903,10.1,14.066659055297755,N6
