EMITTER_COEFFICIENT_SOLUTION,PRESSURE_OUTPUT,OUTPUT_DEMAND,FITNESS,NODE
0.8266429956125332,26.47467110127765,10.1,15.223643046013116,N6
