EMITTER_COEFFICIENT_SOLUTION,PRESSURE_OUTPUT,OUTPUT_DEMAND,FITNESS,NODE
0.5792305005191207,26.573254921172584,10.1,30.396503779109118,N6
