EMITTER_COEFFICIENT_SOLUTION,PRESSURE_OUTPUT,OUTPUT_DEMAND,FITNESS,NODE
0.8822278279421956,26.54960208341052,10.1,108.15859011939338,N6
