EMITTER_COEFFICIENT_SOLUTION,PRESSURE_OUTPUT,OUTPUT_DEMAND,FITNESS,NODE
0.4130026137420544,26.586150271437077,10.1,21.836983536209264,N6
