EMITTER_COEFFICIENT_SOLUTION,PRESSURE_OUTPUT,OUTPUT_DEMAND,FITNESS,NODE
0.018942347491093026,26.53886773919018,10.1,670.8430801348301,N6
