EMITTER_COEFFICIENT_SOLUTION,PRESSURE_OUTPUT,OUTPUT_DEMAND,FITNESS,NODE
0.3940447426300846,26.509219294387655,10.1,32.11395946921575,N6
