EMITTER_COEFFICIENT_SOLUTION,PRESSURE_OUTPUT,OUTPUT_DEMAND,FITNESS,NODE
0.0660926387518328,26.535156756309753,10.1,192.2468960076033,N6
