EMITTER_COEFFICIENT_SOLUTION,PRESSURE_OUTPUT,OUTPUT_DEMAND,FITNESS,NODE
0.22651506925250597,26.600548717208667,10.1,16.613416113984524,N6
