EMITTER_COEFFICIENT_SOLUTION,PRESSURE_OUTPUT,OUTPUT_DEMAND,FITNESS
0.4373079685307558,24.236488344596083,3.9,7.364533523150451
