EMITTER_COEFFICIENT_SOLUTION,PRESSURE_OUTPUT,OUTPUT_DEMAND,FITNESS
0.3603283534909617,24.26045456510138,3.9,8.94296761408934
