EMITTER_COEFFICIENT_SOLUTION,PRESSURE_OUTPUT,OUTPUT_DEMAND,FITNESS
0.7238742928559415,24.147040786713244,3.9,4.439837208800895
