EMITTER_COEFFICIENT_SOLUTION,PRESSURE_OUTPUT,OUTPUT_DEMAND,FITNESS
0.4400587138946094,24.235631456541643,3.9,7.318350481098413
