EMITTER_COEFFICIENT_SOLUTION,PRESSURE_OUTPUT,OUTPUT_DEMAND,FITNESS
0.35803067329138305,24.261169495232025,3.9,9.000513268765221
