EMITTER_COEFFICIENT_SOLUTION,PRESSURE_OUTPUT,OUTPUT_DEMAND,FITNESS
0.5381792083754725,24.205043807853098,3.9,5.979771788253539
