EMITTER_COEFFICIENT_SOLUTION,PRESSURE_OUTPUT,OUTPUT_DEMAND,FITNESS
0.4289966916690561,24.2390771948258,3.9,7.507672359124409
