EMITTER_COEFFICIENT_SOLUTION,PRESSURE_OUTPUT,OUTPUT_DEMAND,FITNESS
0.42543100661243793,24.240187762575378,3.9,7.570795981329711
