EMITTER_COEFFICIENT_SOLUTION,PRESSURE_OUTPUT,OUTPUT_DEMAND,FITNESS
0.586314353338749,24.1900228494391,3.9,5.486925680091721
