EMITTER_COEFFICIENT_SOLUTION,PRESSURE_OUTPUT,OUTPUT_DEMAND,FITNESS
0.5221696768561813,24.210037457556357,3.9,6.163829186549463
