EMITTER_COEFFICIENT_SOLUTION,PRESSURE_OUTPUT,OUTPUT_DEMAND,FITNESS
0.7663127907254245,24.133764091109164,3.9,4.192693177405982
