EMITTER_COEFFICIENT_SOLUTION,PRESSURE_OUTPUT,OUTPUT_DEMAND,FITNESS
0.6983225361628095,24.155030849928334,3.9,4.603131360322984
