EMITTER_COEFFICIENT_SOLUTION,PRESSURE_OUTPUT,OUTPUT_DEMAND,FITNESS
0.3837687242578346,24.253159656365842,3.9,8.395275516955413
