EMITTER_COEFFICIENT_SOLUTION,PRESSURE_OUTPUT,OUTPUT_DEMAND,FITNESS
0.2882600825026663,24.282867372014277,3.9,11.18481931412148
