EMITTER_COEFFICIENT_SOLUTION,PRESSURE_OUTPUT,OUTPUT_DEMAND,FITNESS
0.8083368460281634,24.12060956196463,3.9,3.973540857578568
