EMITTER_COEFFICIENT_SOLUTION,PRESSURE_OUTPUT,OUTPUT_DEMAND,FITNESS
0.204271406193253,24.308957233402126,3.9,15.793537614730791
