EMITTER_COEFFICIENT_SOLUTION,PRESSURE_OUTPUT,OUTPUT_DEMAND,FITNESS
0.17962714524770973,24.316606398203543,3.9,17.96368294270399
