EMITTER_COEFFICIENT_SOLUTION,PRESSURE_OUTPUT,OUTPUT_DEMAND,FITNESS
0.08934351438535793,24.344604743312388,3.9,36.140842211430765
