EMITTER_COEFFICIENT_SOLUTION,PRESSURE_OUTPUT,OUTPUT_DEMAND,FITNESS
0.3690726388253348,24.257733535421753,3.9,8.730518476407399
