EMITTER_COEFFICIENT_SOLUTION,PRESSURE_OUTPUT,OUTPUT_DEMAND,FITNESS
0.8145188443887125,24.11867382398031,3.9,3.9432107296573267
