EMITTER_COEFFICIENT_SOLUTION,PRESSURE_OUTPUT,OUTPUT_DEMAND,FITNESS
0.7631069347876765,24.134767295037427,3.9,4.210402662633942
