EMITTER_COEFFICIENT_SOLUTION,PRESSURE_OUTPUT,OUTPUT_DEMAND,FITNESS
0.41126600899271615,24.2445990271562,3.9,7.832372019121639
