EMITTER_COEFFICIENT_SOLUTION,PRESSURE_OUTPUT,OUTPUT_DEMAND,FITNESS
0.45273312179245806,24.231682799219534,3.9,7.112807015043031
