EMITTER_COEFFICIENT_SOLUTION,PRESSURE_OUTPUT,OUTPUT_DEMAND,FITNESS
0.6733700888958086,24.16283081641682,3.9,4.774558395779453
