EMITTER_COEFFICIENT_SOLUTION,PRESSURE_OUTPUT,OUTPUT_DEMAND,FITNESS
0.03060299887018536,24.362800003012676,3.9,105.54906207903457
