EMITTER_COEFFICIENT_SOLUTION,PRESSURE_OUTPUT,OUTPUT_DEMAND,FITNESS
0.6551827168402685,24.168514383139794,3.9,4.907737313505728
