EMITTER_COEFFICIENT_SOLUTION,PRESSURE_OUTPUT,OUTPUT_DEMAND,FITNESS
0.3454121157888729,24.265095370187446,3.9,9.330194667548733
