EMITTER_COEFFICIENT_SOLUTION,PRESSURE_OUTPUT,OUTPUT_DEMAND,FITNESS
0.0023811659332381163,24.3715361129561,3.9,1354.7251717872743
