EMITTER_COEFFICIENT_SOLUTION,PRESSURE_OUTPUT,OUTPUT_DEMAND,FITNESS
0.41197354537633724,24.244378707509618,3.9,7.81887956167553
