EMITTER_COEFFICIENT_SOLUTION,PRESSURE_OUTPUT,OUTPUT_DEMAND,FITNESS
0.11647545337411025,24.3361948122254,3.9,27.71660274875477
