EMITTER_COEFFICIENT_SOLUTION,PRESSURE_OUTPUT,OUTPUT_DEMAND,FITNESS
0.4990181117447977,24.217256831535934,3.9,6.450887136091147
