EMITTER_COEFFICIENT_SOLUTION,PRESSURE_OUTPUT,OUTPUT_DEMAND,FITNESS
0.7440033291685996,24.140744458398313,3.9,4.31909823125124
