EMITTER_COEFFICIENT_SOLUTION,PRESSURE_OUTPUT,OUTPUT_DEMAND,FITNESS
0.6353208107324182,24.174719615803138,3.9,5.061890360400542
