EMITTER_COEFFICIENT_SOLUTION,PRESSURE_OUTPUT,OUTPUT_DEMAND,FITNESS
0.265597941227672,24.28991024808883,3.9,12.141223511816328
