EMITTER_COEFFICIENT_SOLUTION,PRESSURE_OUTPUT,OUTPUT_DEMAND,FITNESS
0.9488755855709411,24.07656418526949,3.9,3.3816905525283674
