EMITTER_COEFFICIENT_SOLUTION,PRESSURE_OUTPUT,OUTPUT_DEMAND,FITNESS
0.8547382777057674,24.106076219983418,3.9,3.756601521830608
