EMITTER_COEFFICIENT_SOLUTION,PRESSURE_OUTPUT,OUTPUT_DEMAND,FITNESS
0.23692748396381946,24.29881697732183,3.9,13.613352232551234
