EMITTER_COEFFICIENT_SOLUTION,PRESSURE_OUTPUT,OUTPUT_DEMAND,FITNESS
0.39056286302401066,24.251044779040452,3.9,8.248817937344183
