EMITTER_COEFFICIENT_SOLUTION,PRESSURE_OUTPUT,OUTPUT_DEMAND,FITNESS
0.9018644260861165,24.091306738710536,3.9,3.5591301073890684
