EMITTER_COEFFICIENT_SOLUTION,PRESSURE_OUTPUT,OUTPUT_DEMAND,FITNESS
0.6671159986137595,24.164785384467457,3.9,4.819535259335034
