EMITTER_COEFFICIENT_SOLUTION,PRESSURE_OUTPUT,OUTPUT_DEMAND,FITNESS
0.9281099037940014,24.083077355369557,3.9,3.4578515510594614
