EMITTER_COEFFICIENT_SOLUTION,PRESSURE_OUTPUT,OUTPUT_DEMAND,FITNESS
0.9728742281755832,24.069034802940745,3.9,3.29772377429215
