EMITTER_COEFFICIENT_SOLUTION,PRESSURE_OUTPUT,OUTPUT_DEMAND,FITNESS
0.028025619937810498,24.363597993354343,3.9,115.25681288456263
