EMITTER_COEFFICIENT_SOLUTION,PRESSURE_OUTPUT,OUTPUT_DEMAND,FITNESS
0.41452175303352734,24.24358520287098,3.9,7.770667873324797
