EMITTER_COEFFICIENT_SOLUTION,PRESSURE_OUTPUT,OUTPUT_DEMAND,FITNESS
0.6846141048726521,24.1593163430025,3.9,4.695763214123211
