EMITTER_COEFFICIENT_SOLUTION,PRESSURE_OUTPUT,OUTPUT_DEMAND,FITNESS
0.8866114373887256,24.09608807734612,3.9,3.620745809914752
