EMITTER_COEFFICIENT_SOLUTION,PRESSURE_OUTPUT,OUTPUT_DEMAND,FITNESS
0.8127493735404882,24.119227905807143,3.9,3.951844963194695
