EMITTER_COEFFICIENT_SOLUTION,PRESSURE_OUTPUT,OUTPUT_DEMAND,FITNESS
0.5960010036134126,24.186998828927145,3.9,5.397369418866084
