EMITTER_COEFFICIENT_SOLUTION,PRESSURE_OUTPUT,OUTPUT_DEMAND,FITNESS
0.1367249805766627,24.329915912556693,3.9,23.608091982450038
