EMITTER_COEFFICIENT_SOLUTION,PRESSURE_OUTPUT,OUTPUT_DEMAND,FITNESS
0.10987349660134604,24.33824150398524,3.9,29.38344764592201
