EMITTER_COEFFICIENT_SOLUTION,PRESSURE_OUTPUT,OUTPUT_DEMAND,FITNESS
0.24637708061478147,24.295881797072138,3.9,13.090294907059553
