EMITTER_COEFFICIENT_SOLUTION,PRESSURE_OUTPUT,OUTPUT_DEMAND,FITNESS
0.5154000665587603,24.212148676306665,3.9,6.245097842283206
