EMITTER_COEFFICIENT_SOLUTION,PRESSURE_OUTPUT,OUTPUT_DEMAND,FITNESS
0.8834960305194551,24.097064542682702,3.9,3.6335924952762615
