EMITTER_COEFFICIENT_SOLUTION,PRESSURE_OUTPUT,OUTPUT_DEMAND,FITNESS
0.957068560400479,24.073993968632468,3.9,3.3525512587903235
