EMITTER_COEFFICIENT_SOLUTION,PRESSURE_OUTPUT,OUTPUT_DEMAND,FITNESS
0.207759298107293,24.307874421418237,3.9,15.52798680739594
