EMITTER_COEFFICIENT_SOLUTION,PRESSURE_OUTPUT,OUTPUT_DEMAND,FITNESS
0.03368859701549465,24.361844619399207,3.9,95.8804885405722
