EMITTER_COEFFICIENT_SOLUTION,PRESSURE_OUTPUT,OUTPUT_DEMAND,FITNESS
0.13434211353249392,24.330654883771878,3.9,24.02726443978995
