EMITTER_COEFFICIENT_SOLUTION,PRESSURE_OUTPUT,OUTPUT_DEMAND,FITNESS
0.01644237789169989,24.36718392308741,3.9,196.45026296749913
