EMITTER_COEFFICIENT_SOLUTION,PRESSURE_OUTPUT,OUTPUT_DEMAND,FITNESS
0.11169540589771232,24.337676709213458,3.9,28.90377170332253
