EMITTER_COEFFICIENT_SOLUTION,PRESSURE_OUTPUT,OUTPUT_DEMAND,FITNESS
0.4988575727653729,24.217306884281683,3.9,6.45297070104303
