EMITTER_COEFFICIENT_SOLUTION,PRESSURE_OUTPUT,OUTPUT_DEMAND,FITNESS
0.8632301089650917,24.103415532599062,3.9,3.7194253364038734
