EMITTER_COEFFICIENT_SOLUTION,PRESSURE_OUTPUT,OUTPUT_DEMAND,FITNESS
0.9171701588196451,24.086507903643966,3.9,3.499362127761363
