EMITTER_COEFFICIENT_SOLUTION,PRESSURE_OUTPUT,OUTPUT_DEMAND,FITNESS
0.964405289397743,24.0716921325443,3.9,3.3268776657455827
