EMITTER_COEFFICIENT_SOLUTION,PRESSURE_OUTPUT,OUTPUT_DEMAND,FITNESS
0.7245835177890841,24.146818971611054,3.9,4.43546905710527
