EMITTER_COEFFICIENT_SOLUTION,PRESSURE_OUTPUT,OUTPUT_DEMAND,FITNESS
0.42156362500112177,24.241392232229963,3.9,7.640467833726218
