EMITTER_COEFFICIENT_SOLUTION,PRESSURE_OUTPUT,OUTPUT_DEMAND,FITNESS
0.4783504584254653,24.22369964066377,3.9,6.7306242264267375
