EMITTER_COEFFICIENT_SOLUTION,PRESSURE_OUTPUT,OUTPUT_DEMAND,FITNESS
0.37654064027603573,24.255409383082718,3.9,8.556890148310172
