EMITTER_COEFFICIENT_SOLUTION,PRESSURE_OUTPUT,OUTPUT_DEMAND,FITNESS
0.36786456104656595,24.25810948334083,3.9,8.759268324308866
