EMITTER_COEFFICIENT_SOLUTION,PRESSURE_OUTPUT,OUTPUT_DEMAND,FITNESS
0.10889993830410882,24.338543302157703,3.9,29.64634762636946
