EMITTER_COEFFICIENT_SOLUTION,PRESSURE_OUTPUT,OUTPUT_DEMAND,FITNESS
0.7071536954167951,24.152269651232206,3.9,4.545359117274866
