EMITTER_COEFFICIENT_SOLUTION,PRESSURE_OUTPUT,OUTPUT_DEMAND,FITNESS
0.28631292363314687,24.2834725972942,3.9,11.261049132659442
