EMITTER_COEFFICIENT_SOLUTION,PRESSURE_OUTPUT,OUTPUT_DEMAND,FITNESS
0.5656868881126146,24.196461057294382,3.9,5.687854651587191
