EMITTER_COEFFICIENT_SOLUTION,PRESSURE_OUTPUT,OUTPUT_DEMAND,FITNESS
0.1483025342266705,24.326324927725178,3.9,21.763097126919195
