EMITTER_COEFFICIENT_SOLUTION,PRESSURE_OUTPUT,OUTPUT_DEMAND,FITNESS
0.08030937499502955,24.347404227984107,3.9,40.20901923796592
