EMITTER_COEFFICIENT_SOLUTION,PRESSURE_OUTPUT,OUTPUT_DEMAND,FITNESS
0.06825963311278616,24.351137578035704,3.9,47.311092917394255
