EMITTER_COEFFICIENT_SOLUTION,PRESSURE_OUTPUT,OUTPUT_DEMAND,FITNESS
0.9967837944926955,24.061531040362,3.9,3.2180910296715277
