EMITTER_COEFFICIENT_SOLUTION,PRESSURE_OUTPUT,OUTPUT_DEMAND,FITNESS
0.8084456733129978,24.120575486809017,3.9,3.9730029168649996
