EMITTER_COEFFICIENT_SOLUTION,PRESSURE_OUTPUT,OUTPUT_DEMAND,FITNESS
0.8087430432968129,24.120482376372447,3.9,3.971533735190106
