EMITTER_COEFFICIENT_SOLUTION,PRESSURE_OUTPUT,OUTPUT_DEMAND,FITNESS
0.3368729428449656,24.267751659743656,3.9,9.567307944565547
