EMITTER_COEFFICIENT_SOLUTION,PRESSURE_OUTPUT,OUTPUT_DEMAND,FITNESS
0.7639463101874239,24.134504634683132,3.9,4.205751497427874
