EMITTER_COEFFICIENT_SOLUTION,PRESSURE_OUTPUT,OUTPUT_DEMAND,FITNESS
0.17719334417410681,24.317361655185472,3.9,18.210751799219867
