EMITTER_COEFFICIENT_SOLUTION,PRESSURE_OUTPUT,OUTPUT_DEMAND,FITNESS
0.07906246436025832,24.347790588163924,3.9,40.84353017359216
