EMITTER_COEFFICIENT_SOLUTION,PRESSURE_OUTPUT,OUTPUT_DEMAND,FITNESS
0.9706190733531056,24.069742439528692,3.9,3.305437309742575
