EMITTER_COEFFICIENT_SOLUTION,PRESSURE_OUTPUT,OUTPUT_DEMAND,FITNESS
0.8424951654146725,24.10991174334888,3.9,3.8115199322176303
