EMITTER_COEFFICIENT_SOLUTION,PRESSURE_OUTPUT,OUTPUT_DEMAND,FITNESS
0.898355887361138,24.092406641646566,3.9,3.5731177831953738
