EMITTER_COEFFICIENT_SOLUTION,PRESSURE_OUTPUT,OUTPUT_DEMAND,FITNESS
0.6656820816146155,24.16523349764766,3.9,4.829966524863379
