EMITTER_COEFFICIENT_SOLUTION,PRESSURE_OUTPUT,OUTPUT_DEMAND,FITNESS
0.830848670391264,24.113559779407787,3.9,3.8652647461137732
