EMITTER_COEFFICIENT_SOLUTION,PRESSURE_OUTPUT,OUTPUT_DEMAND,FITNESS
0.9521188723950208,24.07554676708965,3.9,3.370095424296678
