EMITTER_COEFFICIENT_SOLUTION,PRESSURE_OUTPUT,OUTPUT_DEMAND,FITNESS
0.28780939547224504,24.283007458272618,3.9,11.202371632353573
