EMITTER_COEFFICIENT_SOLUTION,PRESSURE_OUTPUT,OUTPUT_DEMAND,FITNESS
0.585445732503543,24.19029399928785,3.9,5.495101176600233
