EMITTER_COEFFICIENT_SOLUTION,PRESSURE_OUTPUT,OUTPUT_DEMAND,FITNESS
0.6393641360076271,24.17345654300482,3.9,5.029732583942657
