EMITTER_COEFFICIENT_SOLUTION,PRESSURE_OUTPUT,OUTPUT_DEMAND,FITNESS
0.8590401801717046,24.104728371716167,3.9,3.737676436888449
