EMITTER_COEFFICIENT_SOLUTION,PRESSURE_OUTPUT,OUTPUT_DEMAND,FITNESS
0.22739323033180658,24.301778033884382,3.9,14.185154475582454
