EMITTER_COEFFICIENT_SOLUTION,PRESSURE_OUTPUT,OUTPUT_DEMAND,FITNESS
0.7763417588659086,24.130625460439735,3.9,4.1382368139950865
