EMITTER_COEFFICIENT_SOLUTION,PRESSURE_OUTPUT,OUTPUT_DEMAND,FITNESS
0.19859126378788294,24.310720505648426,3.9,16.24596009150879
