EMITTER_COEFFICIENT_SOLUTION,PRESSURE_OUTPUT,OUTPUT_DEMAND,FITNESS
0.7516541832245426,24.138350833620816,3.9,4.274902999253782
