EMITTER_COEFFICIENT_SOLUTION,PRESSURE_OUTPUT,OUTPUT_DEMAND,FITNESS
0.9879180641429798,24.064313725669063,3.9,3.2471692177328397
