EMITTER_COEFFICIENT_SOLUTION,PRESSURE_OUTPUT,OUTPUT_DEMAND,FITNESS
0.6207778649607046,24.179262024643705,3.9,5.181018426468576
