EMITTER_COEFFICIENT_SOLUTION,PRESSURE_OUTPUT,OUTPUT_DEMAND,FITNESS
0.5275279827495053,24.208366234952813,3.9,6.10098217203521
