EMITTER_COEFFICIENT_SOLUTION,PRESSURE_OUTPUT,OUTPUT_DEMAND,FITNESS
0.6578160238172813,24.167691560901996,3.9,4.887998619969131
