EMITTER_COEFFICIENT_SOLUTION,PRESSURE_OUTPUT,OUTPUT_DEMAND,FITNESS
0.17249909769997196,24.318818484671556,3.9,18.707049066120412
