EMITTER_COEFFICIENT_SOLUTION,PRESSURE_OUTPUT,OUTPUT_DEMAND,FITNESS
0.8822052067829639,24.097469115212785,3.9,3.6389419280769686
