EMITTER_COEFFICIENT_SOLUTION,PRESSURE_OUTPUT,OUTPUT_DEMAND,FITNESS
0.7689887320721017,24.13292667938515,3.9,4.178024091278336
