EMITTER_COEFFICIENT_SOLUTION,PRESSURE_OUTPUT,OUTPUT_DEMAND,FITNESS
0.9002904938753654,24.09180016198272,3.9,3.565391496847815
