EMITTER_COEFFICIENT_SOLUTION,PRESSURE_OUTPUT,OUTPUT_DEMAND,FITNESS
0.007467746960132415,24.369961837545247,3.9,432.44505368981396
