EMITTER_COEFFICIENT_SOLUTION,PRESSURE_OUTPUT,OUTPUT_DEMAND,FITNESS
0.5388095223153576,24.204847178959827,3.9,5.97274905435153
