EMITTER_COEFFICIENT_SOLUTION,PRESSURE_OUTPUT,OUTPUT_DEMAND,FITNESS
0.6984858617635535,24.15497978667266,3.9,4.6020496445338726
