EMITTER_COEFFICIENT_SOLUTION,PRESSURE_OUTPUT,OUTPUT_DEMAND,FITNESS
0.02620280683750431,24.364162340955357,3.9,123.27523921304156
