EMITTER_COEFFICIENT_SOLUTION,PRESSURE_OUTPUT,OUTPUT_DEMAND,FITNESS
0.9275809292205758,24.083243245554296,3.9,3.4598361948657823
