EMITTER_COEFFICIENT_SOLUTION,PRESSURE_OUTPUT,OUTPUT_DEMAND,FITNESS
0.6240638050159982,24.178235759445133,3.9,5.153616139739071
