EMITTER_COEFFICIENT_SOLUTION,PRESSURE_OUTPUT,OUTPUT_DEMAND,FITNESS
0.8114898326296519,24.119622303151758,3.9,3.9580139124371105
