EMITTER_COEFFICIENT_SOLUTION,PRESSURE_OUTPUT,OUTPUT_DEMAND,FITNESS
0.989657792434982,24.063767702540538,3.9,3.241422080777501
