EMITTER_COEFFICIENT_SOLUTION,PRESSURE_OUTPUT,OUTPUT_DEMAND,FITNESS
0.07959691167577343,24.34762498846084,3.9,40.569133678734424
