EMITTER_COEFFICIENT_SOLUTION,PRESSURE_OUTPUT,OUTPUT_DEMAND,FITNESS
0.6869251895331406,24.15859391425947,3.9,4.679887377976481
