EMITTER_COEFFICIENT_SOLUTION,PRESSURE_OUTPUT,OUTPUT_DEMAND,FITNESS
0.7566847702558676,24.13677684325181,3.9,4.2463308987401645
