EMITTER_COEFFICIENT_SOLUTION,PRESSURE_OUTPUT,OUTPUT_DEMAND,FITNESS
0.6440250093520082,24.172000470077638,3.9,4.993164358606392
