EMITTER_COEFFICIENT_SOLUTION,PRESSURE_OUTPUT,OUTPUT_DEMAND,FITNESS
0.538559008535945,24.204925327920055,3.9,5.975538221240475
