EMITTER_COEFFICIENT_SOLUTION,PRESSURE_OUTPUT,OUTPUT_DEMAND,FITNESS
0.719118699136918,24.14852807692918,3.9,4.469349784406294
