EMITTER_COEFFICIENT_SOLUTION,PRESSURE_OUTPUT,OUTPUT_DEMAND,FITNESS
0.0025872300794542724,24.059709344776262,3.9,3.19933530326346
