EMITTER_COEFFICIENT_SOLUTION,PRESSURE_OUTPUT,OUTPUT_DEMAND,FITNESS
0.9712282289148136,24.06955129692339,3.9,3.3033502203733174
