EMITTER_COEFFICIENT_SOLUTION,PRESSURE_OUTPUT,OUTPUT_DEMAND,FITNESS
0.9309130768752844,24.082198241241706,3.9,3.447372070341921
