EMITTER_COEFFICIENT_SOLUTION,PRESSURE_OUTPUT,OUTPUT_DEMAND,FITNESS
0.5555429234316641,24.199626491158487,3.9,5.792139385764008
