EMITTER_COEFFICIENT_SOLUTION,PRESSURE_OUTPUT,OUTPUT_DEMAND,FITNESS
0.7259759073439972,24.146383485731544,3.9,4.426918092314138
