EMITTER_COEFFICIENT_SOLUTION,PRESSURE_OUTPUT,OUTPUT_DEMAND,FITNESS
0.4800106779774075,24.22318216388458,3.9,6.707263219354385
