EMITTER_COEFFICIENT_SOLUTION,PRESSURE_OUTPUT,OUTPUT_DEMAND,FITNESS
0.276921508676946,24.28639143730472,3.9,11.643770565068861
