EMITTER_COEFFICIENT_SOLUTION,PRESSURE_OUTPUT,OUTPUT_DEMAND,FITNESS
0.3125628780592967,24.275311997112617,3.9,10.313289588561002
