EMITTER_COEFFICIENT_SOLUTION,PRESSURE_OUTPUT,OUTPUT_DEMAND,FITNESS
0.38343065030238266,24.25326488647352,3.9,8.402698761409473
