EMITTER_COEFFICIENT_SOLUTION,PRESSURE_OUTPUT,OUTPUT_DEMAND,FITNESS
0.5091954414206937,24.21408351710604,3.9,6.321482016934593
