EMITTER_COEFFICIENT_SOLUTION,PRESSURE_OUTPUT,OUTPUT_DEMAND,FITNESS
0.7328593752530167,24.144230480767995,3.9,4.38512271320796
