EMITTER_COEFFICIENT_SOLUTION,PRESSURE_OUTPUT,OUTPUT_DEMAND,FITNESS
0.2969340067983802,24.280171089681794,3.9,10.85738837648054
