EMITTER_COEFFICIENT_SOLUTION,PRESSURE_OUTPUT,OUTPUT_DEMAND,FITNESS
0.19178082411477793,24.312834454809572,3.9,16.8237400453455
