EMITTER_COEFFICIENT_SOLUTION,PRESSURE_OUTPUT,OUTPUT_DEMAND,FITNESS
0.3543332872719597,24.262319897758072,3.9,9.094681540421838
