EMITTER_COEFFICIENT_SOLUTION,PRESSURE_OUTPUT,OUTPUT_DEMAND,FITNESS
0.6016309476591132,24.18524106090366,3.9,5.346644077529315
