EMITTER_COEFFICIENT_SOLUTION,PRESSURE_OUTPUT,OUTPUT_DEMAND,FITNESS
0.4238155231497741,24.240690902053593,3.9,7.59974467292833
