EMITTER_COEFFICIENT_SOLUTION,PRESSURE_OUTPUT,OUTPUT_DEMAND,FITNESS
0.49870421673715815,24.217354697424703,3.9,6.454962294524718
