EMITTER_COEFFICIENT_SOLUTION,PRESSURE_OUTPUT,OUTPUT_DEMAND,FITNESS
0.9192965744448697,24.085841128416412,3.9,3.49121611516764
