EMITTER_COEFFICIENT_SOLUTION,PRESSURE_OUTPUT,OUTPUT_DEMAND,FITNESS
0.5934393539713395,24.187798575567268,3.9,5.420768317405383
