EMITTER_COEFFICIENT_SOLUTION,PRESSURE_OUTPUT,OUTPUT_DEMAND,FITNESS
0.7330264465534683,24.144178221853664,3.9,4.38411804103584
