EMITTER_COEFFICIENT_SOLUTION,PRESSURE_OUTPUT,OUTPUT_DEMAND,FITNESS
0.1399747917100661,24.32890785239107,3.9,23.05931764514177
