EMITTER_COEFFICIENT_SOLUTION,PRESSURE_OUTPUT,OUTPUT_DEMAND,FITNESS
0.2957262403959914,24.280546543577618,3.9,10.90182912434444
