EMITTER_COEFFICIENT_SOLUTION,PRESSURE_OUTPUT,OUTPUT_DEMAND,FITNESS
0.9787912815787551,24.067178014688004,3.9,3.2776541252642883
