EMITTER_COEFFICIENT_SOLUTION,PRESSURE_OUTPUT,OUTPUT_DEMAND,FITNESS
0.9755781048037093,22.335927424699285,1.5,0.6596568246168951
