EMITTER_COEFFICIENT_SOLUTION,PRESSURE_OUTPUT,OUTPUT_DEMAND,FITNESS
0.4541441513483724,27.383539566625508,1.5,17.231294615083925
