EMITTER_COEFFICIENT_SOLUTION,PRESSURE_OUTPUT,OUTPUT_DEMAND,FITNESS
1.2905905885347484,28.513857728077113,0.89,3.232197610558289
