EMITTER_COEFFICIENT_SOLUTION,PRESSURE_OUTPUT,OUTPUT_DEMAND,FITNESS
1.0986851319423514,28.688668141162033,1.2,6.041229989793667
