EMITTER_COEFFICIENT_SOLUTION,PRESSURE_OUTPUT,OUTPUT_DEMAND,FITNESS
0.6035327767287189,29.17240841202291,1.7,3.665488789860788
