EMITTER_COEFFICIENT_SOLUTION,PRESSURE_OUTPUT,OUTPUT_DEMAND,FITNESS
0.8375214405759932,26.83940321684883,1.5,2.0571712366716364
