EMITTER_COEFFICIENT_SOLUTION,PRESSURE_OUTPUT,OUTPUT_DEMAND,FITNESS
0.24748423406439857,24.522706017611906,1.5,1.4906665366419645
