EMITTER_COEFFICIENT_SOLUTION,PRESSURE_OUTPUT,OUTPUT_DEMAND,FITNESS
1.0947183649045198,26.405607355005138,1.5,1.0870743666847889
