EMITTER_COEFFICIENT_SOLUTION,PRESSURE_OUTPUT,OUTPUT_DEMAND,FITNESS
0.009618351160050387,24.869295735732763,12.6,18.222099197376544
