EMITTER_COEFFICIENT_SOLUTION,PRESSURE_OUTPUT,OUTPUT_DEMAND,FITNESS
0.9887158356771788,22.290463752288186,1.5,0.6404494747418076
