EMITTER_COEFFICIENT_SOLUTION,PRESSURE_OUTPUT,OUTPUT_DEMAND,FITNESS
1.2025656204551896,23.615798158658965,3.9,2.2485839549680877
