EMITTER_COEFFICIENT_SOLUTION,PRESSURE_OUTPUT,OUTPUT_DEMAND,FITNESS
0.43577930251168073,27.031618694341994,1.1,29.608376064120954
