EMITTER_COEFFICIENT_SOLUTION,PRESSURE_OUTPUT,OUTPUT_DEMAND,FITNESS
0.21508196154529535,9.36390586993548,1.0,112.02396918082773
