EMITTER_COEFFICIENT_SOLUTION,PRESSURE_OUTPUT,OUTPUT_DEMAND,FITNESS
1.1480966046779977,27.334120927669563,1.2,0.9157771295156732
