EMITTER_COEFFICIENT_SOLUTION,PRESSURE_OUTPUT,OUTPUT_DEMAND,FITNESS
0.10994940655778895,28.93848094105035,0.89,8.67767889869708
