EMITTER_COEFFICIENT_SOLUTION,PRESSURE_OUTPUT,OUTPUT_DEMAND,FITNESS
1.009084823194474,23.91891537743399,13.000000000000002,18.73358902900348
