EMITTER_COEFFICIENT_SOLUTION,PRESSURE_OUTPUT,OUTPUT_DEMAND,FITNESS
1.095859755561534,27.74751556061031,1.7,0.5890295266447261
