EMITTER_COEFFICIENT_SOLUTION,PRESSURE_OUTPUT,OUTPUT_DEMAND,FITNESS
1.018070899446335,28.71257897164432,1.2,7.061230581164183
