EMITTER_COEFFICIENT_SOLUTION,PRESSURE_OUTPUT,OUTPUT_DEMAND,FITNESS
0.33586100651995776,24.832895903284445,12.6,54.11669241038249
