EMITTER_COEFFICIENT_SOLUTION,PRESSURE_OUTPUT,OUTPUT_DEMAND,FITNESS
0.9516502565599169,26.790991978368123,1.21,4.464955734081278
