EMITTER_COEFFICIENT_SOLUTION,PRESSURE_OUTPUT,OUTPUT_DEMAND,FITNESS
0.3750973665890468,28.885119919510693,1.2,32.3367440665188
