EMITTER_COEFFICIENT_SOLUTION,PRESSURE_OUTPUT,OUTPUT_DEMAND,FITNESS
1.3773009136570242,26.858403837323166,1.7,0.38657509938935014
