EMITTER_COEFFICIENT_SOLUTION,PRESSURE_OUTPUT,OUTPUT_DEMAND,FITNESS
0.7762468162193236,28.72618503683467,0.89,10.30293563688558
