EMITTER_COEFFICIENT_SOLUTION,PRESSURE_OUTPUT,OUTPUT_DEMAND,FITNESS
1.0371074550714179,22.201851554972407,1.2,0.7423668785756489
