EMITTER_COEFFICIENT_SOLUTION,PRESSURE_OUTPUT,OUTPUT_DEMAND,FITNESS
1.3217601313169207,24.334081155166537,23.0,1.925585024469355
