EMITTER_COEFFICIENT_SOLUTION,PRESSURE_OUTPUT,OUTPUT_DEMAND,FITNESS
0.9572639782139376,28.167562356986995,1.7,0.7826802462868724
