EMITTER_COEFFICIENT_SOLUTION,PRESSURE_OUTPUT,OUTPUT_DEMAND,FITNESS
0.48789369047458553,24.860903397594434,23.0,133.30578895075845
