EMITTER_COEFFICIENT_SOLUTION,PRESSURE_OUTPUT,OUTPUT_DEMAND,FITNESS
0.39175662812439616,28.881069754600112,1.2,37.21012196852572
