EMITTER_COEFFICIENT_SOLUTION,PRESSURE_OUTPUT,OUTPUT_DEMAND,FITNESS
0.046095442968876355,25.131395947496554,23.0,3.5971986508392013
