EMITTER_COEFFICIENT_SOLUTION,PRESSURE_OUTPUT,OUTPUT_DEMAND,FITNESS
0.4316426770032121,9.357126081970428,1.0,465.7937242746664
