EMITTER_COEFFICIENT_SOLUTION,PRESSURE_OUTPUT,OUTPUT_DEMAND,FITNESS
0.32055607158782307,26.568439704587533,10.1,35.60834601931949
