EMITTER_COEFFICIENT_SOLUTION,PRESSURE_OUTPUT,OUTPUT_DEMAND,FITNESS
0.10360111159577445,28.903768347180943,1.2,2.093448713585595
