EMITTER_COEFFICIENT_SOLUTION,PRESSURE_OUTPUT,OUTPUT_DEMAND,FITNESS
0.1961404822845173,28.92716255685683,1.2,13.70478597581023
