EMITTER_COEFFICIENT_SOLUTION,PRESSURE_OUTPUT,OUTPUT_DEMAND,FITNESS
0.27108653465342525,23.99593835006884,13.000000000000002,42.29238548159436
