EMITTER_COEFFICIENT_SOLUTION,PRESSURE_OUTPUT,OUTPUT_DEMAND,FITNESS
0.06104839865260048,24.334451960570703,3.9,3.650548090274583
