EMITTER_COEFFICIENT_SOLUTION,PRESSURE_OUTPUT,OUTPUT_DEMAND,FITNESS
0.39676415626865114,9.358219911140573,1.0,308.5750950768054
