EMITTER_COEFFICIENT_SOLUTION,PRESSURE_OUTPUT,OUTPUT_DEMAND,FITNESS
1.3241422742992954,24.720016914141624,12.6,10.592950767855585
