EMITTER_COEFFICIENT_SOLUTION,PRESSURE_OUTPUT,OUTPUT_DEMAND,FITNESS
0.9595083855407178,27.686538686493936,1.2,1.3521718216217824
