EMITTER_COEFFICIENT_SOLUTION,PRESSURE_OUTPUT,OUTPUT_DEMAND,FITNESS
0.41834403636104944,9.357543228036903,1.0,390.01269067602664
