EMITTER_COEFFICIENT_SOLUTION,PRESSURE_OUTPUT,OUTPUT_DEMAND,FITNESS
1.4278756557382246,26.694286756363702,1.7,0.36351256220125494
