EMITTER_COEFFICIENT_SOLUTION,PRESSURE_OUTPUT,OUTPUT_DEMAND,FITNESS
0.05160579785549224,27.227675695723335,1.1,4.351018828654876
