EMITTER_COEFFICIENT_SOLUTION,PRESSURE_OUTPUT,OUTPUT_DEMAND,FITNESS
1.0225335463840701,26.669094309464384,1.1,4.610756186716926
