EMITTER_COEFFICIENT_SOLUTION,PRESSURE_OUTPUT,OUTPUT_DEMAND,FITNESS
0.17405960702832501,28.92137529866337,0.89,10.190299097492616
