EMITTER_COEFFICIENT_SOLUTION,PRESSURE_OUTPUT,OUTPUT_DEMAND,FITNESS
0.42173606340584213,9.357436838443121,1.0,406.8961513897765
