EMITTER_COEFFICIENT_SOLUTION,PRESSURE_OUTPUT,OUTPUT_DEMAND,FITNESS
0.2943420056023931,23.993546623316767,13.000000000000002,47.05175677283953
