EMITTER_COEFFICIENT_SOLUTION,PRESSURE_OUTPUT,OUTPUT_DEMAND,FITNESS
1.2449944543246212,27.281837696971895,1.7,0.46223844131307606
