EMITTER_COEFFICIENT_SOLUTION,PRESSURE_OUTPUT,OUTPUT_DEMAND,FITNESS
0.2145948581541265,25.028985082581894,23.0,5.695304576359549
