EMITTER_COEFFICIENT_SOLUTION,PRESSURE_OUTPUT,OUTPUT_DEMAND,FITNESS
1.005143674077439,24.536471797259065,23.0,3.15525046447317
