EMITTER_COEFFICIENT_SOLUTION,PRESSURE_OUTPUT,OUTPUT_DEMAND,FITNESS
1.0854804359200592,24.485380677116254,23.0,2.7172202170391877
