EMITTER_COEFFICIENT_SOLUTION,PRESSURE_OUTPUT,OUTPUT_DEMAND,FITNESS
0.49145836699778134,24.85869535404641,23.0,188.91070924744125
