EMITTER_COEFFICIENT_SOLUTION,PRESSURE_OUTPUT,OUTPUT_DEMAND,FITNESS
0.8651302866187954,26.83432106033359,1.21,5.535955070941413
