EMITTER_COEFFICIENT_SOLUTION,PRESSURE_OUTPUT,OUTPUT_DEMAND,FITNESS
1.490601102639082,23.431629165292037,3.9,1.590094786776027
