EMITTER_COEFFICIENT_SOLUTION,PRESSURE_OUTPUT,OUTPUT_DEMAND,FITNESS
0.0748056758772162,27.216138370196013,1.1,4.580979995945286
