EMITTER_COEFFICIENT_SOLUTION,PRESSURE_OUTPUT,OUTPUT_DEMAND,FITNESS
1.1587688499395141,27.313419482040064,1.2,0.8987389175931529
