EMITTER_COEFFICIENT_SOLUTION,PRESSURE_OUTPUT,OUTPUT_DEMAND,FITNESS
0.2688795096516742,28.89472614306768,0.89,13.98926362327701
