EMITTER_COEFFICIENT_SOLUTION,PRESSURE_OUTPUT,OUTPUT_DEMAND,FITNESS
0.297222850418876,9.36133762774302,1.0,157.2718038412061
