EMITTER_COEFFICIENT_SOLUTION,PRESSURE_OUTPUT,OUTPUT_DEMAND,FITNESS
0.3830543800363462,26.558689162962587,10.1,54.54715383508362
