EMITTER_COEFFICIENT_SOLUTION,PRESSURE_OUTPUT,OUTPUT_DEMAND,FITNESS
0.34021107869689693,28.893526681033855,1.2,25.425020891449954
