EMITTER_COEFFICIENT_SOLUTION,PRESSURE_OUTPUT,OUTPUT_DEMAND,FITNESS
1.2528581557475054,24.72828764728765,12.6,11.61013143884328
