EMITTER_COEFFICIENT_SOLUTION,PRESSURE_OUTPUT,OUTPUT_DEMAND,FITNESS
0.11670966677865846,26.600016944833136,10.1,16.76149648921586
