EMITTER_COEFFICIENT_SOLUTION,PRESSURE_OUTPUT,OUTPUT_DEMAND,FITNESS
0.00692242616535399,26.616879775460546,10.1,13.067902506050665
