EMITTER_COEFFICIENT_SOLUTION,PRESSURE_OUTPUT,OUTPUT_DEMAND,FITNESS
0.5181716448556134,27.006054419622714,1.21,112.30976986120776
