EMITTER_COEFFICIENT_SOLUTION,PRESSURE_OUTPUT,OUTPUT_DEMAND,FITNESS
1.4625888570119967,26.580980503973972,1.7,0.34913241054729904
