EMITTER_COEFFICIENT_SOLUTION,PRESSURE_OUTPUT,OUTPUT_DEMAND,FITNESS
0.054698401652714224,28.95261940110545,0.89,7.729370084961526
