EMITTER_COEFFICIENT_SOLUTION,PRESSURE_OUTPUT,OUTPUT_DEMAND,FITNESS
0.08175794949112691,24.435801830307,1.2,1.1275108570498487
