EMITTER_COEFFICIENT_SOLUTION,PRESSURE_OUTPUT,OUTPUT_DEMAND,FITNESS
1.3108924727027698,23.886760362521436,13.000000000000002,11.691111130882238
