EMITTER_COEFFICIENT_SOLUTION,PRESSURE_OUTPUT,OUTPUT_DEMAND,FITNESS
0.6370433940637941,26.51873214301221,10.1,46.240085158921154
