EMITTER_COEFFICIENT_SOLUTION,PRESSURE_OUTPUT,OUTPUT_DEMAND,FITNESS
0.2786310884032601,23.99516268029818,13.000000000000002,43.72684122619882
