EMITTER_COEFFICIENT_SOLUTION,PRESSURE_OUTPUT,OUTPUT_DEMAND,FITNESS
1.2217616615340083,27.355237611458712,1.7,0.4784721705047215
