EMITTER_COEFFICIENT_SOLUTION,PRESSURE_OUTPUT,OUTPUT_DEMAND,FITNESS
0.4587442240691445,28.836667278089827,0.89,74.49052619987806
