EMITTER_COEFFICIENT_SOLUTION,PRESSURE_OUTPUT,OUTPUT_DEMAND,FITNESS
0.15489493261897602,9.365785120565349,1.0,92.5419373736527
