EMITTER_COEFFICIENT_SOLUTION,PRESSURE_OUTPUT,OUTPUT_DEMAND,FITNESS
0.7501043587092421,24.786054662397923,12.6,35.255145302683246
