EMITTER_COEFFICIENT_SOLUTION,PRESSURE_OUTPUT,OUTPUT_DEMAND,FITNESS
1.0403453501531796,28.62213757087548,0.89,4.972472855417716
