EMITTER_COEFFICIENT_SOLUTION,PRESSURE_OUTPUT,OUTPUT_DEMAND,FITNESS
0.531981901870636,26.872954082855365,1.1,76.77902529727714
