EMITTER_COEFFICIENT_SOLUTION,PRESSURE_OUTPUT,OUTPUT_DEMAND,FITNESS
1.2688520888691333,26.573266089947385,1.1,2.3552666399695195
