EMITTER_COEFFICIENT_SOLUTION,PRESSURE_OUTPUT,OUTPUT_DEMAND,FITNESS
0.566132305538688,23.965422070729254,13.000000000000002,145.48922953714725
