EMITTER_COEFFICIENT_SOLUTION,PRESSURE_OUTPUT,OUTPUT_DEMAND,FITNESS
0.7829018320246536,26.87531696782134,1.21,7.16120021559776
