EMITTER_COEFFICIENT_SOLUTION,PRESSURE_OUTPUT,OUTPUT_DEMAND,FITNESS
0.28535704056800504,24.194892150022522,3.9,7.442045544494278
