EMITTER_COEFFICIENT_SOLUTION,PRESSURE_OUTPUT,OUTPUT_DEMAND,FITNESS
0.4112193480297702,24.908300366410778,23.0,18.21542779618395
