EMITTER_COEFFICIENT_SOLUTION,PRESSURE_OUTPUT,OUTPUT_DEMAND,FITNESS
0.14992888107155733,27.71515621905305,1.5,2.566401815352865
