EMITTER_COEFFICIENT_SOLUTION,PRESSURE_OUTPUT,OUTPUT_DEMAND,FITNESS
0.148936340996203,24.752472647281532,1.5,1.1103616474671945
