EMITTER_COEFFICIENT_SOLUTION,PRESSURE_OUTPUT,OUTPUT_DEMAND,FITNESS
0.43981563669173873,28.508935554745257,1.2,12.070314144639692
