EMITTER_COEFFICIENT_SOLUTION,PRESSURE_OUTPUT,OUTPUT_DEMAND,FITNESS
0.4850253941304208,28.44702784028935,1.2,47.75510259813875
