EMITTER_COEFFICIENT_SOLUTION,PRESSURE_OUTPUT,OUTPUT_DEMAND,FITNESS
0.19583770069328632,27.008107523316696,1.1,8.18792599832302
