EMITTER_COEFFICIENT_SOLUTION,PRESSURE_OUTPUT,OUTPUT_DEMAND,FITNESS
0.46115360314651965,28.83589115015579,0.89,79.06139582737465
