EMITTER_COEFFICIENT_SOLUTION,PRESSURE_OUTPUT,OUTPUT_DEMAND,FITNESS
1.308520591280437,27.079645588922283,1.7,0.42272971433210044
