EMITTER_COEFFICIENT_SOLUTION,PRESSURE_OUTPUT,OUTPUT_DEMAND,FITNESS
0.087035115639861,24.425705768888875,1.2,1.1404935731023222
