EMITTER_COEFFICIENT_SOLUTION,PRESSURE_OUTPUT,OUTPUT_DEMAND,FITNESS
0.34907600068918065,29.82309574430237,1.7,2.6463818272598165
