EMITTER_COEFFICIENT_SOLUTION,PRESSURE_OUTPUT,OUTPUT_DEMAND,FITNESS
0.034077789342902065,24.994746149960175,1.5,0.8749817516124987
