EMITTER_COEFFICIENT_SOLUTION,PRESSURE_OUTPUT,OUTPUT_DEMAND,FITNESS
0.04031335982805706,24.865889643136676,12.6,19.427915237846122
