EMITTER_COEFFICIENT_SOLUTION,PRESSURE_OUTPUT,OUTPUT_DEMAND,FITNESS
1.3944110723055458,26.803012039603267,1.7,0.3784708687251243
