EMITTER_COEFFICIENT_SOLUTION,PRESSURE_OUTPUT,OUTPUT_DEMAND,FITNESS
0.8724648513112261,23.933347163652314,13.000000000000002,25.675082582815214
