EMITTER_COEFFICIENT_SOLUTION,PRESSURE_OUTPUT,OUTPUT_DEMAND,FITNESS
1.327624584870681,26.539366051303567,1.1,2.1811182418387816
