EMITTER_COEFFICIENT_SOLUTION,PRESSURE_OUTPUT,OUTPUT_DEMAND,FITNESS
0.6483959799416189,24.79761938103116,12.6,59.524038347826355
