EMITTER_COEFFICIENT_SOLUTION,PRESSURE_OUTPUT,OUTPUT_DEMAND,FITNESS
1.0567357183293624,24.750940592254963,12.6,15.753309675178023
