EMITTER_COEFFICIENT_SOLUTION,PRESSURE_OUTPUT,OUTPUT_DEMAND,FITNESS
1.3857303558082321,25.85764825765845,1.5,0.6812641758406631
