EMITTER_COEFFICIENT_SOLUTION,PRESSURE_OUTPUT,OUTPUT_DEMAND,FITNESS
0.47016710725560207,24.87187773209548,23.0,54.1246085746079
