EMITTER_COEFFICIENT_SOLUTION,PRESSURE_OUTPUT,OUTPUT_DEMAND,FITNESS
0.08056419099881651,28.952867838774274,1.2,10.13453676736993
