EMITTER_COEFFICIENT_SOLUTION,PRESSURE_OUTPUT,OUTPUT_DEMAND,FITNESS
0.024756400515251964,28.960044080648863,0.89,7.309870533385576
