EMITTER_COEFFICIENT_SOLUTION,PRESSURE_OUTPUT,OUTPUT_DEMAND,FITNESS
0.7313343878118002,26.503764135562754,10.1,27.326686150591893
