EMITTER_COEFFICIENT_SOLUTION,PRESSURE_OUTPUT,OUTPUT_DEMAND,FITNESS
1.0908838334171347,9.336315226419366,1.0,53.573392168893186
