EMITTER_COEFFICIENT_SOLUTION,PRESSURE_OUTPUT,OUTPUT_DEMAND,FITNESS
1.0996869413576258,24.745992410869285,12.6,14.61413447737895
