EMITTER_COEFFICIENT_SOLUTION,PRESSURE_OUTPUT,OUTPUT_DEMAND,FITNESS
0.3827624909511984,24.134010623021737,3.9,13.607269222037546
