EMITTER_COEFFICIENT_SOLUTION,PRESSURE_OUTPUT,OUTPUT_DEMAND,FITNESS
0.10678956753950408,28.900599087187956,1.2,2.107430849756253
