EMITTER_COEFFICIENT_SOLUTION,PRESSURE_OUTPUT,OUTPUT_DEMAND,FITNESS
1.0105508995482715,26.71990693823803,1.1,3.5979049165380026
