EMITTER_COEFFICIENT_SOLUTION,PRESSURE_OUTPUT,OUTPUT_DEMAND,FITNESS
0.21295536137986126,9.363972307013036,1.0,111.19638506682212
