EMITTER_COEFFICIENT_SOLUTION,PRESSURE_OUTPUT,OUTPUT_DEMAND,FITNESS
0.6460474907801835,28.816425114844655,1.2,26.47447486877153
