EMITTER_COEFFICIENT_SOLUTION,PRESSURE_OUTPUT,OUTPUT_DEMAND,FITNESS
0.03803518055647792,9.36942766078559,1.0,69.21156732687943
