EMITTER_COEFFICIENT_SOLUTION,PRESSURE_OUTPUT,OUTPUT_DEMAND,FITNESS
0.1208463233800321,24.81433930272536,1.5,1.0389889640180203
