EMITTER_COEFFICIENT_SOLUTION,PRESSURE_OUTPUT,OUTPUT_DEMAND,FITNESS
0.7017549714267625,24.791557367246384,12.6,43.74080229012521
