EMITTER_COEFFICIENT_SOLUTION,PRESSURE_OUTPUT,OUTPUT_DEMAND,FITNESS
1.1432416160124832,23.904668412003723,13.000000000000002,14.78698904187191
