EMITTER_COEFFICIENT_SOLUTION,PRESSURE_OUTPUT,OUTPUT_DEMAND,FITNESS
1.0731158423520084,22.105202686388846,1.2,0.6926686516705106
