EMITTER_COEFFICIENT_SOLUTION,PRESSURE_OUTPUT,OUTPUT_DEMAND,FITNESS
0.3955004438553541,28.85669037687066,0.89,29.897489249234205
