EMITTER_COEFFICIENT_SOLUTION,PRESSURE_OUTPUT,OUTPUT_DEMAND,FITNESS
1.0501852188248697,26.741407495993396,1.21,3.6556272164665726
