EMITTER_COEFFICIENT_SOLUTION,PRESSURE_OUTPUT,OUTPUT_DEMAND,FITNESS
0.5577787864189521,23.96629118138192,13.000000000000002,166.54868431952616
