EMITTER_COEFFICIENT_SOLUTION,PRESSURE_OUTPUT,OUTPUT_DEMAND,FITNESS
0.04424414940575194,24.34486977277697,3.9,3.516801578482423
