EMITTER_COEFFICIENT_SOLUTION,PRESSURE_OUTPUT,OUTPUT_DEMAND,FITNESS
0.05463883812543435,24.01808673777839,13.000000000000002,21.837252796167725
