EMITTER_COEFFICIENT_SOLUTION,PRESSURE_OUTPUT,OUTPUT_DEMAND,FITNESS
0.21028522795095905,27.00237867742272,1.1,8.590902613509968
