EMITTER_COEFFICIENT_SOLUTION,PRESSURE_OUTPUT,OUTPUT_DEMAND,FITNESS
0.4766004486400556,28.830892210475653,0.89,130.72821101925558
