EMITTER_COEFFICIENT_SOLUTION,PRESSURE_OUTPUT,OUTPUT_DEMAND,FITNESS
0.25817049857232777,9.362559156063675,1.0,131.92704108116885
