EMITTER_COEFFICIENT_SOLUTION,PRESSURE_OUTPUT,OUTPUT_DEMAND,FITNESS
1.2822023151020117,21.239842403583452,1.5,0.38284476169606924
