EMITTER_COEFFICIENT_SOLUTION,PRESSURE_OUTPUT,OUTPUT_DEMAND,FITNESS
0.8510103114791212,28.48022921580792,1.7,1.0362757574905994
