EMITTER_COEFFICIENT_SOLUTION,PRESSURE_OUTPUT,OUTPUT_DEMAND,FITNESS
0.21329436311178473,24.60461255862203,1.5,1.3284669169792256
