EMITTER_COEFFICIENT_SOLUTION,PRESSURE_OUTPUT,OUTPUT_DEMAND,FITNESS
0.6952054543382061,26.918838522410415,1.21,10.403679180728199
