EMITTER_COEFFICIENT_SOLUTION,PRESSURE_OUTPUT,OUTPUT_DEMAND,FITNESS
0.2471250899192483,30.06403279854034,1.7,1.6160010608328677
