EMITTER_COEFFICIENT_SOLUTION,PRESSURE_OUTPUT,OUTPUT_DEMAND,FITNESS
0.09490569913611868,9.367656024669039,1.0,78.8841629262881
