EMITTER_COEFFICIENT_SOLUTION,PRESSURE_OUTPUT,OUTPUT_DEMAND,FITNESS
0.07473966710120439,27.2161712540748,1.1,4.580290019266272
