EMITTER_COEFFICIENT_SOLUTION,PRESSURE_OUTPUT,OUTPUT_DEMAND,FITNESS
0.06638797034490407,27.224584042433627,1.21,4.770362434275353
