EMITTER_COEFFICIENT_SOLUTION,PRESSURE_OUTPUT,OUTPUT_DEMAND,FITNESS
0.2270589416378591,28.92009195552351,1.2,15.17528771417367
