EMITTER_COEFFICIENT_SOLUTION,PRESSURE_OUTPUT,OUTPUT_DEMAND,FITNESS
0.1978217114635884,28.914846928795605,0.89,10.916532813244174
