EMITTER_COEFFICIENT_SOLUTION,PRESSURE_OUTPUT,OUTPUT_DEMAND,FITNESS
0.41009607935902026,24.116897226971293,3.9,17.737813264111022
