EMITTER_COEFFICIENT_SOLUTION,PRESSURE_OUTPUT,OUTPUT_DEMAND,FITNESS
0.3528538223606973,24.83098804424501,12.6,60.34737956335133
