EMITTER_COEFFICIENT_SOLUTION,PRESSURE_OUTPUT,OUTPUT_DEMAND,FITNESS
0.3698686090542205,26.938615927489302,1.1,18.997157446866293
