EMITTER_COEFFICIENT_SOLUTION,PRESSURE_OUTPUT,OUTPUT_DEMAND,FITNESS
0.19517530534147998,24.003729238480936,13.000000000000002,31.810858513208693
