EMITTER_COEFFICIENT_SOLUTION,PRESSURE_OUTPUT,OUTPUT_DEMAND,FITNESS
0.27473561478379527,24.8397490052934,12.6,39.4762467716927
