EMITTER_COEFFICIENT_SOLUTION,PRESSURE_OUTPUT,OUTPUT_DEMAND,FITNESS
0.6894594755983111,9.349018113616992,1.0,167.6981418966176
