EMITTER_COEFFICIENT_SOLUTION,PRESSURE_OUTPUT,OUTPUT_DEMAND,FITNESS
0.0035390796159689986,9.370501335550856,1.0,64.42416190197251
