EMITTER_COEFFICIENT_SOLUTION,PRESSURE_OUTPUT,OUTPUT_DEMAND,FITNESS
0.06207346551464821,26.60842147595281,10.1,14.691822453594254
