EMITTER_COEFFICIENT_SOLUTION,PRESSURE_OUTPUT,OUTPUT_DEMAND,FITNESS
0.10396269560659999,28.90340952354861,1.2,2.0950224501855144
