EMITTER_COEFFICIENT_SOLUTION,PRESSURE_OUTPUT,OUTPUT_DEMAND,FITNESS
1.4825365959236905,20.49421004578567,1.5,0.29782671738558775
