EMITTER_COEFFICIENT_SOLUTION,PRESSURE_OUTPUT,OUTPUT_DEMAND,FITNESS
1.357388506177171,24.71615278831456,12.6,10.176405119766146
