EMITTER_COEFFICIENT_SOLUTION,PRESSURE_OUTPUT,OUTPUT_DEMAND,FITNESS
0.2992835578924695,27.564260990537257,1.5,4.188387492700757
