EMITTER_COEFFICIENT_SOLUTION,PRESSURE_OUTPUT,OUTPUT_DEMAND,FITNESS
0.8671308948799585,22.648560892449808,1.2,1.1106995129030122
