EMITTER_COEFFICIENT_SOLUTION,PRESSURE_OUTPUT,OUTPUT_DEMAND,FITNESS
0.9257623587785124,22.49633979871107,1.2,0.9500694678981345
