EMITTER_COEFFICIENT_SOLUTION,PRESSURE_OUTPUT,OUTPUT_DEMAND,FITNESS
0.24846240788040064,24.842689957109556,12.6,35.36988327248719
