EMITTER_COEFFICIENT_SOLUTION,PRESSURE_OUTPUT,OUTPUT_DEMAND,FITNESS
0.4041997273269853,24.120589958443226,3.9,16.647392706050436
