EMITTER_COEFFICIENT_SOLUTION,PRESSURE_OUTPUT,OUTPUT_DEMAND,FITNESS
0.1024193895787221,28.9404409671125,0.89,8.532553166122756
