EMITTER_COEFFICIENT_SOLUTION,PRESSURE_OUTPUT,OUTPUT_DEMAND,FITNESS
0.32405106078861834,28.878493168618533,0.89,18.099411085366523
