EMITTER_COEFFICIENT_SOLUTION,PRESSURE_OUTPUT,OUTPUT_DEMAND,FITNESS
0.18874579830202587,28.917352359268527,0.89,10.625907713307708
