EMITTER_COEFFICIENT_SOLUTION,PRESSURE_OUTPUT,OUTPUT_DEMAND,FITNESS
0.1713457929953074,27.174347594933074,1.21,6.273870885377813
