EMITTER_COEFFICIENT_SOLUTION,PRESSURE_OUTPUT,OUTPUT_DEMAND,FITNESS
0.8678720878650887,26.79921639135098,1.1,5.034484292375082
