EMITTER_COEFFICIENT_SOLUTION,PRESSURE_OUTPUT,OUTPUT_DEMAND,FITNESS
0.3157099436152849,24.835156830537088,12.6,48.21713737892782
