EMITTER_COEFFICIENT_SOLUTION,PRESSURE_OUTPUT,OUTPUT_DEMAND,FITNESS
0.9650107878308851,22.39331708607877,1.2,0.865368313159663
