EMITTER_COEFFICIENT_SOLUTION,PRESSURE_OUTPUT,OUTPUT_DEMAND,FITNESS
0.7497168043404856,26.863950204495683,1.1,7.468468313735122
