EMITTER_COEFFICIENT_SOLUTION,PRESSURE_OUTPUT,OUTPUT_DEMAND,FITNESS
1.3001565242468818,9.329655141671878,1.0,39.48500928851894
