EMITTER_COEFFICIENT_SOLUTION,PRESSURE_OUTPUT,OUTPUT_DEMAND,FITNESS
1.2249977104189842,21.449190070460343,1.5,0.4162024099570473
