EMITTER_COEFFICIENT_SOLUTION,PRESSURE_OUTPUT,OUTPUT_DEMAND,FITNESS
0.09860147895953975,30.39270147919088,1.7,1.0554310758621435
