EMITTER_COEFFICIENT_SOLUTION,PRESSURE_OUTPUT,OUTPUT_DEMAND,FITNESS
1.326410469596408,27.022325732736462,1.7,0.41272895882241095
