EMITTER_COEFFICIENT_SOLUTION,PRESSURE_OUTPUT,OUTPUT_DEMAND,FITNESS
0.6820172055527199,26.92536554501783,1.21,11.161608773808863
