EMITTER_COEFFICIENT_SOLUTION,PRESSURE_OUTPUT,OUTPUT_DEMAND,FITNESS
1.113078906754942,27.694436746337512,1.7,0.5711718452731298
