EMITTER_COEFFICIENT_SOLUTION,PRESSURE_OUTPUT,OUTPUT_DEMAND,FITNESS
1.1109728157833714,28.592514288903203,0.89,4.334061423255264
