EMITTER_COEFFICIENT_SOLUTION,PRESSURE_OUTPUT,OUTPUT_DEMAND,FITNESS
0.7286633256512711,27.007079619533513,1.5,3.140427326449306
