EMITTER_COEFFICIENT_SOLUTION,PRESSURE_OUTPUT,OUTPUT_DEMAND,FITNESS
0.4809805294576077,23.90614912680875,1.5,18.42164969568405
