EMITTER_COEFFICIENT_SOLUTION,PRESSURE_OUTPUT,OUTPUT_DEMAND,FITNESS
0.11697781453304246,27.03924743897948,1.1,6.524392896432265
