EMITTER_COEFFICIENT_SOLUTION,PRESSURE_OUTPUT,OUTPUT_DEMAND,FITNESS
1.2847489481959813,26.557130160352216,1.1,3.0409157072204347
