EMITTER_COEFFICIENT_SOLUTION,PRESSURE_OUTPUT,OUTPUT_DEMAND,FITNESS
1.4178901678071556,24.272095501026833,23.0,1.7202574251241771
