EMITTER_COEFFICIENT_SOLUTION,PRESSURE_OUTPUT,OUTPUT_DEMAND,FITNESS
0.11859400003069465,24.819228046164742,1.5,1.033738245164768
