EMITTER_COEFFICIENT_SOLUTION,PRESSURE_OUTPUT,OUTPUT_DEMAND,FITNESS
1.0520858313119772,27.516767972599332,1.2,1.0997208175121185
