EMITTER_COEFFICIENT_SOLUTION,PRESSURE_OUTPUT,OUTPUT_DEMAND,FITNESS
0.1716296168976572,24.259785076486303,1.2,1.4066821166000898
