EMITTER_COEFFICIENT_SOLUTION,PRESSURE_OUTPUT,OUTPUT_DEMAND,FITNESS
0.7332674402418528,28.79305232083241,1.2,16.35456012421401
