EMITTER_COEFFICIENT_SOLUTION,PRESSURE_OUTPUT,OUTPUT_DEMAND,FITNESS
0.21800526568474132,24.001388785027373,13.000000000000002,34.36974937704036
