EMITTER_COEFFICIENT_SOLUTION,PRESSURE_OUTPUT,OUTPUT_DEMAND,FITNESS
0.5019224608003521,29.440254065131086,1.7,201.23726937206848
