EMITTER_COEFFICIENT_SOLUTION,PRESSURE_OUTPUT,OUTPUT_DEMAND,FITNESS
0.3241051234414919,24.96192383760076,23.0,9.214722313726218
