EMITTER_COEFFICIENT_SOLUTION,PRESSURE_OUTPUT,OUTPUT_DEMAND,FITNESS
0.07105995109230623,30.45058530930049,1.7,0.9946646331060861
