EMITTER_COEFFICIENT_SOLUTION,PRESSURE_OUTPUT,OUTPUT_DEMAND,FITNESS
0.814753937811314,22.87881180501001,1.5,1.0276907501333816
