EMITTER_COEFFICIENT_SOLUTION,PRESSURE_OUTPUT,OUTPUT_DEMAND,FITNESS
0.35043390158136234,28.870544352232535,0.89,21.140933892458346
