EMITTER_COEFFICIENT_SOLUTION,PRESSURE_OUTPUT,OUTPUT_DEMAND,FITNESS
0.3756413150033804,24.138467082445324,3.9,12.829297502022126
