EMITTER_COEFFICIENT_SOLUTION,PRESSURE_OUTPUT,OUTPUT_DEMAND,FITNESS
1.4433927001668203,23.461877624450434,3.9,1.6704394449113367
