EMITTER_COEFFICIENT_SOLUTION,PRESSURE_OUTPUT,OUTPUT_DEMAND,FITNESS
0.5771676382502483,24.805693721367433,12.6,114.60536396119119
