EMITTER_COEFFICIENT_SOLUTION,PRESSURE_OUTPUT,OUTPUT_DEMAND,FITNESS
1.3450553821519888,23.524808408582356,3.9,1.866667372076736
