EMITTER_COEFFICIENT_SOLUTION,PRESSURE_OUTPUT,OUTPUT_DEMAND,FITNESS
0.6633860328009795,26.81909300018765,1.1,14.950929613493393
