EMITTER_COEFFICIENT_SOLUTION,PRESSURE_OUTPUT,OUTPUT_DEMAND,FITNESS
0.4078487708211107,23.981839529213396,13.000000000000002,104.75484923366801
