EMITTER_COEFFICIENT_SOLUTION,PRESSURE_OUTPUT,OUTPUT_DEMAND,FITNESS
0.7090203890098243,26.800257423873298,1.1,11.665746128974504
