EMITTER_COEFFICIENT_SOLUTION,PRESSURE_OUTPUT,OUTPUT_DEMAND,FITNESS
1.397978502630512,28.464600480428984,0.89,2.7882781876170903
