EMITTER_COEFFICIENT_SOLUTION,PRESSURE_OUTPUT,OUTPUT_DEMAND,FITNESS
1.4668370198989042,28.432154941019164,0.89,2.556957434063239
