EMITTER_COEFFICIENT_SOLUTION,PRESSURE_OUTPUT,OUTPUT_DEMAND,FITNESS
0.2633690320184513,24.99916570011833,23.0,6.860411444952809
