EMITTER_COEFFICIENT_SOLUTION,PRESSURE_OUTPUT,OUTPUT_DEMAND,FITNESS
0.47618522249407524,23.60373443295181,1.2,18.23419261611773
