EMITTER_COEFFICIENT_SOLUTION,PRESSURE_OUTPUT,OUTPUT_DEMAND,FITNESS
0.20902941270030162,24.184044053841973,1.2,1.5744271632694866
