EMITTER_COEFFICIENT_SOLUTION,PRESSURE_OUTPUT,OUTPUT_DEMAND,FITNESS
0.12305400511737064,24.856688920922878,12.6,23.656542315471526
