EMITTER_COEFFICIENT_SOLUTION,PRESSURE_OUTPUT,OUTPUT_DEMAND,FITNESS
0.41926868437477827,28.849244518089137,0.89,38.45892632761112
