EMITTER_COEFFICIENT_SOLUTION,PRESSURE_OUTPUT,OUTPUT_DEMAND,FITNESS
0.576801510673209,26.85464629810199,1.1,31.91607333695156
