EMITTER_COEFFICIENT_SOLUTION,PRESSURE_OUTPUT,OUTPUT_DEMAND,FITNESS
0.07060857937384635,28.95502807280291,1.2,9.91741508464899
