EMITTER_COEFFICIENT_SOLUTION,PRESSURE_OUTPUT,OUTPUT_DEMAND,FITNESS
1.0796987735376087,26.726507036961753,1.21,3.4667893836202626
