EMITTER_COEFFICIENT_SOLUTION,PRESSURE_OUTPUT,OUTPUT_DEMAND,FITNESS
0.3257543154167616,28.877983622023216,0.89,18.267886546570725
