EMITTER_COEFFICIENT_SOLUTION,PRESSURE_OUTPUT,OUTPUT_DEMAND,FITNESS
0.6632303485912832,23.957834122104547,3.9,9.738201146506567
