EMITTER_COEFFICIENT_SOLUTION,PRESSURE_OUTPUT,OUTPUT_DEMAND,FITNESS
0.19370768881850275,24.650497510521458,1.5,1.2521406305973126
