EMITTER_COEFFICIENT_SOLUTION,PRESSURE_OUTPUT,OUTPUT_DEMAND,FITNESS
0.383945904387758,27.058674850660296,1.1,16.43915348522494
