EMITTER_COEFFICIENT_SOLUTION,PRESSURE_OUTPUT,OUTPUT_DEMAND,FITNESS
1.3819352783688035,21.25242373864531,1.2,0.4354508038076633
