EMITTER_COEFFICIENT_SOLUTION,PRESSURE_OUTPUT,OUTPUT_DEMAND,FITNESS
1.07162806907456,26.44659486844673,1.5,1.1377693589279598
