EMITTER_COEFFICIENT_SOLUTION,PRESSURE_OUTPUT,OUTPUT_DEMAND,FITNESS
1.1644466085836527,26.683596741247122,1.21,3.017850981607245
