EMITTER_COEFFICIENT_SOLUTION,PRESSURE_OUTPUT,OUTPUT_DEMAND,FITNESS
1.3379257527061408,26.53418355894633,1.1,2.8425652541459723
