EMITTER_COEFFICIENT_SOLUTION,PRESSURE_OUTPUT,OUTPUT_DEMAND,FITNESS
0.8273378755712505,28.76716982852298,1.2,11.49061839571746
