EMITTER_COEFFICIENT_SOLUTION,PRESSURE_OUTPUT,OUTPUT_DEMAND,FITNESS
1.4107102677701753,23.482804697999452,3.9,1.7309489350029803
