EMITTER_COEFFICIENT_SOLUTION,PRESSURE_OUTPUT,OUTPUT_DEMAND,FITNESS
0.3356374941074014,26.566089754957716,10.1,38.86007212189985
