EMITTER_COEFFICIENT_SOLUTION,PRESSURE_OUTPUT,OUTPUT_DEMAND,FITNESS
1.2566959542621499,27.11987946373785,1.2,0.7655735619864412
