EMITTER_COEFFICIENT_SOLUTION,PRESSURE_OUTPUT,OUTPUT_DEMAND,FITNESS
0.6896587678544415,23.09594170784143,1.2,2.2077360263630577
