EMITTER_COEFFICIENT_SOLUTION,PRESSURE_OUTPUT,OUTPUT_DEMAND,FITNESS
0.44476097402286086,27.026911914423316,1.1,34.40274661229668
