EMITTER_COEFFICIENT_SOLUTION,PRESSURE_OUTPUT,OUTPUT_DEMAND,FITNESS
1.282628502995978,26.058179241850837,1.5,0.7890614743401994
