EMITTER_COEFFICIENT_SOLUTION,PRESSURE_OUTPUT,OUTPUT_DEMAND,FITNESS
1.1259713755592147,24.74296075640227,12.6,13.99412469770404
