EMITTER_COEFFICIENT_SOLUTION,PRESSURE_OUTPUT,OUTPUT_DEMAND,FITNESS
1.3956970474567383,26.396273829875703,10.1,6.940368381233656
