EMITTER_COEFFICIENT_SOLUTION,PRESSURE_OUTPUT,OUTPUT_DEMAND,FITNESS
0.6619139927206938,26.514791148349467,10.1,39.11253285573963
