EMITTER_COEFFICIENT_SOLUTION,PRESSURE_OUTPUT,OUTPUT_DEMAND,FITNESS
0.8447043940419023,23.936270111173194,13.000000000000002,27.758254023661024
