EMITTER_COEFFICIENT_SOLUTION,PRESSURE_OUTPUT,OUTPUT_DEMAND,FITNESS
1.2651667028968518,27.21786642216833,1.7,0.44896262443104035
