EMITTER_COEFFICIENT_SOLUTION,PRESSURE_OUTPUT,OUTPUT_DEMAND,FITNESS
0.20235977207866618,24.84784374450615,12.6,29.91644809501981
