EMITTER_COEFFICIENT_SOLUTION,PRESSURE_OUTPUT,OUTPUT_DEMAND,FITNESS
0.5483889749109863,26.532739206745532,10.1,131.24747813128008
