EMITTER_COEFFICIENT_SOLUTION,PRESSURE_OUTPUT,OUTPUT_DEMAND,FITNESS
1.1639984874075442,26.63325898980973,1.1,2.742825961672345
