EMITTER_COEFFICIENT_SOLUTION,PRESSURE_OUTPUT,OUTPUT_DEMAND,FITNESS
0.2995394319596074,26.57171131939573,10.1,31.89292281916464
