EMITTER_COEFFICIENT_SOLUTION,PRESSURE_OUTPUT,OUTPUT_DEMAND,FITNESS
1.3348673246926102,9.328547984177497,1.0,37.831176871259565
