EMITTER_COEFFICIENT_SOLUTION,PRESSURE_OUTPUT,OUTPUT_DEMAND,FITNESS
0.24668198409230158,30.065053492870714,1.7,1.61333994835375
