EMITTER_COEFFICIENT_SOLUTION,PRESSURE_OUTPUT,OUTPUT_DEMAND,FITNESS
0.8120749514991334,26.829894067101197,1.1,5.954067912649346
