EMITTER_COEFFICIENT_SOLUTION,PRESSURE_OUTPUT,OUTPUT_DEMAND,FITNESS
1.3926042887020054,26.396782345599547,10.1,6.964949683785423
