EMITTER_COEFFICIENT_SOLUTION,PRESSURE_OUTPUT,OUTPUT_DEMAND,FITNESS
0.4680919035545279,23.942608183759553,1.5,11.020132353556585
