EMITTER_COEFFICIENT_SOLUTION,PRESSURE_OUTPUT,OUTPUT_DEMAND,FITNESS
1.4536815103485434,21.049190569727063,1.2,0.400047391083048
