EMITTER_COEFFICIENT_SOLUTION,PRESSURE_OUTPUT,OUTPUT_DEMAND,FITNESS
0.9561182628099574,28.17097887435588,1.7,0.7847787766413605
