EMITTER_COEFFICIENT_SOLUTION,PRESSURE_OUTPUT,OUTPUT_DEMAND,FITNESS
0.014253913601405821,28.962608381817148,0.89,7.175370301184997
