EMITTER_COEFFICIENT_SOLUTION,PRESSURE_OUTPUT,OUTPUT_DEMAND,FITNESS
0.1016123447102778,25.097758732264793,23.0,4.092374981007219
