EMITTER_COEFFICIENT_SOLUTION,PRESSURE_OUTPUT,OUTPUT_DEMAND,FITNESS
1.0808886858210691,26.430202801216254,1.5,1.1169380270794411
