EMITTER_COEFFICIENT_SOLUTION,PRESSURE_OUTPUT,OUTPUT_DEMAND,FITNESS
0.3932931451662044,28.88069504104309,1.2,37.73628415440144
