EMITTER_COEFFICIENT_SOLUTION,PRESSURE_OUTPUT,OUTPUT_DEMAND,FITNESS
1.444257123643642,26.64088163268615,1.7,0.3565899274147104
