EMITTER_COEFFICIENT_SOLUTION,PRESSURE_OUTPUT,OUTPUT_DEMAND,FITNESS
0.30698684435693646,9.36103207422574,1.0,165.2110111914216
