EMITTER_COEFFICIENT_SOLUTION,PRESSURE_OUTPUT,OUTPUT_DEMAND,FITNESS
0.4057728496883485,27.060973187341823,1.21,21.73118303783317
