EMITTER_COEFFICIENT_SOLUTION,PRESSURE_OUTPUT,OUTPUT_DEMAND,FITNESS
1.2675442849827385,27.098050286651866,1.2,0.7529897176580213
