EMITTER_COEFFICIENT_SOLUTION,PRESSURE_OUTPUT,OUTPUT_DEMAND,FITNESS
0.14403985496724614,30.295070567800096,1.7,1.1766792837610607
