EMITTER_COEFFICIENT_SOLUTION,PRESSURE_OUTPUT,OUTPUT_DEMAND,FITNESS
0.2327071091559536,23.999880405439896,13.000000000000002,36.24899242050095
