EMITTER_COEFFICIENT_SOLUTION,PRESSURE_OUTPUT,OUTPUT_DEMAND,FITNESS
0.9609156706491786,28.156666672817934,1.7,0.7760621152455279
