EMITTER_COEFFICIENT_SOLUTION,PRESSURE_OUTPUT,OUTPUT_DEMAND,FITNESS
0.8322931400280837,26.818800142073957,1.1,5.5851467256153535
