EMITTER_COEFFICIENT_SOLUTION,PRESSURE_OUTPUT,OUTPUT_DEMAND,FITNESS
0.06292290267132294,24.01724280633745,13.000000000000002,22.247250585674962
