EMITTER_COEFFICIENT_SOLUTION,PRESSURE_OUTPUT,OUTPUT_DEMAND,FITNESS
0.9365492025887105,27.72764101069449,1.2,1.4317444629018976
