EMITTER_COEFFICIENT_SOLUTION,PRESSURE_OUTPUT,OUTPUT_DEMAND,FITNESS
0.40487480594178904,26.555277265367536,10.1,67.02024489929423
