EMITTER_COEFFICIENT_SOLUTION,PRESSURE_OUTPUT,OUTPUT_DEMAND,FITNESS
1.4710272004540312,25.686818340397753,1.5,0.6102438157831561
