EMITTER_COEFFICIENT_SOLUTION,PRESSURE_OUTPUT,OUTPUT_DEMAND,FITNESS
1.2007621078479702,26.612295905206526,1.1,2.593693530647087
