EMITTER_COEFFICIENT_SOLUTION,PRESSURE_OUTPUT,OUTPUT_DEMAND,FITNESS
0.4889371296258639,9.355327684049065,1.0,2869.6451419419486
