EMITTER_COEFFICIENT_SOLUTION,PRESSURE_OUTPUT,OUTPUT_DEMAND,FITNESS
0.2986197811085546,28.886041492319663,0.89,15.923886332173709
