EMITTER_COEFFICIENT_SOLUTION,PRESSURE_OUTPUT,OUTPUT_DEMAND,FITNESS
0.1794946104971461,27.170433586987443,1.21,6.431810293493909
