EMITTER_COEFFICIENT_SOLUTION,PRESSURE_OUTPUT,OUTPUT_DEMAND,FITNESS
0.3144617439453923,26.569388772575444,10.1,34.44430949050742
