EMITTER_COEFFICIENT_SOLUTION,PRESSURE_OUTPUT,OUTPUT_DEMAND,FITNESS
0.4582964558545093,28.48386820207567,1.2,17.306867158236226
