EMITTER_COEFFICIENT_SOLUTION,PRESSURE_OUTPUT,OUTPUT_DEMAND,FITNESS
1.32707701464158,27.02018697290426,1.7,0.41236495268350415
