EMITTER_COEFFICIENT_SOLUTION,PRESSURE_OUTPUT,OUTPUT_DEMAND,FITNESS
1.1341226252130852,27.62931541140922,1.7,0.550688717913832
