EMITTER_COEFFICIENT_SOLUTION,PRESSURE_OUTPUT,OUTPUT_DEMAND,FITNESS
1.0258200175156247,22.161238536339393,1.5,0.5914959553625679
