EMITTER_COEFFICIENT_SOLUTION,PRESSURE_OUTPUT,OUTPUT_DEMAND,FITNESS
0.7659608752480809,9.346604633329214,1.0,119.38052617989796
