EMITTER_COEFFICIENT_SOLUTION,PRESSURE_OUTPUT,OUTPUT_DEMAND,FITNESS
0.7738515869972205,26.77338448104876,1.1,8.881468543769174
