EMITTER_COEFFICIENT_SOLUTION,PRESSURE_OUTPUT,OUTPUT_DEMAND,FITNESS
1.333715715917395,26.963276529224476,1.2,0.6836143129994637
