EMITTER_COEFFICIENT_SOLUTION,PRESSURE_OUTPUT,OUTPUT_DEMAND,FITNESS
1.2544879693469588,28.641069833501255,1.2,4.692026784912117
