EMITTER_COEFFICIENT_SOLUTION,PRESSURE_OUTPUT,OUTPUT_DEMAND,FITNESS
1.462782988339862,26.385224969809116,10.1,6.44606384233441
