EMITTER_COEFFICIENT_SOLUTION,PRESSURE_OUTPUT,OUTPUT_DEMAND,FITNESS
0.25881285622406325,24.495067043144026,1.5,1.554721845236823
