EMITTER_COEFFICIENT_SOLUTION,PRESSURE_OUTPUT,OUTPUT_DEMAND,FITNESS
0.10431226679710659,24.30760580129682,3.9,4.047185169542394
