EMITTER_COEFFICIENT_SOLUTION,PRESSURE_OUTPUT,OUTPUT_DEMAND,FITNESS
0.6667884673908454,28.766116358060145,0.89,17.504430426232133
