EMITTER_COEFFICIENT_SOLUTION,PRESSURE_OUTPUT,OUTPUT_DEMAND,FITNESS
0.017668787823229004,28.966370035329447,1.2,8.914667035947444
