EMITTER_COEFFICIENT_SOLUTION,PRESSURE_OUTPUT,OUTPUT_DEMAND,FITNESS
0.22646867125746217,24.000520570842646,13.000000000000002,35.42689880483962
