EMITTER_COEFFICIENT_SOLUTION,PRESSURE_OUTPUT,OUTPUT_DEMAND,FITNESS
1.3225769955692388,21.091014920814466,1.5,0.362206995893673
