EMITTER_COEFFICIENT_SOLUTION,PRESSURE_OUTPUT,OUTPUT_DEMAND,FITNESS
1.1790406176874912,26.431714301854946,10.1,9.204365539073772
