EMITTER_COEFFICIENT_SOLUTION,PRESSURE_OUTPUT,OUTPUT_DEMAND,FITNESS
0.04941227338231213,27.228764461940166,1.1,4.330504181027318
