EMITTER_COEFFICIENT_SOLUTION,PRESSURE_OUTPUT,OUTPUT_DEMAND,FITNESS
1.158159013223498,26.63658155366283,1.1,2.768051811286721
