EMITTER_COEFFICIENT_SOLUTION,PRESSURE_OUTPUT,OUTPUT_DEMAND,FITNESS
0.02240191255165347,26.61450838909208,10.1,13.485815047103193
