EMITTER_COEFFICIENT_SOLUTION,PRESSURE_OUTPUT,OUTPUT_DEMAND,FITNESS
0.66604835961773,29.002680597368915,1.7,2.2596688201693786
