EMITTER_COEFFICIENT_SOLUTION,PRESSURE_OUTPUT,OUTPUT_DEMAND,FITNESS
0.38406149991816474,27.07153990762822,1.21,17.67298307442573
