EMITTER_COEFFICIENT_SOLUTION,PRESSURE_OUTPUT,OUTPUT_DEMAND,FITNESS
1.4590389862700368,24.704311725438764,12.6,9.082025960544675
