EMITTER_COEFFICIENT_SOLUTION,PRESSURE_OUTPUT,OUTPUT_DEMAND,FITNESS
0.20089449029897155,28.801916337629905,1.2,2.6607869091649423
