EMITTER_COEFFICIENT_SOLUTION,PRESSURE_OUTPUT,OUTPUT_DEMAND,FITNESS
0.27240609790204695,28.90957504287946,1.2,18.057159337222036
