EMITTER_COEFFICIENT_SOLUTION,PRESSURE_OUTPUT,OUTPUT_DEMAND,FITNESS
1.1544497138874734,26.29780807592403,1.5,0.9730470388533768
