EMITTER_COEFFICIENT_SOLUTION,PRESSURE_OUTPUT,OUTPUT_DEMAND,FITNESS
0.49693857140866704,9.355076373038308,1.0,10291.863686852172
