EMITTER_COEFFICIENT_SOLUTION,PRESSURE_OUTPUT,OUTPUT_DEMAND,FITNESS
0.1487991699502339,28.92820409931842,0.89,9.527316742173694
