EMITTER_COEFFICIENT_SOLUTION,PRESSURE_OUTPUT,OUTPUT_DEMAND,FITNESS
0.7439795476792022,26.8670713090656,1.1,7.646712185166604
