EMITTER_COEFFICIENT_SOLUTION,PRESSURE_OUTPUT,OUTPUT_DEMAND,FITNESS
0.0932433280510866,9.36770783870137,1.0,78.56305164925142
