EMITTER_COEFFICIENT_SOLUTION,PRESSURE_OUTPUT,OUTPUT_DEMAND,FITNESS
1.239554340139167,28.64571054862035,1.2,4.796466777527011
