EMITTER_COEFFICIENT_SOLUTION,PRESSURE_OUTPUT,OUTPUT_DEMAND,FITNESS
0.7716544957024263,23.943946240106634,13.000000000000002,35.27437439471036
