EMITTER_COEFFICIENT_SOLUTION,PRESSURE_OUTPUT,OUTPUT_DEMAND,FITNESS
1.2412169167314158,26.13680295114264,1.5,0.8412518471892092
