EMITTER_COEFFICIENT_SOLUTION,PRESSURE_OUTPUT,OUTPUT_DEMAND,FITNESS
0.5588839520060613,23.680269323752576,1.5,5.82757890232978
