EMITTER_COEFFICIENT_SOLUTION,PRESSURE_OUTPUT,OUTPUT_DEMAND,FITNESS
1.1755899794281466,26.677940919679266,1.21,2.967205452918245
