EMITTER_COEFFICIENT_SOLUTION,PRESSURE_OUTPUT,OUTPUT_DEMAND,FITNESS
1.0513826129588966,23.914431542627113,13.000000000000002,17.28193550533547
