EMITTER_COEFFICIENT_SOLUTION,PRESSURE_OUTPUT,OUTPUT_DEMAND,FITNESS
0.1738181763315696,28.83131801636786,1.2,2.4677322613179586
