EMITTER_COEFFICIENT_SOLUTION,PRESSURE_OUTPUT,OUTPUT_DEMAND,FITNESS
1.355034136666515,26.402953601043322,10.1,7.27776614827436
