EMITTER_COEFFICIENT_SOLUTION,PRESSURE_OUTPUT,OUTPUT_DEMAND,FITNESS
0.7703171602744057,26.852726269517863,1.1,6.890839536243639
