EMITTER_COEFFICIENT_SOLUTION,PRESSURE_OUTPUT,OUTPUT_DEMAND,FITNESS
0.4755516933348706,9.355748011151412,1.0,1300.7246097354116
