EMITTER_COEFFICIENT_SOLUTION,PRESSURE_OUTPUT,OUTPUT_DEMAND,FITNESS
1.1216982344360322,27.38498853577922,1.2,0.960521478193233
