EMITTER_COEFFICIENT_SOLUTION,PRESSURE_OUTPUT,OUTPUT_DEMAND,FITNESS
0.026103808552473406,30.54292853249721,1.7,0.910989735579486
