EMITTER_COEFFICIENT_SOLUTION,PRESSURE_OUTPUT,OUTPUT_DEMAND,FITNESS
0.9212131680953712,23.92820658529947,13.000000000000002,22.68147344257306
