EMITTER_COEFFICIENT_SOLUTION,PRESSURE_OUTPUT,OUTPUT_DEMAND,FITNESS
1.3804097166992193,23.502195849541277,3.9,1.7910662401183794
