EMITTER_COEFFICIENT_SOLUTION,PRESSURE_OUTPUT,OUTPUT_DEMAND,FITNESS
0.8234931103187687,9.344787304583761,1.0,98.0978404683535
