EMITTER_COEFFICIENT_SOLUTION,PRESSURE_OUTPUT,OUTPUT_DEMAND,FITNESS
0.4537833047380637,27.38398822019692,1.5,17.099103466120027
