EMITTER_COEFFICIENT_SOLUTION,PRESSURE_OUTPUT,OUTPUT_DEMAND,FITNESS
1.4529178190105252,20.60546073523955,1.5,0.30803290329995114
