EMITTER_COEFFICIENT_SOLUTION,PRESSURE_OUTPUT,OUTPUT_DEMAND,FITNESS
0.23083470567458853,24.13922872666857,1.2,1.693949656644259
