EMITTER_COEFFICIENT_SOLUTION,PRESSURE_OUTPUT,OUTPUT_DEMAND,FITNESS
1.173894181263592,26.604707754130537,1.1,3.5552936441860763
