EMITTER_COEFFICIENT_SOLUTION,PRESSURE_OUTPUT,OUTPUT_DEMAND,FITNESS
0.035750813501955525,24.991424597025787,1.5,0.8775321216421097
