EMITTER_COEFFICIENT_SOLUTION,PRESSURE_OUTPUT,OUTPUT_DEMAND,FITNESS
0.3855259122440149,24.169705868467783,1.5,3.1462302060181986
