EMITTER_COEFFICIENT_SOLUTION,PRESSURE_OUTPUT,OUTPUT_DEMAND,FITNESS
0.7663820204511118,26.776487429290775,1.1,9.133167095600843
