EMITTER_COEFFICIENT_SOLUTION,PRESSURE_OUTPUT,OUTPUT_DEMAND,FITNESS
0.4788185723747922,23.91228332392538,1.5,16.55131724089342
