EMITTER_COEFFICIENT_SOLUTION,PRESSURE_OUTPUT,OUTPUT_DEMAND,FITNESS
0.128812260316163,27.189125141439952,1.1,5.227919690471324
