EMITTER_COEFFICIENT_SOLUTION,PRESSURE_OUTPUT,OUTPUT_DEMAND,FITNESS
0.9896581033691867,23.920972246933708,13.000000000000002,19.48437150729293
