EMITTER_COEFFICIENT_SOLUTION,PRESSURE_OUTPUT,OUTPUT_DEMAND,FITNESS
0.7593160391815469,26.887042446660985,1.21,7.817635341211015
