EMITTER_COEFFICIENT_SOLUTION,PRESSURE_OUTPUT,OUTPUT_DEMAND,FITNESS
0.7452705105640054,28.053781423558462,1.2,2.6859464184570485
