EMITTER_COEFFICIENT_SOLUTION,PRESSURE_OUTPUT,OUTPUT_DEMAND,FITNESS
0.23036856518977855,25.01934983778721,23.0,6.02598441051554
