EMITTER_COEFFICIENT_SOLUTION,PRESSURE_OUTPUT,OUTPUT_DEMAND,FITNESS
0.7072245408060642,26.887016882234608,1.1,9.022861492046886
