EMITTER_COEFFICIENT_SOLUTION,PRESSURE_OUTPUT,OUTPUT_DEMAND,FITNESS
1.036510848737817,22.12378546317093,1.5,0.5786763408836056
