EMITTER_COEFFICIENT_SOLUTION,PRESSURE_OUTPUT,OUTPUT_DEMAND,FITNESS
0.07343503901856341,24.45166300149851,1.2,1.1077011258698706
