EMITTER_COEFFICIENT_SOLUTION,PRESSURE_OUTPUT,OUTPUT_DEMAND,FITNESS
0.7933087087367922,9.345741014803174,1.0,108.22283480408069
