EMITTER_COEFFICIENT_SOLUTION,PRESSURE_OUTPUT,OUTPUT_DEMAND,FITNESS
1.2039061342660946,28.552407246033027,0.89,3.6922508048296847
