EMITTER_COEFFICIENT_SOLUTION,PRESSURE_OUTPUT,OUTPUT_DEMAND,FITNESS
0.47997058608213283,26.894116394909688,1.1,122.8513052658019
