EMITTER_COEFFICIENT_SOLUTION,PRESSURE_OUTPUT,OUTPUT_DEMAND,FITNESS
0.3010299827947287,29.938137185260913,1.7,2.0287438034132945
