EMITTER_COEFFICIENT_SOLUTION,PRESSURE_OUTPUT,OUTPUT_DEMAND,FITNESS
0.10949513308574554,25.092974206706558,23.0,4.17410424555293
