EMITTER_COEFFICIENT_SOLUTION,PRESSURE_OUTPUT,OUTPUT_DEMAND,FITNESS
1.0086033639003937,24.53427532412096,23.0,3.1335337504449674
