EMITTER_COEFFICIENT_SOLUTION,PRESSURE_OUTPUT,OUTPUT_DEMAND,FITNESS
1.2071227763868873,26.661919673195325,1.21,2.832550722146254
