EMITTER_COEFFICIENT_SOLUTION,PRESSURE_OUTPUT,OUTPUT_DEMAND,FITNESS
0.32562410182856005,24.8340446793097,12.6,50.94927968940198
