EMITTER_COEFFICIENT_SOLUTION,PRESSURE_OUTPUT,OUTPUT_DEMAND,FITNESS
1.3042742109703407,26.01663783046734,1.5,0.7640179386668299
