EMITTER_COEFFICIENT_SOLUTION,PRESSURE_OUTPUT,OUTPUT_DEMAND,FITNESS
0.8071957635750251,23.86692923040725,3.9,5.16546904856705
