EMITTER_COEFFICIENT_SOLUTION,PRESSURE_OUTPUT,OUTPUT_DEMAND,FITNESS
0.2516054161468514,27.135712313032954,1.21,8.281165542128711
