EMITTER_COEFFICIENT_SOLUTION,PRESSURE_OUTPUT,OUTPUT_DEMAND,FITNESS
0.6634702677445459,23.16011887388068,1.2,2.5721783026182363
