EMITTER_COEFFICIENT_SOLUTION,PRESSURE_OUTPUT,OUTPUT_DEMAND,FITNESS
0.5781009903389799,24.804905035858486,23.0,20.619061742931017
