EMITTER_COEFFICIENT_SOLUTION,PRESSURE_OUTPUT,OUTPUT_DEMAND,FITNESS
1.0842433230088966,21.95542360000424,1.5,0.5273027970769326
