EMITTER_COEFFICIENT_SOLUTION,PRESSURE_OUTPUT,OUTPUT_DEMAND,FITNESS
0.6222410177296991,23.959576773263358,13.000000000000002,78.62464430812344
