EMITTER_COEFFICIENT_SOLUTION,PRESSURE_OUTPUT,OUTPUT_DEMAND,FITNESS
0.3502371496168588,27.507451591723388,1.5,5.496137126469485
