EMITTER_COEFFICIENT_SOLUTION,PRESSURE_OUTPUT,OUTPUT_DEMAND,FITNESS
0.5074165422864063,24.055864930647193,3.9,214.70463965863615
