EMITTER_COEFFICIENT_SOLUTION,PRESSURE_OUTPUT,OUTPUT_DEMAND,FITNESS
0.5637074732727326,28.801960308958698,0.89,46.98267134493495
