EMITTER_COEFFICIENT_SOLUTION,PRESSURE_OUTPUT,OUTPUT_DEMAND,FITNESS
0.2605981433595861,26.57776353276325,10.1,26.732870083585286
