EMITTER_COEFFICIENT_SOLUTION,PRESSURE_OUTPUT,OUTPUT_DEMAND,FITNESS
0.08919860260892154,27.769608075730687,1.5,2.2517326605045676
