EMITTER_COEFFICIENT_SOLUTION,PRESSURE_OUTPUT,OUTPUT_DEMAND,FITNESS
1.4529702100567805,26.713621353182543,1.2,0.5839524097565755
