EMITTER_COEFFICIENT_SOLUTION,PRESSURE_OUTPUT,OUTPUT_DEMAND,FITNESS
0.7556876492981267,24.785418620617605,12.6,34.48193125586396
