EMITTER_COEFFICIENT_SOLUTION,PRESSURE_OUTPUT,OUTPUT_DEMAND,FITNESS
0.9890485396189724,28.643183161970214,0.89,5.553655273781374
