EMITTER_COEFFICIENT_SOLUTION,PRESSURE_OUTPUT,OUTPUT_DEMAND,FITNESS
0.8747345750245475,24.619015236305884,23.0,4.266418889497219
