EMITTER_COEFFICIENT_SOLUTION,PRESSURE_OUTPUT,OUTPUT_DEMAND,FITNESS
0.5513849292014001,27.258106702913288,1.5,14.836592967684988
