EMITTER_COEFFICIENT_SOLUTION,PRESSURE_OUTPUT,OUTPUT_DEMAND,FITNESS
1.4436268879168037,23.87250056848402,13.000000000000002,10.02055584045777
