EMITTER_COEFFICIENT_SOLUTION,PRESSURE_OUTPUT,OUTPUT_DEMAND,FITNESS
1.0558401547080427,27.870139366064574,1.7,0.6348867914195373
