EMITTER_COEFFICIENT_SOLUTION,PRESSURE_OUTPUT,OUTPUT_DEMAND,FITNESS
0.19657224970163878,9.364484040311368,1.0,105.20965153427692
