EMITTER_COEFFICIENT_SOLUTION,PRESSURE_OUTPUT,OUTPUT_DEMAND,FITNESS
0.8724389507048774,26.8306685198797,1.21,5.426234972749307
