EMITTER_COEFFICIENT_SOLUTION,PRESSURE_OUTPUT,OUTPUT_DEMAND,FITNESS
0.16461684498971163,27.70137608066421,1.5,2.6604910722980852
