EMITTER_COEFFICIENT_SOLUTION,PRESSURE_OUTPUT,OUTPUT_DEMAND,FITNESS
1.3265812571516262,23.88507863847922,13.000000000000002,11.465681807807007
