EMITTER_COEFFICIENT_SOLUTION,PRESSURE_OUTPUT,OUTPUT_DEMAND,FITNESS
1.2041113115649003,23.614812419482675,3.9,2.2436109524873267
