EMITTER_COEFFICIENT_SOLUTION,PRESSURE_OUTPUT,OUTPUT_DEMAND,FITNESS
0.8577643406006739,22.67268573658769,1.2,1.1412806443494181
