EMITTER_COEFFICIENT_SOLUTION,PRESSURE_OUTPUT,OUTPUT_DEMAND,FITNESS
0.36108901532020754,28.611944198475236,1.2,5.3804943308537165
