EMITTER_COEFFICIENT_SOLUTION,PRESSURE_OUTPUT,OUTPUT_DEMAND,FITNESS
0.3076686788445895,26.96357306938983,1.1,12.887163223842684
