EMITTER_COEFFICIENT_SOLUTION,PRESSURE_OUTPUT,OUTPUT_DEMAND,FITNESS
0.09221371904797993,27.20745463302552,1.1,4.770760993588965
