EMITTER_COEFFICIENT_SOLUTION,PRESSURE_OUTPUT,OUTPUT_DEMAND,FITNESS
0.2431761903244718,24.53315177238522,1.5,1.467811049566148
