EMITTER_COEFFICIENT_SOLUTION,PRESSURE_OUTPUT,OUTPUT_DEMAND,FITNESS
1.2786351378265826,26.62549342226863,1.21,2.567625199514095
