EMITTER_COEFFICIENT_SOLUTION,PRESSURE_OUTPUT,OUTPUT_DEMAND,FITNESS
0.9852691237279021,26.73404954515674,1.1,3.7907947897437926
