EMITTER_COEFFICIENT_SOLUTION,PRESSURE_OUTPUT,OUTPUT_DEMAND,FITNESS
0.0010021122350412082,27.252700265872463,1.1,3.9237875208647806
