EMITTER_COEFFICIENT_SOLUTION,PRESSURE_OUTPUT,OUTPUT_DEMAND,FITNESS
1.1600899745240054,23.64287488841701,3.9,2.3943630749398204
