EMITTER_COEFFICIENT_SOLUTION,PRESSURE_OUTPUT,OUTPUT_DEMAND,FITNESS
0.447065566919453,26.548669006289657,10.1,120.29922466825315
