EMITTER_COEFFICIENT_SOLUTION,PRESSURE_OUTPUT,OUTPUT_DEMAND,FITNESS
0.04808578425467114,24.499501497141075,1.2,1.0519571231768075
