EMITTER_COEFFICIENT_SOLUTION,PRESSURE_OUTPUT,OUTPUT_DEMAND,FITNESS
0.2517247050067237,24.095849114452644,1.2,1.8282982781964094
