EMITTER_COEFFICIENT_SOLUTION,PRESSURE_OUTPUT,OUTPUT_DEMAND,FITNESS
0.18508387092598244,28.918359075146064,0.89,10.513442579320685
