EMITTER_COEFFICIENT_SOLUTION,PRESSURE_OUTPUT,OUTPUT_DEMAND,FITNESS
0.07927389738095147,28.927565403421482,1.2,1.9941064827878143
