EMITTER_COEFFICIENT_SOLUTION,PRESSURE_OUTPUT,OUTPUT_DEMAND,FITNESS
0.09628042291322703,27.763469841878155,1.5,2.283291543654565
