EMITTER_COEFFICIENT_SOLUTION,PRESSURE_OUTPUT,OUTPUT_DEMAND,FITNESS
0.7496426443057971,26.500849450042452,10.1,25.310720274727608
