EMITTER_COEFFICIENT_SOLUTION,PRESSURE_OUTPUT,OUTPUT_DEMAND,FITNESS
0.06151164476855264,27.061016598680133,1.1,5.712975796681307
