EMITTER_COEFFICIENT_SOLUTION,PRESSURE_OUTPUT,OUTPUT_DEMAND,FITNESS
1.3285992068178145,24.329679120216117,23.0,1.9094000094612589
