EMITTER_COEFFICIENT_SOLUTION,PRESSURE_OUTPUT,OUTPUT_DEMAND,FITNESS
0.05777212029526557,25.12432978994476,23.0,3.6910183293129375
