EMITTER_COEFFICIENT_SOLUTION,PRESSURE_OUTPUT,OUTPUT_DEMAND,FITNESS
0.7814642222852486,22.86713548411416,1.2,1.4667941426647046
