EMITTER_COEFFICIENT_SOLUTION,PRESSURE_OUTPUT,OUTPUT_DEMAND,FITNESS
1.2497107312387334,26.58426477263388,1.1,2.417901980740976
