EMITTER_COEFFICIENT_SOLUTION,PRESSURE_OUTPUT,OUTPUT_DEMAND,FITNESS
0.7246291327849692,27.013100781203264,1.5,3.2009542361838945
