EMITTER_COEFFICIENT_SOLUTION,PRESSURE_OUTPUT,OUTPUT_DEMAND,FITNESS
0.1948732396377838,24.848679838958468,12.6,29.18640913546165
