EMITTER_COEFFICIENT_SOLUTION,PRESSURE_OUTPUT,OUTPUT_DEMAND,FITNESS
0.5753702735179592,24.805897204526964,12.6,117.34180555850632
