EMITTER_COEFFICIENT_SOLUTION,PRESSURE_OUTPUT,OUTPUT_DEMAND,FITNESS
0.38651861508841856,28.57934716514898,1.2,6.524881191706595
