EMITTER_COEFFICIENT_SOLUTION,PRESSURE_OUTPUT,OUTPUT_DEMAND,FITNESS
0.8737202190924735,26.795989930041895,1.1,4.954013434413406
