EMITTER_COEFFICIENT_SOLUTION,PRESSURE_OUTPUT,OUTPUT_DEMAND,FITNESS
0.7286970033867867,28.794292076835156,1.2,16.69302223564874
