EMITTER_COEFFICIENT_SOLUTION,PRESSURE_OUTPUT,OUTPUT_DEMAND,FITNESS
1.482524503541882,20.967047258206485,1.2,0.3873195975578003
