EMITTER_COEFFICIENT_SOLUTION,PRESSURE_OUTPUT,OUTPUT_DEMAND,FITNESS
0.4788859276968469,27.35247781163568,1.5,37.07522482104928
