EMITTER_COEFFICIENT_SOLUTION,PRESSURE_OUTPUT,OUTPUT_DEMAND,FITNESS
1.1360427023820017,9.334880231142542,1.0,49.74882375094669
