EMITTER_COEFFICIENT_SOLUTION,PRESSURE_OUTPUT,OUTPUT_DEMAND,FITNESS
1.2238552019228215,26.59908830824536,1.1,2.507785674041188
