EMITTER_COEFFICIENT_SOLUTION,PRESSURE_OUTPUT,OUTPUT_DEMAND,FITNESS
0.09798460192440472,25.0999599209016,23.0,4.055839615540646
