EMITTER_COEFFICIENT_SOLUTION,PRESSURE_OUTPUT,OUTPUT_DEMAND,FITNESS
0.08963803757751387,27.04999148895085,1.1,6.0970027394099375
