EMITTER_COEFFICIENT_SOLUTION,PRESSURE_OUTPUT,OUTPUT_DEMAND,FITNESS
1.3593847760056088,23.515645055938784,3.9,1.8352751171011825
