EMITTER_COEFFICIENT_SOLUTION,PRESSURE_OUTPUT,OUTPUT_DEMAND,FITNESS
0.05537822507563439,28.958316155204024,1.2,9.604228139239176
