EMITTER_COEFFICIENT_SOLUTION,PRESSURE_OUTPUT,OUTPUT_DEMAND,FITNESS
0.3689017139115689,26.939004897851497,1.1,18.85781083664627
