EMITTER_COEFFICIENT_SOLUTION,PRESSURE_OUTPUT,OUTPUT_DEMAND,FITNESS
0.36406892967310656,27.069001701172475,1.1,14.053385059422327
