EMITTER_COEFFICIENT_SOLUTION,PRESSURE_OUTPUT,OUTPUT_DEMAND,FITNESS
0.3775884823652289,23.984965987351444,13.000000000000002,78.91068162279667
