EMITTER_COEFFICIENT_SOLUTION,PRESSURE_OUTPUT,OUTPUT_DEMAND,FITNESS
0.41192599376892547,23.749287806962638,1.2,4.990134593323132
