EMITTER_COEFFICIENT_SOLUTION,PRESSURE_OUTPUT,OUTPUT_DEMAND,FITNESS
0.6912249900118119,28.933310071638154,1.7,1.9534559736772064
