EMITTER_COEFFICIENT_SOLUTION,PRESSURE_OUTPUT,OUTPUT_DEMAND,FITNESS
0.7893813979412985,26.914779518103856,1.5,2.434700695824823
