EMITTER_COEFFICIENT_SOLUTION,PRESSURE_OUTPUT,OUTPUT_DEMAND,FITNESS
1.0562932620770666,23.91391050245514,13.000000000000002,17.12770764626794
