EMITTER_COEFFICIENT_SOLUTION,PRESSURE_OUTPUT,OUTPUT_DEMAND,FITNESS
0.10440245057941222,27.20642690503496,1.21,5.222735556106399
