EMITTER_COEFFICIENT_SOLUTION,PRESSURE_OUTPUT,OUTPUT_DEMAND,FITNESS
0.13602197602013022,27.031747603731894,1.1,6.860068908916963
