EMITTER_COEFFICIENT_SOLUTION,PRESSURE_OUTPUT,OUTPUT_DEMAND,FITNESS
1.431025769952684,26.68402624850626,1.7,0.3621617627474882
