EMITTER_COEFFICIENT_SOLUTION,PRESSURE_OUTPUT,OUTPUT_DEMAND,FITNESS
0.29739943851358674,28.69069318096541,1.2,3.7792107761304354
