EMITTER_COEFFICIENT_SOLUTION,PRESSURE_OUTPUT,OUTPUT_DEMAND,FITNESS
0.5778392624163757,26.528093305064104,10.1,81.53218080518513
