EMITTER_COEFFICIENT_SOLUTION,PRESSURE_OUTPUT,OUTPUT_DEMAND,FITNESS
0.32180401976383266,28.87916462798286,0.89,17.882089708272293
