EMITTER_COEFFICIENT_SOLUTION,PRESSURE_OUTPUT,OUTPUT_DEMAND,FITNESS
0.2793471754563003,27.12231424381008,1.21,9.314640028512926
