EMITTER_COEFFICIENT_SOLUTION,PRESSURE_OUTPUT,OUTPUT_DEMAND,FITNESS
1.1756599598885744,24.737222279739882,12.6,12.953865104686033
