EMITTER_COEFFICIENT_SOLUTION,PRESSURE_OUTPUT,OUTPUT_DEMAND,FITNESS
0.08382593104645197,24.320322489364823,3.9,3.849085109315462
