EMITTER_COEFFICIENT_SOLUTION,PRESSURE_OUTPUT,OUTPUT_DEMAND,FITNESS
0.1863551639185752,24.66752386789287,1.5,1.2260029899854044
