EMITTER_COEFFICIENT_SOLUTION,PRESSURE_OUTPUT,OUTPUT_DEMAND,FITNESS
0.19740989165518952,28.92687386384283,1.2,13.75922401498549
