EMITTER_COEFFICIENT_SOLUTION,PRESSURE_OUTPUT,OUTPUT_DEMAND,FITNESS
0.13556396437555007,28.931736011243814,0.89,9.2171625085844
