EMITTER_COEFFICIENT_SOLUTION,PRESSURE_OUTPUT,OUTPUT_DEMAND,FITNESS
0.3168210692970419,23.95793606362226,1.2,2.444726846340373
