EMITTER_COEFFICIENT_SOLUTION,PRESSURE_OUTPUT,OUTPUT_DEMAND,FITNESS
0.4808609719671202,23.97427985219543,13.000000000000002,503.4180980838046
