EMITTER_COEFFICIENT_SOLUTION,PRESSURE_OUTPUT,OUTPUT_DEMAND,FITNESS
0.2723130678314363,27.116318519070795,1.1,8.44066687584155
