EMITTER_COEFFICIENT_SOLUTION,PRESSURE_OUTPUT,OUTPUT_DEMAND,FITNESS
0.025233332632021654,27.244191656029663,1.21,4.362330046678844
