EMITTER_COEFFICIENT_SOLUTION,PRESSURE_OUTPUT,OUTPUT_DEMAND,FITNESS
0.4332927061913834,24.03970543673005,1.5,5.3236722239326975
