EMITTER_COEFFICIENT_SOLUTION,PRESSURE_OUTPUT,OUTPUT_DEMAND,FITNESS
0.16138161270518747,27.70443157192556,1.5,2.639038049033746
