EMITTER_COEFFICIENT_SOLUTION,PRESSURE_OUTPUT,OUTPUT_DEMAND,FITNESS
0.020541541792224893,9.369972231804404,1.0,66.69769043964104
