EMITTER_COEFFICIENT_SOLUTION,PRESSURE_OUTPUT,OUTPUT_DEMAND,FITNESS
1.2192452781984122,24.399912400795014,23.0,2.205113252692448
