EMITTER_COEFFICIENT_SOLUTION,PRESSURE_OUTPUT,OUTPUT_DEMAND,FITNESS
0.18117985156845862,24.005162890443053,13.000000000000002,30.423379024811272
