EMITTER_COEFFICIENT_SOLUTION,PRESSURE_OUTPUT,OUTPUT_DEMAND,FITNESS
0.07873232216802428,30.434559553077587,1.7,1.010776668867314
