EMITTER_COEFFICIENT_SOLUTION,PRESSURE_OUTPUT,OUTPUT_DEMAND,FITNESS
0.8810135694832327,24.61505216022758,23.0,4.195481096667201
