EMITTER_COEFFICIENT_SOLUTION,PRESSURE_OUTPUT,OUTPUT_DEMAND,FITNESS
0.9886548763538219,23.75192752349276,3.9,3.240493535326846
