EMITTER_COEFFICIENT_SOLUTION,PRESSURE_OUTPUT,OUTPUT_DEMAND,FITNESS
1.3427978485846068,23.526251842561503,3.9,1.871710529727646
