EMITTER_COEFFICIENT_SOLUTION,PRESSURE_OUTPUT,OUTPUT_DEMAND,FITNESS
0.09104188686752479,24.860251997440095,12.6,21.817540306979996
