EMITTER_COEFFICIENT_SOLUTION,PRESSURE_OUTPUT,OUTPUT_DEMAND,FITNESS
0.1531507956606456,28.936858082571185,1.2,12.097349405314517
