EMITTER_COEFFICIENT_SOLUTION,PRESSURE_OUTPUT,OUTPUT_DEMAND,FITNESS
0.2933978404165317,28.88757754303323,0.89,15.54368929362194
