EMITTER_COEFFICIENT_SOLUTION,PRESSURE_OUTPUT,OUTPUT_DEMAND,FITNESS
1.237380178110987,23.894626962142773,13.000000000000002,12.875237596282048
