EMITTER_COEFFICIENT_SOLUTION,PRESSURE_OUTPUT,OUTPUT_DEMAND,FITNESS
0.9884507234893117,24.547064962792206,23.0,3.2643586844649626
