EMITTER_COEFFICIENT_SOLUTION,PRESSURE_OUTPUT,OUTPUT_DEMAND,FITNESS
0.9763743519139201,23.922377806735724,13.000000000000002,20.033004366879158
