EMITTER_COEFFICIENT_SOLUTION,PRESSURE_OUTPUT,OUTPUT_DEMAND,FITNESS
1.1296279144164232,23.66227966121806,3.9,2.511030765852343
