EMITTER_COEFFICIENT_SOLUTION,PRESSURE_OUTPUT,OUTPUT_DEMAND,FITNESS
0.3424901025531538,9.359920556367335,1.0,202.3739491955258
