EMITTER_COEFFICIENT_SOLUTION,PRESSURE_OUTPUT,OUTPUT_DEMAND,FITNESS
0.7455822456304663,24.78656972505273,12.6,35.90716954524255
