EMITTER_COEFFICIENT_SOLUTION,PRESSURE_OUTPUT,OUTPUT_DEMAND,FITNESS
0.995197380378109,28.64068146394184,0.89,5.477552522873513
