EMITTER_COEFFICIENT_SOLUTION,PRESSURE_OUTPUT,OUTPUT_DEMAND,FITNESS
0.7909014024994648,9.345817053070135,1.0,109.12079823367267
