EMITTER_COEFFICIENT_SOLUTION,PRESSURE_OUTPUT,OUTPUT_DEMAND,FITNESS
0.5070506450149365,24.849032456917545,23.0,228.76013684862514
