EMITTER_COEFFICIENT_SOLUTION,PRESSURE_OUTPUT,OUTPUT_DEMAND,FITNESS
0.054614296691586794,26.60956695503149,10.1,14.448663365709422
