EMITTER_COEFFICIENT_SOLUTION,PRESSURE_OUTPUT,OUTPUT_DEMAND,FITNESS
1.1961263092809677,21.770317380021552,1.2,0.5622472250780034
