EMITTER_COEFFICIENT_SOLUTION,PRESSURE_OUTPUT,OUTPUT_DEMAND,FITNESS
0.4775228910419693,26.543889458331243,10.1,283.04095823068707
