EMITTER_COEFFICIENT_SOLUTION,PRESSURE_OUTPUT,OUTPUT_DEMAND,FITNESS
0.024804731604943786,26.61414009819194,10.1,13.55312941512499
