EMITTER_COEFFICIENT_SOLUTION,PRESSURE_OUTPUT,OUTPUT_DEMAND,FITNESS
0.44582259038858474,28.867767267229105,1.2,73.68153899288872
