EMITTER_COEFFICIENT_SOLUTION,PRESSURE_OUTPUT,OUTPUT_DEMAND,FITNESS
1.3567080888083778,9.327850975110401,1.0,36.85924741807535
