EMITTER_COEFFICIENT_SOLUTION,PRESSURE_OUTPUT,OUTPUT_DEMAND,FITNESS
0.30602020354541537,24.18199068091379,3.9,8.232472573867135
