EMITTER_COEFFICIENT_SOLUTION,PRESSURE_OUTPUT,OUTPUT_DEMAND,FITNESS
0.2248901423244275,28.907287488626828,0.89,11.898425078339502
