EMITTER_COEFFICIENT_SOLUTION,PRESSURE_OUTPUT,OUTPUT_DEMAND,FITNESS
0.5579446507495696,26.862356932259047,1.1,42.33424060511695
