EMITTER_COEFFICIENT_SOLUTION,PRESSURE_OUTPUT,OUTPUT_DEMAND,FITNESS
1.1522439582639739,23.903709736251912,13.000000000000002,14.5802997645714
