EMITTER_COEFFICIENT_SOLUTION,PRESSURE_OUTPUT,OUTPUT_DEMAND,FITNESS
0.44760670313428785,26.548584154571962,10.1,121.5398543815024
