EMITTER_COEFFICIENT_SOLUTION,PRESSURE_OUTPUT,OUTPUT_DEMAND,FITNESS
0.3552429178213734,26.94449626193628,1.1,17.088236689505027
