EMITTER_COEFFICIENT_SOLUTION,PRESSURE_OUTPUT,OUTPUT_DEMAND,FITNESS
0.7678171076333639,28.783627178188972,1.2,14.170293520626045
