EMITTER_COEFFICIENT_SOLUTION,PRESSURE_OUTPUT,OUTPUT_DEMAND,FITNESS
1.3098460111950607,27.075404474717402,1.7,0.42197318182450244
