EMITTER_COEFFICIENT_SOLUTION,PRESSURE_OUTPUT,OUTPUT_DEMAND,FITNESS
0.8819452868788132,24.771002408609327,12.6,23.03250161695118
