EMITTER_COEFFICIENT_SOLUTION,PRESSURE_OUTPUT,OUTPUT_DEMAND,FITNESS
0.3879146014520136,23.802744085165887,1.2,3.939308265342193
