EMITTER_COEFFICIENT_SOLUTION,PRESSURE_OUTPUT,OUTPUT_DEMAND,FITNESS
0.09450940345486447,25.10206813634102,23.0,4.021453837914739
