EMITTER_COEFFICIENT_SOLUTION,PRESSURE_OUTPUT,OUTPUT_DEMAND,FITNESS
1.3218843435481658,23.885582218919467,13.000000000000002,11.532267889716165
