EMITTER_COEFFICIENT_SOLUTION,PRESSURE_OUTPUT,OUTPUT_DEMAND,FITNESS
0.28419786786747814,27.11022270313098,1.1,8.898520227464115
