EMITTER_COEFFICIENT_SOLUTION,PRESSURE_OUTPUT,OUTPUT_DEMAND,FITNESS
1.4405408463540132,26.74003354692706,1.2,0.5931000674037453
