EMITTER_COEFFICIENT_SOLUTION,PRESSURE_OUTPUT,OUTPUT_DEMAND,FITNESS
0.8862139789035839,23.81690668076581,3.9,4.104823884560544
