EMITTER_COEFFICIENT_SOLUTION,PRESSURE_OUTPUT,OUTPUT_DEMAND,FITNESS
0.005584079081066395,25.050342554357826,1.5,0.8343920500308206
