EMITTER_COEFFICIENT_SOLUTION,PRESSURE_OUTPUT,OUTPUT_DEMAND,FITNESS
0.3509187104903122,24.261441163966282,1.5,2.4415493572852607
