EMITTER_COEFFICIENT_SOLUTION,PRESSURE_OUTPUT,OUTPUT_DEMAND,FITNESS
0.9260102017675327,22.506017707652738,1.5,0.7430251499203259
