EMITTER_COEFFICIENT_SOLUTION,PRESSURE_OUTPUT,OUTPUT_DEMAND,FITNESS
0.18751932316319642,24.00451359934737,13.000000000000002,31.036461779422364
