EMITTER_COEFFICIENT_SOLUTION,PRESSURE_OUTPUT,OUTPUT_DEMAND,FITNESS
0.2138570203868725,28.923120992318616,1.2,14.508387834243278
