EMITTER_COEFFICIENT_SOLUTION,PRESSURE_OUTPUT,OUTPUT_DEMAND,FITNESS
0.320377632874963,26.958484512849736,1.1,13.791574087420978
