EMITTER_COEFFICIENT_SOLUTION,PRESSURE_OUTPUT,OUTPUT_DEMAND,FITNESS
0.13440794799053302,28.94103557373745,1.2,11.515400555867243
