EMITTER_COEFFICIENT_SOLUTION,PRESSURE_OUTPUT,OUTPUT_DEMAND,FITNESS
1.3103296951500474,23.5470050632041,3.9,1.9473535740247887
