EMITTER_COEFFICIENT_SOLUTION,PRESSURE_OUTPUT,OUTPUT_DEMAND,FITNESS
0.9554188332007232,26.64688116061042,1.5,1.4735647032752754
