EMITTER_COEFFICIENT_SOLUTION,PRESSURE_OUTPUT,OUTPUT_DEMAND,FITNESS
1.3291470017424978,21.066719102085244,1.5,0.3590473378453921
