EMITTER_COEFFICIENT_SOLUTION,PRESSURE_OUTPUT,OUTPUT_DEMAND,FITNESS
0.4937525404761023,27.333531396065077,1.5,124.59857129560771
