EMITTER_COEFFICIENT_SOLUTION,PRESSURE_OUTPUT,OUTPUT_DEMAND,FITNESS
0.8870255293866924,28.375214782816197,1.7,0.9345719794826226
