EMITTER_COEFFICIENT_SOLUTION,PRESSURE_OUTPUT,OUTPUT_DEMAND,FITNESS
0.0364906871102878,28.962365670710383,1.2,9.244679704013077
