EMITTER_COEFFICIENT_SOLUTION,PRESSURE_OUTPUT,OUTPUT_DEMAND,FITNESS
1.285879577685361,27.151952806556725,1.7,0.43605845563319356
