EMITTER_COEFFICIENT_SOLUTION,PRESSURE_OUTPUT,OUTPUT_DEMAND,FITNESS
1.2374111022496503,23.59356902058371,3.9,2.141540991837078
