EMITTER_COEFFICIENT_SOLUTION,PRESSURE_OUTPUT,OUTPUT_DEMAND,FITNESS
0.32205292290009335,28.87909029387518,0.89,17.9058910993676
