EMITTER_COEFFICIENT_SOLUTION,PRESSURE_OUTPUT,OUTPUT_DEMAND,FITNESS
0.0983360718886237,27.046576225129527,1.1,6.226659682409029
