EMITTER_COEFFICIENT_SOLUTION,PRESSURE_OUTPUT,OUTPUT_DEMAND,FITNESS
1.3105433431667004,23.88679777525303,13.000000000000002,11.696227018506125
