EMITTER_COEFFICIENT_SOLUTION,PRESSURE_OUTPUT,OUTPUT_DEMAND,FITNESS
0.8020846066296611,28.71648237841753,0.89,9.366595785419042
