EMITTER_COEFFICIENT_SOLUTION,PRESSURE_OUTPUT,OUTPUT_DEMAND,FITNESS
0.7414354369183352,9.347378745365852,1.0,131.53630986265878
