EMITTER_COEFFICIENT_SOLUTION,PRESSURE_OUTPUT,OUTPUT_DEMAND,FITNESS
0.0037060729135194315,27.83921115608554,1.5,1.946640503882609
