EMITTER_COEFFICIENT_SOLUTION,PRESSURE_OUTPUT,OUTPUT_DEMAND,FITNESS
0.1743348425307757,9.365178376600653,1.0,98.04721620290334
