EMITTER_COEFFICIENT_SOLUTION,PRESSURE_OUTPUT,OUTPUT_DEMAND,FITNESS
1.4318020377017386,23.87377382925306,13.000000000000002,10.150058206554018
