EMITTER_COEFFICIENT_SOLUTION,PRESSURE_OUTPUT,OUTPUT_DEMAND,FITNESS
0.4282258900136354,24.897803655841436,23.0,22.521605457630148
