EMITTER_COEFFICIENT_SOLUTION,PRESSURE_OUTPUT,OUTPUT_DEMAND,FITNESS
0.7155922025963803,27.026537761039272,1.5,3.34481876289605
