EMITTER_COEFFICIENT_SOLUTION,PRESSURE_OUTPUT,OUTPUT_DEMAND,FITNESS
1.144284830832289,9.334618194612247,1.0,49.108643030471356
