EMITTER_COEFFICIENT_SOLUTION,PRESSURE_OUTPUT,OUTPUT_DEMAND,FITNESS
0.20821221388848732,25.032881543825603,23.0,5.571660877060849
