EMITTER_COEFFICIENT_SOLUTION,PRESSURE_OUTPUT,OUTPUT_DEMAND,FITNESS
0.0796441328775257,27.05391221255948,1.1,5.954658633972142
