EMITTER_COEFFICIENT_SOLUTION,PRESSURE_OUTPUT,OUTPUT_DEMAND,FITNESS
0.1547675441852907,26.59414783144259,10.1,18.590321680236062
