EMITTER_COEFFICIENT_SOLUTION,PRESSURE_OUTPUT,OUTPUT_DEMAND,FITNESS
0.09052777458285466,27.213058933180896,1.21,5.047890124078519
