EMITTER_COEFFICIENT_SOLUTION,PRESSURE_OUTPUT,OUTPUT_DEMAND,FITNESS
0.5536106796807091,28.840531693781564,1.2,73.17616027845753
