EMITTER_COEFFICIENT_SOLUTION,PRESSURE_OUTPUT,OUTPUT_DEMAND,FITNESS
0.4877940496375882,27.020932235021583,1.21,167.33963635110672
