EMITTER_COEFFICIENT_SOLUTION,PRESSURE_OUTPUT,OUTPUT_DEMAND,FITNESS
0.2631286074823006,28.91174082250587,1.2,17.377560686260892
