EMITTER_COEFFICIENT_SOLUTION,PRESSURE_OUTPUT,OUTPUT_DEMAND,FITNESS
0.013135252984652457,24.564283226576208,1.2,0.9848424707147634
