EMITTER_COEFFICIENT_SOLUTION,PRESSURE_OUTPUT,OUTPUT_DEMAND,FITNESS
0.7793834600187642,24.782717840597982,12.6,31.544272724945746
