EMITTER_COEFFICIENT_SOLUTION,PRESSURE_OUTPUT,OUTPUT_DEMAND,FITNESS
0.42052266573796915,9.35747489697495,1.0,400.6911010374794
