EMITTER_COEFFICIENT_SOLUTION,PRESSURE_OUTPUT,OUTPUT_DEMAND,FITNESS
1.0524602788040416,23.711384128546662,3.9,2.864193984685864
