EMITTER_COEFFICIENT_SOLUTION,PRESSURE_OUTPUT,OUTPUT_DEMAND,FITNESS
0.5477037696419146,9.353481037463084,1.0,666.5904783084608
