EMITTER_COEFFICIENT_SOLUTION,PRESSURE_OUTPUT,OUTPUT_DEMAND,FITNESS
0.2611212818867693,25.000541567123225,23.0,6.796261439793575
