EMITTER_COEFFICIENT_SOLUTION,PRESSURE_OUTPUT,OUTPUT_DEMAND,FITNESS
0.8561005145508062,24.77395853855497,12.6,24.71529347856068
