EMITTER_COEFFICIENT_SOLUTION,PRESSURE_OUTPUT,OUTPUT_DEMAND,FITNESS
0.07919424920873963,24.015584298390102,13.000000000000002,23.099560663321814
