EMITTER_COEFFICIENT_SOLUTION,PRESSURE_OUTPUT,OUTPUT_DEMAND,FITNESS
1.325361017788,23.537398739876455,3.9,1.9115935688735983
