EMITTER_COEFFICIENT_SOLUTION,PRESSURE_OUTPUT,OUTPUT_DEMAND,FITNESS
0.38522331485298555,23.808703402344324,1.2,3.8489518595013634
