EMITTER_COEFFICIENT_SOLUTION,PRESSURE_OUTPUT,OUTPUT_DEMAND,FITNESS
1.2722168429458156,26.56252635592336,1.1,3.0916477166655456
