EMITTER_COEFFICIENT_SOLUTION,PRESSURE_OUTPUT,OUTPUT_DEMAND,FITNESS
1.190291843428132,28.55836219886544,0.89,3.7752580815044485
