EMITTER_COEFFICIENT_SOLUTION,PRESSURE_OUTPUT,OUTPUT_DEMAND,FITNESS
0.03518715742261147,30.524487067813737,1.7,0.926555860164994
