EMITTER_COEFFICIENT_SOLUTION,PRESSURE_OUTPUT,OUTPUT_DEMAND,FITNESS
0.27106825953501335,28.722021608362063,1.2,3.379132532623315
