EMITTER_COEFFICIENT_SOLUTION,PRESSURE_OUTPUT,OUTPUT_DEMAND,FITNESS
0.9820473595133958,28.093426704006117,1.7,0.7397562514390161
