EMITTER_COEFFICIENT_SOLUTION,PRESSURE_OUTPUT,OUTPUT_DEMAND,FITNESS
0.91385228237275,23.92898343789551,13.000000000000002,23.08829289269919
