EMITTER_COEFFICIENT_SOLUTION,PRESSURE_OUTPUT,OUTPUT_DEMAND,FITNESS
0.36169266008805834,28.6111779756188,1.2,5.402768094530204
