EMITTER_COEFFICIENT_SOLUTION,PRESSURE_OUTPUT,OUTPUT_DEMAND,FITNESS
1.093936395595902,21.921014359622834,1.5,0.5179058670870784
