EMITTER_COEFFICIENT_SOLUTION,PRESSURE_OUTPUT,OUTPUT_DEMAND,FITNESS
0.3660619126143616,26.940147131779177,1.1,18.460178023489423
