EMITTER_COEFFICIENT_SOLUTION,PRESSURE_OUTPUT,OUTPUT_DEMAND,FITNESS
0.09005184339878392,28.94363757852529,0.89,8.306004753238156
