EMITTER_COEFFICIENT_SOLUTION,PRESSURE_OUTPUT,OUTPUT_DEMAND,FITNESS
0.169689471883554,24.705712148543526,1.5,1.171170042695022
