EMITTER_COEFFICIENT_SOLUTION,PRESSURE_OUTPUT,OUTPUT_DEMAND,FITNESS
0.9485385308061207,26.4690103346838,10.1,14.015796852990936
