EMITTER_COEFFICIENT_SOLUTION,PRESSURE_OUTPUT,OUTPUT_DEMAND,FITNESS
0.35759389540572983,26.943551531726776,1.1,17.368631948430124
