EMITTER_COEFFICIENT_SOLUTION,PRESSURE_OUTPUT,OUTPUT_DEMAND,FITNESS
0.2879538197261199,24.838268330138618,12.6,41.92693916394642
