EMITTER_COEFFICIENT_SOLUTION,PRESSURE_OUTPUT,OUTPUT_DEMAND,FITNESS
1.3257192094867702,25.97518517151329,1.5,0.7405638555044741
