EMITTER_COEFFICIENT_SOLUTION,PRESSURE_OUTPUT,OUTPUT_DEMAND,FITNESS
0.4463765472373149,23.67169934711025,1.2,8.14286251232287
