EMITTER_COEFFICIENT_SOLUTION,PRESSURE_OUTPUT,OUTPUT_DEMAND,FITNESS
0.5593836417053448,23.966124233228513,13.000000000000002,162.04307731643618
