EMITTER_COEFFICIENT_SOLUTION,PRESSURE_OUTPUT,OUTPUT_DEMAND,FITNESS
0.6863818364698101,28.805691697973685,1.2,20.616155614618414
