EMITTER_COEFFICIENT_SOLUTION,PRESSURE_OUTPUT,OUTPUT_DEMAND,FITNESS
0.8234321200194465,28.559948427136437,1.7,1.1295926316484235
