EMITTER_COEFFICIENT_SOLUTION,PRESSURE_OUTPUT,OUTPUT_DEMAND,FITNESS
0.2556624126410316,24.213419512468576,3.9,6.540264260440438
