EMITTER_COEFFICIENT_SOLUTION,PRESSURE_OUTPUT,OUTPUT_DEMAND,FITNESS
0.3758219011763546,24.138354081519203,3.9,12.847923425680355
