EMITTER_COEFFICIENT_SOLUTION,PRESSURE_OUTPUT,OUTPUT_DEMAND,FITNESS
0.314925924729208,27.09441657369718,1.1,10.354956961589352
