EMITTER_COEFFICIENT_SOLUTION,PRESSURE_OUTPUT,OUTPUT_DEMAND,FITNESS
0.23656219080139962,28.917902378925177,1.2,15.696854229398266
