EMITTER_COEFFICIENT_SOLUTION,PRESSURE_OUTPUT,OUTPUT_DEMAND,FITNESS
1.3309635677317084,9.328672536148687,1.0,38.0102793176329
