EMITTER_COEFFICIENT_SOLUTION,PRESSURE_OUTPUT,OUTPUT_DEMAND,FITNESS
1.064775572392751,23.703552588734627,3.9,2.8013566165362853
