EMITTER_COEFFICIENT_SOLUTION,PRESSURE_OUTPUT,OUTPUT_DEMAND,FITNESS
0.017435648793213465,27.07823608510767,1.1,5.2013004206416245
