EMITTER_COEFFICIENT_SOLUTION,PRESSURE_OUTPUT,OUTPUT_DEMAND,FITNESS
0.026150427258765152,27.82175086236085,1.5,2.015132677106445
