EMITTER_COEFFICIENT_SOLUTION,PRESSURE_OUTPUT,OUTPUT_DEMAND,FITNESS
1.0395023299108133,22.195444133168497,1.2,0.738852410549899
