EMITTER_COEFFICIENT_SOLUTION,PRESSURE_OUTPUT,OUTPUT_DEMAND,FITNESS
0.6700268439592403,26.90711550713432,1.1,11.02159607251327
