EMITTER_COEFFICIENT_SOLUTION,PRESSURE_OUTPUT,OUTPUT_DEMAND,FITNESS
0.6380799217568422,23.973683164551282,3.9,11.515519881285945
