EMITTER_COEFFICIENT_SOLUTION,PRESSURE_OUTPUT,OUTPUT_DEMAND,FITNESS
1.0110367021181044,22.21286884774516,1.5,0.6101287507224575
