EMITTER_COEFFICIENT_SOLUTION,PRESSURE_OUTPUT,OUTPUT_DEMAND,FITNESS
1.3087548689606185,26.546781077543407,1.1,2.948135842556147
