EMITTER_COEFFICIENT_SOLUTION,PRESSURE_OUTPUT,OUTPUT_DEMAND,FITNESS
1.0208990874133825,22.245138043756732,1.2,0.7670144710107673
