EMITTER_COEFFICIENT_SOLUTION,PRESSURE_OUTPUT,OUTPUT_DEMAND,FITNESS
1.1168887235172933,23.67039126850338,3.9,2.5632401103881577
