EMITTER_COEFFICIENT_SOLUTION,PRESSURE_OUTPUT,OUTPUT_DEMAND,FITNESS
0.1922649801965297,30.188608171457716,1.7,1.3451946356702107
