EMITTER_COEFFICIENT_SOLUTION,PRESSURE_OUTPUT,OUTPUT_DEMAND,FITNESS
0.0002655743423274348,29.000084512976905,1.2,1.7421698595163706
