EMITTER_COEFFICIENT_SOLUTION,PRESSURE_OUTPUT,OUTPUT_DEMAND,FITNESS
1.4081040215181182,24.71025002064716,12.6,9.599757705098956
