EMITTER_COEFFICIENT_SOLUTION,PRESSURE_OUTPUT,OUTPUT_DEMAND,FITNESS
0.09204261628068033,9.367745262352479,1.0,78.33274427608207
