EMITTER_COEFFICIENT_SOLUTION,PRESSURE_OUTPUT,OUTPUT_DEMAND,FITNESS
1.1313043149488902,26.651836023883476,1.1,2.890086173728274
