EMITTER_COEFFICIENT_SOLUTION,PRESSURE_OUTPUT,OUTPUT_DEMAND,FITNESS
0.030576170468651576,24.53212774747527,1.2,1.0170505091114481
