EMITTER_COEFFICIENT_SOLUTION,PRESSURE_OUTPUT,OUTPUT_DEMAND,FITNESS
1.2444593184605837,23.589070948473243,3.9,2.121108763023512
