EMITTER_COEFFICIENT_SOLUTION,PRESSURE_OUTPUT,OUTPUT_DEMAND,FITNESS
0.28467283926526177,28.705925882043353,1.2,3.5734933812136873
