EMITTER_COEFFICIENT_SOLUTION,PRESSURE_OUTPUT,OUTPUT_DEMAND,FITNESS
0.0082403232032493,26.616677953217838,10.1,13.102458844416237
