EMITTER_COEFFICIENT_SOLUTION,PRESSURE_OUTPUT,OUTPUT_DEMAND,FITNESS
0.029396464885168005,9.369696604158385,1.0,67.94680599957026
