EMITTER_COEFFICIENT_SOLUTION,PRESSURE_OUTPUT,OUTPUT_DEMAND,FITNESS
0.3290384017237017,9.360341784320354,1.0,186.4775640102355
