EMITTER_COEFFICIENT_SOLUTION,PRESSURE_OUTPUT,OUTPUT_DEMAND,FITNESS
0.7235413671054672,24.78907898456889,12.6,39.46278228580031
