EMITTER_COEFFICIENT_SOLUTION,PRESSURE_OUTPUT,OUTPUT_DEMAND,FITNESS
1.105798009760421,28.68653478244036,1.2,5.964360649556935
