EMITTER_COEFFICIENT_SOLUTION,PRESSURE_OUTPUT,OUTPUT_DEMAND,FITNESS
1.4029654457739063,26.506010651771028,1.1,2.631801809146967
