EMITTER_COEFFICIENT_SOLUTION,PRESSURE_OUTPUT,OUTPUT_DEMAND,FITNESS
1.1023931818130681,26.391898540188556,1.5,1.0711121170908589
