EMITTER_COEFFICIENT_SOLUTION,PRESSURE_OUTPUT,OUTPUT_DEMAND,FITNESS
1.4081309138092373,26.50376813721816,1.1,2.6163604322379337
