EMITTER_COEFFICIENT_SOLUTION,PRESSURE_OUTPUT,OUTPUT_DEMAND,FITNESS
0.02638779048678297,25.1433115757291,23.0,3.4493495871896465
