EMITTER_COEFFICIENT_SOLUTION,PRESSURE_OUTPUT,OUTPUT_DEMAND,FITNESS
0.4273949784822163,24.89831672105042,23.0,22.264339848244934
