EMITTER_COEFFICIENT_SOLUTION,PRESSURE_OUTPUT,OUTPUT_DEMAND,FITNESS
0.9818059867006962,24.759555502814464,12.6,18.226950220364895
