EMITTER_COEFFICIENT_SOLUTION,PRESSURE_OUTPUT,OUTPUT_DEMAND,FITNESS
0.4457218080172505,27.041494631645023,1.21,37.681435435365806
