EMITTER_COEFFICIENT_SOLUTION,PRESSURE_OUTPUT,OUTPUT_DEMAND,FITNESS
1.0118546629985508,22.210017052895918,1.5,0.6090689938003956
