EMITTER_COEFFICIENT_SOLUTION,PRESSURE_OUTPUT,OUTPUT_DEMAND,FITNESS
0.020872645770612652,25.146643775926,23.0,3.4101535436664845
