EMITTER_COEFFICIENT_SOLUTION,PRESSURE_OUTPUT,OUTPUT_DEMAND,FITNESS
0.021157823003019383,24.021494523500067,13.000000000000002,20.324752247087
