EMITTER_COEFFICIENT_SOLUTION,PRESSURE_OUTPUT,OUTPUT_DEMAND,FITNESS
1.255672260996508,26.637203941039385,1.21,2.6472224754896767
