EMITTER_COEFFICIENT_SOLUTION,PRESSURE_OUTPUT,OUTPUT_DEMAND,FITNESS
1.1850109847254586,28.662519416728998,1.2,5.217084725095043
