EMITTER_COEFFICIENT_SOLUTION,PRESSURE_OUTPUT,OUTPUT_DEMAND,FITNESS
0.3365629590679856,28.89439993371012,1.2,24.872783718374652
