EMITTER_COEFFICIENT_SOLUTION,PRESSURE_OUTPUT,OUTPUT_DEMAND,FITNESS
0.9990198180289002,24.540358850920605,23.0,3.194428946765619
