EMITTER_COEFFICIENT_SOLUTION,PRESSURE_OUTPUT,OUTPUT_DEMAND,FITNESS
0.47693159233713067,27.354952758517314,1.5,33.95915913656864
