EMITTER_COEFFICIENT_SOLUTION,PRESSURE_OUTPUT,OUTPUT_DEMAND,FITNESS
0.7000733472179183,9.348683473206059,1.0,158.7872288658724
