EMITTER_COEFFICIENT_SOLUTION,PRESSURE_OUTPUT,OUTPUT_DEMAND,FITNESS
0.13002946552180195,27.733448464401256,1.5,2.4513238025224244
