EMITTER_COEFFICIENT_SOLUTION,PRESSURE_OUTPUT,OUTPUT_DEMAND,FITNESS
0.059734398831915225,24.33526676893652,3.9,3.6397217484026245
