EMITTER_COEFFICIENT_SOLUTION,PRESSURE_OUTPUT,OUTPUT_DEMAND,FITNESS
0.947990261172744,26.469098539651647,10.1,14.033145510306392
