EMITTER_COEFFICIENT_SOLUTION,PRESSURE_OUTPUT,OUTPUT_DEMAND,FITNESS
0.9554716067467521,22.405201054948567,1.5,0.6912445022586297
