EMITTER_COEFFICIENT_SOLUTION,PRESSURE_OUTPUT,OUTPUT_DEMAND,FITNESS
0.13559617942443947,9.366387233753045,1.0,87.65759309345648
