EMITTER_COEFFICIENT_SOLUTION,PRESSURE_OUTPUT,OUTPUT_DEMAND,FITNESS
0.1305315444528301,27.732992299266257,1.5,2.4540679620625836
