EMITTER_COEFFICIENT_SOLUTION,PRESSURE_OUTPUT,OUTPUT_DEMAND,FITNESS
1.3360552760334552,26.59615341331379,1.21,2.387746365385984
