EMITTER_COEFFICIENT_SOLUTION,PRESSURE_OUTPUT,OUTPUT_DEMAND,FITNESS
0.6361769131577498,24.7990059624373,12.6,64.87880569654072
