EMITTER_COEFFICIENT_SOLUTION,PRESSURE_OUTPUT,OUTPUT_DEMAND,FITNESS
0.3951448092155372,28.56814215345026,1.2,7.0395525213323955
