EMITTER_COEFFICIENT_SOLUTION,PRESSURE_OUTPUT,OUTPUT_DEMAND,FITNESS
0.5371799395183539,26.978167079261134,1.1,50.81458688474502
