EMITTER_COEFFICIENT_SOLUTION,PRESSURE_OUTPUT,OUTPUT_DEMAND,FITNESS
0.4461780851799526,27.39341472518597,1.5,14.725566249050143
