EMITTER_COEFFICIENT_SOLUTION,PRESSURE_OUTPUT,OUTPUT_DEMAND,FITNESS
0.771194608819623,24.783651434980463,12.6,32.50142526228933
