EMITTER_COEFFICIENT_SOLUTION,PRESSURE_OUTPUT,OUTPUT_DEMAND,FITNESS
0.2368914622168654,26.991809385631186,1.1,9.448856480945473
