EMITTER_COEFFICIENT_SOLUTION,PRESSURE_OUTPUT,OUTPUT_DEMAND,FITNESS
0.8345917767359505,23.849596171668622,3.9,4.740992016237129
