EMITTER_COEFFICIENT_SOLUTION,PRESSURE_OUTPUT,OUTPUT_DEMAND,FITNESS
0.6778750764445836,26.902882317223707,1.1,10.530289521590854
