EMITTER_COEFFICIENT_SOLUTION,PRESSURE_OUTPUT,OUTPUT_DEMAND,FITNESS
0.7091241175892563,28.75089826861712,0.89,13.822371882320134
