EMITTER_COEFFICIENT_SOLUTION,PRESSURE_OUTPUT,OUTPUT_DEMAND,FITNESS
0.17403455768517107,28.92138212730117,0.89,10.1895900460897
