EMITTER_COEFFICIENT_SOLUTION,PRESSURE_OUTPUT,OUTPUT_DEMAND,FITNESS
1.4069010715996444,26.762491877036073,1.7,0.3727544183709616
