EMITTER_COEFFICIENT_SOLUTION,PRESSURE_OUTPUT,OUTPUT_DEMAND,FITNESS
0.36722969297616104,24.829373084941352,12.6,66.86383253742328
