EMITTER_COEFFICIENT_SOLUTION,PRESSURE_OUTPUT,OUTPUT_DEMAND,FITNESS
0.02957921369531702,24.02063783921124,13.000000000000002,20.68491584905538
