EMITTER_COEFFICIENT_SOLUTION,PRESSURE_OUTPUT,OUTPUT_DEMAND,FITNESS
0.32794265203710815,28.896458965621058,1.2,23.661012067945542
