EMITTER_COEFFICIENT_SOLUTION,PRESSURE_OUTPUT,OUTPUT_DEMAND,FITNESS
1.0262837750388931,23.917093073628664,13.000000000000002,18.115168154723015
