EMITTER_COEFFICIENT_SOLUTION,PRESSURE_OUTPUT,OUTPUT_DEMAND,FITNESS
0.4978397697650686,24.81466220742314,12.6,4083.4497878653433
