EMITTER_COEFFICIENT_SOLUTION,PRESSURE_OUTPUT,OUTPUT_DEMAND,FITNESS
0.2426664003132084,26.989512025228144,1.1,9.658518073700025
