EMITTER_COEFFICIENT_SOLUTION,PRESSURE_OUTPUT,OUTPUT_DEMAND,FITNESS
0.01540280405471195,9.370132163843707,1.0,65.99372888937046
