EMITTER_COEFFICIENT_SOLUTION,PRESSURE_OUTPUT,OUTPUT_DEMAND,FITNESS
0.5722731148223198,28.799047730228793,0.89,41.32739981669844
