EMITTER_COEFFICIENT_SOLUTION,PRESSURE_OUTPUT,OUTPUT_DEMAND,FITNESS
1.2153473732422337,21.717375045419793,1.2,0.545994772995994
