EMITTER_COEFFICIENT_SOLUTION,PRESSURE_OUTPUT,OUTPUT_DEMAND,FITNESS
0.10385533582786266,24.850952589597927,1.5,1.0009134159467412
