EMITTER_COEFFICIENT_SOLUTION,PRESSURE_OUTPUT,OUTPUT_DEMAND,FITNESS
0.24458697778065697,9.362983823670845,1.0,124.9279358767043
