EMITTER_COEFFICIENT_SOLUTION,PRESSURE_OUTPUT,OUTPUT_DEMAND,FITNESS
0.9391050651257453,22.461309837798886,1.5,0.7191361157292963
