EMITTER_COEFFICIENT_SOLUTION,PRESSURE_OUTPUT,OUTPUT_DEMAND,FITNESS
0.9087526963743965,28.675323184419092,0.89,6.760339382736067
