EMITTER_COEFFICIENT_SOLUTION,PRESSURE_OUTPUT,OUTPUT_DEMAND,FITNESS
0.5259299295922101,28.847616314705448,1.2,151.9518546633801
