EMITTER_COEFFICIENT_SOLUTION,PRESSURE_OUTPUT,OUTPUT_DEMAND,FITNESS
1.0740603899637935,26.72935541753486,1.21,3.5013644313790597
