EMITTER_COEFFICIENT_SOLUTION,PRESSURE_OUTPUT,OUTPUT_DEMAND,FITNESS
0.6844370548916224,26.924168300606343,1.21,11.014421150465836
