EMITTER_COEFFICIENT_SOLUTION,PRESSURE_OUTPUT,OUTPUT_DEMAND,FITNESS
0.9565986397268397,24.567255885460728,23.0,3.49469551160103
