EMITTER_COEFFICIENT_SOLUTION,PRESSURE_OUTPUT,OUTPUT_DEMAND,FITNESS
0.045058837022977416,24.505166228738076,1.2,1.0457255871449855
