EMITTER_COEFFICIENT_SOLUTION,PRESSURE_OUTPUT,OUTPUT_DEMAND,FITNESS
1.2122861103741245,27.20844133047416,1.2,0.8212551751380005
