EMITTER_COEFFICIENT_SOLUTION,PRESSURE_OUTPUT,OUTPUT_DEMAND,FITNESS
0.34634808995897914,27.08986295206011,1.21,13.349960698644718
