EMITTER_COEFFICIENT_SOLUTION,PRESSURE_OUTPUT,OUTPUT_DEMAND,FITNESS
0.36038082630329904,23.863401459138814,1.2,3.1795587582459155
