EMITTER_COEFFICIENT_SOLUTION,PRESSURE_OUTPUT,OUTPUT_DEMAND,FITNESS
0.687683890949698,24.793157061390538,12.6,47.03169994395495
