EMITTER_COEFFICIENT_SOLUTION,PRESSURE_OUTPUT,OUTPUT_DEMAND,FITNESS
0.5857934025150211,27.211599807057368,1.5,8.77902891709735
