EMITTER_COEFFICIENT_SOLUTION,PRESSURE_OUTPUT,OUTPUT_DEMAND,FITNESS
0.14778955433942564,27.027106912835634,1.1,7.085643628502583
