EMITTER_COEFFICIENT_SOLUTION,PRESSURE_OUTPUT,OUTPUT_DEMAND,FITNESS
0.26874528274146514,27.59703011552032,1.5,3.6829089947076707
