EMITTER_COEFFICIENT_SOLUTION,PRESSURE_OUTPUT,OUTPUT_DEMAND,FITNESS
1.4518787472828107,26.387023263583856,10.1,6.52166240827702
