EMITTER_COEFFICIENT_SOLUTION,PRESSURE_OUTPUT,OUTPUT_DEMAND,FITNESS
0.07973651789197411,28.946282197231774,0.89,8.12747488799916
