EMITTER_COEFFICIENT_SOLUTION,PRESSURE_OUTPUT,OUTPUT_DEMAND,FITNESS
0.8562783251350614,26.80560651414948,1.1,5.2018322980334375
