EMITTER_COEFFICIENT_SOLUTION,PRESSURE_OUTPUT,OUTPUT_DEMAND,FITNESS
0.5930607459688776,26.969266114066773,1.21,21.885549311391642
