EMITTER_COEFFICIENT_SOLUTION,PRESSURE_OUTPUT,OUTPUT_DEMAND,FITNESS
1.2111603498946324,21.499541276627586,1.5,0.42511116422127493
