EMITTER_COEFFICIENT_SOLUTION,PRESSURE_OUTPUT,OUTPUT_DEMAND,FITNESS
0.47883345993149473,26.5436836245743,10.1,300.55086651487215
