EMITTER_COEFFICIENT_SOLUTION,PRESSURE_OUTPUT,OUTPUT_DEMAND,FITNESS
0.5364434136933504,28.811150698391252,0.89,82.68526158141563
