EMITTER_COEFFICIENT_SOLUTION,PRESSURE_OUTPUT,OUTPUT_DEMAND,FITNESS
0.1356069889747833,27.185711317443356,1.1,5.322918875946722
