EMITTER_COEFFICIENT_SOLUTION,PRESSURE_OUTPUT,OUTPUT_DEMAND,FITNESS
0.671693574866571,24.794973986231312,12.6,51.42622875777596
