EMITTER_COEFFICIENT_SOLUTION,PRESSURE_OUTPUT,OUTPUT_DEMAND,FITNESS
1.4400439572079786,23.46402239807488,3.9,1.6764456710629556
