EMITTER_COEFFICIENT_SOLUTION,PRESSURE_OUTPUT,OUTPUT_DEMAND,FITNESS
0.44750123983773715,27.391778732522013,1.5,15.089075945726943
