EMITTER_COEFFICIENT_SOLUTION,PRESSURE_OUTPUT,OUTPUT_DEMAND,FITNESS
0.052267269309966724,25.12766163329921,23.0,3.646178015324164
