EMITTER_COEFFICIENT_SOLUTION,PRESSURE_OUTPUT,OUTPUT_DEMAND,FITNESS
1.297175078871082,21.184748572712845,1.5,0.3749364577472319
