EMITTER_COEFFICIENT_SOLUTION,PRESSURE_OUTPUT,OUTPUT_DEMAND,FITNESS
0.969676157154865,24.558969605428157,23.0,3.3963440923017183
