EMITTER_COEFFICIENT_SOLUTION,PRESSURE_OUTPUT,OUTPUT_DEMAND,FITNESS
0.8425069935150384,28.504874403319718,1.7,1.0634350489059183
