EMITTER_COEFFICIENT_SOLUTION,PRESSURE_OUTPUT,OUTPUT_DEMAND,FITNESS
1.1897681132097473,26.59791645706668,1.1,3.4714746957305644
