EMITTER_COEFFICIENT_SOLUTION,PRESSURE_OUTPUT,OUTPUT_DEMAND,FITNESS
1.3908781609156282,26.56806516349474,1.21,2.2376710984885304
