EMITTER_COEFFICIENT_SOLUTION,PRESSURE_OUTPUT,OUTPUT_DEMAND,FITNESS
1.3958997867160012,25.837510237314195,1.5,0.6720441920050619
