EMITTER_COEFFICIENT_SOLUTION,PRESSURE_OUTPUT,OUTPUT_DEMAND,FITNESS
0.8894933344506977,23.81482878561254,3.9,4.0701083284100275
