EMITTER_COEFFICIENT_SOLUTION,PRESSURE_OUTPUT,OUTPUT_DEMAND,FITNESS
0.3018466120231553,27.561466823464734,1.5,4.237984860146245
