EMITTER_COEFFICIENT_SOLUTION,PRESSURE_OUTPUT,OUTPUT_DEMAND,FITNESS
1.037193061971062,26.4547159756306,10.1,11.676455897535996
