EMITTER_COEFFICIENT_SOLUTION,PRESSURE_OUTPUT,OUTPUT_DEMAND,FITNESS
0.7930750268753333,26.840296369894155,1.1,6.347187422511742
