EMITTER_COEFFICIENT_SOLUTION,PRESSURE_OUTPUT,OUTPUT_DEMAND,FITNESS
1.3707343886518415,9.327403203240017,1.0,36.260780133785666
