EMITTER_COEFFICIENT_SOLUTION,PRESSURE_OUTPUT,OUTPUT_DEMAND,FITNESS
1.154880933990539,23.9034288567359,13.000000000000002,14.52083248977177
