EMITTER_COEFFICIENT_SOLUTION,PRESSURE_OUTPUT,OUTPUT_DEMAND,FITNESS
0.427698224862314,29.62929046779077,1.7,5.4327410727037675
