EMITTER_COEFFICIENT_SOLUTION,PRESSURE_OUTPUT,OUTPUT_DEMAND,FITNESS
0.059279919306935325,27.061890177041462,1.1,5.684605454136282
