EMITTER_COEFFICIENT_SOLUTION,PRESSURE_OUTPUT,OUTPUT_DEMAND,FITNESS
0.7385582551671217,23.1262088369313,1.5,1.3780590006404516
