EMITTER_COEFFICIENT_SOLUTION,PRESSURE_OUTPUT,OUTPUT_DEMAND,FITNESS
0.3696278484407385,26.560786614188466,10.1,48.94711470240019
