EMITTER_COEFFICIENT_SOLUTION,PRESSURE_OUTPUT,OUTPUT_DEMAND,FITNESS
0.7207092733924235,28.79645482420866,1.2,17.31825972976857
