EMITTER_COEFFICIENT_SOLUTION,PRESSURE_OUTPUT,OUTPUT_DEMAND,FITNESS
0.1433867890147098,24.28332941605324,3.9,4.48815056928931
