EMITTER_COEFFICIENT_SOLUTION,PRESSURE_OUTPUT,OUTPUT_DEMAND,FITNESS
0.6750219165561753,27.08598693513538,1.5,4.175004730036875
