EMITTER_COEFFICIENT_SOLUTION,PRESSURE_OUTPUT,OUTPUT_DEMAND,FITNESS
0.493099659401236,24.064853151141804,3.9,230.8051321216501
