EMITTER_COEFFICIENT_SOLUTION,PRESSURE_OUTPUT,OUTPUT_DEMAND,FITNESS
0.9230228825535651,23.928015557200254,13.000000000000002,22.583623148219107
