EMITTER_COEFFICIENT_SOLUTION,PRESSURE_OUTPUT,OUTPUT_DEMAND,FITNESS
0.3438164732647493,24.158372669846777,3.9,10.219496596646684
