EMITTER_COEFFICIENT_SOLUTION,PRESSURE_OUTPUT,OUTPUT_DEMAND,FITNESS
0.047348115507536925,25.130638112062837,23.0,3.607031724474009
