EMITTER_COEFFICIENT_SOLUTION,PRESSURE_OUTPUT,OUTPUT_DEMAND,FITNESS
0.5430877424147631,23.726816798621197,1.5,7.996777403868772
