EMITTER_COEFFICIENT_SOLUTION,PRESSURE_OUTPUT,OUTPUT_DEMAND,FITNESS
0.795013448362499,22.832880915352245,1.2,1.3966217211157659
