EMITTER_COEFFICIENT_SOLUTION,PRESSURE_OUTPUT,OUTPUT_DEMAND,FITNESS
0.3570896989712994,28.889471987678917,1.2,28.347370073989573
