EMITTER_COEFFICIENT_SOLUTION,PRESSURE_OUTPUT,OUTPUT_DEMAND,FITNESS
0.25107943887266504,24.84239714011199,12.6,35.74003939457296
