EMITTER_COEFFICIENT_SOLUTION,PRESSURE_OUTPUT,OUTPUT_DEMAND,FITNESS
0.4906300620594982,28.826317389006427,0.89,325.2416633629453
