EMITTER_COEFFICIENT_SOLUTION,PRESSURE_OUTPUT,OUTPUT_DEMAND,FITNESS
0.778130197275268,9.346220392591817,1.0,114.14461439238843
