EMITTER_COEFFICIENT_SOLUTION,PRESSURE_OUTPUT,OUTPUT_DEMAND,FITNESS
1.4491768557554146,26.72169159733891,1.2,0.5867173967623405
