EMITTER_COEFFICIENT_SOLUTION,PRESSURE_OUTPUT,OUTPUT_DEMAND,FITNESS
0.016705208866095167,28.96657420061198,1.2,8.89847123532401
