EMITTER_COEFFICIENT_SOLUTION,PRESSURE_OUTPUT,OUTPUT_DEMAND,FITNESS
1.022936772675628,26.71296441011798,1.1,3.510224575215673
