EMITTER_COEFFICIENT_SOLUTION,PRESSURE_OUTPUT,OUTPUT_DEMAND,FITNESS
0.6870103602256918,23.102454499401084,1.2,2.239943103283126
