EMITTER_COEFFICIENT_SOLUTION,PRESSURE_OUTPUT,OUTPUT_DEMAND,FITNESS
0.9056439951099502,26.729508665095388,1.5,1.6778552859141407
