EMITTER_COEFFICIENT_SOLUTION,PRESSURE_OUTPUT,OUTPUT_DEMAND,FITNESS
0.8290458359375669,26.852333568187028,1.21,6.149123766321936
