EMITTER_COEFFICIENT_SOLUTION,PRESSURE_OUTPUT,OUTPUT_DEMAND,FITNESS
1.1709432063608036,21.8394403035784,1.2,0.5849820687925569
