EMITTER_COEFFICIENT_SOLUTION,PRESSURE_OUTPUT,OUTPUT_DEMAND,FITNESS
1.0170083354413613,27.581844194087093,1.2,1.1844896170750505
