EMITTER_COEFFICIENT_SOLUTION,PRESSURE_OUTPUT,OUTPUT_DEMAND,FITNESS
0.05935380913487154,24.33550276566312,3.9,3.636598047349303
