EMITTER_COEFFICIENT_SOLUTION,PRESSURE_OUTPUT,OUTPUT_DEMAND,FITNESS
1.2118402984633345,23.6098829504311,3.9,2.219068475102391
