EMITTER_COEFFICIENT_SOLUTION,PRESSURE_OUTPUT,OUTPUT_DEMAND,FITNESS
0.8361299171784004,26.848800093313038,1.21,6.018358236744817
