EMITTER_COEFFICIENT_SOLUTION,PRESSURE_OUTPUT,OUTPUT_DEMAND,FITNESS
1.3591413173400744,28.608086437661584,1.2,4.063208755622721
