EMITTER_COEFFICIENT_SOLUTION,PRESSURE_OUTPUT,OUTPUT_DEMAND,FITNESS
0.1850395019749682,27.012384505889692,1.1,7.910889673383895
