EMITTER_COEFFICIENT_SOLUTION,PRESSURE_OUTPUT,OUTPUT_DEMAND,FITNESS
0.6646058953561266,24.7509694298268,23.0,9.762343739369948
