EMITTER_COEFFICIENT_SOLUTION,PRESSURE_OUTPUT,OUTPUT_DEMAND,FITNESS
0.4979585286240451,26.886807632552802,1.1,1203.1388002676106
