EMITTER_COEFFICIENT_SOLUTION,PRESSURE_OUTPUT,OUTPUT_DEMAND,FITNESS
0.04992712595701332,27.065549238415052,1.1,5.568773188464896
