EMITTER_COEFFICIENT_SOLUTION,PRESSURE_OUTPUT,OUTPUT_DEMAND,FITNESS
1.2120790274581386,26.605827248581857,1.1,2.550895341130286
