EMITTER_COEFFICIENT_SOLUTION,PRESSURE_OUTPUT,OUTPUT_DEMAND,FITNESS
0.41116583655448036,26.554292853443307,10.1,71.75427082040486
