EMITTER_COEFFICIENT_SOLUTION,PRESSURE_OUTPUT,OUTPUT_DEMAND,FITNESS
1.4123538607204726,21.166456394831815,1.2,0.4197380974464154
