EMITTER_COEFFICIENT_SOLUTION,PRESSURE_OUTPUT,OUTPUT_DEMAND,FITNESS
0.04278180664427633,9.369279868062492,1.0,69.92684666425308
