EMITTER_COEFFICIENT_SOLUTION,PRESSURE_OUTPUT,OUTPUT_DEMAND,FITNESS
0.3422792285012036,28.873014045285927,0.89,20.09190312985954
