EMITTER_COEFFICIENT_SOLUTION,PRESSURE_OUTPUT,OUTPUT_DEMAND,FITNESS
0.6332761909904288,26.519328653860264,10.1,47.55168974178752
