EMITTER_COEFFICIENT_SOLUTION,PRESSURE_OUTPUT,OUTPUT_DEMAND,FITNESS
0.1493474750889383,30.283495499313457,1.7,1.1929271221062425
