EMITTER_COEFFICIENT_SOLUTION,PRESSURE_OUTPUT,OUTPUT_DEMAND,FITNESS
0.472399955582815,28.832255532025535,0.89,110.95355879753716
