EMITTER_COEFFICIENT_SOLUTION,PRESSURE_OUTPUT,OUTPUT_DEMAND,FITNESS
0.3650777774186764,23.98625743117494,13.000000000000002,71.61272139473569
