EMITTER_COEFFICIENT_SOLUTION,PRESSURE_OUTPUT,OUTPUT_DEMAND,FITNESS
0.01074043500073929,27.25108447712263,1.21,4.234989171311479
