EMITTER_COEFFICIENT_SOLUTION,PRESSURE_OUTPUT,OUTPUT_DEMAND,FITNESS
0.49931451758629763,23.853832458479683,1.5,508.31437049170063
