EMITTER_COEFFICIENT_SOLUTION,PRESSURE_OUTPUT,OUTPUT_DEMAND,FITNESS
0.1614072473027366,24.007186888293724,13.000000000000002,28.65866839236265
