EMITTER_COEFFICIENT_SOLUTION,PRESSURE_OUTPUT,OUTPUT_DEMAND,FITNESS
1.2037579571679846,23.615037768014705,3.9,2.2447458835130996
