EMITTER_COEFFICIENT_SOLUTION,PRESSURE_OUTPUT,OUTPUT_DEMAND,FITNESS
0.9823746898144305,22.312427020237745,1.5,0.6495867987267726
