EMITTER_COEFFICIENT_SOLUTION,PRESSURE_OUTPUT,OUTPUT_DEMAND,FITNESS
0.9348698444823421,24.764940638649612,12.6,20.210726003478243
