EMITTER_COEFFICIENT_SOLUTION,PRESSURE_OUTPUT,OUTPUT_DEMAND,FITNESS
0.4890444844669486,24.06739840983689,3.9,145.39283575120876
