EMITTER_COEFFICIENT_SOLUTION,PRESSURE_OUTPUT,OUTPUT_DEMAND,FITNESS
0.16215513270306692,27.178759657175675,1.21,6.104883385821887
