EMITTER_COEFFICIENT_SOLUTION,PRESSURE_OUTPUT,OUTPUT_DEMAND,FITNESS
0.1781311521720722,24.850548761167076,12.6,27.676723357683475
