EMITTER_COEFFICIENT_SOLUTION,PRESSURE_OUTPUT,OUTPUT_DEMAND,FITNESS
0.12734499527763443,27.189861883901912,1.1,5.2078609348523095
