EMITTER_COEFFICIENT_SOLUTION,PRESSURE_OUTPUT,OUTPUT_DEMAND,FITNESS
0.46882832418749176,26.545254641314116,10.1,204.15493875313817
