EMITTER_COEFFICIENT_SOLUTION,PRESSURE_OUTPUT,OUTPUT_DEMAND,FITNESS
0.7829825030401586,28.77946036771241,1.2,13.380257204108823
