EMITTER_COEFFICIENT_SOLUTION,PRESSURE_OUTPUT,OUTPUT_DEMAND,FITNESS
0.021260669108192687,24.02148406303249,13.000000000000002,20.32907433863977
