EMITTER_COEFFICIENT_SOLUTION,PRESSURE_OUTPUT,OUTPUT_DEMAND,FITNESS
0.1249393433944429,27.19659980071205,1.21,5.505291139897741
