EMITTER_COEFFICIENT_SOLUTION,PRESSURE_OUTPUT,OUTPUT_DEMAND,FITNESS
0.3569897049241273,27.0726730817235,1.1,13.36387175836087
