EMITTER_COEFFICIENT_SOLUTION,PRESSURE_OUTPUT,OUTPUT_DEMAND,FITNESS
0.20797004255137608,28.92446691765663,1.2,14.230505804531667
