EMITTER_COEFFICIENT_SOLUTION,PRESSURE_OUTPUT,OUTPUT_DEMAND,FITNESS
0.02478142961390073,28.964860470863762,1.2,9.036270519148045
