EMITTER_COEFFICIENT_SOLUTION,PRESSURE_OUTPUT,OUTPUT_DEMAND,FITNESS
0.9877959856429805,23.921169322636707,13.000000000000002,19.559477872289335
