EMITTER_COEFFICIENT_SOLUTION,PRESSURE_OUTPUT,OUTPUT_DEMAND,FITNESS
0.36288700874235635,29.78954422088312,1.7,2.9042506548854825
