EMITTER_COEFFICIENT_SOLUTION,PRESSURE_OUTPUT,OUTPUT_DEMAND,FITNESS
0.509920573035806,24.813298037508098,12.6,891.8387426243769
