EMITTER_COEFFICIENT_SOLUTION,PRESSURE_OUTPUT,OUTPUT_DEMAND,FITNESS
0.46870113343443043,26.8986898440779,1.1,78.65734540081036
