EMITTER_COEFFICIENT_SOLUTION,PRESSURE_OUTPUT,OUTPUT_DEMAND,FITNESS
0.2911103866164817,24.012895000754796,1.2,2.155160382942264
