EMITTER_COEFFICIENT_SOLUTION,PRESSURE_OUTPUT,OUTPUT_DEMAND,FITNESS
0.07957676519279155,25.111122339838587,23.0,3.8801726338822045
