EMITTER_COEFFICIENT_SOLUTION,PRESSURE_OUTPUT,OUTPUT_DEMAND,FITNESS
0.5733582206850549,27.22853325538272,1.5,10.312003433156852
