EMITTER_COEFFICIENT_SOLUTION,PRESSURE_OUTPUT,OUTPUT_DEMAND,FITNESS
1.1147879666245881,24.744250984632615,12.6,14.251443266876105
