EMITTER_COEFFICIENT_SOLUTION,PRESSURE_OUTPUT,OUTPUT_DEMAND,FITNESS
0.610353874845807,23.99114403065334,3.9,14.413695298714568
