EMITTER_COEFFICIENT_SOLUTION,PRESSURE_OUTPUT,OUTPUT_DEMAND,FITNESS
0.2754595637344409,9.36201848004243,1.0,142.0601622934149
