EMITTER_COEFFICIENT_SOLUTION,PRESSURE_OUTPUT,OUTPUT_DEMAND,FITNESS
0.4181301888501704,24.90403599233274,23.0,19.749519049998664
