EMITTER_COEFFICIENT_SOLUTION,PRESSURE_OUTPUT,OUTPUT_DEMAND,FITNESS
0.5982923340787721,24.79233624225235,23.0,16.375294058922247
