EMITTER_COEFFICIENT_SOLUTION,PRESSURE_OUTPUT,OUTPUT_DEMAND,FITNESS
0.09966697773987931,24.859883205729215,1.5,0.9920457437432926
