EMITTER_COEFFICIENT_SOLUTION,PRESSURE_OUTPUT,OUTPUT_DEMAND,FITNESS
0.4988148386657396,23.9724174219078,13.000000000000002,8065.156621558993
