EMITTER_COEFFICIENT_SOLUTION,PRESSURE_OUTPUT,OUTPUT_DEMAND,FITNESS
0.31142447961482567,24.835637441795676,12.6,47.12507507007459
