EMITTER_COEFFICIENT_SOLUTION,PRESSURE_OUTPUT,OUTPUT_DEMAND,FITNESS
0.5295002451961206,29.368571409732677,1.7,13.045988676300727
