EMITTER_COEFFICIENT_SOLUTION,PRESSURE_OUTPUT,OUTPUT_DEMAND,FITNESS
0.5383925925538462,24.03640670044339,3.9,41.46660514218341
