EMITTER_COEFFICIENT_SOLUTION,PRESSURE_OUTPUT,OUTPUT_DEMAND,FITNESS
0.4789639392786159,28.830123815207678,0.89,145.32638257202916
