EMITTER_COEFFICIENT_SOLUTION,PRESSURE_OUTPUT,OUTPUT_DEMAND,FITNESS
0.9755592326457037,28.11287749734133,1.7,0.7505558844486009
