EMITTER_COEFFICIENT_SOLUTION,PRESSURE_OUTPUT,OUTPUT_DEMAND,FITNESS
0.8738327998804498,28.413800181205,1.7,0.9695341891422776
