EMITTER_COEFFICIENT_SOLUTION,PRESSURE_OUTPUT,OUTPUT_DEMAND,FITNESS
0.6748217909983212,27.086276614618463,1.5,4.180060150009506
