EMITTER_COEFFICIENT_SOLUTION,PRESSURE_OUTPUT,OUTPUT_DEMAND,FITNESS
0.6374338224367826,28.224126671628795,1.2,4.951402039369899
