EMITTER_COEFFICIENT_SOLUTION,PRESSURE_OUTPUT,OUTPUT_DEMAND,FITNESS
0.848833157531292,22.766013236484554,1.5,0.9209341766083377
