EMITTER_COEFFICIENT_SOLUTION,PRESSURE_OUTPUT,OUTPUT_DEMAND,FITNESS
0.46264046220506305,27.01752635215695,1.1,50.808143321901596
