EMITTER_COEFFICIENT_SOLUTION,PRESSURE_OUTPUT,OUTPUT_DEMAND,FITNESS
0.18702877547587915,28.929230733826216,1.2,13.32704523549528
