EMITTER_COEFFICIENT_SOLUTION,PRESSURE_OUTPUT,OUTPUT_DEMAND,FITNESS
0.04101352126205693,27.236679365256705,1.21,4.510131996167112
