EMITTER_COEFFICIENT_SOLUTION,PRESSURE_OUTPUT,OUTPUT_DEMAND,FITNESS
0.7517252053373435,28.764307640121718,1.7,1.4686106140614827
