EMITTER_COEFFICIENT_SOLUTION,PRESSURE_OUTPUT,OUTPUT_DEMAND,FITNESS
0.2556821726011175,28.913473896185756,1.2,16.869508562012822
