EMITTER_COEFFICIENT_SOLUTION,PRESSURE_OUTPUT,OUTPUT_DEMAND,FITNESS
1.2517413989836497,27.129823759250613,1.2,0.771446654595301
