EMITTER_COEFFICIENT_SOLUTION,PRESSURE_OUTPUT,OUTPUT_DEMAND,FITNESS
1.459573507710174,23.451512574276677,3.9,1.64200938464617
