EMITTER_COEFFICIENT_SOLUTION,PRESSURE_OUTPUT,OUTPUT_DEMAND,FITNESS
0.35930084403716733,24.83026390132271,12.6,63.105079606362835
