EMITTER_COEFFICIENT_SOLUTION,PRESSURE_OUTPUT,OUTPUT_DEMAND,FITNESS
0.2903813801552826,24.01444409878709,1.2,2.1479892034732058
