EMITTER_COEFFICIENT_SOLUTION,PRESSURE_OUTPUT,OUTPUT_DEMAND,FITNESS
0.40043353313347896,23.98260602617031,13.000000000000002,96.96880918130933
