EMITTER_COEFFICIENT_SOLUTION,PRESSURE_OUTPUT,OUTPUT_DEMAND,FITNESS
0.8539764794587776,26.8068742385724,1.1,5.2363634436035165
