EMITTER_COEFFICIENT_SOLUTION,PRESSURE_OUTPUT,OUTPUT_DEMAND,FITNESS
1.1675442180318252,21.657459459637955,1.5,0.4557038304125898
