EMITTER_COEFFICIENT_SOLUTION,PRESSURE_OUTPUT,OUTPUT_DEMAND,FITNESS
1.321549576938031,23.539834828213483,3.9,1.9205371469982189
