EMITTER_COEFFICIENT_SOLUTION,PRESSURE_OUTPUT,OUTPUT_DEMAND,FITNESS
0.17462412885228829,24.25377361777604,1.2,1.418678764227622
