EMITTER_COEFFICIENT_SOLUTION,PRESSURE_OUTPUT,OUTPUT_DEMAND,FITNESS
0.4858375986273271,27.34364467727989,1.5,55.129662302008946
