EMITTER_COEFFICIENT_SOLUTION,PRESSURE_OUTPUT,OUTPUT_DEMAND,FITNESS
0.7648355987980286,28.021801377536484,1.2,2.4734824620120843
