EMITTER_COEFFICIENT_SOLUTION,PRESSURE_OUTPUT,OUTPUT_DEMAND,FITNESS
0.9459473794710012,27.71086504324606,1.2,1.3981621481726443
