EMITTER_COEFFICIENT_SOLUTION,PRESSURE_OUTPUT,OUTPUT_DEMAND,FITNESS
0.6960837505365736,26.805603781286607,1.1,12.44172730875556
