EMITTER_COEFFICIENT_SOLUTION,PRESSURE_OUTPUT,OUTPUT_DEMAND,FITNESS
0.18502335426499084,24.232825332577313,1.2,1.4621316912634545
