EMITTER_COEFFICIENT_SOLUTION,PRESSURE_OUTPUT,OUTPUT_DEMAND,FITNESS
0.4600701367855746,26.902189667568642,1.1,61.67816043372338
