EMITTER_COEFFICIENT_SOLUTION,PRESSURE_OUTPUT,OUTPUT_DEMAND,FITNESS
0.41894333384986426,27.04042678222436,1.1,23.483927872344623
