EMITTER_COEFFICIENT_SOLUTION,PRESSURE_OUTPUT,OUTPUT_DEMAND,FITNESS
0.4361317176917804,28.843903910409274,0.89,48.399997147200985
