EMITTER_COEFFICIENT_SOLUTION,PRESSURE_OUTPUT,OUTPUT_DEMAND,FITNESS
0.047974633899074415,28.95430131833743,0.89,7.63017656317916
