EMITTER_COEFFICIENT_SOLUTION,PRESSURE_OUTPUT,OUTPUT_DEMAND,FITNESS
1.0577806653411255,26.737574980737474,1.21,3.6051186139430738
