EMITTER_COEFFICIENT_SOLUTION,PRESSURE_OUTPUT,OUTPUT_DEMAND,FITNESS
0.7616501061072407,23.051957918955043,1.5,1.2501418082384503
