EMITTER_COEFFICIENT_SOLUTION,PRESSURE_OUTPUT,OUTPUT_DEMAND,FITNESS
0.028015380089534525,25.14232800323125,23.0,3.461091983393196
