EMITTER_COEFFICIENT_SOLUTION,PRESSURE_OUTPUT,OUTPUT_DEMAND,FITNESS
1.1937550168191815,21.77683789601549,1.2,0.5643160880028627
