EMITTER_COEFFICIENT_SOLUTION,PRESSURE_OUTPUT,OUTPUT_DEMAND,FITNESS
0.20629089010728296,9.364180494021689,1.0,108.68047098631976
