EMITTER_COEFFICIENT_SOLUTION,PRESSURE_OUTPUT,OUTPUT_DEMAND,FITNESS
1.1322870305236798,28.58342845034624,0.89,4.1698583140890415
