EMITTER_COEFFICIENT_SOLUTION,PRESSURE_OUTPUT,OUTPUT_DEMAND,FITNESS
0.44424460175068736,29.587650454912996,1.7,7.021035588744233
