EMITTER_COEFFICIENT_SOLUTION,PRESSURE_OUTPUT,OUTPUT_DEMAND,FITNESS
0.049933189155654034,24.963015430653545,1.5,0.8999682915894748
