EMITTER_COEFFICIENT_SOLUTION,PRESSURE_OUTPUT,OUTPUT_DEMAND,FITNESS
0.5797036972492099,24.803907834919286,23.0,20.203647520732538
