EMITTER_COEFFICIENT_SOLUTION,PRESSURE_OUTPUT,OUTPUT_DEMAND,FITNESS
0.24049714307863912,30.07927585039129,1.7,1.577151424217002
