EMITTER_COEFFICIENT_SOLUTION,PRESSURE_OUTPUT,OUTPUT_DEMAND,FITNESS
0.015877687948204988,27.07884345151531,1.1,5.184920762599303
