EMITTER_COEFFICIENT_SOLUTION,PRESSURE_OUTPUT,OUTPUT_DEMAND,FITNESS
1.4749697936586257,26.66665582180545,1.2,0.5683646482402046
