EMITTER_COEFFICIENT_SOLUTION,PRESSURE_OUTPUT,OUTPUT_DEMAND,FITNESS
0.2138518785141541,24.239479898647982,3.9,5.587859380511351
