EMITTER_COEFFICIENT_SOLUTION,PRESSURE_OUTPUT,OUTPUT_DEMAND,FITNESS
1.3226591231546796,28.499321136288664,0.89,3.0871475588140482
