EMITTER_COEFFICIENT_SOLUTION,PRESSURE_OUTPUT,OUTPUT_DEMAND,FITNESS
0.7281559510335868,28.7439637433166,0.89,12.613361188315901
