EMITTER_COEFFICIENT_SOLUTION,PRESSURE_OUTPUT,OUTPUT_DEMAND,FITNESS
0.1391814318425204,27.183914080217605,1.1,5.374332687318057
