EMITTER_COEFFICIENT_SOLUTION,PRESSURE_OUTPUT,OUTPUT_DEMAND,FITNESS
1.2646019588183517,24.726926430807204,12.6,11.42950072654089
