EMITTER_COEFFICIENT_SOLUTION,PRESSURE_OUTPUT,OUTPUT_DEMAND,FITNESS
0.822667505135916,22.85273317541135,1.5,1.0008667540459582
