EMITTER_COEFFICIENT_SOLUTION,PRESSURE_OUTPUT,OUTPUT_DEMAND,FITNESS
0.9564398333756442,28.730525308657676,1.2,8.085902171123852
