EMITTER_COEFFICIENT_SOLUTION,PRESSURE_OUTPUT,OUTPUT_DEMAND,FITNESS
0.8356572991800768,28.524684899142265,1.7,1.086320759088945
