EMITTER_COEFFICIENT_SOLUTION,PRESSURE_OUTPUT,OUTPUT_DEMAND,FITNESS
1.3371924062349327,26.534500548316842,1.1,2.8451288944391853
