EMITTER_COEFFICIENT_SOLUTION,PRESSURE_OUTPUT,OUTPUT_DEMAND,FITNESS
0.7766940492356511,23.943417399749393,13.000000000000002,34.62839849328562
