EMITTER_COEFFICIENT_SOLUTION,PRESSURE_OUTPUT,OUTPUT_DEMAND,FITNESS
1.3729644084291408,26.872420596284034,1.7,0.3886811800192163
