EMITTER_COEFFICIENT_SOLUTION,PRESSURE_OUTPUT,OUTPUT_DEMAND,FITNESS
0.16163220211587936,30.256568911384498,1.7,1.2325173760600927
