EMITTER_COEFFICIENT_SOLUTION,PRESSURE_OUTPUT,OUTPUT_DEMAND,FITNESS
0.9681933245503757,24.76111822216712,12.6,18.76134089720709
