EMITTER_COEFFICIENT_SOLUTION,PRESSURE_OUTPUT,OUTPUT_DEMAND,FITNESS
1.2452513618290997,24.729169059689468,12.6,11.730169949294883
