EMITTER_COEFFICIENT_SOLUTION,PRESSURE_OUTPUT,OUTPUT_DEMAND,FITNESS
0.8226543931714253,28.768474857027357,1.2,11.665550139024877
