EMITTER_COEFFICIENT_SOLUTION,PRESSURE_OUTPUT,OUTPUT_DEMAND,FITNESS
0.49947372531428536,29.446581728912182,1.7,735.0750342258972
