EMITTER_COEFFICIENT_SOLUTION,PRESSURE_OUTPUT,OUTPUT_DEMAND,FITNESS
0.04417185678859836,25.132559565306423,23.0,3.5822043871853646
