EMITTER_COEFFICIENT_SOLUTION,PRESSURE_OUTPUT,OUTPUT_DEMAND,FITNESS
0.4165490108014567,23.980939904016864,13.000000000000002,115.65410374786109
