EMITTER_COEFFICIENT_SOLUTION,PRESSURE_OUTPUT,OUTPUT_DEMAND,FITNESS
0.8079358163636405,28.6044729228463,1.7,1.1894136465871579
