EMITTER_COEFFICIENT_SOLUTION,PRESSURE_OUTPUT,OUTPUT_DEMAND,FITNESS
0.5574042856378496,23.6846452688907,1.5,5.980077857873158
