EMITTER_COEFFICIENT_SOLUTION,PRESSURE_OUTPUT,OUTPUT_DEMAND,FITNESS
0.04206644930496506,24.865694992935154,12.6,19.501663657729118
