EMITTER_COEFFICIENT_SOLUTION,PRESSURE_OUTPUT,OUTPUT_DEMAND,FITNESS
0.9102231057070825,24.76776495670868,12.6,21.434224059336728
