EMITTER_COEFFICIENT_SOLUTION,PRESSURE_OUTPUT,OUTPUT_DEMAND,FITNESS
1.2731019092355271,26.076365989208817,1.5,0.8005497326038596
