EMITTER_COEFFICIENT_SOLUTION,PRESSURE_OUTPUT,OUTPUT_DEMAND,FITNESS
1.1613499160327274,27.30840112357258,1.2,0.89470363059552
