EMITTER_COEFFICIENT_SOLUTION,PRESSURE_OUTPUT,OUTPUT_DEMAND,FITNESS
0.10475962987479459,27.044052284641985,1.1,6.3260785519800145
