EMITTER_COEFFICIENT_SOLUTION,PRESSURE_OUTPUT,OUTPUT_DEMAND,FITNESS
1.415427151367236,20.745835706728975,1.5,0.3219542400611283
