EMITTER_COEFFICIENT_SOLUTION,PRESSURE_OUTPUT,OUTPUT_DEMAND,FITNESS
0.4757806290135411,23.97480660793532,13.000000000000002,397.90286408175484
