EMITTER_COEFFICIENT_SOLUTION,PRESSURE_OUTPUT,OUTPUT_DEMAND,FITNESS
1.0736967387987542,28.696132589406574,1.2,6.326520964180257
