EMITTER_COEFFICIENT_SOLUTION,PRESSURE_OUTPUT,OUTPUT_DEMAND,FITNESS
0.8945709394455676,27.80173519228883,1.2,1.6016542466659172
