EMITTER_COEFFICIENT_SOLUTION,PRESSURE_OUTPUT,OUTPUT_DEMAND,FITNESS
0.44321765052562845,23.67885691717527,1.2,7.694408465340863
