EMITTER_COEFFICIENT_SOLUTION,PRESSURE_OUTPUT,OUTPUT_DEMAND,FITNESS
0.6883687485344971,27.066588072045512,1.5,3.862203532843233
