EMITTER_COEFFICIENT_SOLUTION,PRESSURE_OUTPUT,OUTPUT_DEMAND,FITNESS
1.0305753314886492,28.626176543834326,0.89,5.074385201257668
