EMITTER_COEFFICIENT_SOLUTION,PRESSURE_OUTPUT,OUTPUT_DEMAND,FITNESS
1.008943276978495,26.555892964330425,1.5,1.2993515523927663
