EMITTER_COEFFICIENT_SOLUTION,PRESSURE_OUTPUT,OUTPUT_DEMAND,FITNESS
0.3635142691202333,24.146054257817124,3.9,11.69128926696273
