EMITTER_COEFFICIENT_SOLUTION,PRESSURE_OUTPUT,OUTPUT_DEMAND,FITNESS
0.2927740944071887,28.90479480808353,1.2,19.763056175380324
