EMITTER_COEFFICIENT_SOLUTION,PRESSURE_OUTPUT,OUTPUT_DEMAND,FITNESS
1.2239529340488018,27.34832756891118,1.7,0.47689542876701513
