EMITTER_COEFFICIENT_SOLUTION,PRESSURE_OUTPUT,OUTPUT_DEMAND,FITNESS
0.0033323916822585176,27.083730967320363,1.1,5.056775092408808
