EMITTER_COEFFICIENT_SOLUTION,PRESSURE_OUTPUT,OUTPUT_DEMAND,FITNESS
0.9455337666515138,26.663444561758283,1.5,1.51043013916605
