EMITTER_COEFFICIENT_SOLUTION,PRESSURE_OUTPUT,OUTPUT_DEMAND,FITNESS
0.10297943211540317,24.013157853529876,13.000000000000002,24.47116480724215
