EMITTER_COEFFICIENT_SOLUTION,PRESSURE_OUTPUT,OUTPUT_DEMAND,FITNESS
1.0146221748869189,27.586238099621692,1.2,1.1906865876710753
