EMITTER_COEFFICIENT_SOLUTION,PRESSURE_OUTPUT,OUTPUT_DEMAND,FITNESS
0.8689607380768961,28.69088392188729,0.89,7.555105221758415
