EMITTER_COEFFICIENT_SOLUTION,PRESSURE_OUTPUT,OUTPUT_DEMAND,FITNESS
0.28118222449915575,28.71007422453212,1.2,3.521293464813315
