EMITTER_COEFFICIENT_SOLUTION,PRESSURE_OUTPUT,OUTPUT_DEMAND,FITNESS
0.2633720961966587,28.89631743931048,0.89,13.684629234634944
