EMITTER_COEFFICIENT_SOLUTION,PRESSURE_OUTPUT,OUTPUT_DEMAND,FITNESS
1.1927788666385242,23.622038826640793,3.9,2.280586665685914
