EMITTER_COEFFICIENT_SOLUTION,PRESSURE_OUTPUT,OUTPUT_DEMAND,FITNESS
1.2462065533863669,28.643645375103617,1.2,4.74942121393977
