EMITTER_COEFFICIENT_SOLUTION,PRESSURE_OUTPUT,OUTPUT_DEMAND,FITNESS
0.16314307268555617,25.060356942033174,23.0,4.831966104540127
