EMITTER_COEFFICIENT_SOLUTION,PRESSURE_OUTPUT,OUTPUT_DEMAND,FITNESS
0.4608059190116989,23.963100714784797,1.5,8.98993230725918
