EMITTER_COEFFICIENT_SOLUTION,PRESSURE_OUTPUT,OUTPUT_DEMAND,FITNESS
0.6123569899142363,26.84007594623079,1.1,21.78529298540665
