EMITTER_COEFFICIENT_SOLUTION,PRESSURE_OUTPUT,OUTPUT_DEMAND,FITNESS
1.436001214832527,26.74965795498227,1.2,0.5965050596957157
