EMITTER_COEFFICIENT_SOLUTION,PRESSURE_OUTPUT,OUTPUT_DEMAND,FITNESS
0.9788991512543637,26.737606858678863,1.1,3.8426125956858277
