EMITTER_COEFFICIENT_SOLUTION,PRESSURE_OUTPUT,OUTPUT_DEMAND,FITNESS
0.891655564004526,24.608332920599654,23.0,4.080451365669872
