EMITTER_COEFFICIENT_SOLUTION,PRESSURE_OUTPUT,OUTPUT_DEMAND,FITNESS
0.7483888628234133,24.786250064688375,12.6,35.49970047230915
