EMITTER_COEFFICIENT_SOLUTION,PRESSURE_OUTPUT,OUTPUT_DEMAND,FITNESS
0.4464670530006811,27.0260172416394,1.1,35.49526243229823
