EMITTER_COEFFICIENT_SOLUTION,PRESSURE_OUTPUT,OUTPUT_DEMAND,FITNESS
1.400109840359027,21.201095913361538,1.2,0.42593093112509783
