EMITTER_COEFFICIENT_SOLUTION,PRESSURE_OUTPUT,OUTPUT_DEMAND,FITNESS
1.4657066766805154,25.697599841248216,1.5,0.6142854109504203
