EMITTER_COEFFICIENT_SOLUTION,PRESSURE_OUTPUT,OUTPUT_DEMAND,FITNESS
0.9731057056420787,22.344465758686734,1.5,0.6633933013350533
