EMITTER_COEFFICIENT_SOLUTION,PRESSURE_OUTPUT,OUTPUT_DEMAND,FITNESS
0.04066356492681489,28.961473685751955,1.2,9.321546248607804
