EMITTER_COEFFICIENT_SOLUTION,PRESSURE_OUTPUT,OUTPUT_DEMAND,FITNESS
0.24763900153034268,27.61911031838971,1.5,3.405940067736534
