EMITTER_COEFFICIENT_SOLUTION,PRESSURE_OUTPUT,OUTPUT_DEMAND,FITNESS
0.47492599577949046,24.076257891496812,3.9,63.54289924132762
