EMITTER_COEFFICIENT_SOLUTION,PRESSURE_OUTPUT,OUTPUT_DEMAND,FITNESS
0.8536863206558991,22.68317224291737,1.2,1.1551049948725045
