EMITTER_COEFFICIENT_SOLUTION,PRESSURE_OUTPUT,OUTPUT_DEMAND,FITNESS
0.2800933267734619,24.9889224948793,23.0,7.378949424387067
