EMITTER_COEFFICIENT_SOLUTION,PRESSURE_OUTPUT,OUTPUT_DEMAND,FITNESS
1.2801142535285885,23.566307446562565,3.9,2.0234106782724917
