EMITTER_COEFFICIENT_SOLUTION,PRESSURE_OUTPUT,OUTPUT_DEMAND,FITNESS
0.8717309247764057,9.343262054178396,1.0,85.33038629512856
