EMITTER_COEFFICIENT_SOLUTION,PRESSURE_OUTPUT,OUTPUT_DEMAND,FITNESS
1.2652657026156455,24.370394908346338,23.0,2.0703550557849577
