EMITTER_COEFFICIENT_SOLUTION,PRESSURE_OUTPUT,OUTPUT_DEMAND,FITNESS
1.0934261033765145,28.59994345938035,0.89,4.4782544136764795
