EMITTER_COEFFICIENT_SOLUTION,PRESSURE_OUTPUT,OUTPUT_DEMAND,FITNESS
0.2560516915214761,26.57846931577273,10.1,26.237825149496693
