EMITTER_COEFFICIENT_SOLUTION,PRESSURE_OUTPUT,OUTPUT_DEMAND,FITNESS
1.391755007964237,23.878081746305185,13.000000000000002,10.61416921780671
