EMITTER_COEFFICIENT_SOLUTION,PRESSURE_OUTPUT,OUTPUT_DEMAND,FITNESS
0.991568867275138,9.339466884677059,1.0,64.45656189803128
