EMITTER_COEFFICIENT_SOLUTION,PRESSURE_OUTPUT,OUTPUT_DEMAND,FITNESS
0.3727981943670786,28.597015668638285,1.2,5.850416582354925
