EMITTER_COEFFICIENT_SOLUTION,PRESSURE_OUTPUT,OUTPUT_DEMAND,FITNESS
1.203877887278463,26.206717350807786,1.5,0.893822574148003
