EMITTER_COEFFICIENT_SOLUTION,PRESSURE_OUTPUT,OUTPUT_DEMAND,FITNESS
0.3129463016658026,9.360845551402932,1.0,170.46396466031763
