EMITTER_COEFFICIENT_SOLUTION,PRESSURE_OUTPUT,OUTPUT_DEMAND,FITNESS
0.15605476825241316,26.593949109742297,10.1,18.659254570615392
