EMITTER_COEFFICIENT_SOLUTION,PRESSURE_OUTPUT,OUTPUT_DEMAND,FITNESS
0.44196930060571227,27.04332621192905,1.21,35.24869150224127
