EMITTER_COEFFICIENT_SOLUTION,PRESSURE_OUTPUT,OUTPUT_DEMAND,FITNESS
0.12020688260260348,28.88713570947219,1.2,2.1689713728383926
