EMITTER_COEFFICIENT_SOLUTION,PRESSURE_OUTPUT,OUTPUT_DEMAND,FITNESS
0.8712445275752848,28.75485229245639,1.2,10.06592636896998
