EMITTER_COEFFICIENT_SOLUTION,PRESSURE_OUTPUT,OUTPUT_DEMAND,FITNESS
1.1200069202408365,27.67302800038762,1.7,0.5642718874811229
