EMITTER_COEFFICIENT_SOLUTION,PRESSURE_OUTPUT,OUTPUT_DEMAND,FITNESS
0.4775494452679281,24.074611898398576,3.9,70.96523662416524
