EMITTER_COEFFICIENT_SOLUTION,PRESSURE_OUTPUT,OUTPUT_DEMAND,FITNESS
0.4437467595899167,26.90880189097996,1.1,43.81080828679461
