EMITTER_COEFFICIENT_SOLUTION,PRESSURE_OUTPUT,OUTPUT_DEMAND,FITNESS
0.16861438161165498,24.267640980949796,3.9,4.828107563632166
