EMITTER_COEFFICIENT_SOLUTION,PRESSURE_OUTPUT,OUTPUT_DEMAND,FITNESS
1.3087331376242974,26.610124329092088,1.21,2.4701480422537667
