EMITTER_COEFFICIENT_SOLUTION,PRESSURE_OUTPUT,OUTPUT_DEMAND,FITNESS
1.0310840900434208,22.21795374105748,1.2,0.751348292921348
