EMITTER_COEFFICIENT_SOLUTION,PRESSURE_OUTPUT,OUTPUT_DEMAND,FITNESS
0.09690668721064388,24.013777598795073,13.000000000000002,24.105582234291134
