EMITTER_COEFFICIENT_SOLUTION,PRESSURE_OUTPUT,OUTPUT_DEMAND,FITNESS
1.1044383145236147,24.473297763171693,23.0,2.630844493603631
