EMITTER_COEFFICIENT_SOLUTION,PRESSURE_OUTPUT,OUTPUT_DEMAND,FITNESS
1.054356383819699,22.155636572943738,1.2,0.717742239096793
