EMITTER_COEFFICIENT_SOLUTION,PRESSURE_OUTPUT,OUTPUT_DEMAND,FITNESS
1.2840331687549549,9.330169181773783,1.0,40.30303508261594
