EMITTER_COEFFICIENT_SOLUTION,PRESSURE_OUTPUT,OUTPUT_DEMAND,FITNESS
1.2085610434696565,26.58986694446218,1.1,3.377105930578534
