EMITTER_COEFFICIENT_SOLUTION,PRESSURE_OUTPUT,OUTPUT_DEMAND,FITNESS
0.45800703338234927,24.879400185985077,23.0,38.4639970768261
