EMITTER_COEFFICIENT_SOLUTION,PRESSURE_OUTPUT,OUTPUT_DEMAND,FITNESS
0.3164196199365763,26.960069863799838,1.1,13.496480491052885
