EMITTER_COEFFICIENT_SOLUTION,PRESSURE_OUTPUT,OUTPUT_DEMAND,FITNESS
0.2666649477892522,28.727189439890616,1.2,3.321136235809712
