EMITTER_COEFFICIENT_SOLUTION,PRESSURE_OUTPUT,OUTPUT_DEMAND,FITNESS
0.15870652050013723,30.26299877092421,1.7,1.2228265810473355
