EMITTER_COEFFICIENT_SOLUTION,PRESSURE_OUTPUT,OUTPUT_DEMAND,FITNESS
0.0487098559051794,28.959749421090635,1.2,9.473817137826567
