EMITTER_COEFFICIENT_SOLUTION,PRESSURE_OUTPUT,OUTPUT_DEMAND,FITNESS
0.5111056750155648,9.354631315737187,1.0,2858.015210794322
