EMITTER_COEFFICIENT_SOLUTION,PRESSURE_OUTPUT,OUTPUT_DEMAND,FITNESS
0.3468316799109603,24.156487479324483,3.9,10.420249987306033
