EMITTER_COEFFICIENT_SOLUTION,PRESSURE_OUTPUT,OUTPUT_DEMAND,FITNESS
0.8146616326689512,28.77069803959734,1.2,11.976147300526794
