EMITTER_COEFFICIENT_SOLUTION,PRESSURE_OUTPUT,OUTPUT_DEMAND,FITNESS
0.8389251097191972,26.486596695213734,10.1,18.60060036804318
