EMITTER_COEFFICIENT_SOLUTION,PRESSURE_OUTPUT,OUTPUT_DEMAND,FITNESS
0.3116587271841267,24.178468863874755,3.9,8.478285735054584
