EMITTER_COEFFICIENT_SOLUTION,PRESSURE_OUTPUT,OUTPUT_DEMAND,FITNESS
1.2781718826325532,27.076591800085193,1.2,0.7410163606736982
