EMITTER_COEFFICIENT_SOLUTION,PRESSURE_OUTPUT,OUTPUT_DEMAND,FITNESS
1.2964335157547593,21.187480006628025,1.5,0.3753208291216503
