EMITTER_COEFFICIENT_SOLUTION,PRESSURE_OUTPUT,OUTPUT_DEMAND,FITNESS
0.2858261658984338,23.994422712070822,13.000000000000002,45.188997822736845
