EMITTER_COEFFICIENT_SOLUTION,PRESSURE_OUTPUT,OUTPUT_DEMAND,FITNESS
0.18199211759840672,27.162316471928662,1.1,6.08006210812428
