EMITTER_COEFFICIENT_SOLUTION,PRESSURE_OUTPUT,OUTPUT_DEMAND,FITNESS
0.41298249256801756,28.851223097164365,0.89,35.739373481003526
