EMITTER_COEFFICIENT_SOLUTION,PRESSURE_OUTPUT,OUTPUT_DEMAND,FITNESS
0.02438751239110326,27.07552484296118,1.1,5.275698237615092
