EMITTER_COEFFICIENT_SOLUTION,PRESSURE_OUTPUT,OUTPUT_DEMAND,FITNESS
0.4571277628660708,26.903382215013416,1.1,57.45230590561193
