EMITTER_COEFFICIENT_SOLUTION,PRESSURE_OUTPUT,OUTPUT_DEMAND,FITNESS
1.2281806960726955,24.39418588766297,23.0,2.177615177502639
