EMITTER_COEFFICIENT_SOLUTION,PRESSURE_OUTPUT,OUTPUT_DEMAND,FITNESS
1.2897092699009114,26.413657499933343,10.1,7.892603710494635
