EMITTER_COEFFICIENT_SOLUTION,PRESSURE_OUTPUT,OUTPUT_DEMAND,FITNESS
0.3034809646571317,28.68335440408198,1.2,3.8870163372987867
