EMITTER_COEFFICIENT_SOLUTION,PRESSURE_OUTPUT,OUTPUT_DEMAND,FITNESS
0.14833074374506927,25.069372241692527,23.0,4.630264280452731
