EMITTER_COEFFICIENT_SOLUTION,PRESSURE_OUTPUT,OUTPUT_DEMAND,FITNESS
0.18518425660702276,24.004752778025363,13.000000000000002,30.807767712812684
