EMITTER_COEFFICIENT_SOLUTION,PRESSURE_OUTPUT,OUTPUT_DEMAND,FITNESS
0.134154785609919,24.78523427971298,1.5,1.0713875054489843
