EMITTER_COEFFICIENT_SOLUTION,PRESSURE_OUTPUT,OUTPUT_DEMAND,FITNESS
1.1736657317687311,24.429090539246253,23.0,2.3567490804524667
