EMITTER_COEFFICIENT_SOLUTION,PRESSURE_OUTPUT,OUTPUT_DEMAND,FITNESS
0.7587952406541182,26.88730118899501,1.21,7.833480539154257
