EMITTER_COEFFICIENT_SOLUTION,PRESSURE_OUTPUT,OUTPUT_DEMAND,FITNESS
0.7687667199468018,23.02894533378387,1.5,1.2151822367422238
