EMITTER_COEFFICIENT_SOLUTION,PRESSURE_OUTPUT,OUTPUT_DEMAND,FITNESS
0.6459449311431381,26.94319365898776,1.21,13.934426301415233
