EMITTER_COEFFICIENT_SOLUTION,PRESSURE_OUTPUT,OUTPUT_DEMAND,FITNESS
0.1712666999236383,28.834047055760863,1.2,2.4512243961213986
