EMITTER_COEFFICIENT_SOLUTION,PRESSURE_OUTPUT,OUTPUT_DEMAND,FITNESS
0.9729625777469635,22.372338471520102,1.2,0.8499383385270181
