EMITTER_COEFFICIENT_SOLUTION,PRESSURE_OUTPUT,OUTPUT_DEMAND,FITNESS
0.6193089045241995,23.985505773081044,3.9,13.330361769935068
