EMITTER_COEFFICIENT_SOLUTION,PRESSURE_OUTPUT,OUTPUT_DEMAND,FITNESS
0.362400570289545,24.146750908119056,3.9,11.59683605021708
