EMITTER_COEFFICIENT_SOLUTION,PRESSURE_OUTPUT,OUTPUT_DEMAND,FITNESS
0.27515730611481315,26.97656496163122,1.1,11.038930198840674
