EMITTER_COEFFICIENT_SOLUTION,PRESSURE_OUTPUT,OUTPUT_DEMAND,FITNESS
0.2777671103782111,27.5874499596965,1.5,3.8176049470810365
