EMITTER_COEFFICIENT_SOLUTION,PRESSURE_OUTPUT,OUTPUT_DEMAND,FITNESS
0.35167950818956784,27.0754247570571,1.1,12.889872026693425
