EMITTER_COEFFICIENT_SOLUTION,PRESSURE_OUTPUT,OUTPUT_DEMAND,FITNESS
0.6594545232313245,26.820712608000633,1.1,15.32194503355854
