EMITTER_COEFFICIENT_SOLUTION,PRESSURE_OUTPUT,OUTPUT_DEMAND,FITNESS
0.446526992301851,27.041101573128223,1.21,38.247925813529356
