EMITTER_COEFFICIENT_SOLUTION,PRESSURE_OUTPUT,OUTPUT_DEMAND,FITNESS
1.2093192365629286,24.73332953410692,12.6,12.332009917012108
