EMITTER_COEFFICIENT_SOLUTION,PRESSURE_OUTPUT,OUTPUT_DEMAND,FITNESS
1.3087236995433122,26.41054533565815,10.1,7.703384857319157
