EMITTER_COEFFICIENT_SOLUTION,PRESSURE_OUTPUT,OUTPUT_DEMAND,FITNESS
0.8756679627781665,27.834647558698187,1.2,1.69078254926102
