EMITTER_COEFFICIENT_SOLUTION,PRESSURE_OUTPUT,OUTPUT_DEMAND,FITNESS
0.07687904259205669,30.4384376581278,1.7,1.0068299978674509
