EMITTER_COEFFICIENT_SOLUTION,PRESSURE_OUTPUT,OUTPUT_DEMAND,FITNESS
0.5562340556413908,28.839857042785127,1.2,69.73352962506222
