EMITTER_COEFFICIENT_SOLUTION,PRESSURE_OUTPUT,OUTPUT_DEMAND,FITNESS
0.35990015063337477,28.613452177461838,1.2,5.337190118755214
