EMITTER_COEFFICIENT_SOLUTION,PRESSURE_OUTPUT,OUTPUT_DEMAND,FITNESS
0.5268994185815399,23.96950133411932,13.000000000000002,357.8973000615154
