EMITTER_COEFFICIENT_SOLUTION,PRESSURE_OUTPUT,OUTPUT_DEMAND,FITNESS
0.09715646562251623,9.367585868430936,1.0,79.32315440583396
