EMITTER_COEFFICIENT_SOLUTION,PRESSURE_OUTPUT,OUTPUT_DEMAND,FITNESS
0.7632309841720002,26.85659005468056,1.1,7.079324596610422
