EMITTER_COEFFICIENT_SOLUTION,PRESSURE_OUTPUT,OUTPUT_DEMAND,FITNESS
0.20561456013213275,27.157874680351348,1.21,6.997003806276087
