EMITTER_COEFFICIENT_SOLUTION,PRESSURE_OUTPUT,OUTPUT_DEMAND,FITNESS
0.12683309064673354,25.08244345951728,23.0,4.36601887731685
