EMITTER_COEFFICIENT_SOLUTION,PRESSURE_OUTPUT,OUTPUT_DEMAND,FITNESS
0.039683589243581396,27.06955314316472,1.1,5.447315285180598
