EMITTER_COEFFICIENT_SOLUTION,PRESSURE_OUTPUT,OUTPUT_DEMAND,FITNESS
1.418897325069703,28.588893412657576,1.2,3.7692618620047953
