EMITTER_COEFFICIENT_SOLUTION,PRESSURE_OUTPUT,OUTPUT_DEMAND,FITNESS
0.018698580564414757,24.868288547200372,12.6,18.562783623765327
