EMITTER_COEFFICIENT_SOLUTION,PRESSURE_OUTPUT,OUTPUT_DEMAND,FITNESS
1.003695012932122,28.637214712348218,0.89,5.375475923006392
