EMITTER_COEFFICIENT_SOLUTION,PRESSURE_OUTPUT,OUTPUT_DEMAND,FITNESS
0.32535265318416806,24.834075135223912,12.6,50.870343826315256
