EMITTER_COEFFICIENT_SOLUTION,PRESSURE_OUTPUT,OUTPUT_DEMAND,FITNESS
0.46790845373821655,23.975622617367932,13.000000000000002,300.3737599323662
