EMITTER_COEFFICIENT_SOLUTION,PRESSURE_OUTPUT,OUTPUT_DEMAND,FITNESS
1.046241148704711,24.51035809586564,23.0,2.915063061010453
