EMITTER_COEFFICIENT_SOLUTION,PRESSURE_OUTPUT,OUTPUT_DEMAND,FITNESS
1.1901318524507256,28.558432018208386,0.89,3.7762534491922732
