EMITTER_COEFFICIENT_SOLUTION,PRESSURE_OUTPUT,OUTPUT_DEMAND,FITNESS
0.45331706485296186,27.384567726461853,1.5,16.931330278058255
