EMITTER_COEFFICIENT_SOLUTION,PRESSURE_OUTPUT,OUTPUT_DEMAND,FITNESS
0.9415554243873978,26.47013365871522,10.1,14.239995347220322
