EMITTER_COEFFICIENT_SOLUTION,PRESSURE_OUTPUT,OUTPUT_DEMAND,FITNESS
0.8727541676873051,26.830510957348306,1.21,5.421599660540497
