EMITTER_COEFFICIENT_SOLUTION,PRESSURE_OUTPUT,OUTPUT_DEMAND,FITNESS
0.1510168003515715,28.85545031583736,1.2,2.3290335308586347
