EMITTER_COEFFICIENT_SOLUTION,PRESSURE_OUTPUT,OUTPUT_DEMAND,FITNESS
1.259336865971347,27.236377050739375,1.7,0.45272503220261245
