EMITTER_COEFFICIENT_SOLUTION,PRESSURE_OUTPUT,OUTPUT_DEMAND,FITNESS
1.1909632429927295,26.230679606996652,1.5,0.9133854691583938
