EMITTER_COEFFICIENT_SOLUTION,PRESSURE_OUTPUT,OUTPUT_DEMAND,FITNESS
1.0642156577417443,26.45967041965872,1.5,1.1549515283731433
