EMITTER_COEFFICIENT_SOLUTION,PRESSURE_OUTPUT,OUTPUT_DEMAND,FITNESS
0.11183198608334033,27.197641588562924,1.1,5.005077131767147
