EMITTER_COEFFICIENT_SOLUTION,PRESSURE_OUTPUT,OUTPUT_DEMAND,FITNESS
0.7354625170744477,24.70662090655058,23.0,6.812780768581083
