EMITTER_COEFFICIENT_SOLUTION,PRESSURE_OUTPUT,OUTPUT_DEMAND,FITNESS
0.37873070072906834,29.750793372917297,1.7,3.2725506215356854
