EMITTER_COEFFICIENT_SOLUTION,PRESSURE_OUTPUT,OUTPUT_DEMAND,FITNESS
0.07803609627632735,27.77916877774537,1.5,2.204278630561133
