EMITTER_COEFFICIENT_SOLUTION,PRESSURE_OUTPUT,OUTPUT_DEMAND,FITNESS
1.0064380326213267,26.56020028928789,1.5,1.306664600539533
