EMITTER_COEFFICIENT_SOLUTION,PRESSURE_OUTPUT,OUTPUT_DEMAND,FITNESS
0.9899387664081789,26.682870858026916,1.1,4.923498308398919
