EMITTER_COEFFICIENT_SOLUTION,PRESSURE_OUTPUT,OUTPUT_DEMAND,FITNESS
0.3867192982589107,23.805391652951553,1.2,3.898646992570691
