EMITTER_COEFFICIENT_SOLUTION,PRESSURE_OUTPUT,OUTPUT_DEMAND,FITNESS
1.3419680777495837,26.946276436750537,1.2,0.6757609526702201
