EMITTER_COEFFICIENT_SOLUTION,PRESSURE_OUTPUT,OUTPUT_DEMAND,FITNESS
1.0412333322206568,26.702692151317596,1.1,3.3880581921832182
