EMITTER_COEFFICIENT_SOLUTION,PRESSURE_OUTPUT,OUTPUT_DEMAND,FITNESS
0.042643112613266254,27.232122080090477,1.1,4.268440293242273
