EMITTER_COEFFICIENT_SOLUTION,PRESSURE_OUTPUT,OUTPUT_DEMAND,FITNESS
0.7644311909417362,28.784555014666466,1.2,14.359082650206613
