EMITTER_COEFFICIENT_SOLUTION,PRESSURE_OUTPUT,OUTPUT_DEMAND,FITNESS
1.2899839434731915,26.561099540640164,1.1,2.289655490987729
