EMITTER_COEFFICIENT_SOLUTION,PRESSURE_OUTPUT,OUTPUT_DEMAND,FITNESS
1.461674598478384,26.531684748573525,1.21,2.0692211762551462
