EMITTER_COEFFICIENT_SOLUTION,PRESSURE_OUTPUT,OUTPUT_DEMAND,FITNESS
1.4925728431860485,20.938374370433994,1.2,0.38306543701422396
