EMITTER_COEFFICIENT_SOLUTION,PRESSURE_OUTPUT,OUTPUT_DEMAND,FITNESS
1.1202866401529357,28.682177423001214,1.2,5.813280108227273
