EMITTER_COEFFICIENT_SOLUTION,PRESSURE_OUTPUT,OUTPUT_DEMAND,FITNESS
0.27321947309121986,30.003514325513947,1.7,1.7911741621809636
