EMITTER_COEFFICIENT_SOLUTION,PRESSURE_OUTPUT,OUTPUT_DEMAND,FITNESS
0.18447899606235663,28.92980821379051,1.2,13.225262273264798
