EMITTER_COEFFICIENT_SOLUTION,PRESSURE_OUTPUT,OUTPUT_DEMAND,FITNESS
1.2653756803920242,24.72683673043265,12.6,11.417794855057105
