EMITTER_COEFFICIENT_SOLUTION,PRESSURE_OUTPUT,OUTPUT_DEMAND,FITNESS
0.7479609145212451,22.95130970551776,1.2,1.67340293616164
