EMITTER_COEFFICIENT_SOLUTION,PRESSURE_OUTPUT,OUTPUT_DEMAND,FITNESS
0.42534155412019736,9.357323746093122,1.0,426.5234118266193
