EMITTER_COEFFICIENT_SOLUTION,PRESSURE_OUTPUT,OUTPUT_DEMAND,FITNESS
0.9851608520903685,26.684887618117948,1.1,4.9728765602833995
