EMITTER_COEFFICIENT_SOLUTION,PRESSURE_OUTPUT,OUTPUT_DEMAND,FITNESS
0.7545392478866028,28.787260513267803,1.2,14.939457850230834
