EMITTER_COEFFICIENT_SOLUTION,PRESSURE_OUTPUT,OUTPUT_DEMAND,FITNESS
1.02674549945392,26.667311761260535,1.1,4.573169783720143
