EMITTER_COEFFICIENT_SOLUTION,PRESSURE_OUTPUT,OUTPUT_DEMAND,FITNESS
0.6659693143527192,27.099055134026806,1.5,4.415937354393508
