EMITTER_COEFFICIENT_SOLUTION,PRESSURE_OUTPUT,OUTPUT_DEMAND,FITNESS
1.0032151939354232,24.53769599489879,23.0,3.1674853523120303
