EMITTER_COEFFICIENT_SOLUTION,PRESSURE_OUTPUT,OUTPUT_DEMAND,FITNESS
0.8271489248591131,26.85580594064634,1.5,2.1290109020362866
