EMITTER_COEFFICIENT_SOLUTION,PRESSURE_OUTPUT,OUTPUT_DEMAND,FITNESS
0.8658910070151072,26.83394088521409,1.21,5.524328390529432
