EMITTER_COEFFICIENT_SOLUTION,PRESSURE_OUTPUT,OUTPUT_DEMAND,FITNESS
0.29859096907814786,28.68925835599103,1.2,3.799815297398641
