EMITTER_COEFFICIENT_SOLUTION,PRESSURE_OUTPUT,OUTPUT_DEMAND,FITNESS
1.4970170245008756,25.633917739332556,1.5,0.5911598374591122
