EMITTER_COEFFICIENT_SOLUTION,PRESSURE_OUTPUT,OUTPUT_DEMAND,FITNESS
1.1904151518036024,26.670411630135533,1.21,2.902363889314434
