EMITTER_COEFFICIENT_SOLUTION,PRESSURE_OUTPUT,OUTPUT_DEMAND,FITNESS
0.02223222592997165,24.54755411787358,1.2,1.0013400861001014
