EMITTER_COEFFICIENT_SOLUTION,PRESSURE_OUTPUT,OUTPUT_DEMAND,FITNESS
0.6484736344918411,26.918720610031873,1.1,12.63809363834972
