EMITTER_COEFFICIENT_SOLUTION,PRESSURE_OUTPUT,OUTPUT_DEMAND,FITNESS
0.1040926792773954,28.940006316724478,0.89,8.56431545051794
