EMITTER_COEFFICIENT_SOLUTION,PRESSURE_OUTPUT,OUTPUT_DEMAND,FITNESS
0.01225008649340864,9.37023027742854,1.0,65.56917625500914
