EMITTER_COEFFICIENT_SOLUTION,PRESSURE_OUTPUT,OUTPUT_DEMAND,FITNESS
0.24335309187299003,28.754206261666198,1.2,3.0476785654944725
