EMITTER_COEFFICIENT_SOLUTION,PRESSURE_OUTPUT,OUTPUT_DEMAND,FITNESS
0.918569479911076,22.515123955840274,1.2,0.9673327337299416
