EMITTER_COEFFICIENT_SOLUTION,PRESSURE_OUTPUT,OUTPUT_DEMAND,FITNESS
1.3251932036971101,27.02623102897121,1.7,0.41339528126273317
