EMITTER_COEFFICIENT_SOLUTION,PRESSURE_OUTPUT,OUTPUT_DEMAND,FITNESS
0.04094849462533656,25.13450916376458,23.0,3.5573602804830875
