EMITTER_COEFFICIENT_SOLUTION,PRESSURE_OUTPUT,OUTPUT_DEMAND,FITNESS
0.3238709253305043,26.567923354001913,10.1,36.27531817833009
