EMITTER_COEFFICIENT_SOLUTION,PRESSURE_OUTPUT,OUTPUT_DEMAND,FITNESS
0.2943861994701522,26.968885307439123,1.1,12.061440856629448
