EMITTER_COEFFICIENT_SOLUTION,PRESSURE_OUTPUT,OUTPUT_DEMAND,FITNESS
0.5363377215637479,28.374392671744587,1.2,19.343483018518295
