EMITTER_COEFFICIENT_SOLUTION,PRESSURE_OUTPUT,OUTPUT_DEMAND,FITNESS
1.1605826681355058,24.437455260656854,23.0,2.404143277949811
