EMITTER_COEFFICIENT_SOLUTION,PRESSURE_OUTPUT,OUTPUT_DEMAND,FITNESS
0.11819958434153532,24.365467623002033,1.2,1.2246269354571901
