EMITTER_COEFFICIENT_SOLUTION,PRESSURE_OUTPUT,OUTPUT_DEMAND,FITNESS
1.3797367051188667,23.879373301551354,13.000000000000002,10.761699046351406
