EMITTER_COEFFICIENT_SOLUTION,PRESSURE_OUTPUT,OUTPUT_DEMAND,FITNESS
0.38569584398952717,24.82729739958635,12.6,77.63925040451188
