EMITTER_COEFFICIENT_SOLUTION,PRESSURE_OUTPUT,OUTPUT_DEMAND,FITNESS
0.37286321065440164,27.48138177248336,1.5,6.415349596297185
