EMITTER_COEFFICIENT_SOLUTION,PRESSURE_OUTPUT,OUTPUT_DEMAND,FITNESS
0.7151006534164027,28.797970387911462,1.2,17.785062958333977
