EMITTER_COEFFICIENT_SOLUTION,PRESSURE_OUTPUT,OUTPUT_DEMAND,FITNESS
0.3349664353406623,23.918771674241416,1.2,2.7035849212250227
