EMITTER_COEFFICIENT_SOLUTION,PRESSURE_OUTPUT,OUTPUT_DEMAND,FITNESS
0.13625823450345853,9.366366581622067,1.0,87.81656884132909
