EMITTER_COEFFICIENT_SOLUTION,PRESSURE_OUTPUT,OUTPUT_DEMAND,FITNESS
1.301623434109135,26.613756794472412,1.21,2.492512678681162
