EMITTER_COEFFICIENT_SOLUTION,PRESSURE_OUTPUT,OUTPUT_DEMAND,FITNESS
0.1859585419841845,30.202694162986212,1.7,1.3201793489743194
