EMITTER_COEFFICIENT_SOLUTION,PRESSURE_OUTPUT,OUTPUT_DEMAND,FITNESS
0.9868224645625798,23.921272348709273,13.000000000000002,19.598972470936012
