EMITTER_COEFFICIENT_SOLUTION,PRESSURE_OUTPUT,OUTPUT_DEMAND,FITNESS
0.17868471817676024,27.170822679207433,1.21,6.415754435944801
