EMITTER_COEFFICIENT_SOLUTION,PRESSURE_OUTPUT,OUTPUT_DEMAND,FITNESS
0.28385127684064937,28.706903399849843,1.2,3.5610540730299105
