EMITTER_COEFFICIENT_SOLUTION,PRESSURE_OUTPUT,OUTPUT_DEMAND,FITNESS
0.01039596907507534,28.963545096903445,0.89,7.127464632726654
