EMITTER_COEFFICIENT_SOLUTION,PRESSURE_OUTPUT,OUTPUT_DEMAND,FITNESS
1.2821871023256528,24.72488714665983,12.6,11.169169722622085
