EMITTER_COEFFICIENT_SOLUTION,PRESSURE_OUTPUT,OUTPUT_DEMAND,FITNESS
0.4073347579669435,27.046488865343008,1.1,20.55735194629201
