EMITTER_COEFFICIENT_SOLUTION,PRESSURE_OUTPUT,OUTPUT_DEMAND,FITNESS
0.42807889724074644,9.357237879472379,1.0,442.73831478525733
