EMITTER_COEFFICIENT_SOLUTION,PRESSURE_OUTPUT,OUTPUT_DEMAND,FITNESS
0.3635438575276567,28.866550001467026,0.89,23.09082234857489
