EMITTER_COEFFICIENT_SOLUTION,PRESSURE_OUTPUT,OUTPUT_DEMAND,FITNESS
1.2919465162393498,24.72375486547356,12.6,11.029681305637578
