EMITTER_COEFFICIENT_SOLUTION,PRESSURE_OUTPUT,OUTPUT_DEMAND,FITNESS
1.3608068662282005,28.481836859301985,0.89,2.9290476901667613
