EMITTER_COEFFICIENT_SOLUTION,PRESSURE_OUTPUT,OUTPUT_DEMAND,FITNESS
0.9181579323445586,27.760272073035146,1.2,1.5019128439514984
