EMITTER_COEFFICIENT_SOLUTION,PRESSURE_OUTPUT,OUTPUT_DEMAND,FITNESS
1.3334149506909885,9.328594324183726,1.0,37.89761506547132
