EMITTER_COEFFICIENT_SOLUTION,PRESSURE_OUTPUT,OUTPUT_DEMAND,FITNESS
1.4138375847703777,23.48080274678369,3.9,1.7249714340564763
