EMITTER_COEFFICIENT_SOLUTION,PRESSURE_OUTPUT,OUTPUT_DEMAND,FITNESS
0.29434400808570016,24.980187416189626,23.0,7.88733302624404
