EMITTER_COEFFICIENT_SOLUTION,PRESSURE_OUTPUT,OUTPUT_DEMAND,FITNESS
0.1737583478522985,27.173189010861122,1.21,6.319808351788394
