EMITTER_COEFFICIENT_SOLUTION,PRESSURE_OUTPUT,OUTPUT_DEMAND,FITNESS
1.3677326287772669,26.40086896877765,10.1,7.1690018790467995
