EMITTER_COEFFICIENT_SOLUTION,PRESSURE_OUTPUT,OUTPUT_DEMAND,FITNESS
0.9893819574890794,26.462432705596363,10.1,12.832737621136927
