EMITTER_COEFFICIENT_SOLUTION,PRESSURE_OUTPUT,OUTPUT_DEMAND,FITNESS
0.9200883261579387,23.928325313403867,13.000000000000002,22.742717952429615
