EMITTER_COEFFICIENT_SOLUTION,PRESSURE_OUTPUT,OUTPUT_DEMAND,FITNESS
0.7991278244094471,23.87203164880668,3.9,5.305297508609828
