EMITTER_COEFFICIENT_SOLUTION,PRESSURE_OUTPUT,OUTPUT_DEMAND,FITNESS
0.48540307453862763,28.828025657180653,0.89,209.0779551498603
