EMITTER_COEFFICIENT_SOLUTION,PRESSURE_OUTPUT,OUTPUT_DEMAND,FITNESS
0.6163443133666062,23.507878933060727,1.5,2.907076134781238
