EMITTER_COEFFICIENT_SOLUTION,PRESSURE_OUTPUT,OUTPUT_DEMAND,FITNESS
1.0932342043194994,26.719665942227845,1.21,3.386473626062453
