EMITTER_COEFFICIENT_SOLUTION,PRESSURE_OUTPUT,OUTPUT_DEMAND,FITNESS
0.49382495124302184,27.01798063453009,1.21,330.65830431052666
