EMITTER_COEFFICIENT_SOLUTION,PRESSURE_OUTPUT,OUTPUT_DEMAND,FITNESS
1.055790185478061,23.709266768332068,3.9,2.8469286990720244
