EMITTER_COEFFICIENT_SOLUTION,PRESSURE_OUTPUT,OUTPUT_DEMAND,FITNESS
0.24273023294154017,30.074146008579795,1.7,1.5900155039898327
