EMITTER_COEFFICIENT_SOLUTION,PRESSURE_OUTPUT,OUTPUT_DEMAND,FITNESS
0.5659951762129942,26.98257952821346,1.21,30.88437123426011
