EMITTER_COEFFICIENT_SOLUTION,PRESSURE_OUTPUT,OUTPUT_DEMAND,FITNESS
1.2938171390786617,28.51240183549669,0.89,3.2170589914445347
