EMITTER_COEFFICIENT_SOLUTION,PRESSURE_OUTPUT,OUTPUT_DEMAND,FITNESS
0.2824642535487826,28.907218824125266,1.2,18.8595702588204
