EMITTER_COEFFICIENT_SOLUTION,PRESSURE_OUTPUT,OUTPUT_DEMAND,FITNESS
0.8411108202434898,23.845470093116408,3.9,4.650029508543647
