EMITTER_COEFFICIENT_SOLUTION,PRESSURE_OUTPUT,OUTPUT_DEMAND,FITNESS
0.6017487067916599,28.788933448236442,0.89,29.144913933715433
