EMITTER_COEFFICIENT_SOLUTION,PRESSURE_OUTPUT,OUTPUT_DEMAND,FITNESS
0.11543127591387026,24.82607468883372,1.5,1.026473240814637
