EMITTER_COEFFICIENT_SOLUTION,PRESSURE_OUTPUT,OUTPUT_DEMAND,FITNESS
0.3416768918983837,29.840982723504066,1.7,2.5267749714310543
