EMITTER_COEFFICIENT_SOLUTION,PRESSURE_OUTPUT,OUTPUT_DEMAND,FITNESS
0.27328656040852994,30.003357701560063,1.7,1.7916768005869914
