EMITTER_COEFFICIENT_SOLUTION,PRESSURE_OUTPUT,OUTPUT_DEMAND,FITNESS
1.168038713749912,21.847394314461848,1.2,0.587716687352089
