EMITTER_COEFFICIENT_SOLUTION,PRESSURE_OUTPUT,OUTPUT_DEMAND,FITNESS
0.6602335310262156,24.79627552254989,12.6,55.11526451464244
