EMITTER_COEFFICIENT_SOLUTION,PRESSURE_OUTPUT,OUTPUT_DEMAND,FITNESS
0.7339332805605748,28.74184728822415,0.89,12.285395042604636
