EMITTER_COEFFICIENT_SOLUTION,PRESSURE_OUTPUT,OUTPUT_DEMAND,FITNESS
1.1503027799974221,21.895884105342954,1.2,0.6049569061077332
