EMITTER_COEFFICIENT_SOLUTION,PRESSURE_OUTPUT,OUTPUT_DEMAND,FITNESS
0.26756476528306805,27.128007447349596,1.21,8.84555879335054
