EMITTER_COEFFICIENT_SOLUTION,PRESSURE_OUTPUT,OUTPUT_DEMAND,FITNESS
0.428073566239234,27.415628672627122,1.5,11.095940399742036
