EMITTER_COEFFICIENT_SOLUTION,PRESSURE_OUTPUT,OUTPUT_DEMAND,FITNESS
1.3604517315816462,26.52034724625034,1.1,2.0942442517560234
