EMITTER_COEFFICIENT_SOLUTION,PRESSURE_OUTPUT,OUTPUT_DEMAND,FITNESS
0.2812057869543171,9.361838740283751,1.0,145.78255350122495
