EMITTER_COEFFICIENT_SOLUTION,PRESSURE_OUTPUT,OUTPUT_DEMAND,FITNESS
0.27137553528980585,9.362146214900989,1.0,139.5282773262039
