EMITTER_COEFFICIENT_SOLUTION,PRESSURE_OUTPUT,OUTPUT_DEMAND,FITNESS
0.8248726071880477,22.845453959207553,1.5,0.9936276544381143
