EMITTER_COEFFICIENT_SOLUTION,PRESSURE_OUTPUT,OUTPUT_DEMAND,FITNESS
1.1905079788943524,26.67036446843404,1.21,2.9019666669000768
