EMITTER_COEFFICIENT_SOLUTION,PRESSURE_OUTPUT,OUTPUT_DEMAND,FITNESS
0.0482382423758021,27.803999664738008,1.5,2.0898901770579776
