EMITTER_COEFFICIENT_SOLUTION,PRESSURE_OUTPUT,OUTPUT_DEMAND,FITNESS
1.019403701891508,24.527416265928462,23.0,3.0676015139705495
