EMITTER_COEFFICIENT_SOLUTION,PRESSURE_OUTPUT,OUTPUT_DEMAND,FITNESS
0.4503847519581756,28.4946403344808,1.2,14.587324966066548
