EMITTER_COEFFICIENT_SOLUTION,PRESSURE_OUTPUT,OUTPUT_DEMAND,FITNESS
0.4912726887372322,9.355254332259364,1.0,3634.733255205981
