EMITTER_COEFFICIENT_SOLUTION,PRESSURE_OUTPUT,OUTPUT_DEMAND,FITNESS
0.3010806137173644,24.976055859094394,23.0,8.153015056619072
