EMITTER_COEFFICIENT_SOLUTION,PRESSURE_OUTPUT,OUTPUT_DEMAND,FITNESS
0.4778952999446646,27.009501347342372,1.1,85.78625167057909
