EMITTER_COEFFICIENT_SOLUTION,PRESSURE_OUTPUT,OUTPUT_DEMAND,FITNESS
0.15878738488312427,26.593527202369458,10.1,18.807314724627865
