EMITTER_COEFFICIENT_SOLUTION,PRESSURE_OUTPUT,OUTPUT_DEMAND,FITNESS
0.23916179585957553,28.759002271344364,1.2,3.003773324272902
