EMITTER_COEFFICIENT_SOLUTION,PRESSURE_OUTPUT,OUTPUT_DEMAND,FITNESS
0.6303006612599766,23.46530128754913,1.5,2.586881150878272
