EMITTER_COEFFICIENT_SOLUTION,PRESSURE_OUTPUT,OUTPUT_DEMAND,FITNESS
0.2505553132864067,24.515237702762075,1.5,1.5074486108387664
