EMITTER_COEFFICIENT_SOLUTION,PRESSURE_OUTPUT,OUTPUT_DEMAND,FITNESS
0.19025138517361373,28.916937756162888,0.89,10.672927662614207
