EMITTER_COEFFICIENT_SOLUTION,PRESSURE_OUTPUT,OUTPUT_DEMAND,FITNESS
1.1044707822725046,26.713983175981156,1.21,3.3225330131760162
