EMITTER_COEFFICIENT_SOLUTION,PRESSURE_OUTPUT,OUTPUT_DEMAND,FITNESS
0.19779303252971514,27.161637408827474,1.21,6.817513500694292
