EMITTER_COEFFICIENT_SOLUTION,PRESSURE_OUTPUT,OUTPUT_DEMAND,FITNESS
0.14251876646669448,26.5960381050156,10.1,17.95922041893825
