EMITTER_COEFFICIENT_SOLUTION,PRESSURE_OUTPUT,OUTPUT_DEMAND,FITNESS
0.46945166693143037,23.975462672711764,13.000000000000002,315.5329663206833
