EMITTER_COEFFICIENT_SOLUTION,PRESSURE_OUTPUT,OUTPUT_DEMAND,FITNESS
0.476066573907856,27.356047039075143,1.5,32.74242294725987
