EMITTER_COEFFICIENT_SOLUTION,PRESSURE_OUTPUT,OUTPUT_DEMAND,FITNESS
0.3450217152694244,29.83290440205149,1.7,2.5794264839441703
