EMITTER_COEFFICIENT_SOLUTION,PRESSURE_OUTPUT,OUTPUT_DEMAND,FITNESS
0.4594880462173908,28.86436688181486,1.2,98.31357583667062
