EMITTER_COEFFICIENT_SOLUTION,PRESSURE_OUTPUT,OUTPUT_DEMAND,FITNESS
0.6636158075516734,29.009352632907085,1.7,2.294258415192552
