EMITTER_COEFFICIENT_SOLUTION,PRESSURE_OUTPUT,OUTPUT_DEMAND,FITNESS
1.1130033012238478,23.90788610028237,13.000000000000002,15.525700657541195
