EMITTER_COEFFICIENT_SOLUTION,PRESSURE_OUTPUT,OUTPUT_DEMAND,FITNESS
1.4741252672547098,9.324099024564646,1.0,32.381129162721685
