EMITTER_COEFFICIENT_SOLUTION,PRESSURE_OUTPUT,OUTPUT_DEMAND,FITNESS
1.1063967409539988,23.90858860881459,13.000000000000002,15.696905823286121
