EMITTER_COEFFICIENT_SOLUTION,PRESSURE_OUTPUT,OUTPUT_DEMAND,FITNESS
0.8784285362662743,26.793390805732205,1.1,4.891035981912773
