EMITTER_COEFFICIENT_SOLUTION,PRESSURE_OUTPUT,OUTPUT_DEMAND,FITNESS
0.3128402626828317,27.54940524166667,1.5,4.466287172998874
