EMITTER_COEFFICIENT_SOLUTION,PRESSURE_OUTPUT,OUTPUT_DEMAND,FITNESS
0.16156425979120292,24.85239699536688,12.6,26.329869774280805
