EMITTER_COEFFICIENT_SOLUTION,PRESSURE_OUTPUT,OUTPUT_DEMAND,FITNESS
0.2560966098932289,23.997478763407095,13.000000000000002,39.70565144120182
