EMITTER_COEFFICIENT_SOLUTION,PRESSURE_OUTPUT,OUTPUT_DEMAND,FITNESS
0.6415272045736891,23.21350453755944,1.2,2.9816046355080577
