EMITTER_COEFFICIENT_SOLUTION,PRESSURE_OUTPUT,OUTPUT_DEMAND,FITNESS
0.17625653607042446,24.262886215631614,3.9,4.941548308275882
