EMITTER_COEFFICIENT_SOLUTION,PRESSURE_OUTPUT,OUTPUT_DEMAND,FITNESS
0.8625011480940658,28.75731711831144,1.2,10.3220235728153
