EMITTER_COEFFICIENT_SOLUTION,PRESSURE_OUTPUT,OUTPUT_DEMAND,FITNESS
0.30637668660748574,27.098820813625366,1.1,9.903309454014861
