EMITTER_COEFFICIENT_SOLUTION,PRESSURE_OUTPUT,OUTPUT_DEMAND,FITNESS
0.3310523478987699,29.866559084177812,1.7,2.3733927824760204
