EMITTER_COEFFICIENT_SOLUTION,PRESSURE_OUTPUT,OUTPUT_DEMAND,FITNESS
1.050857798628459,28.702913610541273,1.2,6.610095877707378
