EMITTER_COEFFICIENT_SOLUTION,PRESSURE_OUTPUT,OUTPUT_DEMAND,FITNESS
0.9211415213284524,23.9282141478391,13.000000000000002,22.685364652776563
