EMITTER_COEFFICIENT_SOLUTION,PRESSURE_OUTPUT,OUTPUT_DEMAND,FITNESS
0.4861136379903672,26.891621594553207,1.1,177.14411209814875
