EMITTER_COEFFICIENT_SOLUTION,PRESSURE_OUTPUT,OUTPUT_DEMAND,FITNESS
0.40030323080035035,27.063636305448405,1.21,20.542342092307283
