EMITTER_COEFFICIENT_SOLUTION,PRESSURE_OUTPUT,OUTPUT_DEMAND,FITNESS
0.4890262981043352,24.067409824032485,3.9,145.15194995537658
