EMITTER_COEFFICIENT_SOLUTION,PRESSURE_OUTPUT,OUTPUT_DEMAND,FITNESS
1.0603036331128677,23.913484911481234,13.000000000000002,17.003760472463604
