EMITTER_COEFFICIENT_SOLUTION,PRESSURE_OUTPUT,OUTPUT_DEMAND,FITNESS
1.2647228171924254,26.575640541729168,1.1,2.368512467951065
