EMITTER_COEFFICIENT_SOLUTION,PRESSURE_OUTPUT,OUTPUT_DEMAND,FITNESS
1.2179309593885908,27.19725646087907,1.2,0.8137800906651299
