EMITTER_COEFFICIENT_SOLUTION,PRESSURE_OUTPUT,OUTPUT_DEMAND,FITNESS
1.2770770505895102,28.519939025281303,0.89,3.2970033578625833
