EMITTER_COEFFICIENT_SOLUTION,PRESSURE_OUTPUT,OUTPUT_DEMAND,FITNESS
0.2886326096448668,24.018158053202523,1.2,2.1309891649845962
