EMITTER_COEFFICIENT_SOLUTION,PRESSURE_OUTPUT,OUTPUT_DEMAND,FITNESS
0.6674622233472691,23.15036852382739,1.2,2.509247286877971
