EMITTER_COEFFICIENT_SOLUTION,PRESSURE_OUTPUT,OUTPUT_DEMAND,FITNESS
0.409258953291324,26.922742651966708,1.1,27.198910385820422
