EMITTER_COEFFICIENT_SOLUTION,PRESSURE_OUTPUT,OUTPUT_DEMAND,FITNESS
1.1200537732965126,21.82794759901629,1.5,0.49409077977192434
