EMITTER_COEFFICIENT_SOLUTION,PRESSURE_OUTPUT,OUTPUT_DEMAND,FITNESS
1.1889173822477352,26.67117255649522,1.21,2.90878790431842
