EMITTER_COEFFICIENT_SOLUTION,PRESSURE_OUTPUT,OUTPUT_DEMAND,FITNESS
0.24404616082806896,25.010988626970388,23.0,6.345710001287268
