EMITTER_COEFFICIENT_SOLUTION,PRESSURE_OUTPUT,OUTPUT_DEMAND,FITNESS
1.489835666395438,26.634764433559358,1.2,0.5582459175386207
