EMITTER_COEFFICIENT_SOLUTION,PRESSURE_OUTPUT,OUTPUT_DEMAND,FITNESS
0.9583857067729982,26.467425721525665,10.1,13.711274705337745
