EMITTER_COEFFICIENT_SOLUTION,PRESSURE_OUTPUT,OUTPUT_DEMAND,FITNESS
0.44780215820115865,26.907159976680475,1.1,47.20654463664728
