EMITTER_COEFFICIENT_SOLUTION,PRESSURE_OUTPUT,OUTPUT_DEMAND,FITNESS
0.9066653331503527,26.475739888388482,10.1,15.475441375469146
