EMITTER_COEFFICIENT_SOLUTION,PRESSURE_OUTPUT,OUTPUT_DEMAND,FITNESS
0.06275872175394537,27.222134292380765,1.1,4.458517019125208
