EMITTER_COEFFICIENT_SOLUTION,PRESSURE_OUTPUT,OUTPUT_DEMAND,FITNESS
0.36387328644007044,27.069103210656834,1.1,14.033365735277819
