EMITTER_COEFFICIENT_SOLUTION,PRESSURE_OUTPUT,OUTPUT_DEMAND,FITNESS
0.09951987430473319,24.401699804748255,1.2,1.17259771291706
