EMITTER_COEFFICIENT_SOLUTION,PRESSURE_OUTPUT,OUTPUT_DEMAND,FITNESS
0.48815345899914897,28.442671536664697,1.2,60.29956678442432
