EMITTER_COEFFICIENT_SOLUTION,PRESSURE_OUTPUT,OUTPUT_DEMAND,FITNESS
0.27620396060150365,27.114323989463806,1.1,8.585200092922872
