EMITTER_COEFFICIENT_SOLUTION,PRESSURE_OUTPUT,OUTPUT_DEMAND,FITNESS
0.0204209996187652,30.55440983352999,1.7,0.9015600062791138
