EMITTER_COEFFICIENT_SOLUTION,PRESSURE_OUTPUT,OUTPUT_DEMAND,FITNESS
0.36946708293381536,23.843460684572115,1.2,3.3947987213051847
