EMITTER_COEFFICIENT_SOLUTION,PRESSURE_OUTPUT,OUTPUT_DEMAND,FITNESS
0.14644111107364932,25.07052181284207,23.0,4.60574871721073
