EMITTER_COEFFICIENT_SOLUTION,PRESSURE_OUTPUT,OUTPUT_DEMAND,FITNESS
0.13866819627250815,24.854949470509162,12.6,24.67177042932307
