EMITTER_COEFFICIENT_SOLUTION,PRESSURE_OUTPUT,OUTPUT_DEMAND,FITNESS
0.41674704864269263,28.850039005841296,0.89,37.31864954491208
