EMITTER_COEFFICIENT_SOLUTION,PRESSURE_OUTPUT,OUTPUT_DEMAND,FITNESS
0.29040238574507815,24.416708448958396,1.5,1.7704025890948027
