EMITTER_COEFFICIENT_SOLUTION,PRESSURE_OUTPUT,OUTPUT_DEMAND,FITNESS
0.009172811522138336,28.992279659431652,1.2,1.766185353992664
