EMITTER_COEFFICIENT_SOLUTION,PRESSURE_OUTPUT,OUTPUT_DEMAND,FITNESS
0.24482197583880838,28.752521005292245,1.2,3.063412619485213
