EMITTER_COEFFICIENT_SOLUTION,PRESSURE_OUTPUT,OUTPUT_DEMAND,FITNESS
0.4092847989510625,28.85238382249222,0.89,34.31582947463383
