EMITTER_COEFFICIENT_SOLUTION,PRESSURE_OUTPUT,OUTPUT_DEMAND,FITNESS
0.12678809170275185,25.08247080404268,23.0,4.365497694891708
