EMITTER_COEFFICIENT_SOLUTION,PRESSURE_OUTPUT,OUTPUT_DEMAND,FITNESS
0.18423165283220277,28.82010541769951,1.2,2.537956741306764
