EMITTER_COEFFICIENT_SOLUTION,PRESSURE_OUTPUT,OUTPUT_DEMAND,FITNESS
0.32505385938874476,28.89714758830727,1.2,23.28167192093207
