EMITTER_COEFFICIENT_SOLUTION,PRESSURE_OUTPUT,OUTPUT_DEMAND,FITNESS
0.754291203239355,23.075690104910713,1.5,1.2883658155209585
