EMITTER_COEFFICIENT_SOLUTION,PRESSURE_OUTPUT,OUTPUT_DEMAND,FITNESS
0.9398011377037345,26.67301538740208,1.5,1.5325852894433507
