EMITTER_COEFFICIENT_SOLUTION,PRESSURE_OUTPUT,OUTPUT_DEMAND,FITNESS
0.9354535195964115,27.72959239414226,1.2,1.4357557958170617
