EMITTER_COEFFICIENT_SOLUTION,PRESSURE_OUTPUT,OUTPUT_DEMAND,FITNESS
1.31827935829995,21.43131061013671,1.2,0.4722363288794467
