EMITTER_COEFFICIENT_SOLUTION,PRESSURE_OUTPUT,OUTPUT_DEMAND,FITNESS
1.4914617083391284,24.700526494383794,12.6,8.780184579456785
