EMITTER_COEFFICIENT_SOLUTION,PRESSURE_OUTPUT,OUTPUT_DEMAND,FITNESS
0.2774758082996468,28.892231742501366,0.89,14.49506646130831
