EMITTER_COEFFICIENT_SOLUTION,PRESSURE_OUTPUT,OUTPUT_DEMAND,FITNESS
0.508013085369701,28.8206036321981,0.89,378.62725355191463
