EMITTER_COEFFICIENT_SOLUTION,PRESSURE_OUTPUT,OUTPUT_DEMAND,FITNESS
1.335648335592962,21.38264146847539,1.2,0.46162660905333863
