EMITTER_COEFFICIENT_SOLUTION,PRESSURE_OUTPUT,OUTPUT_DEMAND,FITNESS
1.4471162357059826,24.705702644985365,12.6,9.198221271358527
