EMITTER_COEFFICIENT_SOLUTION,PRESSURE_OUTPUT,OUTPUT_DEMAND,FITNESS
0.8272388517277615,24.777256611186445,12.6,26.908697656930215
