EMITTER_COEFFICIENT_SOLUTION,PRESSURE_OUTPUT,OUTPUT_DEMAND,FITNESS
0.6230140136086337,23.48756490616163,1.5,2.7449733197810744
