EMITTER_COEFFICIENT_SOLUTION,PRESSURE_OUTPUT,OUTPUT_DEMAND,FITNESS
0.0033110393035731267,24.3702235769834,3.9,3.2288990585070434
