EMITTER_COEFFICIENT_SOLUTION,PRESSURE_OUTPUT,OUTPUT_DEMAND,FITNESS
1.362569557818497,26.523522543085306,1.1,2.7589561013139736
