EMITTER_COEFFICIENT_SOLUTION,PRESSURE_OUTPUT,OUTPUT_DEMAND,FITNESS
0.6874286444406403,27.067959577276277,1.5,3.8827706948118554
