EMITTER_COEFFICIENT_SOLUTION,PRESSURE_OUTPUT,OUTPUT_DEMAND,FITNESS
0.6108375060392703,28.264561752144623,1.2,6.190880287403669
