EMITTER_COEFFICIENT_SOLUTION,PRESSURE_OUTPUT,OUTPUT_DEMAND,FITNESS
0.3756371319788476,24.138469699946185,3.9,12.82886669973326
