EMITTER_COEFFICIENT_SOLUTION,PRESSURE_OUTPUT,OUTPUT_DEMAND,FITNESS
0.31557761184740674,26.56921502180552,10.1,34.65169033813655
