EMITTER_COEFFICIENT_SOLUTION,PRESSURE_OUTPUT,OUTPUT_DEMAND,FITNESS
0.8256839661908333,26.751804531112995,1.1,7.453011993485493
