EMITTER_COEFFICIENT_SOLUTION,PRESSURE_OUTPUT,OUTPUT_DEMAND,FITNESS
1.4233840069213586,26.551376269314442,1.21,2.1571152345739493
