EMITTER_COEFFICIENT_SOLUTION,PRESSURE_OUTPUT,OUTPUT_DEMAND,FITNESS
0.23535666585967918,28.904329649461857,0.89,12.332448686001579
