EMITTER_COEFFICIENT_SOLUTION,PRESSURE_OUTPUT,OUTPUT_DEMAND,FITNESS
0.31842855275330717,24.834851901998363,12.6,48.936642122799576
