EMITTER_COEFFICIENT_SOLUTION,PRESSURE_OUTPUT,OUTPUT_DEMAND,FITNESS
0.8262279498420224,28.767479258597028,1.2,11.53161956379494
