EMITTER_COEFFICIENT_SOLUTION,PRESSURE_OUTPUT,OUTPUT_DEMAND,FITNESS
0.7826059969843362,27.99247554682672,1.2,2.3061979476570555
