EMITTER_COEFFICIENT_SOLUTION,PRESSURE_OUTPUT,OUTPUT_DEMAND,FITNESS
0.3241340297655487,26.956979419175077,1.1,14.083922674563096
