EMITTER_COEFFICIENT_SOLUTION,PRESSURE_OUTPUT,OUTPUT_DEMAND,FITNESS
1.4155452164288878,26.79287764789087,1.2,0.612290374251261
