EMITTER_COEFFICIENT_SOLUTION,PRESSURE_OUTPUT,OUTPUT_DEMAND,FITNESS
0.38839307872684214,27.463191600127246,1.5,7.262903692556883
