EMITTER_COEFFICIENT_SOLUTION,PRESSURE_OUTPUT,OUTPUT_DEMAND,FITNESS
1.113160366035871,9.33560750423839,1.0,51.61635408053389
