EMITTER_COEFFICIENT_SOLUTION,PRESSURE_OUTPUT,OUTPUT_DEMAND,FITNESS
0.9373990571443622,26.677018137014308,1.5,1.5420450498811338
