EMITTER_COEFFICIENT_SOLUTION,PRESSURE_OUTPUT,OUTPUT_DEMAND,FITNESS
0.27679379102836166,27.123548370154566,1.21,9.208781014497394
