EMITTER_COEFFICIENT_SOLUTION,PRESSURE_OUTPUT,OUTPUT_DEMAND,FITNESS
1.4334112684827374,26.75514351105174,1.2,0.5984633286285345
