EMITTER_COEFFICIENT_SOLUTION,PRESSURE_OUTPUT,OUTPUT_DEMAND,FITNESS
0.04799571479711984,28.95990268477322,1.2,9.460081174670297
