EMITTER_COEFFICIENT_SOLUTION,PRESSURE_OUTPUT,OUTPUT_DEMAND,FITNESS
1.2552141288935414,27.249456281071566,1.7,0.45542171853531954
