EMITTER_COEFFICIENT_SOLUTION,PRESSURE_OUTPUT,OUTPUT_DEMAND,FITNESS
0.42130677208675615,24.90207535439955,23.0,20.545057711555206
