EMITTER_COEFFICIENT_SOLUTION,PRESSURE_OUTPUT,OUTPUT_DEMAND,FITNESS
0.2350999606365879,28.90440242599329,0.89,12.321390080204914
