EMITTER_COEFFICIENT_SOLUTION,PRESSURE_OUTPUT,OUTPUT_DEMAND,FITNESS
0.11686621978240008,28.944917935822986,1.2,11.022613093622946
