EMITTER_COEFFICIENT_SOLUTION,PRESSURE_OUTPUT,OUTPUT_DEMAND,FITNESS
0.1821643638814766,27.16915083434875,1.21,6.485316892230175
