EMITTER_COEFFICIENT_SOLUTION,PRESSURE_OUTPUT,OUTPUT_DEMAND,FITNESS
0.8963809345442435,26.72223596583735,1.1,6.107149669128792
