EMITTER_COEFFICIENT_SOLUTION,PRESSURE_OUTPUT,OUTPUT_DEMAND,FITNESS
0.8561651644394366,26.809699664334453,1.5,1.938706034713218
