EMITTER_COEFFICIENT_SOLUTION,PRESSURE_OUTPUT,OUTPUT_DEMAND,FITNESS
0.39352686294430905,9.358321399308778,1.0,299.20497626741064
