EMITTER_COEFFICIENT_SOLUTION,PRESSURE_OUTPUT,OUTPUT_DEMAND,FITNESS
1.4238819862935133,24.708411602180483,12.6,9.433275747039655
