EMITTER_COEFFICIENT_SOLUTION,PRESSURE_OUTPUT,OUTPUT_DEMAND,FITNESS
0.8086754315180925,9.345255553442215,1.0,102.82083337971308
