EMITTER_COEFFICIENT_SOLUTION,PRESSURE_OUTPUT,OUTPUT_DEMAND,FITNESS
1.1085458871117142,26.66473084449032,1.1,3.001960670563709
