EMITTER_COEFFICIENT_SOLUTION,PRESSURE_OUTPUT,OUTPUT_DEMAND,FITNESS
1.0643071968813458,24.498863683239282,23.0,2.8205549036993816
