EMITTER_COEFFICIENT_SOLUTION,PRESSURE_OUTPUT,OUTPUT_DEMAND,FITNESS
0.2682854348317856,24.205545527475437,3.9,6.89536117468162
