EMITTER_COEFFICIENT_SOLUTION,PRESSURE_OUTPUT,OUTPUT_DEMAND,FITNESS
0.07123508731947004,28.93527898158692,1.2,1.9638983942700203
