EMITTER_COEFFICIENT_SOLUTION,PRESSURE_OUTPUT,OUTPUT_DEMAND,FITNESS
0.554124849394483,26.863917441906196,1.1,45.328796472588756
