EMITTER_COEFFICIENT_SOLUTION,PRESSURE_OUTPUT,OUTPUT_DEMAND,FITNESS
0.06860405843023143,26.60741821142654,10.1,14.91161646374355
