EMITTER_COEFFICIENT_SOLUTION,PRESSURE_OUTPUT,OUTPUT_DEMAND,FITNESS
0.3434422911910564,28.634180115913892,1.2,4.805556461480728
