EMITTER_COEFFICIENT_SOLUTION,PRESSURE_OUTPUT,OUTPUT_DEMAND,FITNESS
1.0736639464077196,28.696142354007826,1.2,6.326911815196853
