EMITTER_COEFFICIENT_SOLUTION,PRESSURE_OUTPUT,OUTPUT_DEMAND,FITNESS
0.28025140120678416,24.988825638009423,23.0,7.384226945741821
