EMITTER_COEFFICIENT_SOLUTION,PRESSURE_OUTPUT,OUTPUT_DEMAND,FITNESS
0.37390245845480596,27.07647969257254,1.21,16.25399716376409
