EMITTER_COEFFICIENT_SOLUTION,PRESSURE_OUTPUT,OUTPUT_DEMAND,FITNESS
0.013967162286529389,28.988039189910538,1.2,1.7795129363400175
