EMITTER_COEFFICIENT_SOLUTION,PRESSURE_OUTPUT,OUTPUT_DEMAND,FITNESS
1.0743330628508447,26.64713548399289,1.1,4.186850964678027
