EMITTER_COEFFICIENT_SOLUTION,PRESSURE_OUTPUT,OUTPUT_DEMAND,FITNESS
0.3453265282765108,26.948479041175688,1.1,15.999342639395557
