EMITTER_COEFFICIENT_SOLUTION,PRESSURE_OUTPUT,OUTPUT_DEMAND,FITNESS
0.7997938946060175,26.89863880279279,1.5,2.3426400695996206
