EMITTER_COEFFICIENT_SOLUTION,PRESSURE_OUTPUT,OUTPUT_DEMAND,FITNESS
0.7308468478657589,28.793709125521644,1.2,16.532144314834557
