EMITTER_COEFFICIENT_SOLUTION,PRESSURE_OUTPUT,OUTPUT_DEMAND,FITNESS
0.3240814733551951,26.56789055412481,10.1,36.318530909895394
