EMITTER_COEFFICIENT_SOLUTION,PRESSURE_OUTPUT,OUTPUT_DEMAND,FITNESS
0.11101426835907124,27.203264460918106,1.21,5.310446120056857
