EMITTER_COEFFICIENT_SOLUTION,PRESSURE_OUTPUT,OUTPUT_DEMAND,FITNESS
0.7227828312379181,23.014062371994466,1.2,1.8697458789263106
