EMITTER_COEFFICIENT_SOLUTION,PRESSURE_OUTPUT,OUTPUT_DEMAND,FITNESS
1.4544153133601678,26.60770632628545,1.7,0.35242079640591367
