EMITTER_COEFFICIENT_SOLUTION,PRESSURE_OUTPUT,OUTPUT_DEMAND,FITNESS
1.277280267726198,26.068396571881536,1.5,0.7954746718838911
