EMITTER_COEFFICIENT_SOLUTION,PRESSURE_OUTPUT,OUTPUT_DEMAND,FITNESS
1.2618780235591007,28.638767219242055,1.2,4.6418762887273886
