EMITTER_COEFFICIENT_SOLUTION,PRESSURE_OUTPUT,OUTPUT_DEMAND,FITNESS
1.112761493322311,24.744484726178214,12.6,14.299075695455016
