EMITTER_COEFFICIENT_SOLUTION,PRESSURE_OUTPUT,OUTPUT_DEMAND,FITNESS
0.4485539063437398,23.9776277344627,13.000000000000002,187.46592663360244
