EMITTER_COEFFICIENT_SOLUTION,PRESSURE_OUTPUT,OUTPUT_DEMAND,FITNESS
0.7126336843098161,9.34828737688531,1.0,149.39126001921477
