EMITTER_COEFFICIENT_SOLUTION,PRESSURE_OUTPUT,OUTPUT_DEMAND,FITNESS
1.3357065428592847,28.615542285597684,1.2,4.190147888985205
