EMITTER_COEFFICIENT_SOLUTION,PRESSURE_OUTPUT,OUTPUT_DEMAND,FITNESS
0.9879511226973146,26.46266336061158,10.1,12.87083445827796
