EMITTER_COEFFICIENT_SOLUTION,PRESSURE_OUTPUT,OUTPUT_DEMAND,FITNESS
0.09445206402400719,28.91279777680078,1.2,2.054611123114085
