EMITTER_COEFFICIENT_SOLUTION,PRESSURE_OUTPUT,OUTPUT_DEMAND,FITNESS
1.160358870569239,24.738990412388887,12.6,13.257517293565966
