EMITTER_COEFFICIENT_SOLUTION,PRESSURE_OUTPUT,OUTPUT_DEMAND,FITNESS
0.1523590976596274,27.71289248491697,1.5,2.5813988427440457
