EMITTER_COEFFICIENT_SOLUTION,PRESSURE_OUTPUT,OUTPUT_DEMAND,FITNESS
0.6719245673172017,28.764285436222316,0.89,16.960848069265865
