EMITTER_COEFFICIENT_SOLUTION,PRESSURE_OUTPUT,OUTPUT_DEMAND,FITNESS
0.7001939734015322,28.80198635535222,1.2,19.15305525427263
