EMITTER_COEFFICIENT_SOLUTION,PRESSURE_OUTPUT,OUTPUT_DEMAND,FITNESS
1.2887117108950692,23.560816256733627,3.9,2.0011757503179126
