EMITTER_COEFFICIENT_SOLUTION,PRESSURE_OUTPUT,OUTPUT_DEMAND,FITNESS
1.0727195006678136,22.106270057976467,1.2,0.6931811446400846
