EMITTER_COEFFICIENT_SOLUTION,PRESSURE_OUTPUT,OUTPUT_DEMAND,FITNESS
0.3380214217800964,27.093902946038142,1.21,12.666792918880981
