EMITTER_COEFFICIENT_SOLUTION,PRESSURE_OUTPUT,OUTPUT_DEMAND,FITNESS
0.3670412896619758,28.887070233524327,1.2,30.418355564424783
