EMITTER_COEFFICIENT_SOLUTION,PRESSURE_OUTPUT,OUTPUT_DEMAND,FITNESS
0.17974903184440927,24.005309411438574,13.000000000000002,30.28836368301034
