EMITTER_COEFFICIENT_SOLUTION,PRESSURE_OUTPUT,OUTPUT_DEMAND,FITNESS
0.2035267463185807,27.15887913987992,1.21,6.948170623855064
