EMITTER_COEFFICIENT_SOLUTION,PRESSURE_OUTPUT,OUTPUT_DEMAND,FITNESS
0.6189064675371175,28.823574457019774,1.2,32.655311570283246
