EMITTER_COEFFICIENT_SOLUTION,PRESSURE_OUTPUT,OUTPUT_DEMAND,FITNESS
1.4349783497657698,28.583684005873323,1.2,3.696675355684066
