EMITTER_COEFFICIENT_SOLUTION,PRESSURE_OUTPUT,OUTPUT_DEMAND,FITNESS
0.8966843018978599,22.605529155494757,1.5,0.8023505556078417
