EMITTER_COEFFICIENT_SOLUTION,PRESSURE_OUTPUT,OUTPUT_DEMAND,FITNESS
0.2937383937965028,23.99360873171772,13.000000000000002,46.91465762901469
