EMITTER_COEFFICIENT_SOLUTION,PRESSURE_OUTPUT,OUTPUT_DEMAND,FITNESS
0.2639300169781045,26.981042996626968,1.1,10.518949936674224
