EMITTER_COEFFICIENT_SOLUTION,PRESSURE_OUTPUT,OUTPUT_DEMAND,FITNESS
0.3509809167879624,28.87037827649334,0.89,21.2154211560161
