EMITTER_COEFFICIENT_SOLUTION,PRESSURE_OUTPUT,OUTPUT_DEMAND,FITNESS
1.4866374393039221,26.3812877227341,10.1,6.286513720820456
