EMITTER_COEFFICIENT_SOLUTION,PRESSURE_OUTPUT,OUTPUT_DEMAND,FITNESS
0.44408630742229005,26.549136119553516,10.1,113.89886438266353
