EMITTER_COEFFICIENT_SOLUTION,PRESSURE_OUTPUT,OUTPUT_DEMAND,FITNESS
0.2569997764869738,26.983804954163332,1.1,10.221972075190747
