EMITTER_COEFFICIENT_SOLUTION,PRESSURE_OUTPUT,OUTPUT_DEMAND,FITNESS
0.9703373138428878,24.5585505480207,23.0,3.391517071031424
