EMITTER_COEFFICIENT_SOLUTION,PRESSURE_OUTPUT,OUTPUT_DEMAND,FITNESS
0.2507864526775263,9.366705471044078,1.0,255.95242804770982
