EMITTER_COEFFICIENT_SOLUTION,PRESSURE_OUTPUT,OUTPUT_DEMAND,FITNESS
0.27171429641628975,9.366379093130313,1.0,236.21932264433048
