EMITTER_COEFFICIENT_SOLUTION,PRESSURE_OUTPUT,OUTPUT_DEMAND,FITNESS
0.12603484161703005,9.368649651854227,1.0,509.4775003935055
