EMITTER_COEFFICIENT_SOLUTION,PRESSURE_OUTPUT,OUTPUT_DEMAND,FITNESS
0.7828982519466401,9.358386532427737,1.0,81.79347143435295
