EMITTER_COEFFICIENT_SOLUTION,PRESSURE_OUTPUT,OUTPUT_DEMAND,FITNESS
0.827588192345684,9.357685924303155,1.0,77.36032482091083
