EMITTER_COEFFICIENT_SOLUTION,PRESSURE_OUTPUT,OUTPUT_DEMAND,FITNESS
0.39633371860545097,9.364434239111077,1.0,161.8592327660656
