EMITTER_COEFFICIENT_SOLUTION,PRESSURE_OUTPUT,OUTPUT_DEMAND,FITNESS
0.44887334117670363,9.363613587343835,1.0,142.8804175557669
