EMITTER_COEFFICIENT_SOLUTION,PRESSURE_OUTPUT,OUTPUT_DEMAND,FITNESS
0.961490712227987,9.355584933390432,1.0,66.54460753550698
