EMITTER_COEFFICIENT_SOLUTION,PRESSURE_OUTPUT,OUTPUT_DEMAND,FITNESS
0.3651906171521675,9.364920488225515,1.0,175.68644247629493
