EMITTER_COEFFICIENT_SOLUTION,PRESSURE_OUTPUT,OUTPUT_DEMAND,FITNESS
0.5612058670752094,9.361857598248996,1.0,114.22241782996497
