EMITTER_COEFFICIENT_SOLUTION,PRESSURE_OUTPUT,OUTPUT_DEMAND,FITNESS
0.48325606661240794,9.36307631575022,1.0,132.6940783871057
