EMITTER_COEFFICIENT_SOLUTION,PRESSURE_OUTPUT,OUTPUT_DEMAND,FITNESS
0.9370232394975595,9.355969039305151,1.0,68.2901149855893
