EMITTER_COEFFICIENT_SOLUTION,PRESSURE_OUTPUT,OUTPUT_DEMAND,FITNESS
0.6304214647474635,9.360774672246208,1.0,101.64900274447224
