EMITTER_COEFFICIENT_SOLUTION,PRESSURE_OUTPUT,OUTPUT_DEMAND,FITNESS
0.4552064092226291,9.3635146388593,1.0,140.88856311726957
