EMITTER_COEFFICIENT_SOLUTION,PRESSURE_OUTPUT,OUTPUT_DEMAND,FITNESS
0.07487828364141857,9.369446218309108,1.0,857.4647050954393
