EMITTER_COEFFICIENT_SOLUTION,PRESSURE_OUTPUT,OUTPUT_DEMAND,FITNESS
0.7498454618366539,9.35890451150685,1.0,85.41215440239345
