EMITTER_COEFFICIENT_SOLUTION,PRESSURE_OUTPUT,OUTPUT_DEMAND,FITNESS
0.15955584973367376,9.368127477095193,1.0,402.4193492830958
