EMITTER_COEFFICIENT_SOLUTION,PRESSURE_OUTPUT,OUTPUT_DEMAND,FITNESS
0.12000099174719026,9.368743626377046,1.0,535.0968148537745
