EMITTER_COEFFICIENT_SOLUTION,PRESSURE_OUTPUT,OUTPUT_DEMAND,FITNESS
0.15957361777373036,9.36812720026795,1.0,402.37452450382335
