EMITTER_COEFFICIENT_SOLUTION,PRESSURE_OUTPUT,OUTPUT_DEMAND,FITNESS
0.6704411146466152,9.36014820913784,1.0,95.56357630076604
