EMITTER_COEFFICIENT_SOLUTION,PRESSURE_OUTPUT,OUTPUT_DEMAND,FITNESS
0.5103087759959526,9.362653459636192,1.0,125.64412350121955
