EMITTER_COEFFICIENT_SOLUTION,PRESSURE_OUTPUT,OUTPUT_DEMAND,FITNESS
0.4285391511467267,9.363931249992078,1.0,149.67377678431117
