EMITTER_COEFFICIENT_SOLUTION,PRESSURE_OUTPUT,OUTPUT_DEMAND,FITNESS
0.8330030994206625,9.357601014018655,1.0,76.8554851799649
