EMITTER_COEFFICIENT_SOLUTION,PRESSURE_OUTPUT,OUTPUT_DEMAND,FITNESS
0.5328184865811334,9.362301530537309,1.0,120.32367262276989
