EMITTER_COEFFICIENT_SOLUTION,PRESSURE_OUTPUT,OUTPUT_DEMAND,FITNESS
0.545151454973299,9.362108677910868,1.0,117.5949136623889
