EMITTER_COEFFICIENT_SOLUTION,PRESSURE_OUTPUT,OUTPUT_DEMAND,FITNESS
0.8536430562670836,9.357277321937623,1.0,74.98992248813761
