EMITTER_COEFFICIENT_SOLUTION,PRESSURE_OUTPUT,OUTPUT_DEMAND,FITNESS
0.994818848190621,9.355061583203259,1.0,64.30510926011362
