EMITTER_COEFFICIENT_SOLUTION,PRESSURE_OUTPUT,OUTPUT_DEMAND,FITNESS
0.8271274005587201,9.357693149702207,1.0,77.40359027117246
