EMITTER_COEFFICIENT_SOLUTION,PRESSURE_OUTPUT,OUTPUT_DEMAND,FITNESS
0.44158799368757173,9.363727406880102,1.0,145.24243468577217
