EMITTER_COEFFICIENT_SOLUTION,PRESSURE_OUTPUT,OUTPUT_DEMAND,FITNESS
0.9934577703290588,9.355082959397421,1.0,64.39362464002892
