EMITTER_COEFFICIENT_SOLUTION,PRESSURE_OUTPUT,OUTPUT_DEMAND,FITNESS
0.42025421178595335,9.364060660277808,1.0,152.6301193571311
