EMITTER_COEFFICIENT_SOLUTION,PRESSURE_OUTPUT,OUTPUT_DEMAND,FITNESS
0.6738391669466726,9.36009500534518,1.0,95.08015601352146
