EMITTER_COEFFICIENT_SOLUTION,PRESSURE_OUTPUT,OUTPUT_DEMAND,FITNESS
0.8867677527742159,9.356757701067153,1.0,72.17743290561295
