EMITTER_COEFFICIENT_SOLUTION,PRESSURE_OUTPUT,OUTPUT_DEMAND,FITNESS
0.940304914920562,9.355917526678752,1.0,68.05072592552675
