EMITTER_COEFFICIENT_SOLUTION,PRESSURE_OUTPUT,OUTPUT_DEMAND,FITNESS
0.7936550699564917,9.358217924174511,1.0,80.68079816239157
