EMITTER_COEFFICIENT_SOLUTION,PRESSURE_OUTPUT,OUTPUT_DEMAND,FITNESS
0.8375914132107505,9.357529061974951,1.0,76.43281863085046
