EMITTER_COEFFICIENT_SOLUTION,PRESSURE_OUTPUT,OUTPUT_DEMAND,FITNESS
0.14138286049802806,9.368410588548862,1.0,454.16178681868814
