EMITTER_COEFFICIENT_SOLUTION,PRESSURE_OUTPUT,OUTPUT_DEMAND,FITNESS
0.6240926263946263,9.360873721171373,1.0,102.68283659207887
