EMITTER_COEFFICIENT_SOLUTION,PRESSURE_OUTPUT,OUTPUT_DEMAND,FITNESS
0.5422179442555464,9.362154551763936,1.0,118.23272384992394
