EMITTER_COEFFICIENT_SOLUTION,PRESSURE_OUTPUT,OUTPUT_DEMAND,FITNESS
0.29029681067324486,9.366089236258674,1.0,221.08189112769486
