EMITTER_COEFFICIENT_SOLUTION,PRESSURE_OUTPUT,OUTPUT_DEMAND,FITNESS
0.7991046926248349,9.358132497192841,1.0,80.12852694865137
