EMITTER_COEFFICIENT_SOLUTION,PRESSURE_OUTPUT,OUTPUT_DEMAND,FITNESS
0.7796291629312808,9.35843777048477,1.0,82.13770551113821
