EMITTER_COEFFICIENT_SOLUTION,PRESSURE_OUTPUT,OUTPUT_DEMAND,FITNESS
0.7234556454893502,9.359317955838897,1.0,88.53873800894516
