EMITTER_COEFFICIENT_SOLUTION,PRESSURE_OUTPUT,OUTPUT_DEMAND,FITNESS
0.13846185795192456,9.368456089309916,1.0,463.7449401016821
