EMITTER_COEFFICIENT_SOLUTION,PRESSURE_OUTPUT,OUTPUT_DEMAND,FITNESS
0.32315335081588725,9.365576600656745,1.0,198.57635004338204
