EMITTER_COEFFICIENT_SOLUTION,PRESSURE_OUTPUT,OUTPUT_DEMAND,FITNESS
0.5893823588293321,9.361416844276718,1.0,108.74762889911841
