EMITTER_COEFFICIENT_SOLUTION,PRESSURE_OUTPUT,OUTPUT_DEMAND,FITNESS
0.7977677182326428,9.358153455695366,1.0,80.26331907458928
