EMITTER_COEFFICIENT_SOLUTION,PRESSURE_OUTPUT,OUTPUT_DEMAND,FITNESS
0.5542815473774756,9.361965894462728,1.0,115.65302907319695
