EMITTER_COEFFICIENT_SOLUTION,PRESSURE_OUTPUT,OUTPUT_DEMAND,FITNESS
0.7825229819087829,9.358392414302891,1.0,81.83284113135673
