EMITTER_COEFFICIENT_SOLUTION,PRESSURE_OUTPUT,OUTPUT_DEMAND,FITNESS
0.43779676751169805,9.363786634337707,1.0,146.50270074945774
