EMITTER_COEFFICIENT_SOLUTION,PRESSURE_OUTPUT,OUTPUT_DEMAND,FITNESS
0.7432544930217291,9.359007780763044,1.0,86.17223223851413
