EMITTER_COEFFICIENT_SOLUTION,PRESSURE_OUTPUT,OUTPUT_DEMAND,FITNESS
0.060185005737709574,9.36967493654111,1.0,1066.6546879698778
