EMITTER_COEFFICIENT_SOLUTION,PRESSURE_OUTPUT,OUTPUT_DEMAND,FITNESS
0.8112694138644079,9.357941789889274,1.0,78.92250463300178
