EMITTER_COEFFICIENT_SOLUTION,PRESSURE_OUTPUT,OUTPUT_DEMAND,FITNESS
0.24936593998660928,9.366727622104449,1.0,257.4118548525031
