EMITTER_COEFFICIENT_SOLUTION,PRESSURE_OUTPUT,OUTPUT_DEMAND,FITNESS
0.8214006643603486,9.357782944558139,1.0,77.94534504544184
