EMITTER_COEFFICIENT_SOLUTION,PRESSURE_OUTPUT,OUTPUT_DEMAND,FITNESS
0.2515797270043214,9.36669310082344,1.0,255.14459229931822
