EMITTER_COEFFICIENT_SOLUTION,PRESSURE_OUTPUT,OUTPUT_DEMAND,FITNESS
0.4788804182654054,9.363144700404263,1.0,133.90920244673515
