EMITTER_COEFFICIENT_SOLUTION,PRESSURE_OUTPUT,OUTPUT_DEMAND,FITNESS
0.3776864853542823,9.364725402998246,1.0,169.8645343770252
