EMITTER_COEFFICIENT_SOLUTION,PRESSURE_OUTPUT,OUTPUT_DEMAND,FITNESS
0.4725100000305249,9.363244255100248,1.0,135.71850518954082
