EMITTER_COEFFICIENT_SOLUTION,PRESSURE_OUTPUT,OUTPUT_DEMAND,FITNESS
0.8541998608390688,9.357268588805994,1.0,74.94084396444215
