EMITTER_COEFFICIENT_SOLUTION,PRESSURE_OUTPUT,OUTPUT_DEMAND,FITNESS
0.08650465604288882,9.369265216992176,1.0,742.2637134674468
