EMITTER_COEFFICIENT_SOLUTION,PRESSURE_OUTPUT,OUTPUT_DEMAND,FITNESS
0.7885942084489319,9.358297253046373,1.0,81.20050712412113
