EMITTER_COEFFICIENT_SOLUTION,PRESSURE_OUTPUT,OUTPUT_DEMAND,FITNESS
0.7569731447466359,9.358792825529818,1.0,84.60507780667389
