EMITTER_COEFFICIENT_SOLUTION,PRESSURE_OUTPUT,OUTPUT_DEMAND,FITNESS
0.9801194531749233,9.355292427589362,1.0,65.27406843733729
