EMITTER_COEFFICIENT_SOLUTION,PRESSURE_OUTPUT,OUTPUT_DEMAND,FITNESS
0.13907504158702522,9.36844653779125,1.0,461.6998551591743
