EMITTER_COEFFICIENT_SOLUTION,PRESSURE_OUTPUT,OUTPUT_DEMAND,FITNESS
0.10031084317137196,9.36905025345925,1.0,640.1255219045242
