EMITTER_COEFFICIENT_SOLUTION,PRESSURE_OUTPUT,OUTPUT_DEMAND,FITNESS
0.3542750161142163,9.365090883131252,1.0,181.1081083558376
