EMITTER_COEFFICIENT_SOLUTION,PRESSURE_OUTPUT,OUTPUT_DEMAND,FITNESS
0.4316656099695233,9.363882412199409,1.0,148.5876402308234
