EMITTER_COEFFICIENT_SOLUTION,PRESSURE_OUTPUT,OUTPUT_DEMAND,FITNESS
0.8664046081183816,9.357077153320795,1.0,73.88092335303608
