EMITTER_COEFFICIENT_SOLUTION,PRESSURE_OUTPUT,OUTPUT_DEMAND,FITNESS
0.718181197863929,9.359400577112531,1.0,89.19118789718156
