EMITTER_COEFFICIENT_SOLUTION,PRESSURE_OUTPUT,OUTPUT_DEMAND,FITNESS
0.08309012429815654,9.369318377111348,1.0,772.7557492499276
