EMITTER_COEFFICIENT_SOLUTION,PRESSURE_OUTPUT,OUTPUT_DEMAND,FITNESS
0.048912526948828194,9.369850383900975,1.0,1312.227176775429
