EMITTER_COEFFICIENT_SOLUTION,PRESSURE_OUTPUT,OUTPUT_DEMAND,FITNESS
0.8153743700092386,9.357877431165022,1.0,78.52365536959205
