EMITTER_COEFFICIENT_SOLUTION,PRESSURE_OUTPUT,OUTPUT_DEMAND,FITNESS
0.6971849436644189,9.35972943036046,1.0,91.88628729940737
