EMITTER_COEFFICIENT_SOLUTION,PRESSURE_OUTPUT,OUTPUT_DEMAND,FITNESS
0.1284407716120297,9.368612179035189,1.0,499.93300043157797
