EMITTER_COEFFICIENT_SOLUTION,PRESSURE_OUTPUT,OUTPUT_DEMAND,FITNESS
0.0032358413485875648,9.37056110958099,1.0,19478.94280336401
