EMITTER_COEFFICIENT_SOLUTION,PRESSURE_OUTPUT,OUTPUT_DEMAND,FITNESS
0.4338647057102545,9.363848059680983,1.0,147.8330471899653
