EMITTER_COEFFICIENT_SOLUTION,PRESSURE_OUTPUT,OUTPUT_DEMAND,FITNESS
0.3548067470425438,9.365082583111231,1.0,180.83627509978905
