EMITTER_COEFFICIENT_SOLUTION,PRESSURE_OUTPUT,OUTPUT_DEMAND,FITNESS
0.7246891463682792,9.359298633135616,1.0,88.38752394678761
