EMITTER_COEFFICIENT_SOLUTION,PRESSURE_OUTPUT,OUTPUT_DEMAND,FITNESS
0.8292707145157447,9.357659541414392,1.0,77.20275485948682
