EMITTER_COEFFICIENT_SOLUTION,PRESSURE_OUTPUT,OUTPUT_DEMAND,FITNESS
0.8003432555397296,9.358113081156567,1.0,80.00405836387206
