EMITTER_COEFFICIENT_SOLUTION,PRESSURE_OUTPUT,OUTPUT_DEMAND,FITNESS
0.8719197677615129,9.356990638911498,1.0,73.41169310341579
