EMITTER_COEFFICIENT_SOLUTION,PRESSURE_OUTPUT,OUTPUT_DEMAND,FITNESS
0.9738019959101523,9.355391629203524,1.0,65.69949189414456
