EMITTER_COEFFICIENT_SOLUTION,PRESSURE_OUTPUT,OUTPUT_DEMAND,FITNESS
0.8941001285705288,9.356642657278947,1.0,71.5830384709783
