EMITTER_COEFFICIENT_SOLUTION,PRESSURE_OUTPUT,OUTPUT_DEMAND,FITNESS
0.47586510514361735,9.363191823436452,1.0,134.7595632748106
