EMITTER_COEFFICIENT_SOLUTION,PRESSURE_OUTPUT,OUTPUT_DEMAND,FITNESS
0.042128041730771226,9.369955969886014,1.0,1523.2821876219925
