EMITTER_COEFFICIENT_SOLUTION,PRESSURE_OUTPUT,OUTPUT_DEMAND,FITNESS
0.29962755795025586,9.36594367223121,1.0,214.18895420374056
