EMITTER_COEFFICIENT_SOLUTION,PRESSURE_OUTPUT,OUTPUT_DEMAND,FITNESS
0.8551883383660026,9.35725308503963,1.0,74.8538738431672
