EMITTER_COEFFICIENT_SOLUTION,PRESSURE_OUTPUT,OUTPUT_DEMAND,FITNESS
0.6646055451561237,9.36023957344699,1.0,96.40530063352136
