EMITTER_COEFFICIENT_SOLUTION,PRESSURE_OUTPUT,OUTPUT_DEMAND,FITNESS
0.8057261386820633,9.35802869500366,1.0,79.46755425389283
