EMITTER_COEFFICIENT_SOLUTION,PRESSURE_OUTPUT,OUTPUT_DEMAND,FITNESS
0.707804825905693,9.359563105008789,1.0,90.50312629624403
