EMITTER_COEFFICIENT_SOLUTION,PRESSURE_OUTPUT,OUTPUT_DEMAND,FITNESS
0.2129868217635369,9.36729480386741,1.0,301.4187901237452
