EMITTER_COEFFICIENT_SOLUTION,PRESSURE_OUTPUT,OUTPUT_DEMAND,FITNESS
0.8433448196645885,9.357438834975838,1.0,75.90932486089272
