EMITTER_COEFFICIENT_SOLUTION,PRESSURE_OUTPUT,OUTPUT_DEMAND,FITNESS
0.6890135375339372,9.359857396917825,1.0,92.97957572568576
