EMITTER_COEFFICIENT_SOLUTION,PRESSURE_OUTPUT,OUTPUT_DEMAND,FITNESS
0.9804627669247481,9.355287036439691,1.0,65.25110642469936
