EMITTER_COEFFICIENT_SOLUTION,PRESSURE_OUTPUT,OUTPUT_DEMAND,FITNESS
0.6028423378712786,9.36120625296715,1.0,106.31292413613589
