EMITTER_COEFFICIENT_SOLUTION,PRESSURE_OUTPUT,OUTPUT_DEMAND,FITNESS
0.1127219105430326,9.36885698751346,1.0,569.6514036044933
