EMITTER_COEFFICIENT_SOLUTION,PRESSURE_OUTPUT,OUTPUT_DEMAND,FITNESS
0.43552415436552705,9.363822136617266,1.0,147.2686715949459
