EMITTER_COEFFICIENT_SOLUTION,PRESSURE_OUTPUT,OUTPUT_DEMAND,FITNESS
0.14581690426980654,9.368341516527629,1.0,440.34812232927897
