EMITTER_COEFFICIENT_SOLUTION,PRESSURE_OUTPUT,OUTPUT_DEMAND,FITNESS
0.7583188604552302,9.358771738219424,1.0,84.45440325169467
