EMITTER_COEFFICIENT_SOLUTION,PRESSURE_OUTPUT,OUTPUT_DEMAND,FITNESS
0.32498017117436895,9.365548093399177,1.0,197.4585633471485
