EMITTER_COEFFICIENT_SOLUTION,PRESSURE_OUTPUT,OUTPUT_DEMAND,FITNESS
0.1500352980799362,9.368275801075598,1.0,427.96384332982825
