EMITTER_COEFFICIENT_SOLUTION,PRESSURE_OUTPUT,OUTPUT_DEMAND,FITNESS
0.6539916601349369,9.36040573612869,1.0,97.9747546306566
