EMITTER_COEFFICIENT_SOLUTION,PRESSURE_OUTPUT,OUTPUT_DEMAND,FITNESS
0.02440411768409101,9.370231772018073,1.0,2626.91236677845
