EMITTER_COEFFICIENT_SOLUTION,PRESSURE_OUTPUT,OUTPUT_DEMAND,FITNESS
0.513866727454384,9.362597837745561,1.0,124.77214541551797
