EMITTER_COEFFICIENT_SOLUTION,PRESSURE_OUTPUT,OUTPUT_DEMAND,FITNESS
0.12247504540084608,9.368705094758212,1.0,524.2869889035996
