EMITTER_COEFFICIENT_SOLUTION,PRESSURE_OUTPUT,OUTPUT_DEMAND,FITNESS
0.7552575971509055,9.358819707697442,1.0,84.79793951689567
