EMITTER_COEFFICIENT_SOLUTION,PRESSURE_OUTPUT,OUTPUT_DEMAND,FITNESS
0.999688870869075,9.354985095561354,1.0,63.99036967245829
