EMITTER_COEFFICIENT_SOLUTION,PRESSURE_OUTPUT,OUTPUT_DEMAND,FITNESS
0.021486311198945396,9.370277171482044,1.0,2982.6209774153867
