EMITTER_COEFFICIENT_SOLUTION,PRESSURE_OUTPUT,OUTPUT_DEMAND,FITNESS
0.6658696709382042,9.360219782156634,1.0,96.22171102366629
