EMITTER_COEFFICIENT_SOLUTION,PRESSURE_OUTPUT,OUTPUT_DEMAND,FITNESS
0.34564613031611247,9.365225569226517,1.0,185.6362867639712
