EMITTER_COEFFICIENT_SOLUTION,PRESSURE_OUTPUT,OUTPUT_DEMAND,FITNESS
0.8354680149929072,9.357562360621401,1.0,76.62784487952004
