EMITTER_COEFFICIENT_SOLUTION,PRESSURE_OUTPUT,OUTPUT_DEMAND,FITNESS
0.7392722278961654,9.35907017292093,1.0,86.63803918869567
