EMITTER_COEFFICIENT_SOLUTION,PRESSURE_OUTPUT,OUTPUT_DEMAND,FITNESS
0.38496379249853385,9.364611779011014,1.0,166.6481115558395
