EMITTER_COEFFICIENT_SOLUTION,PRESSURE_OUTPUT,OUTPUT_DEMAND,FITNESS
0.020399016192217623,9.370294088865457,1.0,3141.115849000311
