EMITTER_COEFFICIENT_SOLUTION,PRESSURE_OUTPUT,OUTPUT_DEMAND,FITNESS
0.4278640834291203,9.363941794897968,1.0,149.91037972056682
