EMITTER_COEFFICIENT_SOLUTION,PRESSURE_OUTPUT,OUTPUT_DEMAND,FITNESS
0.21749632202184177,9.36722450770501,1.0,295.16466868244123
