EMITTER_COEFFICIENT_SOLUTION,PRESSURE_OUTPUT,OUTPUT_DEMAND,FITNESS
0.6163676099523492,9.360994612714123,1.0,103.97351036239104
