EMITTER_COEFFICIENT_SOLUTION,PRESSURE_OUTPUT,OUTPUT_DEMAND,FITNESS
0.3315925719595405,9.36544490367745,1.0,193.51554968299493
