EMITTER_COEFFICIENT_SOLUTION,PRESSURE_OUTPUT,OUTPUT_DEMAND,FITNESS
0.5382838542175474,9.362216070515665,1.0,119.09899390560287
