EMITTER_COEFFICIENT_SOLUTION,PRESSURE_OUTPUT,OUTPUT_DEMAND,FITNESS
0.25757654450870926,9.36659958413437,1.0,249.19864351104712
