EMITTER_COEFFICIENT_SOLUTION,PRESSURE_OUTPUT,OUTPUT_DEMAND,FITNESS
0.8340326183213331,9.357584869802245,1.0,76.76024325127823
