EMITTER_COEFFICIENT_SOLUTION,PRESSURE_OUTPUT,OUTPUT_DEMAND,FITNESS
0.9224027327498323,9.356198518576832,1.0,69.37733876764226
