EMITTER_COEFFICIENT_SOLUTION,PRESSURE_OUTPUT,OUTPUT_DEMAND,FITNESS
0.30389059395345397,9.36587716251033,1.0,211.18055050967925
