EMITTER_COEFFICIENT_SOLUTION,PRESSURE_OUTPUT,OUTPUT_DEMAND,FITNESS
0.902451382000595,9.356511617669469,1.0,70.91781423909397
