EMITTER_COEFFICIENT_SOLUTION,PRESSURE_OUTPUT,OUTPUT_DEMAND,FITNESS
0.4371529501228897,9.36379669199495,1.0,146.71888720761206
