EMITTER_COEFFICIENT_SOLUTION,PRESSURE_OUTPUT,OUTPUT_DEMAND,FITNESS
0.8927625118792093,9.356663644867872,1.0,71.69074344548143
