EMITTER_COEFFICIENT_SOLUTION,PRESSURE_OUTPUT,OUTPUT_DEMAND,FITNESS
0.8377710211231877,9.357526245373684,1.0,76.41636765609144
