EMITTER_COEFFICIENT_SOLUTION,PRESSURE_OUTPUT,OUTPUT_DEMAND,FITNESS
0.9147019599471677,9.356319374841341,1.0,69.96396464283954
