EMITTER_COEFFICIENT_SOLUTION,PRESSURE_OUTPUT,OUTPUT_DEMAND,FITNESS
0.06321404626332772,9.36962778861281,1.0,1015.5805734756535
