EMITTER_COEFFICIENT_SOLUTION,PRESSURE_OUTPUT,OUTPUT_DEMAND,FITNESS
0.8124580768121843,9.357923153937278,1.0,78.80659620591939
