EMITTER_COEFFICIENT_SOLUTION,PRESSURE_OUTPUT,OUTPUT_DEMAND,FITNESS
0.5740704790827851,9.361656376879203,1.0,111.65611465360568
