EMITTER_COEFFICIENT_SOLUTION,PRESSURE_OUTPUT,OUTPUT_DEMAND,FITNESS
0.26785957809281635,9.366439213927592,1.0,239.6223661666142
