EMITTER_COEFFICIENT_SOLUTION,PRESSURE_OUTPUT,OUTPUT_DEMAND,FITNESS
0.7000948493300903,9.359683857988358,1.0,91.50312017281712
