EMITTER_COEFFICIENT_SOLUTION,PRESSURE_OUTPUT,OUTPUT_DEMAND,FITNESS
0.6323053699181114,9.360745187194297,1.0,101.34525822364485
