EMITTER_COEFFICIENT_SOLUTION,PRESSURE_OUTPUT,OUTPUT_DEMAND,FITNESS
0.276829031486733,9.366299316803918,1.0,231.85017341299238
