EMITTER_COEFFICIENT_SOLUTION,PRESSURE_OUTPUT,OUTPUT_DEMAND,FITNESS
0.45693952485868183,9.363487559437722,1.0,140.35309070094445
