EMITTER_COEFFICIENT_SOLUTION,PRESSURE_OUTPUT,OUTPUT_DEMAND,FITNESS
0.6205823143804674,9.36092865640834,1.0,103.26534670182015
