EMITTER_COEFFICIENT_SOLUTION,PRESSURE_OUTPUT,OUTPUT_DEMAND,FITNESS
0.8833954879829689,9.35681060865518,1.0,72.45411589308806
