EMITTER_COEFFICIENT_SOLUTION,PRESSURE_OUTPUT,OUTPUT_DEMAND,FITNESS
0.3582615910710567,9.365028653907473,1.0,179.08972825536966
