EMITTER_COEFFICIENT_SOLUTION,PRESSURE_OUTPUT,OUTPUT_DEMAND,FITNESS
0.04054018144975369,9.369980680527675,1.0,1582.8631844015824
