EMITTER_COEFFICIENT_SOLUTION,PRESSURE_OUTPUT,OUTPUT_DEMAND,FITNESS
0.04653299004832867,9.369887417088869,1.0,1379.2533093541024
