EMITTER_COEFFICIENT_SOLUTION,PRESSURE_OUTPUT,OUTPUT_DEMAND,FITNESS
0.6093686357742714,9.361104134430867,1.0,105.17113162115467
