EMITTER_COEFFICIENT_SOLUTION,PRESSURE_OUTPUT,OUTPUT_DEMAND,FITNESS
0.514549421375426,9.362587164890499,1.0,124.60621043726965
