EMITTER_COEFFICIENT_SOLUTION,PRESSURE_OUTPUT,OUTPUT_DEMAND,FITNESS
0.6607496059128941,9.360299940969668,1.0,96.96963961340144
