EMITTER_COEFFICIENT_SOLUTION,PRESSURE_OUTPUT,OUTPUT_DEMAND,FITNESS
0.8371293867114964,9.357536307426557,1.0,76.47516983721651
