EMITTER_COEFFICIENT_SOLUTION,PRESSURE_OUTPUT,OUTPUT_DEMAND,FITNESS
0.6756916725247502,9.360065999670155,1.0,94.8186590371263
