EMITTER_COEFFICIENT_SOLUTION,PRESSURE_OUTPUT,OUTPUT_DEMAND,FITNESS,NODE
0.04082226130242361,9.369976290764868,1.0,1571.9407210275115,N1
