EMITTER_COEFFICIENT_SOLUTION,PRESSURE_OUTPUT,OUTPUT_DEMAND,FITNESS,NODE
0.06128868702316259,9.369657757569797,1.0,1047.4609812279175,N1
