EMITTER_COEFFICIENT_SOLUTION,PRESSURE_OUTPUT,OUTPUT_DEMAND,FITNESS,NODE
0.0010720393260514882,9.370594770355531,1.0,56571.60084131444,N1
