EMITTER_COEFFICIENT_SOLUTION,PRESSURE_OUTPUT,OUTPUT_DEMAND,FITNESS,NODE
0.05621595581893746,9.369736713902341,1.0,1141.9003386414493,N1
