EMITTER_COEFFICIENT_SOLUTION,PRESSURE_OUTPUT,OUTPUT_DEMAND,FITNESS,NODE
0.005050049105419729,9.370532886658076,1.0,12569.06523756806,N1
