EMITTER_COEFFICIENT_SOLUTION,PRESSURE_OUTPUT,OUTPUT_DEMAND,FITNESS,NODE
0.49974834112398714,9.362818541008387,1.0,128.30536988442293,N1
