EMITTER_COEFFICIENT_SOLUTION,PRESSURE_OUTPUT,OUTPUT_DEMAND,FITNESS,NODE
0.040231771233716795,9.369985480033222,1.0,1594.9801860861965,N1
