EMITTER_COEFFICIENT_SOLUTION,PRESSURE_OUTPUT,OUTPUT_DEMAND,FITNESS,NODE
0.32700990275691444,9.365516419153295,1.0,196.23126412705412,N1
