EMITTER_COEFFICIENT_SOLUTION,PRESSURE_OUTPUT,OUTPUT_DEMAND,FITNESS,NODE
0.44141426404056494,9.363730120974147,1.0,145.29971206867327,N1
