EMITTER_COEFFICIENT_SOLUTION,PRESSURE_OUTPUT,OUTPUT_DEMAND,FITNESS,NODE
0.043552893199314546,9.369933795700383,1.0,1473.510620747576,N1
