EMITTER_COEFFICIENT_SOLUTION,PRESSURE_OUTPUT,OUTPUT_DEMAND,FITNESS,NODE
0.48200296679051147,9.363095900067194,1.0,133.03981199202818,N1
