EMITTER_COEFFICIENT_SOLUTION,PRESSURE_OUTPUT,OUTPUT_DEMAND,FITNESS,NODE
0.45175401105343593,9.363568580218846,1.0,141.96747627680458,N1
