EMITTER_COEFFICIENT_SOLUTION,PRESSURE_OUTPUT,OUTPUT_DEMAND,FITNESS,NODE
0.024820945706493847,9.370225286298371,1.0,2582.9063140794206,N1
