EMITTER_COEFFICIENT_SOLUTION,PRESSURE_OUTPUT,OUTPUT_DEMAND,FITNESS,NODE
0.012147258922898141,9.370422473354935,1.0,5263.886127234367,N1
