EMITTER_COEFFICIENT_SOLUTION,PRESSURE_OUTPUT,OUTPUT_DEMAND,FITNESS,NODE
0.45446499435144494,9.363526223110505,1.0,141.11888162208467,N1
