EMITTER_COEFFICIENT_SOLUTION,PRESSURE_OUTPUT,OUTPUT_DEMAND,FITNESS,NODE
0.15362228714914816,9.368219919732034,1.0,417.96805595117064,N1
