EMITTER_COEFFICIENT_SOLUTION,PRESSURE_OUTPUT,OUTPUT_DEMAND,FITNESS,NODE
0.30310129127295715,9.365889477015962,1.0,211.73117523294232,N1
