EMITTER_COEFFICIENT_SOLUTION,PRESSURE_OUTPUT,OUTPUT_DEMAND,FITNESS,NODE
0.019058578191848197,9.370314944692332,1.0,3361.3176806366223,N1
