EMITTER_COEFFICIENT_SOLUTION,PRESSURE_OUTPUT,OUTPUT_DEMAND,FITNESS,NODE
0.19843629736175084,9.367521603230053,1.0,323.53624187558137,N1
