EMITTER_COEFFICIENT_SOLUTION,PRESSURE_OUTPUT,OUTPUT_DEMAND,FITNESS
0.1729393566753693,30.231618578940108,1.7,1.2716219355767755
