EMITTER_COEFFICIENT_SOLUTION,PRESSURE_OUTPUT,OUTPUT_DEMAND,FITNESS
0.1738866157322304,30.22952114855892,1.7,1.2750225974105545
