EMITTER_COEFFICIENT_SOLUTION,PRESSURE_OUTPUT,OUTPUT_DEMAND,FITNESS
0.13942491654141154,30.305106168537556,1.7,1.1629464176022524
