EMITTER_COEFFICIENT_SOLUTION,PRESSURE_OUTPUT,OUTPUT_DEMAND,FITNESS
0.09819463051166055,27.740329254999537,1.7,0.5865467059989966
