EMITTER_COEFFICIENT_SOLUTION,PRESSURE_OUTPUT,OUTPUT_DEMAND,FITNESS
0.44079413925445843,29.596357779230992,1.7,6.616537324881287
