EMITTER_COEFFICIENT_SOLUTION,PRESSURE_OUTPUT,OUTPUT_DEMAND,FITNESS
0.039830785221376175,27.9188979587508,1.7,0.655168303591262
