EMITTER_COEFFICIENT_SOLUTION,PRESSURE_OUTPUT,OUTPUT_DEMAND,FITNESS
0.04170391929511297,27.913201715284675,1.7,0.6527323078139504
