EMITTER_COEFFICIENT_SOLUTION,PRESSURE_OUTPUT,OUTPUT_DEMAND,FITNESS
0.17356807895693738,27.506517543376027,1.7,0.5158080252370804
