EMITTER_COEFFICIENT_SOLUTION,PRESSURE_OUTPUT,OUTPUT_DEMAND,FITNESS
0.3919488031677828,29.718252470498072,1.7,3.6625857938498254
