EMITTER_COEFFICIENT_SOLUTION,PRESSURE_OUTPUT,OUTPUT_DEMAND,FITNESS
0.45087049264235246,29.57089454900998,1.7,7.957144384068671
