EMITTER_COEFFICIENT_SOLUTION,PRESSURE_OUTPUT,OUTPUT_DEMAND,FITNESS
0.13331061628564733,30.318360831459263,1.7,1.145292351302274
