EMITTER_COEFFICIENT_SOLUTION,PRESSURE_OUTPUT,OUTPUT_DEMAND,FITNESS
0.998678436385969,28.04343208859156,1.7,0.7133729866787284
