EMITTER_COEFFICIENT_SOLUTION,PRESSURE_OUTPUT,OUTPUT_DEMAND,FITNESS
0.6937190189421899,28.92640706019905,1.7,1.9274646355407583
