EMITTER_COEFFICIENT_SOLUTION,PRESSURE_OUTPUT,OUTPUT_DEMAND,FITNESS
0.09168395716405431,30.40733262150389,1.7,1.0393807890546332
