EMITTER_COEFFICIENT_SOLUTION,PRESSURE_OUTPUT,OUTPUT_DEMAND,FITNESS
0.5997081772599341,29.182672727199467,1.7,3.808789672565614
