EMITTER_COEFFICIENT_SOLUTION,PRESSURE_OUTPUT,OUTPUT_DEMAND,FITNESS
0.9989737147133716,28.04254269515984,1.7,0.712920660442903
