EMITTER_COEFFICIENT_SOLUTION,PRESSURE_OUTPUT,OUTPUT_DEMAND,FITNESS
0.14801325623863348,30.28640855038343,1.7,1.188795987539884
