EMITTER_COEFFICIENT_SOLUTION,PRESSURE_OUTPUT,OUTPUT_DEMAND,FITNESS
0.14787668917685315,30.286706596254813,1.7,1.1883749276027642
