EMITTER_COEFFICIENT_SOLUTION,PRESSURE_OUTPUT,OUTPUT_DEMAND,FITNESS
0.08624326431426299,27.77707644445242,1.7,0.5994675963582734
