EMITTER_COEFFICIENT_SOLUTION,PRESSURE_OUTPUT,OUTPUT_DEMAND,FITNESS
0.18103055894049735,30.213667175643167,1.7,1.3013278649475046
