EMITTER_COEFFICIENT_SOLUTION,PRESSURE_OUTPUT,OUTPUT_DEMAND,FITNESS
0.040481308893497214,27.916920069998913,1.7,0.6543204024857484
