EMITTER_COEFFICIENT_SOLUTION,PRESSURE_OUTPUT,OUTPUT_DEMAND,FITNESS
0.685588554641901,28.9488903420571,1.7,2.014776444922804
