EMITTER_COEFFICIENT_SOLUTION,PRESSURE_OUTPUT,OUTPUT_DEMAND,FITNESS
0.19152306681989606,30.190267837255004,1.7,1.342198079768642
