EMITTER_COEFFICIENT_SOLUTION,PRESSURE_OUTPUT,OUTPUT_DEMAND,FITNESS
0.7516081840516847,28.76463760433911,1.7,1.4693226315755479
