EMITTER_COEFFICIENT_SOLUTION,PRESSURE_OUTPUT,OUTPUT_DEMAND,FITNESS
0.7776181204240767,28.69101075107352,1.7,1.3258861446497716
