EMITTER_COEFFICIENT_SOLUTION,PRESSURE_OUTPUT,OUTPUT_DEMAND,FITNESS
0.8079342297050517,28.60447747165492,1.7,1.1894200818434655
