EMITTER_COEFFICIENT_SOLUTION,PRESSURE_OUTPUT,OUTPUT_DEMAND,FITNESS
0.8317323443843695,28.536019571858514,1.7,1.0998634773695217
