EMITTER_COEFFICIENT_SOLUTION,PRESSURE_OUTPUT,OUTPUT_DEMAND,FITNESS
0.24197450804689702,30.075882722039747,1.7,1.5856369240830452
