EMITTER_COEFFICIENT_SOLUTION,PRESSURE_OUTPUT,OUTPUT_DEMAND,FITNESS
0.2906663371214533,27.136687939710946,1.7,0.43317508017845924
