EMITTER_COEFFICIENT_SOLUTION,PRESSURE_OUTPUT,OUTPUT_DEMAND,FITNESS
0.42769586867344067,26.69487222375782,1.7,0.3635899431409225
