EMITTER_COEFFICIENT_SOLUTION,PRESSURE_OUTPUT,OUTPUT_DEMAND,FITNESS
0.17167607261183793,30.234414023338456,1.7,1.2671176511128048
