EMITTER_COEFFICIENT_SOLUTION,PRESSURE_OUTPUT,OUTPUT_DEMAND,FITNESS
0.2929747122301115,29.957166020520525,1.7,1.9533359871991371
