EMITTER_COEFFICIENT_SOLUTION,PRESSURE_OUTPUT,OUTPUT_DEMAND,FITNESS
0.17749495449761643,30.22152134651079,1.7,1.2881617550619975
