EMITTER_COEFFICIENT_SOLUTION,PRESSURE_OUTPUT,OUTPUT_DEMAND,FITNESS
0.2611204996837426,30.03167443715547,1.7,1.7051661536831544
