EMITTER_COEFFICIENT_SOLUTION,PRESSURE_OUTPUT,OUTPUT_DEMAND,FITNESS
0.4156028457083848,29.659544178942035,1.7,4.665857956614815
