EMITTER_COEFFICIENT_SOLUTION,PRESSURE_OUTPUT,OUTPUT_DEMAND,FITNESS
0.4464290312073266,29.582131478769792,1.7,7.304060086522938
