EMITTER_COEFFICIENT_SOLUTION,PRESSURE_OUTPUT,OUTPUT_DEMAND,FITNESS
0.21289465329118207,30.14219018013505,1.7,1.4347843387654122
