EMITTER_COEFFICIENT_SOLUTION,PRESSURE_OUTPUT,OUTPUT_DEMAND,FITNESS
0.3778967738656128,29.752839929664056,1.7,3.2507786596938937
