EMITTER_COEFFICIENT_SOLUTION,PRESSURE_OUTPUT,OUTPUT_DEMAND,FITNESS
0.33145297226567383,27.00614020392438,1.7,0.40999012782449107
