EMITTER_COEFFICIENT_SOLUTION,PRESSURE_OUTPUT,OUTPUT_DEMAND,FITNESS
0.06210469797215279,30.46919317093264,1.7,0.976589349189848
