EMITTER_COEFFICIENT_SOLUTION,PRESSURE_OUTPUT,OUTPUT_DEMAND,FITNESS
0.116402938354224,27.68416867853882,1.7,0.5678415504134547
