EMITTER_COEFFICIENT_SOLUTION,PRESSURE_OUTPUT,OUTPUT_DEMAND,FITNESS
0.897242718120122,28.345239645969517,1.7,0.9091043988735563
