EMITTER_COEFFICIENT_SOLUTION,PRESSURE_OUTPUT,OUTPUT_DEMAND,FITNESS
0.24005979032756786,27.297452931997423,1.7,0.46559911800702897
