EMITTER_COEFFICIENT_SOLUTION,PRESSURE_OUTPUT,OUTPUT_DEMAND,FITNESS
0.19414278804575114,27.44209788312653,1.7,0.49921985903002397
