EMITTER_COEFFICIENT_SOLUTION,PRESSURE_OUTPUT,OUTPUT_DEMAND,FITNESS
0.8705425819620275,28.42340217135606,1.7,0.9786448419361069
