EMITTER_COEFFICIENT_SOLUTION,PRESSURE_OUTPUT,OUTPUT_DEMAND,FITNESS
0.28087956538176595,27.167884766341718,1.7,0.43910906299984426
