EMITTER_COEFFICIENT_SOLUTION,PRESSURE_OUTPUT,OUTPUT_DEMAND,FITNESS
0.8525244562108109,28.47583473728985,1.7,1.0315780628617153
