EMITTER_COEFFICIENT_SOLUTION,PRESSURE_OUTPUT,OUTPUT_DEMAND,FITNESS
0.15255845864728668,30.276475672599577,1.7,1.2030012248033297
