EMITTER_COEFFICIENT_SOLUTION,PRESSURE_OUTPUT,OUTPUT_DEMAND,FITNESS
0.5110798788652288,29.41653666022683,1.7,34.85940445121723
