EMITTER_COEFFICIENT_SOLUTION,PRESSURE_OUTPUT,OUTPUT_DEMAND,FITNESS
0.37533784021793004,29.7591150723617,1.7,3.1857913827988886
