EMITTER_COEFFICIENT_SOLUTION,PRESSURE_OUTPUT,OUTPUT_DEMAND,FITNESS
0.35346000072395656,26.935354098790878,1.7,0.39842713322488893
