EMITTER_COEFFICIENT_SOLUTION,PRESSURE_OUTPUT,OUTPUT_DEMAND,FITNESS
0.6684487286185837,28.996091539484038,1.7,2.2265179963262143
