EMITTER_COEFFICIENT_SOLUTION,PRESSURE_OUTPUT,OUTPUT_DEMAND,FITNESS
0.18756848317398278,27.462709066294227,1.7,0.5044099916697434
