EMITTER_COEFFICIENT_SOLUTION,PRESSURE_OUTPUT,OUTPUT_DEMAND,FITNESS
0.540307520002194,29.340271530931908,1.7,9.528184081651338
