EMITTER_COEFFICIENT_SOLUTION,PRESSURE_OUTPUT,OUTPUT_DEMAND,FITNESS
0.3126134992716362,29.91064247386149,1.7,2.1485916559310754
