EMITTER_COEFFICIENT_SOLUTION,PRESSURE_OUTPUT,OUTPUT_DEMAND,FITNESS
0.13623723072301053,30.31202237779173,1.7,1.1536672632491278
