EMITTER_COEFFICIENT_SOLUTION,PRESSURE_OUTPUT,OUTPUT_DEMAND,FITNESS
0.20980151913496314,27.392905313930882,1.7,0.48725392229713077
