EMITTER_COEFFICIENT_SOLUTION,PRESSURE_OUTPUT,OUTPUT_DEMAND,FITNESS
0.5446319354187845,29.328915033562144,1.7,8.597839413612599
