EMITTER_COEFFICIENT_SOLUTION,PRESSURE_OUTPUT,OUTPUT_DEMAND,FITNESS
0.057912448002801376,30.477867893351025,1.7,0.9683855340909344
