EMITTER_COEFFICIENT_SOLUTION,PRESSURE_OUTPUT,OUTPUT_DEMAND,FITNESS
0.4027149088076881,29.69160678582922,1.7,4.058681023018575
