EMITTER_COEFFICIENT_SOLUTION,PRESSURE_OUTPUT,OUTPUT_DEMAND,FITNESS
0.35336455290897406,29.812700250595054,1.7,2.721244475454406
