EMITTER_COEFFICIENT_SOLUTION,PRESSURE_OUTPUT,OUTPUT_DEMAND,FITNESS
0.005764397030835311,30.58382091391903,1.7,0.878271877559345
