EMITTER_COEFFICIENT_SOLUTION,PRESSURE_OUTPUT,OUTPUT_DEMAND,FITNESS
0.12202389608758768,27.66678955084137,1.7,0.5622925156572224
