EMITTER_COEFFICIENT_SOLUTION,PRESSURE_OUTPUT,OUTPUT_DEMAND,FITNESS
0.16495814942603237,27.533401173848755,1.7,0.5230612063697129
