EMITTER_COEFFICIENT_SOLUTION,PRESSURE_OUTPUT,OUTPUT_DEMAND,FITNESS
0.36685016476582666,26.892168754716238,1.7,0.39168767177864083
