EMITTER_COEFFICIENT_SOLUTION,PRESSURE_OUTPUT,OUTPUT_DEMAND,FITNESS
0.24786094490498034,30.062337240295467,1.7,1.6204411082343078
