EMITTER_COEFFICIENT_SOLUTION,PRESSURE_OUTPUT,OUTPUT_DEMAND,FITNESS
0.41047105074913803,26.750897021459384,1.7,0.3711502943110094
