EMITTER_COEFFICIENT_SOLUTION,PRESSURE_OUTPUT,OUTPUT_DEMAND,FITNESS
0.10823859338257547,30.372215254409728,1.7,1.0787557142895519
