EMITTER_COEFFICIENT_SOLUTION,PRESSURE_OUTPUT,OUTPUT_DEMAND,FITNESS
0.5401586987163077,29.340662024758903,1.7,9.56376796506224
