EMITTER_COEFFICIENT_SOLUTION,PRESSURE_OUTPUT,OUTPUT_DEMAND,FITNESS
0.39432513186750373,29.712382019914813,1.7,3.7430655545492533
