EMITTER_COEFFICIENT_SOLUTION,PRESSURE_OUTPUT,OUTPUT_DEMAND,FITNESS
0.17541274277845986,30.22613964381256,1.7,1.2805436549310754
