EMITTER_COEFFICIENT_SOLUTION,PRESSURE_OUTPUT,OUTPUT_DEMAND,FITNESS
0.3930779451329758,26.80733274143732,1.7,0.37909078063038243
