EMITTER_COEFFICIENT_SOLUTION,PRESSURE_OUTPUT,OUTPUT_DEMAND,FITNESS
0.0677044140725922,27.833895401903504,1.7,0.6206061389185352
