EMITTER_COEFFICIENT_SOLUTION,PRESSURE_OUTPUT,OUTPUT_DEMAND,FITNESS
0.3797463809467736,26.850495398792145,1.7,0.3853968620173521
