EMITTER_COEFFICIENT_SOLUTION,PRESSURE_OUTPUT,OUTPUT_DEMAND,FITNESS
0.07218771860605555,27.820175270207777,1.7,0.615366418197971
