EMITTER_COEFFICIENT_SOLUTION,PRESSURE_OUTPUT,OUTPUT_DEMAND,FITNESS
0.8347511640848438,28.527302779636425,1.7,1.089418911695286
