EMITTER_COEFFICIENT_SOLUTION,PRESSURE_OUTPUT,OUTPUT_DEMAND,FITNESS
0.4919566155823124,29.46596802073346,1.7,48.20044329700308
