EMITTER_COEFFICIENT_SOLUTION,PRESSURE_OUTPUT,OUTPUT_DEMAND,FITNESS
0.09529551700377048,30.399701587313714,1.7,1.0476905997853627
