EMITTER_COEFFICIENT_SOLUTION,PRESSURE_OUTPUT,OUTPUT_DEMAND,FITNESS
0.32752321283596697,29.875026458691096,1.7,2.326635766529946
