EMITTER_COEFFICIENT_SOLUTION,PRESSURE_OUTPUT,OUTPUT_DEMAND,FITNESS
0.6726104184609044,28.984655185890293,1.7,2.171231394832585
