EMITTER_COEFFICIENT_SOLUTION,PRESSURE_OUTPUT,OUTPUT_DEMAND,FITNESS
0.4798130679607261,29.497162975711934,1.7,19.25237182210295
