EMITTER_COEFFICIENT_SOLUTION,PRESSURE_OUTPUT,OUTPUT_DEMAND,FITNESS
0.37713257397816247,29.754714694757872,1.7,3.2310869734531837
