EMITTER_COEFFICIENT_SOLUTION,PRESSURE_OUTPUT,OUTPUT_DEMAND,FITNESS
0.6391529954962419,29.076147185039357,1.7,2.709468035425946
