EMITTER_COEFFICIENT_SOLUTION,PRESSURE_OUTPUT,OUTPUT_DEMAND,FITNESS
0.5587200955115089,29.29178921192249,1.7,6.517455533399228
