EMITTER_COEFFICIENT_SOLUTION,PRESSURE_OUTPUT,OUTPUT_DEMAND,FITNESS
0.1305680529312534,27.64033461945757,1.7,0.5540507831418581
