EMITTER_COEFFICIENT_SOLUTION,PRESSURE_OUTPUT,OUTPUT_DEMAND,FITNESS
0.0696550954511036,30.45351137680055,1.7,0.9917781067071842
