EMITTER_COEFFICIENT_SOLUTION,PRESSURE_OUTPUT,OUTPUT_DEMAND,FITNESS
0.35713674562865105,29.803539404375226,1.7,2.790816466101659
