EMITTER_COEFFICIENT_SOLUTION,PRESSURE_OUTPUT,OUTPUT_DEMAND,FITNESS
0.2581887150498493,30.038472136774594,1.7,1.6856276936329864
