EMITTER_COEFFICIENT_SOLUTION,PRESSURE_OUTPUT,OUTPUT_DEMAND,FITNESS
0.012619306371914774,30.570101531886603,1.7,0.8889835491911681
