EMITTER_COEFFICIENT_SOLUTION,PRESSURE_OUTPUT,OUTPUT_DEMAND,FITNESS
0.4516842392846544,29.568833508433176,1.7,8.089817368288172
