EMITTER_COEFFICIENT_SOLUTION,PRESSURE_OUTPUT,OUTPUT_DEMAND,FITNESS
0.35700928113026953,29.803849214012693,1.7,2.7884055497712352
