EMITTER_COEFFICIENT_SOLUTION,PRESSURE_OUTPUT,OUTPUT_DEMAND,FITNESS
0.5436530227950208,29.331487416643235,1.7,8.79229811393174
