EMITTER_COEFFICIENT_SOLUTION,PRESSURE_OUTPUT,OUTPUT_DEMAND,FITNESS
0.2927174579806544,27.130143256785235,1.7,0.431950503287251
