EMITTER_COEFFICIENT_SOLUTION,PRESSURE_OUTPUT,OUTPUT_DEMAND,FITNESS
0.25420000991538894,27.25267212122131,1.7,0.4560896908252971
