EMITTER_COEFFICIENT_SOLUTION,PRESSURE_OUTPUT,OUTPUT_DEMAND,FITNESS
0.22945007581359667,27.330980801562514,1.7,0.4729826354302355
