EMITTER_COEFFICIENT_SOLUTION,PRESSURE_OUTPUT,OUTPUT_DEMAND,FITNESS
0.38219434998755897,29.742284963733205,1.7,3.366282051436822
