EMITTER_COEFFICIENT_SOLUTION,PRESSURE_OUTPUT,OUTPUT_DEMAND,FITNESS
0.1491266672772681,30.283977751914392,1.7,1.1922412350144478
