EMITTER_COEFFICIENT_SOLUTION,PRESSURE_OUTPUT,OUTPUT_DEMAND,FITNESS
0.05756922534305853,30.47857707368062,1.7,0.9677209420836128
