EMITTER_COEFFICIENT_SOLUTION,PRESSURE_OUTPUT,OUTPUT_DEMAND,FITNESS
0.1957569968169547,30.180787437592503,1.7,1.3594971015424204
