EMITTER_COEFFICIENT_SOLUTION,PRESSURE_OUTPUT,OUTPUT_DEMAND,FITNESS
0.1987200661594145,30.17413962259351,1.7,1.3718958645243424
