EMITTER_COEFFICIENT_SOLUTION,PRESSURE_OUTPUT,OUTPUT_DEMAND,FITNESS
0.2594468733950368,27.236027930065795,1.7,0.4526534877531469
