EMITTER_COEFFICIENT_SOLUTION,PRESSURE_OUTPUT,OUTPUT_DEMAND,FITNESS
0.35402986178299856,29.811085689964617,1.7,2.7332533361128357
