EMITTER_COEFFICIENT_SOLUTION,PRESSURE_OUTPUT,OUTPUT_DEMAND,FITNESS
0.9929777631541769,28.060590821378728,1.7,0.7222132937180274
