EMITTER_COEFFICIENT_SOLUTION,PRESSURE_OUTPUT,OUTPUT_DEMAND,FITNESS
0.6558734674047327,29.03055236373937,1.7,2.411550595192556
