EMITTER_COEFFICIENT_SOLUTION,PRESSURE_OUTPUT,OUTPUT_DEMAND,FITNESS
0.21910083004463454,30.12812454424226,1.7,1.4643363360074537
