EMITTER_COEFFICIENT_SOLUTION,PRESSURE_OUTPUT,OUTPUT_DEMAND,FITNESS
0.2510985245882412,30.05486955606942,1.7,1.640290165212102
