EMITTER_COEFFICIENT_SOLUTION,PRESSURE_OUTPUT,OUTPUT_DEMAND,FITNESS
0.11357665897585545,30.360816423354294,1.7,1.092185836556732
