EMITTER_COEFFICIENT_SOLUTION,PRESSURE_OUTPUT,OUTPUT_DEMAND,FITNESS
0.48994778889279844,29.471138881174088,1.7,38.583882611852054
