EMITTER_COEFFICIENT_SOLUTION,PRESSURE_OUTPUT,OUTPUT_DEMAND,FITNESS
0.28011194915246973,27.170329736411638,1.7,0.43958100090609337
