EMITTER_COEFFICIENT_SOLUTION,PRESSURE_OUTPUT,OUTPUT_DEMAND,FITNESS
0.04036666397285871,30.51392205388121,1.7,0.935715651390274
