EMITTER_COEFFICIENT_SOLUTION,PRESSURE_OUTPUT,OUTPUT_DEMAND,FITNESS
0.594142073913631,29.197585594649652,1.7,4.038156884820225
