EMITTER_COEFFICIENT_SOLUTION,PRESSURE_OUTPUT,OUTPUT_DEMAND,FITNESS
0.6294889243249234,29.10238159589181,1.7,2.916797808593743
