EMITTER_COEFFICIENT_SOLUTION,PRESSURE_OUTPUT,OUTPUT_DEMAND,FITNESS
0.12582944577363653,30.33451416158103,1.7,1.1244889841257248
