EMITTER_COEFFICIENT_SOLUTION,PRESSURE_OUTPUT,OUTPUT_DEMAND,FITNESS
0.5908006318773488,29.206523946475702,1.7,4.189369960463634
