EMITTER_COEFFICIENT_SOLUTION,PRESSURE_OUTPUT,OUTPUT_DEMAND,FITNESS
0.26439333141683674,27.220323050471134,1.7,0.44945834745440877
