EMITTER_COEFFICIENT_SOLUTION,PRESSURE_OUTPUT,OUTPUT_DEMAND,FITNESS
0.019088427543940578,30.55709582384178,1.7,0.8993820793262268
