EMITTER_COEFFICIENT_SOLUTION,PRESSURE_OUTPUT,OUTPUT_DEMAND,FITNESS
0.32586126680398353,27.02408780602478,1.7,0.41302933799093894
