EMITTER_COEFFICIENT_SOLUTION,PRESSURE_OUTPUT,OUTPUT_DEMAND,FITNESS
0.06660933971257865,27.83724462163565,1.7,0.6218987843521165
