EMITTER_COEFFICIENT_SOLUTION,PRESSURE_OUTPUT,OUTPUT_DEMAND,FITNESS
0.32998571575473734,29.86911972110686,1.7,2.3590558629657905
