EMITTER_COEFFICIENT_SOLUTION,PRESSURE_OUTPUT,OUTPUT_DEMAND,FITNESS
0.04605856681035847,30.50227069639721,1.7,0.9460296043976056
