EMITTER_COEFFICIENT_SOLUTION,PRESSURE_OUTPUT,OUTPUT_DEMAND,FITNESS
0.5288842807341653,29.37018085334516,1.7,13.325787343366622
