EMITTER_COEFFICIENT_SOLUTION,PRESSURE_OUTPUT,OUTPUT_DEMAND,FITNESS
0.2119128019261307,27.386261869869987,1.7,0.4856817490199632
