EMITTER_COEFFICIENT_SOLUTION,PRESSURE_OUTPUT,OUTPUT_DEMAND,FITNESS
0.030164344967869905,27.948254323951314,1.7,0.6680165055198687
