EMITTER_COEFFICIENT_SOLUTION,PRESSURE_OUTPUT,OUTPUT_DEMAND,FITNESS
0.4917737658039023,26.485323026318706,1.7,0.3378492177344805
