EMITTER_COEFFICIENT_SOLUTION,PRESSURE_OUTPUT,OUTPUT_DEMAND,FITNESS
0.31216524649869815,27.067981162474844,1.7,0.42065550424923126
