EMITTER_COEFFICIENT_SOLUTION,PRESSURE_OUTPUT,OUTPUT_DEMAND,FITNESS
0.4739246398511535,29.512234591729378,1.7,14.92241801566978
