EMITTER_COEFFICIENT_SOLUTION,PRESSURE_OUTPUT,OUTPUT_DEMAND,FITNESS
0.8080005437446008,28.604287353457167,1.7,1.189151178609013
