EMITTER_COEFFICIENT_SOLUTION,PRESSURE_OUTPUT,OUTPUT_DEMAND,FITNESS
0.8098445377618905,28.598999292737123,1.7,1.1817201634066055
