EMITTER_COEFFICIENT_SOLUTION,PRESSURE_OUTPUT,OUTPUT_DEMAND,FITNESS
0.05144237851955469,30.49121043978321,1.7,0.9560328922205302
