EMITTER_COEFFICIENT_SOLUTION,PRESSURE_OUTPUT,OUTPUT_DEMAND,FITNESS
0.3496021549219456,29.821821450434754,1.7,2.6553363333614906
