EMITTER_COEFFICIENT_SOLUTION,PRESSURE_OUTPUT,OUTPUT_DEMAND,FITNESS
0.32981381404572596,29.86953228045818,1.7,2.3567621428985435
