EMITTER_COEFFICIENT_SOLUTION,PRESSURE_OUTPUT,OUTPUT_DEMAND,FITNESS
0.4136881112617544,29.66431900901855,1.7,4.5641741854747675
