EMITTER_COEFFICIENT_SOLUTION,PRESSURE_OUTPUT,OUTPUT_DEMAND,FITNESS
0.7313239906031493,28.821654540214755,1.7,1.6036723240244968
