EMITTER_COEFFICIENT_SOLUTION,PRESSURE_OUTPUT,OUTPUT_DEMAND,FITNESS
0.3519035678841972,29.816244006783826,1.7,2.6952530000339676
