EMITTER_COEFFICIENT_SOLUTION,PRESSURE_OUTPUT,OUTPUT_DEMAND,FITNESS
0.2026199101295464,30.165373740798962,1.7,1.3885949364086017
