EMITTER_COEFFICIENT_SOLUTION,PRESSURE_OUTPUT,OUTPUT_DEMAND,FITNESS
0.9695231836740889,28.13094599261653,1.7,0.7608744185452399
