EMITTER_COEFFICIENT_SOLUTION,PRESSURE_OUTPUT,OUTPUT_DEMAND,FITNESS
0.002080733747225505,28.03318049778387,1.7,0.7081938180167635
