EMITTER_COEFFICIENT_SOLUTION,PRESSURE_OUTPUT,OUTPUT_DEMAND,FITNESS
0.2235436905871433,27.349618298148545,1.7,0.4771891591530397
