EMITTER_COEFFICIENT_SOLUTION,PRESSURE_OUTPUT,OUTPUT_DEMAND,FITNESS
0.07066258739843834,27.824844066132943,1.7,0.6171394723842502
