EMITTER_COEFFICIENT_SOLUTION,PRESSURE_OUTPUT,OUTPUT_DEMAND,FITNESS
0.27482196992955454,29.999771648896218,1.7,1.8032628498058356
