EMITTER_COEFFICIENT_SOLUTION,PRESSURE_OUTPUT,OUTPUT_DEMAND,FITNESS
0.3332976384270451,29.861164657063917,1.7,2.4041736445475914
