EMITTER_COEFFICIENT_SOLUTION,PRESSURE_OUTPUT,OUTPUT_DEMAND,FITNESS
0.4262190177498494,29.632998773105083,1.7,5.325453096210552
