EMITTER_COEFFICIENT_SOLUTION,PRESSURE_OUTPUT,OUTPUT_DEMAND,FITNESS
0.15060488866591937,30.280748093352155,1.7,1.19684974338569
