EMITTER_COEFFICIENT_SOLUTION,PRESSURE_OUTPUT,OUTPUT_DEMAND,FITNESS,NODE
0.37332236496529936,28.929314021405077,1.2,24.517170178776542,N10
