EMITTER_COEFFICIENT_SOLUTION,PRESSURE_OUTPUT,OUTPUT_DEMAND,FITNESS,NODE
0.6187985988755859,28.900867133045878,1.2,14.44363899650368,N10
