EMITTER_COEFFICIENT_SOLUTION,PRESSURE_OUTPUT,OUTPUT_DEMAND,FITNESS,NODE
0.5170084451565476,28.912817647081624,1.2,17.456846200980543,N10
