EMITTER_COEFFICIENT_SOLUTION,PRESSURE_OUTPUT,OUTPUT_DEMAND,FITNESS,NODE
0.11176314756363659,28.958207810382007,1.2,84.07634018744386,N10
