EMITTER_COEFFICIENT_SOLUTION,PRESSURE_OUTPUT,OUTPUT_DEMAND,FITNESS,NODE
0.31836884253460684,28.935506859829573,1.2,28.905992229629735,N10
