EMITTER_COEFFICIENT_SOLUTION,PRESSURE_OUTPUT,OUTPUT_DEMAND,FITNESS,NODE
0.21262943317151806,28.947240404784083,1.2,43.741933175125354,N10
