EMITTER_COEFFICIENT_SOLUTION,PRESSURE_OUTPUT,OUTPUT_DEMAND,FITNESS,NODE
0.6326051882027038,28.899229430343517,1.2,14.109878475922399,N10
