EMITTER_COEFFICIENT_SOLUTION,PRESSURE_OUTPUT,OUTPUT_DEMAND,FITNESS,NODE
0.7476675827334945,28.885426177792617,1.2,11.80977962492483,N10
