EMITTER_COEFFICIENT_SOLUTION,PRESSURE_OUTPUT,OUTPUT_DEMAND,FITNESS,NODE
0.04875402081307223,28.964946422560608,1.2,193.97361371477194,N10
