EMITTER_COEFFICIENT_SOLUTION,PRESSURE_OUTPUT,OUTPUT_DEMAND,FITNESS,NODE
0.4542219608748085,28.92007998649521,1.2,19.991293220981937,N10
