EMITTER_COEFFICIENT_SOLUTION,PRESSURE_OUTPUT,OUTPUT_DEMAND,FITNESS,NODE
0.1290787981570335,28.956340771419924,1.2,72.66918228857462,N10
