EMITTER_COEFFICIENT_SOLUTION,PRESSURE_OUTPUT,OUTPUT_DEMAND,FITNESS,NODE
0.8584828000558914,28.87187256272098,1.2,10.180272240276652,N10
