EMITTER_COEFFICIENT_SOLUTION,PRESSURE_OUTPUT,OUTPUT_DEMAND,FITNESS,NODE
0.8817233079788297,28.868997904644814,1.2,9.890819371597845,N10
