EMITTER_COEFFICIENT_SOLUTION,PRESSURE_OUTPUT,OUTPUT_DEMAND,FITNESS,NODE
0.9455164353138087,28.861050193371533,1.2,9.169973473230225,N10
