EMITTER_COEFFICIENT_SOLUTION,PRESSURE_OUTPUT,OUTPUT_DEMAND,FITNESS,NODE
0.2922359951053112,28.938429122747515,1.2,31.572991530327307,N10
