EMITTER_COEFFICIENT_SOLUTION,PRESSURE_OUTPUT,OUTPUT_DEMAND,FITNESS,NODE
0.03844884660043213,28.966040251669433,1.2,246.213770588653,N10
