EMITTER_COEFFICIENT_SOLUTION,PRESSURE_OUTPUT,OUTPUT_DEMAND,FITNESS,NODE
0.06487275669177539,28.963230850471817,1.2,145.54107727640715,N10
