EMITTER_COEFFICIENT_SOLUTION,PRESSURE_OUTPUT,OUTPUT_DEMAND,FITNESS,NODE
0.6616490337073181,28.895771299190997,1.2,13.453434161356261,N10
