EMITTER_COEFFICIENT_SOLUTION,PRESSURE_OUTPUT,OUTPUT_DEMAND,FITNESS,NODE
0.2820569792519533,28.939563404050666,1.2,32.745702026240835,N10
