EMITTER_COEFFICIENT_SOLUTION,PRESSURE_OUTPUT,OUTPUT_DEMAND,FITNESS,NODE
0.6915210558441197,28.892196176303855,1.2,12.83604993426446,N10
