EMITTER_COEFFICIENT_SOLUTION,PRESSURE_OUTPUT,OUTPUT_DEMAND,FITNESS,NODE
0.8251514095325466,28.875975955519237,1.2,10.624078853439654,N10
