EMITTER_COEFFICIENT_SOLUTION,PRESSURE_OUTPUT,OUTPUT_DEMAND,FITNESS,NODE
0.6202422612835276,28.900696076425447,1.2,14.408041335877448,N10
