EMITTER_COEFFICIENT_SOLUTION,PRESSURE_OUTPUT,OUTPUT_DEMAND,FITNESS,NODE
0.7913806419392827,28.880110046436904,1.2,11.112133861296117,N10
