EMITTER_COEFFICIENT_SOLUTION,PRESSURE_OUTPUT,OUTPUT_DEMAND,FITNESS,NODE
0.22598580206248176,28.945771596962643,1.2,41.101240395738365,N10
