EMITTER_COEFFICIENT_SOLUTION,PRESSURE_OUTPUT,OUTPUT_DEMAND,FITNESS,NODE
0.9370263984380457,28.862112744517987,1.2,9.260200849780682,N10
