EMITTER_COEFFICIENT_SOLUTION,PRESSURE_OUTPUT,OUTPUT_DEMAND,FITNESS,NODE
0.33584814994536416,28.93354408777521,1.2,27.354037037655537,N10
