EMITTER_COEFFICIENT_SOLUTION,PRESSURE_OUTPUT,OUTPUT_DEMAND,FITNESS,NODE
0.025134593618177603,28.967450015620678,1.2,377.10983967757966,N10
