EMITTER_COEFFICIENT_SOLUTION,PRESSURE_OUTPUT,OUTPUT_DEMAND,FITNESS,NODE
0.9058043378730088,28.866007564809983,1.2,9.606683351510267,N10
