EMITTER_COEFFICIENT_SOLUTION,PRESSURE_OUTPUT,OUTPUT_DEMAND,FITNESS,NODE
0.3375399671902418,28.933353764128036,1.2,27.212366191223218,N10
