EMITTER_COEFFICIENT_SOLUTION,PRESSURE_OUTPUT,OUTPUT_DEMAND,FITNESS,NODE
0.7269127584707108,28.887936378499205,1.2,12.170575322128373,N10
