EMITTER_COEFFICIENT_SOLUTION,PRESSURE_OUTPUT,OUTPUT_DEMAND,FITNESS,NODE
0.3067904022558975,28.936803409013116,1.2,30.03151455203606,N10
