EMITTER_COEFFICIENT_SOLUTION,PRESSURE_OUTPUT,OUTPUT_DEMAND,FITNESS,NODE
0.8434585782416174,28.87372501490026,1.2,10.375946693752935,N10
