EMITTER_COEFFICIENT_SOLUTION,PRESSURE_OUTPUT,OUTPUT_DEMAND,FITNESS,NODE
0.8437862834937911,28.873684659226257,1.2,10.371603809490843,N10
