EMITTER_COEFFICIENT_SOLUTION,PRESSURE_OUTPUT,OUTPUT_DEMAND,FITNESS,NODE
0.8467988243807295,28.873313572371146,1.2,10.331838980556842,N10
