EMITTER_COEFFICIENT_SOLUTION,PRESSURE_OUTPUT,OUTPUT_DEMAND,FITNESS,NODE
0.5193622488240045,28.912543767515523,1.2,17.373780878270967,N10
