EMITTER_COEFFICIENT_SOLUTION,PRESSURE_OUTPUT,OUTPUT_DEMAND,FITNESS,NODE
0.4570370926488295,28.919756156325818,1.2,19.86270635297694,N10
