EMITTER_COEFFICIENT_SOLUTION,PRESSURE_OUTPUT,OUTPUT_DEMAND,FITNESS,NODE
0.7235568341085977,28.88834142129015,1.2,12.230868658695169,N10
