EMITTER_COEFFICIENT_SOLUTION,PRESSURE_OUTPUT,OUTPUT_DEMAND,FITNESS,NODE
0.5693141974838652,28.906703998178422,1.2,15.77342677664948,N10
