EMITTER_COEFFICIENT_SOLUTION,PRESSURE_OUTPUT,OUTPUT_DEMAND,FITNESS,NODE
0.7245995239323663,28.888215599076467,1.2,12.212075313182185,N10
