EMITTER_COEFFICIENT_SOLUTION,PRESSURE_OUTPUT,OUTPUT_DEMAND,FITNESS,NODE
0.32521818038109174,28.934738519910063,1.2,28.27794949794292,N10
