EMITTER_COEFFICIENT_SOLUTION,PRESSURE_OUTPUT,OUTPUT_DEMAND,FITNESS,NODE
0.9741360865607632,28.857457500648877,1.2,8.877504986161792,N10
