EMITTER_COEFFICIENT_SOLUTION,PRESSURE_OUTPUT,OUTPUT_DEMAND,FITNESS,NODE
0.0774346874478179,28.961889895244823,1.2,121.77497728949491,N10
