EMITTER_COEFFICIENT_SOLUTION,PRESSURE_OUTPUT,OUTPUT_DEMAND,FITNESS,NODE
0.5403681917484054,28.910094418338772,1.2,16.664626754119006,N10
