EMITTER_COEFFICIENT_SOLUTION,PRESSURE_OUTPUT,OUTPUT_DEMAND,FITNESS,NODE
0.5168979305832616,28.91283050325775,1.2,17.460764890576304,N10
