EMITTER_COEFFICIENT_SOLUTION,PRESSURE_OUTPUT,OUTPUT_DEMAND,FITNESS,NODE
0.4929283313360614,28.915612791437994,1.2,18.35233759692681,N10
