EMITTER_COEFFICIENT_SOLUTION,PRESSURE_OUTPUT,OUTPUT_DEMAND,FITNESS,NODE
0.26530179446207425,28.941425642611776,1.2,34.872220828725105,N10
