EMITTER_COEFFICIENT_SOLUTION,PRESSURE_OUTPUT,OUTPUT_DEMAND,FITNESS,NODE
0.6358898989585805,28.89883921840474,1.2,14.032617088846584,N10
