EMITTER_COEFFICIENT_SOLUTION,PRESSURE_OUTPUT,OUTPUT_DEMAND,FITNESS,NODE
0.27042848345069503,28.940856485855733,1.2,34.19355534583943,N10
