EMITTER_COEFFICIENT_SOLUTION,PRESSURE_OUTPUT,OUTPUT_DEMAND,FITNESS,NODE
0.7378843472096773,28.886610530274318,1.2,11.977305499958876,N10
