EMITTER_COEFFICIENT_SOLUTION,PRESSURE_OUTPUT,OUTPUT_DEMAND,FITNESS,NODE
0.8771656164516247,28.869562529341863,1.2,9.946365855217595,N10
