EMITTER_COEFFICIENT_SOLUTION,PRESSURE_OUTPUT,OUTPUT_DEMAND,FITNESS,NODE
0.3467171810016375,28.93232029112366,1.2,26.468000116939734,N10
