EMITTER_COEFFICIENT_SOLUTION,PRESSURE_OUTPUT,OUTPUT_DEMAND,FITNESS,NODE
0.40277228372061324,28.92596868346034,1.2,22.658740613120763,N10
