EMITTER_COEFFICIENT_SOLUTION,PRESSURE_OUTPUT,OUTPUT_DEMAND,FITNESS,NODE
0.3720243392923547,28.929461043654804,1.2,24.605863725090504,N10
