EMITTER_COEFFICIENT_SOLUTION,PRESSURE_OUTPUT,OUTPUT_DEMAND,FITNESS,NODE
0.44298932426270665,28.92137042422639,1.2,20.520675744784075,N10
