EMITTER_COEFFICIENT_SOLUTION,PRESSURE_OUTPUT,OUTPUT_DEMAND,FITNESS,NODE
0.7470739015674662,28.885498105117577,1.2,11.819819921985554,N10
