EMITTER_COEFFICIENT_SOLUTION,PRESSURE_OUTPUT,OUTPUT_DEMAND,FITNESS,NODE
0.13113471388354292,28.956118660840197,1.2,71.51488947779501,N10
