EMITTER_COEFFICIENT_SOLUTION,PRESSURE_OUTPUT,OUTPUT_DEMAND,FITNESS,NODE
0.7992009101374625,28.879154816420417,1.2,10.995421379791926,N10
