EMITTER_COEFFICIENT_SOLUTION,PRESSURE_OUTPUT,OUTPUT_DEMAND,FITNESS,NODE
0.28273288835116606,28.939488154335898,1.2,32.665211523777735,N10
