EMITTER_COEFFICIENT_SOLUTION,PRESSURE_OUTPUT,OUTPUT_DEMAND,FITNESS,NODE
0.038309633610641325,28.96605501229336,1.2,247.11184146228635,N10
