EMITTER_COEFFICIENT_SOLUTION,PRESSURE_OUTPUT,OUTPUT_DEMAND,FITNESS,NODE
0.43586519153062964,28.92218747649541,1.2,20.870601955299463,N10
