EMITTER_COEFFICIENT_SOLUTION,PRESSURE_OUTPUT,OUTPUT_DEMAND,FITNESS,NODE
0.6615809651484311,28.895779424452215,1.2,13.454904952898676,N10
