EMITTER_COEFFICIENT_SOLUTION,PRESSURE_OUTPUT,OUTPUT_DEMAND,FITNESS,NODE
0.2116649316130964,28.947346322242275,1.2,43.94553434652723,N10
