EMITTER_COEFFICIENT_SOLUTION,PRESSURE_OUTPUT,OUTPUT_DEMAND,FITNESS,NODE
0.8037852569786733,28.878594259507608,1.2,10.928065597657618,N10
