EMITTER_COEFFICIENT_SOLUTION,PRESSURE_OUTPUT,OUTPUT_DEMAND,FITNESS,NODE
0.8591010804298719,28.871796230529625,1.2,10.172367471645881,N10
