EMITTER_COEFFICIENT_SOLUTION,PRESSURE_OUTPUT,OUTPUT_DEMAND,FITNESS,NODE
0.8412396981747575,28.873998203409748,1.2,10.405441849043358,N10
