EMITTER_COEFFICIENT_SOLUTION,PRESSURE_OUTPUT,OUTPUT_DEMAND,FITNESS,NODE
0.33567572755378394,28.933563481261636,1.2,27.368555786810056,N10
