EMITTER_COEFFICIENT_SOLUTION,PRESSURE_OUTPUT,OUTPUT_DEMAND,FITNESS,NODE
0.3871905631919287,28.927740980200127,1.2,23.606740379299488,N10
