EMITTER_COEFFICIENT_SOLUTION,PRESSURE_OUTPUT,OUTPUT_DEMAND,FITNESS,NODE
0.6890739218004703,28.892489752604085,1.2,12.884603760325508,N10
