EMITTER_COEFFICIENT_SOLUTION,PRESSURE_OUTPUT,OUTPUT_DEMAND,FITNESS,NODE
0.24930714337752213,28.94319770351445,1.2,37.16911209639102,N10
