EMITTER_COEFFICIENT_SOLUTION,PRESSURE_OUTPUT,OUTPUT_DEMAND,FITNESS,NODE
0.12322281477907004,28.95697291710519,1.2,76.16815780199173,N10
