EMITTER_COEFFICIENT_SOLUTION,PRESSURE_OUTPUT,OUTPUT_DEMAND,FITNESS,NODE
0.07571581941272665,28.96207358415672,1.2,124.56125220016031,N10
