EMITTER_COEFFICIENT_SOLUTION,PRESSURE_OUTPUT,OUTPUT_DEMAND,FITNESS,NODE
0.7553140171937974,28.88449912157921,1.2,11.681882524924251,N10
