EMITTER_COEFFICIENT_SOLUTION,PRESSURE_OUTPUT,OUTPUT_DEMAND,FITNESS,NODE
0.30889536521195826,28.936567910065598,1.2,29.82061155501172,N10
