EMITTER_COEFFICIENT_SOLUTION,PRESSURE_OUTPUT,OUTPUT_DEMAND,FITNESS,NODE
0.45371258852653684,28.920138562635657,1.2,20.014730726840032,N10
