EMITTER_COEFFICIENT_SOLUTION,PRESSURE_OUTPUT,OUTPUT_DEMAND,FITNESS,NODE
0.5072916040307772,28.91394702267462,1.2,17.807935636046963,N10
