EMITTER_COEFFICIENT_SOLUTION,PRESSURE_OUTPUT,OUTPUT_DEMAND,FITNESS,NODE
0.3077620092005887,28.936694719435884,1.2,29.933807234070002,N10
