EMITTER_COEFFICIENT_SOLUTION,PRESSURE_OUTPUT,OUTPUT_DEMAND,FITNESS,NODE
0.09447625741250298,28.960065223584515,1.2,99.63593687887719,N10
