EMITTER_COEFFICIENT_SOLUTION,PRESSURE_OUTPUT,OUTPUT_DEMAND,FITNESS,NODE
0.0013908866032327216,28.969954431518204,1.2,6787.419166878825,N10
