EMITTER_COEFFICIENT_SOLUTION,PRESSURE_OUTPUT,OUTPUT_DEMAND,FITNESS,NODE
0.08352265710126494,28.96123877712904,1.2,112.82879418522099,N10
