EMITTER_COEFFICIENT_SOLUTION,PRESSURE_OUTPUT,OUTPUT_DEMAND,FITNESS,NODE
0.7927426100061735,28.879943775780447,1.2,11.091640704224623,N10
