EMITTER_COEFFICIENT_SOLUTION,PRESSURE_OUTPUT,OUTPUT_DEMAND,FITNESS,NODE
0.6351753743605747,28.898924120604413,1.2,14.04935549179479,N10
