EMITTER_COEFFICIENT_SOLUTION,PRESSURE_OUTPUT,OUTPUT_DEMAND,FITNESS,NODE
0.22015159058077127,28.946413663081977,1.2,42.21528981708956,N10
