EMITTER_COEFFICIENT_SOLUTION,PRESSURE_OUTPUT,OUTPUT_DEMAND,FITNESS,NODE
0.8677392566373675,28.87072894785932,1.2,10.063114337259728,N10
