EMITTER_COEFFICIENT_SOLUTION,PRESSURE_OUTPUT,OUTPUT_DEMAND,FITNESS,NODE
0.7073101976282047,28.890298993834612,1.2,12.530893494358518,N10
