EMITTER_COEFFICIENT_SOLUTION,PRESSURE_OUTPUT,OUTPUT_DEMAND,FITNESS,NODE
0.36234818241630273,28.930555889585648,1.2,25.28708852810796,N10
