EMITTER_COEFFICIENT_SOLUTION,PRESSURE_OUTPUT,OUTPUT_DEMAND,FITNESS,NODE
0.008564084854938314,28.969199131555676,1.2,1107.8719800033357,N10
