EMITTER_COEFFICIENT_SOLUTION,PRESSURE_OUTPUT,OUTPUT_DEMAND,FITNESS,NODE
0.8641736349573831,28.87116968147658,1.2,10.107944615951213,N10
