EMITTER_COEFFICIENT_SOLUTION,PRESSURE_OUTPUT,OUTPUT_DEMAND,FITNESS,NODE
0.07860467621495404,28.96176482600393,1.2,119.94813079687997,N10
