EMITTER_COEFFICIENT_SOLUTION,PRESSURE_OUTPUT,OUTPUT_DEMAND,FITNESS,NODE
0.3158814128191535,28.935785643830584,1.2,29.14082438373514,N10
