EMITTER_COEFFICIENT_SOLUTION,PRESSURE_OUTPUT,OUTPUT_DEMAND,FITNESS,NODE
0.6396958657864737,28.898386800659736,1.2,13.94409155973146,N10
