EMITTER_COEFFICIENT_SOLUTION,PRESSURE_OUTPUT,OUTPUT_DEMAND,FITNESS,NODE
0.39517377178688917,28.926833600348168,1.2,23.111681672944087,N10
