EMITTER_COEFFICIENT_SOLUTION,PRESSURE_OUTPUT,OUTPUT_DEMAND,FITNESS,NODE
0.5746623523729576,28.906075643232924,1.2,15.61862572403925,N10
