EMITTER_COEFFICIENT_SOLUTION,PRESSURE_OUTPUT,OUTPUT_DEMAND,FITNESS,NODE
0.5471495861930075,28.909301702553037,1.2,16.447352090064097,N10
