EMITTER_COEFFICIENT_SOLUTION,PRESSURE_OUTPUT,OUTPUT_DEMAND,FITNESS,NODE
0.07238055370735574,28.962429826916512,1.2,130.34519568068188,N10
