EMITTER_COEFFICIENT_SOLUTION,PRESSURE_OUTPUT,OUTPUT_DEMAND,FITNESS,NODE
0.2229653235314687,28.94610409824373,1.2,41.670721437686865,N10
