EMITTER_COEFFICIENT_SOLUTION,PRESSURE_OUTPUT,OUTPUT_DEMAND,FITNESS,NODE
0.8578366317030942,28.871952329516084,1.2,10.188545825377453,N10
