EMITTER_COEFFICIENT_SOLUTION,PRESSURE_OUTPUT,OUTPUT_DEMAND,FITNESS,NODE
0.4002090677051121,28.926260584541268,1.2,22.809605875451595,N10
