EMITTER_COEFFICIENT_SOLUTION,PRESSURE_OUTPUT,OUTPUT_DEMAND,FITNESS,NODE
0.5642295739894286,28.907300832861452,1.2,15.923331056113666,N10
