EMITTER_COEFFICIENT_SOLUTION,PRESSURE_OUTPUT,OUTPUT_DEMAND,FITNESS,NODE
0.0008479695548645472,28.970011561224595,1.2,11086.265768674159,N10
