EMITTER_COEFFICIENT_SOLUTION,PRESSURE_OUTPUT,OUTPUT_DEMAND,FITNESS,NODE
0.9996931593530504,28.854235115817367,1.2,8.630611353492768,N10
