EMITTER_COEFFICIENT_SOLUTION,PRESSURE_OUTPUT,OUTPUT_DEMAND,FITNESS,NODE
0.7962583596023879,28.87951439152325,1.2,11.039066312990204,N10
