EMITTER_COEFFICIENT_SOLUTION,PRESSURE_OUTPUT,OUTPUT_DEMAND,FITNESS,NODE
0.8452942179096198,28.873498934217146,1.2,10.351663749372344,N10
