EMITTER_COEFFICIENT_SOLUTION,PRESSURE_OUTPUT,OUTPUT_DEMAND,FITNESS,NODE
0.5766068181874008,28.90584703875942,1.2,15.563058016652553,N10
