EMITTER_COEFFICIENT_SOLUTION,PRESSURE_OUTPUT,OUTPUT_DEMAND,FITNESS,NODE
0.05746236615439837,28.964020270835867,1.2,164.43333078326188,N10
