EMITTER_COEFFICIENT_SOLUTION,PRESSURE_OUTPUT,OUTPUT_DEMAND,FITNESS,NODE
0.46647662043525073,28.91866908185395,1.2,19.442890769387066,N10
