EMITTER_COEFFICIENT_SOLUTION,PRESSURE_OUTPUT,OUTPUT_DEMAND,FITNESS,NODE
0.19758118649776313,28.94889064582793,1.2,47.14508884767657,N10
