EMITTER_COEFFICIENT_SOLUTION,PRESSURE_OUTPUT,OUTPUT_DEMAND,FITNESS,NODE
0.6649513227803395,28.895376992699653,1.2,13.382443291730985,N10
