EMITTER_COEFFICIENT_SOLUTION,PRESSURE_OUTPUT,OUTPUT_DEMAND,FITNESS,NODE
0.2386253843488998,28.944378072133958,1.2,38.874670365364004,N10
