EMITTER_COEFFICIENT_SOLUTION,PRESSURE_OUTPUT,OUTPUT_DEMAND,FITNESS,NODE
0.9440396409747448,28.861235124224635,1.2,9.185550430851087,N10
