EMITTER_COEFFICIENT_SOLUTION,PRESSURE_OUTPUT,OUTPUT_DEMAND,FITNESS,NODE
0.3334139995609803,28.933817813800367,1.2,27.560395827461367,N10
