EMITTER_COEFFICIENT_SOLUTION,PRESSURE_OUTPUT,OUTPUT_DEMAND,FITNESS,NODE
0.22259021122813183,28.946145377711453,1.2,41.74252464110865,N10
