EMITTER_COEFFICIENT_SOLUTION,PRESSURE_OUTPUT,OUTPUT_DEMAND,FITNESS,NODE
0.9850932543545071,28.856077589777158,1.2,8.770070173821676,N10
