EMITTER_COEFFICIENT_SOLUTION,PRESSURE_OUTPUT,OUTPUT_DEMAND,FITNESS,NODE
0.6968256417742499,28.89155937037051,1.2,12.731977821189668,N10
