EMITTER_COEFFICIENT_SOLUTION,PRESSURE_OUTPUT,OUTPUT_DEMAND,FITNESS,NODE
0.4891516321129882,28.916050066457352,1.2,18.50080691986623,N10
