EMITTER_COEFFICIENT_SOLUTION,PRESSURE_OUTPUT,OUTPUT_DEMAND,FITNESS,NODE
0.3243604065575004,28.934834797720626,1.2,28.355147494687518,N10
