EMITTER_COEFFICIENT_SOLUTION,PRESSURE_OUTPUT,OUTPUT_DEMAND,FITNESS,NODE
0.25723927622491904,28.942319585042497,1.2,35.994298370180076,N10
