EMITTER_COEFFICIENT_SOLUTION,PRESSURE_OUTPUT,OUTPUT_DEMAND,FITNESS,NODE
0.7507225122550737,28.88505594270825,1.2,11.758367400964044,N10
