EMITTER_COEFFICIENT_SOLUTION,PRESSURE_OUTPUT,OUTPUT_DEMAND,FITNESS,NODE
0.3678251000301139,28.929936428397255,1.2,24.89709128059047,N10
