EMITTER_COEFFICIENT_SOLUTION,PRESSURE_OUTPUT,OUTPUT_DEMAND,FITNESS,NODE
0.7520007165416164,28.884900976225488,1.2,11.736980828025379,N10
