EMITTER_COEFFICIENT_SOLUTION,PRESSURE_OUTPUT,OUTPUT_DEMAND,FITNESS,NODE
0.7980997707575374,28.87928939491391,1.2,11.011715936106972,N10
