EMITTER_COEFFICIENT_SOLUTION,PRESSURE_OUTPUT,OUTPUT_DEMAND,FITNESS,NODE
0.8520943093398977,28.872660817461913,1.2,10.26262620163671,N10
