EMITTER_COEFFICIENT_SOLUTION,PRESSURE_OUTPUT,OUTPUT_DEMAND,FITNESS,NODE
0.5080672786461927,28.913856940311057,1.2,17.779414238738127,N10
