EMITTER_COEFFICIENT_SOLUTION,PRESSURE_OUTPUT,OUTPUT_DEMAND,FITNESS,NODE
0.5989085921066649,28.90321941078664,1.2,14.951627268774207,N10
