EMITTER_COEFFICIENT_SOLUTION,PRESSURE_OUTPUT,OUTPUT_DEMAND,FITNESS,NODE
0.9795040745554676,28.856781779673632,1.2,8.824568900618983,N10
