EMITTER_COEFFICIENT_SOLUTION,PRESSURE_OUTPUT,OUTPUT_DEMAND,FITNESS,NODE
0.09650235087033388,28.95984786481958,1.2,97.52388700623602,N10
