EMITTER_COEFFICIENT_SOLUTION,PRESSURE_OUTPUT,OUTPUT_DEMAND,FITNESS,NODE
0.33215119449515174,28.933959769241454,1.2,27.668645200219085,N10
