EMITTER_COEFFICIENT_SOLUTION,PRESSURE_OUTPUT,OUTPUT_DEMAND,FITNESS,NODE
0.3496090796412742,28.93199425239898,1.2,26.241546253008185,N10
