EMITTER_COEFFICIENT_SOLUTION,PRESSURE_OUTPUT,OUTPUT_DEMAND,FITNESS,NODE
0.0256517097150063,28.967395333786627,1.2,369.49055366118193,N10
