EMITTER_COEFFICIENT_SOLUTION,PRESSURE_OUTPUT,OUTPUT_DEMAND,FITNESS,NODE
0.17488375656612132,28.951370441687807,1.2,53.386517024086785,N10
