EMITTER_COEFFICIENT_SOLUTION,PRESSURE_OUTPUT,OUTPUT_DEMAND,FITNESS,NODE
0.7470134241548793,28.88550543183591,1.2,11.820843612850114,N10
