EMITTER_COEFFICIENT_SOLUTION,PRESSURE_OUTPUT,OUTPUT_DEMAND,FITNESS,NODE
0.9312935473754723,28.862829391355156,1.2,9.322064809284536,N10
