EMITTER_COEFFICIENT_SOLUTION,PRESSURE_OUTPUT,OUTPUT_DEMAND,FITNESS,NODE
0.3932063134698863,28.927057349915977,1.2,23.23181872266587,N10
