EMITTER_COEFFICIENT_SOLUTION,PRESSURE_OUTPUT,OUTPUT_DEMAND,FITNESS,NODE
0.3314818560815972,28.93403499758641,1.2,27.726356679641277,N10
