EMITTER_COEFFICIENT_SOLUTION,PRESSURE_OUTPUT,OUTPUT_DEMAND,FITNESS,NODE
0.7036122679892168,28.890743793233703,1.2,12.601128833268929,N10
