EMITTER_COEFFICIENT_SOLUTION,PRESSURE_OUTPUT,OUTPUT_DEMAND,FITNESS,NODE
0.7633776671140214,28.883520167736215,1.2,11.549798751617208,N10
