EMITTER_COEFFICIENT_SOLUTION,PRESSURE_OUTPUT,OUTPUT_DEMAND,FITNESS,NODE
0.9660537259685257,28.858473795601583,1.2,8.958328490580604,N10
