EMITTER_COEFFICIENT_SOLUTION,PRESSURE_OUTPUT,OUTPUT_DEMAND,FITNESS,NODE
0.12638642696958968,28.956631502134755,1.2,74.23761245078272,N10
