EMITTER_COEFFICIENT_SOLUTION,PRESSURE_OUTPUT,OUTPUT_DEMAND,FITNESS,NODE
0.23194473903468393,28.945115053043317,1.2,40.02127550285448,N10
