EMITTER_COEFFICIENT_SOLUTION,PRESSURE_OUTPUT,OUTPUT_DEMAND,FITNESS,NODE
0.6677542969251465,28.895042127680945,1.2,13.322739935742144,N10
