EMITTER_COEFFICIENT_SOLUTION,PRESSURE_OUTPUT,OUTPUT_DEMAND,FITNESS,NODE
0.6842188789772948,28.893071829835698,1.2,12.981966359339438,N10
