EMITTER_COEFFICIENT_SOLUTION,PRESSURE_OUTPUT,OUTPUT_DEMAND,FITNESS,NODE
0.9188532849582874,28.864382195238555,1.2,9.458986845140549,N10
