EMITTER_COEFFICIENT_SOLUTION,PRESSURE_OUTPUT,OUTPUT_DEMAND,FITNESS,NODE
0.7631522845737612,28.88354754824551,1.2,11.553452408151985,N10
