EMITTER_COEFFICIENT_SOLUTION,PRESSURE_OUTPUT,OUTPUT_DEMAND,FITNESS,NODE
0.18894695151971563,28.949835300394398,1.2,49.3426022718308,N10
