EMITTER_COEFFICIENT_SOLUTION,PRESSURE_OUTPUT,OUTPUT_DEMAND,FITNESS,NODE
0.6214273553282151,28.90055562440103,1.2,14.378943551061038,N10
