EMITTER_COEFFICIENT_SOLUTION,PRESSURE_OUTPUT,OUTPUT_DEMAND,FITNESS,NODE
0.18831762226480142,28.949904090197883,1.2,49.51065469846207,N10
