EMITTER_COEFFICIENT_SOLUTION,PRESSURE_OUTPUT,OUTPUT_DEMAND,FITNESS,NODE
0.40648577242438655,28.925545540110683,1.2,22.44355416335236,N10
