EMITTER_COEFFICIENT_SOLUTION,PRESSURE_OUTPUT,OUTPUT_DEMAND,FITNESS,NODE
0.07224328179132022,28.962444483838034,1.2,130.59469152413578,N10
