EMITTER_COEFFICIENT_SOLUTION,PRESSURE_OUTPUT,OUTPUT_DEMAND,FITNESS,NODE
0.5231517762954715,28.91210258685321,1.2,17.241624239604853,N10
