EMITTER_COEFFICIENT_SOLUTION,PRESSURE_OUTPUT,OUTPUT_DEMAND,FITNESS,NODE
0.24441198187286883,28.943738940156777,1.2,37.93220509321526,N10
