EMITTER_COEFFICIENT_SOLUTION,PRESSURE_OUTPUT,OUTPUT_DEMAND,FITNESS,NODE
0.9498036429057936,28.860513076966498,1.2,9.125029571008755,N10
