EMITTER_COEFFICIENT_SOLUTION,PRESSURE_OUTPUT,OUTPUT_DEMAND,FITNESS,NODE
0.45671385930481334,28.91979334704125,1.2,19.877389945110224,N10
