EMITTER_COEFFICIENT_SOLUTION,PRESSURE_OUTPUT,OUTPUT_DEMAND,FITNESS,NODE
0.7499596057431065,28.885148419539448,1.2,11.771167092112234,N10
