EMITTER_COEFFICIENT_SOLUTION,PRESSURE_OUTPUT,OUTPUT_DEMAND,FITNESS,NODE
0.7539844219665855,28.884660409295513,1.2,11.703934424555639,N10
