EMITTER_COEFFICIENT_SOLUTION,PRESSURE_OUTPUT,OUTPUT_DEMAND,FITNESS,NODE
0.3017429718395731,28.937367717651043,1.2,30.549233731898934,N10
