EMITTER_COEFFICIENT_SOLUTION,PRESSURE_OUTPUT,OUTPUT_DEMAND,FITNESS,NODE
0.5090440485686404,28.913743485813917,1.2,17.74362261050955,N10
