EMITTER_COEFFICIENT_SOLUTION,PRESSURE_OUTPUT,OUTPUT_DEMAND,FITNESS,NODE
0.17616633969368178,28.951230611555054,1.2,52.99093735768624,N10
