EMITTER_COEFFICIENT_SOLUTION,PRESSURE_OUTPUT,OUTPUT_DEMAND,FITNESS,NODE
0.4948478272367637,28.91539043206256,1.2,18.277749494943958,N10
