EMITTER_COEFFICIENT_SOLUTION,PRESSURE_OUTPUT,OUTPUT_DEMAND,FITNESS,NODE
0.08532485222038322,28.96104587397535,1.2,110.42538239965799,N10
