EMITTER_COEFFICIENT_SOLUTION,PRESSURE_OUTPUT,OUTPUT_DEMAND,FITNESS,NODE
0.7549073000225607,28.884548462657136,1.2,11.688619806527534,N10
