EMITTER_COEFFICIENT_SOLUTION,PRESSURE_OUTPUT,OUTPUT_DEMAND,FITNESS,NODE
0.7893153139357362,28.88036211084861,1.2,11.143346078190014,N10
