EMITTER_COEFFICIENT_SOLUTION,PRESSURE_OUTPUT,OUTPUT_DEMAND,FITNESS,NODE
0.8265555564664239,28.875803554855125,1.2,10.604655385195148,N10
