EMITTER_COEFFICIENT_SOLUTION,PRESSURE_OUTPUT,OUTPUT_DEMAND,FITNESS,NODE
0.35261906798161935,28.931654709954294,1.2,26.009795882587294,N10
