EMITTER_COEFFICIENT_SOLUTION,PRESSURE_OUTPUT,OUTPUT_DEMAND,FITNESS,NODE
0.4395847916082284,28.92176101766112,1.2,20.686482895226963,N10
