EMITTER_COEFFICIENT_SOLUTION,PRESSURE_OUTPUT,OUTPUT_DEMAND,FITNESS,NODE
0.48910343498611664,28.916055644882164,1.2,18.50271649939021,N10
