EMITTER_COEFFICIENT_SOLUTION,PRESSURE_OUTPUT,OUTPUT_DEMAND,FITNESS,NODE
0.05158874692382065,28.964645125725404,1.2,183.2630544801714,N10
