EMITTER_COEFFICIENT_SOLUTION,PRESSURE_OUTPUT,OUTPUT_DEMAND,FITNESS,NODE
0.811253007820521,28.877680200209582,1.2,10.819985841421918,N10
