EMITTER_COEFFICIENT_SOLUTION,PRESSURE_OUTPUT,OUTPUT_DEMAND,FITNESS,NODE
0.32105860806659126,28.935205249270467,1.2,28.656157745740433,N10
