EMITTER_COEFFICIENT_SOLUTION,PRESSURE_OUTPUT,OUTPUT_DEMAND,FITNESS,NODE
0.6003746322658169,28.90304631389023,1.2,14.913031146999524,N10
