EMITTER_COEFFICIENT_SOLUTION,PRESSURE_OUTPUT,OUTPUT_DEMAND,FITNESS,NODE
0.6731800502071404,28.89439345898726,1.2,13.208590709551904,N10
