EMITTER_COEFFICIENT_SOLUTION,PRESSURE_OUTPUT,OUTPUT_DEMAND,FITNESS,NODE
0.04373982207593319,28.965478939139125,1.2,216.3180010264434,N10
