EMITTER_COEFFICIENT_SOLUTION,PRESSURE_OUTPUT,OUTPUT_DEMAND,FITNESS,NODE
0.2154724717104487,28.946928077304406,1.2,43.15239347178762,N10
