EMITTER_COEFFICIENT_SOLUTION,PRESSURE_OUTPUT,OUTPUT_DEMAND,FITNESS,NODE
0.04952898197588074,28.964864071138052,1.2,190.92379641281136,N10
