EMITTER_COEFFICIENT_SOLUTION,PRESSURE_OUTPUT,OUTPUT_DEMAND,FITNESS,NODE
0.4691669752567541,28.918358909336753,1.2,19.32634036766894,N10
