EMITTER_COEFFICIENT_SOLUTION,PRESSURE_OUTPUT,OUTPUT_DEMAND,FITNESS,NODE
0.5822066525115374,28.905188240516452,1.2,15.405110721598051,N10
