EMITTER_COEFFICIENT_SOLUTION,PRESSURE_OUTPUT,OUTPUT_DEMAND,FITNESS,NODE
0.6773470357254338,28.893894863374598,1.2,13.122171429719446,N10
