EMITTER_COEFFICIENT_SOLUTION,PRESSURE_OUTPUT,OUTPUT_DEMAND,FITNESS,NODE
0.8725150827274087,28.87013821526172,1.2,10.003646563141144,N10
