EMITTER_COEFFICIENT_SOLUTION,PRESSURE_OUTPUT,OUTPUT_DEMAND,FITNESS,NODE
0.11453154196923865,28.957909750657564,1.2,82.02091486116394,N10
