EMITTER_COEFFICIENT_SOLUTION,PRESSURE_OUTPUT,OUTPUT_DEMAND,FITNESS,NODE
0.8299693915844425,28.87538423562087,1.2,10.557708045011005,N10
