EMITTER_COEFFICIENT_SOLUTION,PRESSURE_OUTPUT,OUTPUT_DEMAND,FITNESS,NODE
0.039345477697668385,28.96594517251313,1.2,240.5817993646476,N10
