EMITTER_COEFFICIENT_SOLUTION,PRESSURE_OUTPUT,OUTPUT_DEMAND,FITNESS,NODE
0.3857571207171103,28.92790376282533,1.2,23.697805528419156,N10
