EMITTER_COEFFICIENT_SOLUTION,PRESSURE_OUTPUT,OUTPUT_DEMAND,FITNESS,NODE
0.5641627379470348,28.907308674474507,1.2,15.925319564781935,N10
