EMITTER_COEFFICIENT_SOLUTION,PRESSURE_OUTPUT,OUTPUT_DEMAND,FITNESS,NODE
0.6251133206680993,28.900118592238414,1.2,14.289149665834275,N10
