EMITTER_COEFFICIENT_SOLUTION,PRESSURE_OUTPUT,OUTPUT_DEMAND,FITNESS,NODE
0.33057327430988626,28.93413709963395,1.2,27.805070548449912,N10
