EMITTER_COEFFICIENT_SOLUTION,PRESSURE_OUTPUT,OUTPUT_DEMAND,FITNESS,NODE
0.5865071907955072,28.904681851876177,1.2,15.285866091839546,N10
