EMITTER_COEFFICIENT_SOLUTION,PRESSURE_OUTPUT,OUTPUT_DEMAND,FITNESS,NODE
0.6032940770976275,28.902701477634885,1.2,14.836732451903664,N10
