EMITTER_COEFFICIENT_SOLUTION,PRESSURE_OUTPUT,OUTPUT_DEMAND,FITNESS,NODE
0.7921795376598432,28.88001252096651,1.2,11.100104499539086,N10
