EMITTER_COEFFICIENT_SOLUTION,PRESSURE_OUTPUT,OUTPUT_DEMAND,FITNESS,NODE
0.12144235632616118,28.957164967102443,1.2,77.29889331793055,N10
