EMITTER_COEFFICIENT_SOLUTION,PRESSURE_OUTPUT,OUTPUT_DEMAND,FITNESS,NODE
0.4690432600352029,28.918373175899674,1.2,19.331670504576973,N10
