EMITTER_COEFFICIENT_SOLUTION,PRESSURE_OUTPUT,OUTPUT_DEMAND,FITNESS,NODE
0.38780614809336933,28.927671060539268,1.2,23.567839885350736,N10
