EMITTER_COEFFICIENT_SOLUTION,PRESSURE_OUTPUT,OUTPUT_DEMAND,FITNESS,NODE
0.6638624101023004,28.895507038391685,1.2,13.405773749881854,N10
