EMITTER_COEFFICIENT_SOLUTION,PRESSURE_OUTPUT,OUTPUT_DEMAND,FITNESS,NODE
0.9645228127410147,28.858666145818255,1.2,8.973791557694621,N10
