EMITTER_COEFFICIENT_SOLUTION,PRESSURE_OUTPUT,OUTPUT_DEMAND,FITNESS,NODE
0.9539107527011245,28.859998171064966,1.2,9.082355835315981,N10
