EMITTER_COEFFICIENT_SOLUTION,PRESSURE_OUTPUT,OUTPUT_DEMAND,FITNESS,NODE
0.7850946916173788,28.880876945080075,1.2,11.207644063356451,N10
