EMITTER_COEFFICIENT_SOLUTION,PRESSURE_OUTPUT,OUTPUT_DEMAND,FITNESS,NODE
0.24891587716530672,28.943240983118443,1.2,37.229001067002386,N10
