EMITTER_COEFFICIENT_SOLUTION,PRESSURE_OUTPUT,OUTPUT_DEMAND,FITNESS,NODE
0.0715153150481499,28.962522204069685,1.2,131.93379975909673,N10
