EMITTER_COEFFICIENT_SOLUTION,PRESSURE_OUTPUT,OUTPUT_DEMAND,FITNESS,NODE
0.07459331104570166,28.962193507474964,1.2,126.4501389194802,N10
