EMITTER_COEFFICIENT_SOLUTION,PRESSURE_OUTPUT,OUTPUT_DEMAND,FITNESS,NODE
0.14856235854884237,28.95423217147009,1.2,63.01359445670945,N10
