EMITTER_COEFFICIENT_SOLUTION,PRESSURE_OUTPUT,OUTPUT_DEMAND,FITNESS,NODE
0.4344634829377557,28.92234810863218,1.2,20.940805784462434,N10
