EMITTER_COEFFICIENT_SOLUTION,PRESSURE_OUTPUT,OUTPUT_DEMAND,FITNESS,NODE
0.5063106997001906,28.914060921021928,1.2,17.84412878320746,N10
