EMITTER_COEFFICIENT_SOLUTION,PRESSURE_OUTPUT,OUTPUT_DEMAND,FITNESS,NODE
0.24712086847685033,28.943439494267494,1.2,37.5061857235431,N10
