EMITTER_COEFFICIENT_SOLUTION,PRESSURE_OUTPUT,OUTPUT_DEMAND,FITNESS,NODE
0.46782979471788055,28.91851309281067,1.2,19.38410115680173,N10
