EMITTER_COEFFICIENT_SOLUTION,PRESSURE_OUTPUT,OUTPUT_DEMAND,FITNESS,NODE
0.25259535404952904,28.942833850215138,1.2,36.67314072470125,N10
