EMITTER_COEFFICIENT_SOLUTION,PRESSURE_OUTPUT,OUTPUT_DEMAND,FITNESS,NODE
0.32379891690912566,28.934897811612394,1.2,28.405902257400168,N10
