EMITTER_COEFFICIENT_SOLUTION,PRESSURE_OUTPUT,OUTPUT_DEMAND,FITNESS,NODE
0.16075482133373786,28.952908446923644,1.2,58.16213696324018,N10
