EMITTER_COEFFICIENT_SOLUTION,PRESSURE_OUTPUT,OUTPUT_DEMAND,FITNESS,NODE
0.5145358220543316,28.91310522600164,1.2,17.544925604546794,N10
