EMITTER_COEFFICIENT_SOLUTION,PRESSURE_OUTPUT,OUTPUT_DEMAND,FITNESS,NODE
0.7648120218981013,28.883345891025165,1.2,11.526597314115733,N10
