EMITTER_COEFFICIENT_SOLUTION,PRESSURE_OUTPUT,OUTPUT_DEMAND,FITNESS,NODE
0.9925566560677043,28.855136269278532,1.2,8.698262133275659,N10
