EMITTER_COEFFICIENT_SOLUTION,PRESSURE_OUTPUT,OUTPUT_DEMAND,FITNESS,NODE
0.6080345928652283,28.90214116087727,1.2,14.714407611175236,N10
