EMITTER_COEFFICIENT_SOLUTION,PRESSURE_OUTPUT,OUTPUT_DEMAND,FITNESS,NODE
0.9589025177446452,28.859371891853137,1.2,9.030986763906952,N10
