EMITTER_COEFFICIENT_SOLUTION,PRESSURE_OUTPUT,OUTPUT_DEMAND,FITNESS,NODE
0.7324275248164439,28.88727026603675,1.2,12.072702264148353,N10
