EMITTER_COEFFICIENT_SOLUTION,PRESSURE_OUTPUT,OUTPUT_DEMAND,FITNESS,NODE
0.7660897802889403,28.88319060513124,1.2,11.506002513478906,N10
