EMITTER_COEFFICIENT_SOLUTION,PRESSURE_OUTPUT,OUTPUT_DEMAND,FITNESS,NODE
0.5388656863900517,28.910269923556918,1.2,16.713509238508287,N10
