EMITTER_COEFFICIENT_SOLUTION,PRESSURE_OUTPUT,OUTPUT_DEMAND,FITNESS,NODE
0.5054246990963812,28.914163782080152,1.2,17.876941300607474,N10
