EMITTER_COEFFICIENT_SOLUTION,PRESSURE_OUTPUT,OUTPUT_DEMAND,FITNESS,NODE
0.6666679230871845,28.89517193379445,1.2,13.345819837463868,N10
