EMITTER_COEFFICIENT_SOLUTION,PRESSURE_OUTPUT,OUTPUT_DEMAND,FITNESS,NODE
0.5180568594970975,28.912695672061147,1.2,17.41975433248955,N10
