EMITTER_COEFFICIENT_SOLUTION,PRESSURE_OUTPUT,OUTPUT_DEMAND,FITNESS,NODE
0.9530999501952554,28.860099848233922,1.2,9.090750854906327,N10
