EMITTER_COEFFICIENT_SOLUTION,PRESSURE_OUTPUT,OUTPUT_DEMAND,FITNESS,NODE
0.14345551260765366,28.954785656593508,1.2,65.29074547374326,N10
