EMITTER_COEFFICIENT_SOLUTION,PRESSURE_OUTPUT,OUTPUT_DEMAND,FITNESS,NODE
0.5775559211264288,28.905735426966494,1.2,15.536071537108334,N10
