EMITTER_COEFFICIENT_SOLUTION,PRESSURE_OUTPUT,OUTPUT_DEMAND,FITNESS,NODE
0.6911851327953394,28.89223648351016,1.2,12.842694555804963,N10
