EMITTER_COEFFICIENT_SOLUTION,PRESSURE_OUTPUT,OUTPUT_DEMAND,FITNESS,NODE
0.6391702136276362,28.898449303316177,1.2,13.956255032819744,N10
