EMITTER_COEFFICIENT_SOLUTION,PRESSURE_OUTPUT,OUTPUT_DEMAND,FITNESS,NODE
0.1426844316327437,28.954869177828634,1.2,65.64873879336292,N10
