EMITTER_COEFFICIENT_SOLUTION,PRESSURE_OUTPUT,OUTPUT_DEMAND,FITNESS,NODE
0.06316015241696082,28.963413399124562,1.2,149.51339821722607,N10
