EMITTER_COEFFICIENT_SOLUTION,PRESSURE_OUTPUT,OUTPUT_DEMAND,FITNESS,NODE
0.9977320620612412,28.854482854560295,1.2,8.649104321794367,N10
