EMITTER_COEFFICIENT_SOLUTION,PRESSURE_OUTPUT,OUTPUT_DEMAND,FITNESS,NODE
0.7458977815025781,28.88564057610418,1.2,11.839757854060421,N10
