EMITTER_COEFFICIENT_SOLUTION,PRESSURE_OUTPUT,OUTPUT_DEMAND,FITNESS,NODE
0.10945087780151819,27.79867985472505,1.5,23.063259849246784,N11
