EMITTER_COEFFICIENT_SOLUTION,PRESSURE_OUTPUT,OUTPUT_DEMAND,FITNESS,NODE
0.4722913929222263,27.630937081630854,1.5,4.737051524847856,N11
