EMITTER_COEFFICIENT_SOLUTION,PRESSURE_OUTPUT,OUTPUT_DEMAND,FITNESS,NODE
0.6773743193134438,27.52056060380191,1.5,3.1106302882281565,N11
