EMITTER_COEFFICIENT_SOLUTION,PRESSURE_OUTPUT,OUTPUT_DEMAND,FITNESS,NODE
0.2098611355379707,27.755896027388033,1.5,11.608626886618206,N11
