EMITTER_COEFFICIENT_SOLUTION,PRESSURE_OUTPUT,OUTPUT_DEMAND,FITNESS,NODE
0.6911383473883996,27.512765901961764,1.5,3.0369940084875937,N11
