EMITTER_COEFFICIENT_SOLUTION,PRESSURE_OUTPUT,OUTPUT_DEMAND,FITNESS,NODE
0.3985357046784337,27.667938617192064,1.5,5.7438173849258884,N11
