EMITTER_COEFFICIENT_SOLUTION,PRESSURE_OUTPUT,OUTPUT_DEMAND,FITNESS,NODE
0.43998714571710584,27.647321629771284,1.5,5.135652351060205,N11
