EMITTER_COEFFICIENT_SOLUTION,PRESSURE_OUTPUT,OUTPUT_DEMAND,FITNESS,NODE
0.6719873298388666,27.52359823712937,1.5,3.1403028662892463,N11
