EMITTER_COEFFICIENT_SOLUTION,PRESSURE_OUTPUT,OUTPUT_DEMAND,FITNESS,NODE
0.8740884377001752,27.404661741377296,1.5,2.2863564598220454,N11
