EMITTER_COEFFICIENT_SOLUTION,PRESSURE_OUTPUT,OUTPUT_DEMAND,FITNESS,NODE
0.21836579680149848,27.752142167563527,1.5,11.12387981727597,N11
