EMITTER_COEFFICIENT_SOLUTION,PRESSURE_OUTPUT,OUTPUT_DEMAND,FITNESS,NODE
0.1615705498277562,27.776827136148697,1.5,15.33466598599984,N11
