EMITTER_COEFFICIENT_SOLUTION,PRESSURE_OUTPUT,OUTPUT_DEMAND,FITNESS,NODE
0.39194620251665047,27.67117371197174,1.5,5.852568607030363,N11
