EMITTER_COEFFICIENT_SOLUTION,PRESSURE_OUTPUT,OUTPUT_DEMAND,FITNESS,NODE
0.8483338201630202,27.420380115000484,1.5,2.3715860572575087,N11
