EMITTER_COEFFICIENT_SOLUTION,PRESSURE_OUTPUT,OUTPUT_DEMAND,FITNESS,NODE
0.6341770230395656,27.544711104801905,1.5,3.3632917994155025,N11
