EMITTER_COEFFICIENT_SOLUTION,PRESSURE_OUTPUT,OUTPUT_DEMAND,FITNESS,NODE
0.05637771236849787,27.820136173953138,1.5,45.65650115566388,N11
