EMITTER_COEFFICIENT_SOLUTION,PRESSURE_OUTPUT,OUTPUT_DEMAND,FITNESS,NODE
0.9154367680282829,27.37908879434989,1.5,2.1600601764840235,N11
