EMITTER_COEFFICIENT_SOLUTION,PRESSURE_OUTPUT,OUTPUT_DEMAND,FITNESS,NODE
0.8768408319574164,27.402972349592908,1.5,2.2775592691232847,N11
