EMITTER_COEFFICIENT_SOLUTION,PRESSURE_OUTPUT,OUTPUT_DEMAND,FITNESS,NODE
0.184041874123819,27.767168536747462,1.5,13.356426948893755,N11
