EMITTER_COEFFICIENT_SOLUTION,PRESSURE_OUTPUT,OUTPUT_DEMAND,FITNESS,NODE
0.5246775443786036,27.603781557304963,1.5,4.197143129223562,N11
