EMITTER_COEFFICIENT_SOLUTION,PRESSURE_OUTPUT,OUTPUT_DEMAND,FITNESS,NODE
0.45133014140593763,27.64160005691066,1.5,4.989053944488037,N11
