EMITTER_COEFFICIENT_SOLUTION,PRESSURE_OUTPUT,OUTPUT_DEMAND,FITNESS,NODE
0.9911209966969092,27.331212914491594,1.5,1.9576139568797126,N11
