EMITTER_COEFFICIENT_SOLUTION,PRESSURE_OUTPUT,OUTPUT_DEMAND,FITNESS,NODE
0.8175168785193072,27.438974583492723,1.5,2.480993873366505,N11
