EMITTER_COEFFICIENT_SOLUTION,PRESSURE_OUTPUT,OUTPUT_DEMAND,FITNESS,NODE
0.7722932315411442,27.465837751969204,1.5,2.658152725450096,N11
