EMITTER_COEFFICIENT_SOLUTION,PRESSURE_OUTPUT,OUTPUT_DEMAND,FITNESS,NODE
0.18151989095258747,27.768259604688126,1.5,13.55394546857683,N11
