EMITTER_COEFFICIENT_SOLUTION,PRESSURE_OUTPUT,OUTPUT_DEMAND,FITNESS,NODE
0.16087949727605033,27.777121910352434,1.5,15.404297476644984,N11
