EMITTER_COEFFICIENT_SOLUTION,PRESSURE_OUTPUT,OUTPUT_DEMAND,FITNESS,NODE
0.25023132636881495,27.73789820576105,1.5,9.602397925974062,N11
