EMITTER_COEFFICIENT_SOLUTION,PRESSURE_OUTPUT,OUTPUT_DEMAND,FITNESS,NODE
0.22505623119583862,27.74917492439785,1.5,10.768443056667367,N11
