EMITTER_COEFFICIENT_SOLUTION,PRESSURE_OUTPUT,OUTPUT_DEMAND,FITNESS,NODE
0.7301230104188974,27.490428997795064,1.5,2.8440612968090644,N11
