EMITTER_COEFFICIENT_SOLUTION,PRESSURE_OUTPUT,OUTPUT_DEMAND,FITNESS,NODE
0.8692363512259542,27.40763540898878,1.5,2.3020074960667203,N11
