EMITTER_COEFFICIENT_SOLUTION,PRESSURE_OUTPUT,OUTPUT_DEMAND,FITNESS,NODE
0.9399816790692519,27.363712841145485,1.5,2.0906243045063797,N11
