EMITTER_COEFFICIENT_SOLUTION,PRESSURE_OUTPUT,OUTPUT_DEMAND,FITNESS,NODE
0.23448889832047426,27.744970336843785,1.5,10.30200079205922,N11
