EMITTER_COEFFICIENT_SOLUTION,PRESSURE_OUTPUT,OUTPUT_DEMAND,FITNESS,NODE
0.22434126473329918,27.749492610368044,1.5,10.805408177375195,N11
