EMITTER_COEFFICIENT_SOLUTION,PRESSURE_OUTPUT,OUTPUT_DEMAND,FITNESS,NODE
0.7623953505617092,27.47164948612601,1.5,2.6998614732924184,N11
