EMITTER_COEFFICIENT_SOLUTION,PRESSURE_OUTPUT,OUTPUT_DEMAND,FITNESS,NODE
0.5685422145271146,27.580490950648702,1.5,3.823391299076173,N11
