EMITTER_COEFFICIENT_SOLUTION,PRESSURE_OUTPUT,OUTPUT_DEMAND,FITNESS,NODE
0.061671537382640196,27.818032334209107,1.5,41.65534065919096,N11
