EMITTER_COEFFICIENT_SOLUTION,PRESSURE_OUTPUT,OUTPUT_DEMAND,FITNESS,NODE
0.21345411653306523,27.754312587290244,1.5,11.399093701468786,N11
