EMITTER_COEFFICIENT_SOLUTION,PRESSURE_OUTPUT,OUTPUT_DEMAND,FITNESS,NODE
0.38417355138340703,27.67497467135511,1.5,5.985723269173531,N11
