EMITTER_COEFFICIENT_SOLUTION,PRESSURE_OUTPUT,OUTPUT_DEMAND,FITNESS,NODE
0.23709660061571558,27.743803606598853,1.5,10.179644962352103,N11
