EMITTER_COEFFICIENT_SOLUTION,PRESSURE_OUTPUT,OUTPUT_DEMAND,FITNESS,NODE
0.7445825184857782,27.482047104489276,1.5,2.777841395948181,N11
