EMITTER_COEFFICIENT_SOLUTION,PRESSURE_OUTPUT,OUTPUT_DEMAND,FITNESS,NODE
0.5314338266145373,27.600226878215544,1.5,4.135444379553429,N11
