EMITTER_COEFFICIENT_SOLUTION,PRESSURE_OUTPUT,OUTPUT_DEMAND,FITNESS,NODE
0.28611078337065554,27.721523791865422,1.5,8.297717600325928,N11
