EMITTER_COEFFICIENT_SOLUTION,PRESSURE_OUTPUT,OUTPUT_DEMAND,FITNESS,NODE
0.40661195465841415,27.66395771894488,1.5,5.615417755101359,N11
