EMITTER_COEFFICIENT_SOLUTION,PRESSURE_OUTPUT,OUTPUT_DEMAND,FITNESS,NODE
0.7327251151687806,27.488924473838757,1.5,2.8319435283894885,N11
