EMITTER_COEFFICIENT_SOLUTION,PRESSURE_OUTPUT,OUTPUT_DEMAND,FITNESS,NODE
0.5827699355562115,27.572829197289565,1.5,3.7145769242137527,N11
