EMITTER_COEFFICIENT_SOLUTION,PRESSURE_OUTPUT,OUTPUT_DEMAND,FITNESS,NODE
0.22978841403178452,27.747068656667047,1.5,10.529618421341766,N11
