EMITTER_COEFFICIENT_SOLUTION,PRESSURE_OUTPUT,OUTPUT_DEMAND,FITNESS,NODE
0.08317042335828995,27.809405465580767,1.5,30.64345665084998,N11
