EMITTER_COEFFICIENT_SOLUTION,PRESSURE_OUTPUT,OUTPUT_DEMAND,FITNESS,NODE
0.30882163191488243,27.710976288272903,1.5,7.629943382225692,N11
