EMITTER_COEFFICIENT_SOLUTION,PRESSURE_OUTPUT,OUTPUT_DEMAND,FITNESS,NODE
0.49080625674566436,27.62142197256754,1.5,4.532744581393012,N11
