EMITTER_COEFFICIENT_SOLUTION,PRESSURE_OUTPUT,OUTPUT_DEMAND,FITNESS,NODE
0.35374812473301365,27.68969659660607,1.5,6.564166628983697,N11
