EMITTER_COEFFICIENT_SOLUTION,PRESSURE_OUTPUT,OUTPUT_DEMAND,FITNESS,NODE
0.5331373586545005,27.599328717359818,1.5,4.1201409636105755,N11
