EMITTER_COEFFICIENT_SOLUTION,PRESSURE_OUTPUT,OUTPUT_DEMAND,FITNESS,NODE
0.4959753943919618,27.618749329978513,1.5,4.478490330308832,N11
