EMITTER_COEFFICIENT_SOLUTION,PRESSURE_OUTPUT,OUTPUT_DEMAND,FITNESS,NODE
0.6284228845145974,27.547892165663804,1.5,3.3996642493694984,N11
