EMITTER_COEFFICIENT_SOLUTION,PRESSURE_OUTPUT,OUTPUT_DEMAND,FITNESS,NODE
0.3820054238625068,27.676032023745755,1.5,6.023848318480171,N11
