EMITTER_COEFFICIENT_SOLUTION,PRESSURE_OUTPUT,OUTPUT_DEMAND,FITNESS,NODE
0.6733345594124656,27.522839247262425,1.5,3.1328358833691268,N11
