EMITTER_COEFFICIENT_SOLUTION,PRESSURE_OUTPUT,OUTPUT_DEMAND,FITNESS,NODE
0.3440832990869189,27.694320716984215,1.5,6.769649152007581,N11
