EMITTER_COEFFICIENT_SOLUTION,PRESSURE_OUTPUT,OUTPUT_DEMAND,FITNESS,NODE
0.6903431958858861,27.513217508821327,1.5,3.041165049457888,N11
