EMITTER_COEFFICIENT_SOLUTION,PRESSURE_OUTPUT,OUTPUT_DEMAND,FITNESS,NODE
0.5601912744369455,27.584963579235577,1.5,3.889911149557161,N11
