EMITTER_COEFFICIENT_SOLUTION,PRESSURE_OUTPUT,OUTPUT_DEMAND,FITNESS,NODE
0.15223960606925724,27.780795953090447,1.5,16.32842159734768,N11
