EMITTER_COEFFICIENT_SOLUTION,PRESSURE_OUTPUT,OUTPUT_DEMAND,FITNESS,NODE
0.806433582970302,27.445604936882795,1.5,2.5224884710525513,N11
