EMITTER_COEFFICIENT_SOLUTION,PRESSURE_OUTPUT,OUTPUT_DEMAND,FITNESS,NODE
0.6503433589046037,27.535728581222834,1.5,3.2646635456216493,N11
