EMITTER_COEFFICIENT_SOLUTION,PRESSURE_OUTPUT,OUTPUT_DEMAND,FITNESS,NODE
0.3499943289114553,27.691495601493244,1.5,6.642608984898413,N11
