EMITTER_COEFFICIENT_SOLUTION,PRESSURE_OUTPUT,OUTPUT_DEMAND,FITNESS,NODE
0.03906035459901136,27.82696178453243,1.5,66.32586126240153,N11
