EMITTER_COEFFICIENT_SOLUTION,PRESSURE_OUTPUT,OUTPUT_DEMAND,FITNESS,NODE
0.8464676493835623,27.421512762829884,1.5,2.3779737031600554,N11
