EMITTER_COEFFICIENT_SOLUTION,PRESSURE_OUTPUT,OUTPUT_DEMAND,FITNESS,NODE
0.4561380020898824,27.639164590965187,1.5,4.929161326986939,N11
