EMITTER_COEFFICIENT_SOLUTION,PRESSURE_OUTPUT,OUTPUT_DEMAND,FITNESS,NODE
0.9288195321327379,27.370723264569712,1.5,2.1217205842497893,N11
