EMITTER_COEFFICIENT_SOLUTION,PRESSURE_OUTPUT,OUTPUT_DEMAND,FITNESS,NODE
0.9296033280159408,27.37023197767038,1.5,2.1195112618201053,N11
