EMITTER_COEFFICIENT_SOLUTION,PRESSURE_OUTPUT,OUTPUT_DEMAND,FITNESS,NODE
0.42564023893837954,27.65450937775944,1.5,5.3324948659531595,N11
