EMITTER_COEFFICIENT_SOLUTION,PRESSURE_OUTPUT,OUTPUT_DEMAND,FITNESS,NODE
0.38668415335140494,27.673748720460097,1.5,5.94211879638905,N11
