EMITTER_COEFFICIENT_SOLUTION,PRESSURE_OUTPUT,OUTPUT_DEMAND,FITNESS,NODE
0.32906782549466707,27.70145454778872,1.5,7.1131692146519025,N11
