EMITTER_COEFFICIENT_SOLUTION,PRESSURE_OUTPUT,OUTPUT_DEMAND,FITNESS,NODE
0.5664131759235886,27.581632947282586,1.5,3.840158583474484,N11
