EMITTER_COEFFICIENT_SOLUTION,PRESSURE_OUTPUT,OUTPUT_DEMAND,FITNESS,NODE
0.8601695100857902,27.413176758181876,1.5,2.331751852897953,N11
