EMITTER_COEFFICIENT_SOLUTION,PRESSURE_OUTPUT,OUTPUT_DEMAND,FITNESS,NODE
0.12645717188122063,27.79163418597812,1.5,19.839430054909798,N11
