EMITTER_COEFFICIENT_SOLUTION,PRESSURE_OUTPUT,OUTPUT_DEMAND,FITNESS,NODE
0.034683409599713944,27.8286732100213,1.5,74.81865972170955,N11
