EMITTER_COEFFICIENT_SOLUTION,PRESSURE_OUTPUT,OUTPUT_DEMAND,FITNESS,NODE
0.015586987528615204,27.83607501090293,1.5,167.6769521540393,N11
