EMITTER_COEFFICIENT_SOLUTION,PRESSURE_OUTPUT,OUTPUT_DEMAND,FITNESS,NODE
0.9015026701514051,27.38775299876692,1.5,2.2012571507440195,N11
