EMITTER_COEFFICIENT_SOLUTION,PRESSURE_OUTPUT,OUTPUT_DEMAND,FITNESS,NODE
0.19203210744542698,27.763699997106336,1.5,12.765056398379691,N11
