EMITTER_COEFFICIENT_SOLUTION,PRESSURE_OUTPUT,OUTPUT_DEMAND,FITNESS,NODE
0.2203674836998104,27.751255715286128,1.5,11.015260660555462,N11
