EMITTER_COEFFICIENT_SOLUTION,PRESSURE_OUTPUT,OUTPUT_DEMAND,FITNESS,NODE
0.44626313291015207,27.64416015546945,1.5,5.053600909552254,N11
