EMITTER_COEFFICIENT_SOLUTION,PRESSURE_OUTPUT,OUTPUT_DEMAND,FITNESS,NODE
0.5883584697756459,27.569805403124576,1.5,3.673317792556954,N11
