EMITTER_COEFFICIENT_SOLUTION,PRESSURE_OUTPUT,OUTPUT_DEMAND,FITNESS,NODE
0.9278447414399995,27.371334061479054,1.5,2.1244737755919454,N11
