EMITTER_COEFFICIENT_SOLUTION,PRESSURE_OUTPUT,OUTPUT_DEMAND,FITNESS,NODE
0.8280709435196296,27.432632695980793,1.5,2.442562150899721,N11
