EMITTER_COEFFICIENT_SOLUTION,PRESSURE_OUTPUT,OUTPUT_DEMAND,FITNESS,NODE
0.09114020450545968,27.80617370880919,1.5,27.88221918490875,N11
