EMITTER_COEFFICIENT_SOLUTION,PRESSURE_OUTPUT,OUTPUT_DEMAND,FITNESS,NODE
0.9516872569227748,27.356328957118812,1.5,2.058842108335838,N11
