EMITTER_COEFFICIENT_SOLUTION,PRESSURE_OUTPUT,OUTPUT_DEMAND,FITNESS,NODE
0.7294804556116509,27.49080025832984,1.5,2.8470674803939082,N11
