EMITTER_COEFFICIENT_SOLUTION,PRESSURE_OUTPUT,OUTPUT_DEMAND,FITNESS,NODE
0.33630409063354794,27.698024257775536,1.5,6.943740330480827,N11
