EMITTER_COEFFICIENT_SOLUTION,PRESSURE_OUTPUT,OUTPUT_DEMAND,FITNESS,NODE
0.7379107745032107,27.485921090208343,1.5,2.8080598203508425,N11
