EMITTER_COEFFICIENT_SOLUTION,PRESSURE_OUTPUT,OUTPUT_DEMAND,FITNESS,NODE
0.5650699911146493,27.58235281455046,1.5,3.8508037626000293,N11
