EMITTER_COEFFICIENT_SOLUTION,PRESSURE_OUTPUT,OUTPUT_DEMAND,FITNESS,NODE
0.46997108632810614,27.63212314534625,1.5,4.763816767017461,N11
