EMITTER_COEFFICIENT_SOLUTION,PRESSURE_OUTPUT,OUTPUT_DEMAND,FITNESS,NODE
0.14973359970416045,27.781857667411074,1.5,16.616486993953778,N11
