EMITTER_COEFFICIENT_SOLUTION,PRESSURE_OUTPUT,OUTPUT_DEMAND,FITNESS,NODE
0.22239943582059296,27.750354718822663,1.5,10.90701172243504,N11
