EMITTER_COEFFICIENT_SOLUTION,PRESSURE_OUTPUT,OUTPUT_DEMAND,FITNESS,NODE
0.7755618289204611,27.463913177509852,1.5,2.644623327462709,N11
