EMITTER_COEFFICIENT_SOLUTION,PRESSURE_OUTPUT,OUTPUT_DEMAND,FITNESS,NODE
0.31877891204293185,27.706307373961707,1.5,7.367487315819808,N11
