EMITTER_COEFFICIENT_SOLUTION,PRESSURE_OUTPUT,OUTPUT_DEMAND,FITNESS,NODE
0.28387808765938316,27.722553076678906,1.5,8.369196520178399,N11
