EMITTER_COEFFICIENT_SOLUTION,PRESSURE_OUTPUT,OUTPUT_DEMAND,FITNESS,NODE
0.8708889309144101,27.406623247166316,1.5,2.2966562775179584,N11
