EMITTER_COEFFICIENT_SOLUTION,PRESSURE_OUTPUT,OUTPUT_DEMAND,FITNESS,NODE
0.20578069763620666,27.7576899222461,1.5,11.855513885958374,N11
