EMITTER_COEFFICIENT_SOLUTION,PRESSURE_OUTPUT,OUTPUT_DEMAND,FITNESS,NODE
0.9951058173628349,27.328654295374683,1.5,1.947857550394118,N11
