EMITTER_COEFFICIENT_SOLUTION,PRESSURE_OUTPUT,OUTPUT_DEMAND,FITNESS,NODE
0.04243434331137075,27.825638735777332,1.5,60.975148776966236,N11
