EMITTER_COEFFICIENT_SOLUTION,PRESSURE_OUTPUT,OUTPUT_DEMAND,FITNESS,NODE
0.18646253280674863,27.76611962534927,1.5,13.171892573988929,N11
