EMITTER_COEFFICIENT_SOLUTION,PRESSURE_OUTPUT,OUTPUT_DEMAND,FITNESS,NODE
0.488685725202074,27.622516333991932,1.5,4.5553411727864175,N11
