EMITTER_COEFFICIENT_SOLUTION,PRESSURE_OUTPUT,OUTPUT_DEMAND,FITNESS,NODE
0.22361160138511793,27.749816680067966,1.5,10.843378494246272,N11
