EMITTER_COEFFICIENT_SOLUTION,PRESSURE_OUTPUT,OUTPUT_DEMAND,FITNESS,NODE
0.16417856304282252,27.775713453543318,1.5,15.077178670938736,N11
