EMITTER_COEFFICIENT_SOLUTION,PRESSURE_OUTPUT,OUTPUT_DEMAND,FITNESS,NODE
0.5606579961142735,27.58471408805562,1.5,3.8861396567615314,N11
