EMITTER_COEFFICIENT_SOLUTION,PRESSURE_OUTPUT,OUTPUT_DEMAND,FITNESS,NODE
0.4782750146850179,27.627871887829976,1.5,4.669254044978117,N11
