EMITTER_COEFFICIENT_SOLUTION,PRESSURE_OUTPUT,OUTPUT_DEMAND,FITNESS,NODE
0.2274039671325674,27.74813073871043,1.5,10.648706297061207,N11
