EMITTER_COEFFICIENT_SOLUTION,PRESSURE_OUTPUT,OUTPUT_DEMAND,FITNESS,NODE
0.890894793139009,27.394317444787134,1.5,2.2335317600419473,N11
