EMITTER_COEFFICIENT_SOLUTION,PRESSURE_OUTPUT,OUTPUT_DEMAND,FITNESS,NODE
0.8785526649099842,27.40192071363837,1.5,2.2721171776369578,N11
