EMITTER_COEFFICIENT_SOLUTION,PRESSURE_OUTPUT,OUTPUT_DEMAND,FITNESS,NODE
0.19995441248053858,27.760243286820803,1.5,12.225600531021708,N11
