EMITTER_COEFFICIENT_SOLUTION,PRESSURE_OUTPUT,OUTPUT_DEMAND,FITNESS,NODE
0.6310460354584315,27.546443059865886,1.5,3.3829980004700078,N11
