EMITTER_COEFFICIENT_SOLUTION,PRESSURE_OUTPUT,OUTPUT_DEMAND,FITNESS,NODE
0.38446029514255353,27.674834737431624,1.5,5.980713788962927,N11
