EMITTER_COEFFICIENT_SOLUTION,PRESSURE_OUTPUT,OUTPUT_DEMAND,FITNESS,NODE
0.4595385901240392,27.637438290379954,1.5,4.887571931076976,N11
