EMITTER_COEFFICIENT_SOLUTION,PRESSURE_OUTPUT,OUTPUT_DEMAND,FITNESS,NODE
0.9243212468558717,27.37353994885529,1.5,2.1344766801315482,N11
