EMITTER_COEFFICIENT_SOLUTION,PRESSURE_OUTPUT,OUTPUT_DEMAND,FITNESS,NODE
0.2301355699021297,27.746913894463844,1.5,10.512487409092397,N11
