EMITTER_COEFFICIENT_SOLUTION,PRESSURE_OUTPUT,OUTPUT_DEMAND,FITNESS,NODE
0.3259657723420004,27.702920686287598,1.5,7.188133476862085,N11
