EMITTER_COEFFICIENT_SOLUTION,PRESSURE_OUTPUT,OUTPUT_DEMAND,FITNESS
0.5339255906140165,23.968771264881653,13.000000000000002,283.7550081687386
