EMITTER_COEFFICIENT_SOLUTION,PRESSURE_OUTPUT,OUTPUT_DEMAND,FITNESS
0.10701542698586974,24.012745877024685,13.000000000000002,24.720384474634063
