EMITTER_COEFFICIENT_SOLUTION,PRESSURE_OUTPUT,OUTPUT_DEMAND,FITNESS
0.048350330913416895,24.018727173602485,13.000000000000002,21.536063220782985
