EMITTER_COEFFICIENT_SOLUTION,PRESSURE_OUTPUT,OUTPUT_DEMAND,FITNESS
0.2522583952363098,23.893036609279157,13.000000000000002,12.616891959275351
