EMITTER_COEFFICIENT_SOLUTION,PRESSURE_OUTPUT,OUTPUT_DEMAND,FITNESS
0.17353027252658426,24.005946131198158,13.000000000000002,29.715298224320094
