EMITTER_COEFFICIENT_SOLUTION,PRESSURE_OUTPUT,OUTPUT_DEMAND,FITNESS
0.47466346424337447,23.869155957577128,13.000000000000002,9.69560886332606
