EMITTER_COEFFICIENT_SOLUTION,PRESSURE_OUTPUT,OUTPUT_DEMAND,FITNESS
0.08315800245306404,23.911058276834552,13.000000000000002,16.32995525829576
