EMITTER_COEFFICIENT_SOLUTION,PRESSURE_OUTPUT,OUTPUT_DEMAND,FITNESS
0.1585947755624727,24.007474645598712,13.000000000000002,28.424260869704717
