EMITTER_COEFFICIENT_SOLUTION,PRESSURE_OUTPUT,OUTPUT_DEMAND,FITNESS
0.056624222507348665,24.017884505869688,13.000000000000002,21.934118013747078
