EMITTER_COEFFICIENT_SOLUTION,PRESSURE_OUTPUT,OUTPUT_DEMAND,FITNESS
0.29068684557698876,23.993922695537947,13.000000000000002,46.233658715609536
