EMITTER_COEFFICIENT_SOLUTION,PRESSURE_OUTPUT,OUTPUT_DEMAND,FITNESS
0.35845206329630164,23.986941112232998,13.000000000000002,68.27019482830907
