EMITTER_COEFFICIENT_SOLUTION,PRESSURE_OUTPUT,OUTPUT_DEMAND,FITNESS
0.4622359677812442,23.870495656681328,13.000000000000002,9.823204415471853
