EMITTER_COEFFICIENT_SOLUTION,PRESSURE_OUTPUT,OUTPUT_DEMAND,FITNESS
0.43920649690729074,23.978595545924797,13.000000000000002,158.67690954077693
