EMITTER_COEFFICIENT_SOLUTION,PRESSURE_OUTPUT,OUTPUT_DEMAND,FITNESS
0.1842513039812017,24.004848332878495,13.000000000000002,30.71734102996131
