EMITTER_COEFFICIENT_SOLUTION,PRESSURE_OUTPUT,OUTPUT_DEMAND,FITNESS
0.9242045551812818,23.927890815970294,13.000000000000002,22.520181344283273
