EMITTER_COEFFICIENT_SOLUTION,PRESSURE_OUTPUT,OUTPUT_DEMAND,FITNESS
0.21550916782877372,24.001644786769738,13.000000000000002,34.06997733173572
