EMITTER_COEFFICIENT_SOLUTION,PRESSURE_OUTPUT,OUTPUT_DEMAND,FITNESS
0.19293368513849185,24.003958920381265,13.000000000000002,31.58012218948724
