EMITTER_COEFFICIENT_SOLUTION,PRESSURE_OUTPUT,OUTPUT_DEMAND,FITNESS
0.8638630345036754,23.934253208710885,13.000000000000002,26.286581592098607
