EMITTER_COEFFICIENT_SOLUTION,PRESSURE_OUTPUT,OUTPUT_DEMAND,FITNESS
0.06753119415422593,24.01677321123624,13.000000000000002,22.482125848373666
