EMITTER_COEFFICIENT_SOLUTION,PRESSURE_OUTPUT,OUTPUT_DEMAND,FITNESS
0.83479632898176,23.937312568018193,13.000000000000002,28.585424209890068
