EMITTER_COEFFICIENT_SOLUTION,PRESSURE_OUTPUT,OUTPUT_DEMAND,FITNESS
0.4856068177166818,23.973787679311798,13.000000000000002,669.2331505613002
