EMITTER_COEFFICIENT_SOLUTION,PRESSURE_OUTPUT,OUTPUT_DEMAND,FITNESS
0.9498867189005543,23.92517828565795,13.000000000000002,21.223696315038694
