EMITTER_COEFFICIENT_SOLUTION,PRESSURE_OUTPUT,OUTPUT_DEMAND,FITNESS
0.2533732551332849,23.997758520024135,13.000000000000002,39.269449586833
