EMITTER_COEFFICIENT_SOLUTION,PRESSURE_OUTPUT,OUTPUT_DEMAND,FITNESS
0.33244691955193717,23.989622656186363,13.000000000000002,57.705987014830086
