EMITTER_COEFFICIENT_SOLUTION,PRESSURE_OUTPUT,OUTPUT_DEMAND,FITNESS
0.10932383374690324,24.012510213188435,13.000000000000002,24.86524193043375
