EMITTER_COEFFICIENT_SOLUTION,PRESSURE_OUTPUT,OUTPUT_DEMAND,FITNESS
0.09799356195818254,24.013666691154754,13.000000000000002,24.17020110365115
