EMITTER_COEFFICIENT_SOLUTION,PRESSURE_OUTPUT,OUTPUT_DEMAND,FITNESS
0.8932860291083954,23.931152759750276,13.000000000000002,24.30566492812083
