EMITTER_COEFFICIENT_SOLUTION,PRESSURE_OUTPUT,OUTPUT_DEMAND,FITNESS
0.13559921298167898,23.90548200338464,13.000000000000002,14.967051151055605
