EMITTER_COEFFICIENT_SOLUTION,PRESSURE_OUTPUT,OUTPUT_DEMAND,FITNESS
0.9735543434188866,23.922676098770005,13.000000000000002,20.15343495846168
