EMITTER_COEFFICIENT_SOLUTION,PRESSURE_OUTPUT,OUTPUT_DEMAND,FITNESS
0.31211876352412027,23.88662894921692,13.000000000000002,11.673176840811657
