EMITTER_COEFFICIENT_SOLUTION,PRESSURE_OUTPUT,OUTPUT_DEMAND,FITNESS
0.05920047170599363,24.01762206262294,13.000000000000002,22.061111947511836
