EMITTER_COEFFICIENT_SOLUTION,PRESSURE_OUTPUT,OUTPUT_DEMAND,FITNESS
0.5259476873119021,23.969600209605446,13.000000000000002,371.02693003612274
