EMITTER_COEFFICIENT_SOLUTION,PRESSURE_OUTPUT,OUTPUT_DEMAND,FITNESS
0.6834047335197547,23.953189666004363,13.000000000000002,52.34022090711485
