EMITTER_COEFFICIENT_SOLUTION,PRESSURE_OUTPUT,OUTPUT_DEMAND,FITNESS
0.1759634405987316,23.90118220826661,13.000000000000002,14.062082281504795
