EMITTER_COEFFICIENT_SOLUTION,PRESSURE_OUTPUT,OUTPUT_DEMAND,FITNESS
0.10022255519831191,24.01343922255512,13.000000000000002,24.3038225918035
