EMITTER_COEFFICIENT_SOLUTION,PRESSURE_OUTPUT,OUTPUT_DEMAND,FITNESS
0.4323483001578917,23.97930539176619,13.000000000000002,142.61347732119287
