EMITTER_COEFFICIENT_SOLUTION,PRESSURE_OUTPUT,OUTPUT_DEMAND,FITNESS
0.40786165664941876,23.98183819702834,13.000000000000002,104.7694701112741
