EMITTER_COEFFICIENT_SOLUTION,PRESSURE_OUTPUT,OUTPUT_DEMAND,FITNESS
0.14090359845983869,24.00928392601802,13.000000000000002,27.033972373975843
