EMITTER_COEFFICIENT_SOLUTION,PRESSURE_OUTPUT,OUTPUT_DEMAND,FITNESS
0.1808118868360583,24.005200572179923,13.000000000000002,30.38854142578794
