EMITTER_COEFFICIENT_SOLUTION,PRESSURE_OUTPUT,OUTPUT_DEMAND,FITNESS
0.37926017433591674,23.879424500156595,13.000000000000002,10.767631839010194
