EMITTER_COEFFICIENT_SOLUTION,PRESSURE_OUTPUT,OUTPUT_DEMAND,FITNESS
0.43702475684501296,23.87321153402838,13.000000000000002,10.092457230101441
