EMITTER_COEFFICIENT_SOLUTION,PRESSURE_OUTPUT,OUTPUT_DEMAND,FITNESS
0.8714391636807582,23.93345521744253,13.000000000000002,25.746510870125793
