EMITTER_COEFFICIENT_SOLUTION,PRESSURE_OUTPUT,OUTPUT_DEMAND,FITNESS
0.11367106230945945,23.90781508389135,13.000000000000002,15.508601195995807
