EMITTER_COEFFICIENT_SOLUTION,PRESSURE_OUTPUT,OUTPUT_DEMAND,FITNESS
0.29945528485360695,23.8879857256455,13.000000000000002,11.861030552027787
