EMITTER_COEFFICIENT_SOLUTION,PRESSURE_OUTPUT,OUTPUT_DEMAND,FITNESS
0.28319466587370856,23.88972691343873,13.000000000000002,12.11115350486003
