EMITTER_COEFFICIENT_SOLUTION,PRESSURE_OUTPUT,OUTPUT_DEMAND,FITNESS
0.9070139108323941,23.929704942978802,13.000000000000002,23.47942061076889
