EMITTER_COEFFICIENT_SOLUTION,PRESSURE_OUTPUT,OUTPUT_DEMAND,FITNESS
0.03500533160784791,24.020085686311646,13.000000000000002,20.923892569654242
