EMITTER_COEFFICIENT_SOLUTION,PRESSURE_OUTPUT,OUTPUT_DEMAND,FITNESS
0.9008265732009354,23.93035759047025,13.000000000000002,23.844813403835545
