EMITTER_COEFFICIENT_SOLUTION,PRESSURE_OUTPUT,OUTPUT_DEMAND,FITNESS
0.14559621120414734,23.904417699122455,13.000000000000002,14.732371887111832
