EMITTER_COEFFICIENT_SOLUTION,PRESSURE_OUTPUT,OUTPUT_DEMAND,FITNESS
0.012715908824486477,24.02235299200551,13.000000000000002,19.976204245510615
