EMITTER_COEFFICIENT_SOLUTION,PRESSURE_OUTPUT,OUTPUT_DEMAND,FITNESS
0.33496867131994856,23.989362750778554,13.000000000000002,58.584645271062485
