EMITTER_COEFFICIENT_SOLUTION,PRESSURE_OUTPUT,OUTPUT_DEMAND,FITNESS
0.16367151056229234,23.902492314913047,13.000000000000002,14.326007852355433
