EMITTER_COEFFICIENT_SOLUTION,PRESSURE_OUTPUT,OUTPUT_DEMAND,FITNESS
0.34403744147690274,23.883206282062233,13.000000000000002,11.224711465380585
