EMITTER_COEFFICIENT_SOLUTION,PRESSURE_OUTPUT,OUTPUT_DEMAND,FITNESS
0.8624944627231644,23.934397334350763,13.000000000000002,26.38654888997445
