EMITTER_COEFFICIENT_SOLUTION,PRESSURE_OUTPUT,OUTPUT_DEMAND,FITNESS
0.03313973191098185,23.916366313303257,13.000000000000002,17.879774036823164
