EMITTER_COEFFICIENT_SOLUTION,PRESSURE_OUTPUT,OUTPUT_DEMAND,FITNESS
0.2753476402136572,23.8905667927487,13.000000000000002,12.235613025687343
