EMITTER_COEFFICIENT_SOLUTION,PRESSURE_OUTPUT,OUTPUT_DEMAND,FITNESS
0.04443929849019612,24.019125394895276,13.000000000000002,21.35293788581122
