EMITTER_COEFFICIENT_SOLUTION,PRESSURE_OUTPUT,OUTPUT_DEMAND,FITNESS
0.49059541556769437,23.867437559935176,13.000000000000002,9.536718442236673
