EMITTER_COEFFICIENT_SOLUTION,PRESSURE_OUTPUT,OUTPUT_DEMAND,FITNESS
0.19594847487369138,24.003650012584863,13.000000000000002,31.891232192477172
