EMITTER_COEFFICIENT_SOLUTION,PRESSURE_OUTPUT,OUTPUT_DEMAND,FITNESS
0.16811537590581038,24.00650040926203,13.000000000000002,29.2338017821418
