EMITTER_COEFFICIENT_SOLUTION,PRESSURE_OUTPUT,OUTPUT_DEMAND,FITNESS
0.26868272810325644,23.891279950826288,13.000000000000002,12.34331992520151
