EMITTER_COEFFICIENT_SOLUTION,PRESSURE_OUTPUT,OUTPUT_DEMAND,FITNESS
0.17973400350786972,24.00531095034622,13.000000000000002,30.286951978058987
