EMITTER_COEFFICIENT_SOLUTION,PRESSURE_OUTPUT,OUTPUT_DEMAND,FITNESS
0.20106944180897168,24.003125206915392,13.000000000000002,32.43407149946126
