EMITTER_COEFFICIENT_SOLUTION,PRESSURE_OUTPUT,OUTPUT_DEMAND,FITNESS
0.4104477052358452,23.98157082726867,13.000000000000002,107.78887227039687
