EMITTER_COEFFICIENT_SOLUTION,PRESSURE_OUTPUT,OUTPUT_DEMAND,FITNESS
0.385007725753014,23.87880693262892,13.000000000000002,10.696502878379818
