EMITTER_COEFFICIENT_SOLUTION,PRESSURE_OUTPUT,OUTPUT_DEMAND,FITNESS
0.3752384704505274,23.879856556394493,13.000000000000002,10.817959393140177
