EMITTER_COEFFICIENT_SOLUTION,PRESSURE_OUTPUT,OUTPUT_DEMAND,FITNESS
0.39333887963391856,23.87791149064713,13.000000000000002,10.595022715301381
