EMITTER_COEFFICIENT_SOLUTION,PRESSURE_OUTPUT,OUTPUT_DEMAND,FITNESS
0.4380259822302086,23.978717747399564,13.000000000000002,155.65860324469264
