EMITTER_COEFFICIENT_SOLUTION,PRESSURE_OUTPUT,OUTPUT_DEMAND,FITNESS
0.005633542215806475,23.91928090787045,13.000000000000002,18.862755462510307
