EMITTER_COEFFICIENT_SOLUTION,PRESSURE_OUTPUT,OUTPUT_DEMAND,FITNESS
0.05094633739309862,24.018462811350588,13.000000000000002,21.65937703223008
