EMITTER_COEFFICIENT_SOLUTION,PRESSURE_OUTPUT,OUTPUT_DEMAND,FITNESS
0.5422176785954299,23.967909387702335,13.000000000000002,227.99588602850596
