EMITTER_COEFFICIENT_SOLUTION,PRESSURE_OUTPUT,OUTPUT_DEMAND,FITNESS
0.01558466243730805,24.02206129994149,13.000000000000002,20.093285817616533
