EMITTER_COEFFICIENT_SOLUTION,PRESSURE_OUTPUT,OUTPUT_DEMAND,FITNESS
0.46883562075090923,23.869784283975164,13.000000000000002,9.755036614607649
