EMITTER_COEFFICIENT_SOLUTION,PRESSURE_OUTPUT,OUTPUT_DEMAND,FITNESS
0.06813379530744779,24.016711797994127,13.000000000000002,22.51320984256104
