EMITTER_COEFFICIENT_SOLUTION,PRESSURE_OUTPUT,OUTPUT_DEMAND,FITNESS
0.27917286481894177,23.89015740448871,13.000000000000002,12.174628893328885
