EMITTER_COEFFICIENT_SOLUTION,PRESSURE_OUTPUT,OUTPUT_DEMAND,FITNESS
0.22214785902554912,24.000963857909973,13.000000000000002,34.87914670687892
