EMITTER_COEFFICIENT_SOLUTION,PRESSURE_OUTPUT,OUTPUT_DEMAND,FITNESS
0.007640293531952724,24.022868987378835,13.000000000000002,19.772397706161275
