EMITTER_COEFFICIENT_SOLUTION,PRESSURE_OUTPUT,OUTPUT_DEMAND,FITNESS
0.7398917664057428,23.947276898392268,13.000000000000002,39.97036858604959
