EMITTER_COEFFICIENT_SOLUTION,PRESSURE_OUTPUT,OUTPUT_DEMAND,FITNESS
0.3556487525262062,23.881960161051836,13.000000000000002,11.069873286630067
