EMITTER_COEFFICIENT_SOLUTION,PRESSURE_OUTPUT,OUTPUT_DEMAND,FITNESS
0.3514176597867458,23.88241430374316,13.000000000000002,11.125806074282009
