EMITTER_COEFFICIENT_SOLUTION,PRESSURE_OUTPUT,OUTPUT_DEMAND,FITNESS
0.9302769830677268,23.927249698823594,13.000000000000002,22.199660987149542
