EMITTER_COEFFICIENT_SOLUTION,PRESSURE_OUTPUT,OUTPUT_DEMAND,FITNESS
0.46661997602204563,23.975756152451105,13.000000000000002,288.79025709219826
