EMITTER_COEFFICIENT_SOLUTION,PRESSURE_OUTPUT,OUTPUT_DEMAND,FITNESS
0.4912981641905403,23.867361738829118,13.000000000000002,9.529827571246662
