EMITTER_COEFFICIENT_SOLUTION,PRESSURE_OUTPUT,OUTPUT_DEMAND,FITNESS
0.6405006923223387,23.95767163776688,13.000000000000002,68.38170729131814
