EMITTER_COEFFICIENT_SOLUTION,PRESSURE_OUTPUT,OUTPUT_DEMAND,FITNESS
0.7060012367641283,23.950825996299848,13.000000000000002,46.577843282287915
