EMITTER_COEFFICIENT_SOLUTION,PRESSURE_OUTPUT,OUTPUT_DEMAND,FITNESS
0.32802039404167427,23.99007881174507,13.000000000000002,56.22595640752066
