EMITTER_COEFFICIENT_SOLUTION,PRESSURE_OUTPUT,OUTPUT_DEMAND,FITNESS
0.9295267450926642,23.927328916058407,13.000000000000002,22.238769993705425
