EMITTER_COEFFICIENT_SOLUTION,PRESSURE_OUTPUT,OUTPUT_DEMAND,FITNESS
0.1381763899809375,24.00956271723045,13.000000000000002,26.831745960486828
