EMITTER_COEFFICIENT_SOLUTION,PRESSURE_OUTPUT,OUTPUT_DEMAND,FITNESS
0.44174107308729627,23.97833315806495,13.000000000000002,165.5704163930289
