EMITTER_COEFFICIENT_SOLUTION,PRESSURE_OUTPUT,OUTPUT_DEMAND,FITNESS
0.2497915463537247,23.99812640227737,13.000000000000002,38.710221077476
