EMITTER_COEFFICIENT_SOLUTION,PRESSURE_OUTPUT,OUTPUT_DEMAND,FITNESS
0.18412385944652676,24.00486138570681,13.000000000000002,30.70502990414246
