EMITTER_COEFFICIENT_SOLUTION,PRESSURE_OUTPUT,OUTPUT_DEMAND,FITNESS
0.3918241989833954,23.983495658606763,13.000000000000002,89.26796549055427
