EMITTER_COEFFICIENT_SOLUTION,PRESSURE_OUTPUT,OUTPUT_DEMAND,FITNESS
0.20444245982081555,24.00277947205536,13.000000000000002,32.80189851339251
