EMITTER_COEFFICIENT_SOLUTION,PRESSURE_OUTPUT,OUTPUT_DEMAND,FITNESS
0.8915620202775564,23.93133452746872,13.000000000000002,24.41352351513751
