EMITTER_COEFFICIENT_SOLUTION,PRESSURE_OUTPUT,OUTPUT_DEMAND,FITNESS
0.034972157487984545,24.020089062446942,13.000000000000002,20.92241457069857
