EMITTER_COEFFICIENT_SOLUTION,PRESSURE_OUTPUT,OUTPUT_DEMAND,FITNESS
0.634203224532995,23.958328847778844,13.000000000000002,71.59946925395212
