EMITTER_COEFFICIENT_SOLUTION,PRESSURE_OUTPUT,OUTPUT_DEMAND,FITNESS
0.2978489442394815,23.993185747167864,13.000000000000002,47.86448894004831
