EMITTER_COEFFICIENT_SOLUTION,PRESSURE_OUTPUT,OUTPUT_DEMAND,FITNESS
0.14636181410263838,23.90433617424192,13.000000000000002,14.714698726720659
