EMITTER_COEFFICIENT_SOLUTION,PRESSURE_OUTPUT,OUTPUT_DEMAND,FITNESS
0.21144168219357617,24.002061893482754,13.000000000000002,33.59259907862208
