EMITTER_COEFFICIENT_SOLUTION,PRESSURE_OUTPUT,OUTPUT_DEMAND,FITNESS
0.7549873219469533,23.945694498702288,13.000000000000002,37.5926663177472
