EMITTER_COEFFICIENT_SOLUTION,PRESSURE_OUTPUT,OUTPUT_DEMAND,FITNESS
0.14086730992241991,24.009287635856907,13.000000000000002,27.03126136330842
