EMITTER_COEFFICIENT_SOLUTION,PRESSURE_OUTPUT,OUTPUT_DEMAND,FITNESS
0.816513533530323,23.939235075686433,13.000000000000002,30.24770809845604
