EMITTER_COEFFICIENT_SOLUTION,PRESSURE_OUTPUT,OUTPUT_DEMAND,FITNESS
0.4248558946202373,23.980080650260092,13.000000000000002,128.4155567710979
