EMITTER_COEFFICIENT_SOLUTION,PRESSURE_OUTPUT,OUTPUT_DEMAND,FITNESS
0.6361098882586887,23.958129884168898,13.000000000000002,70.5938117750436
