EMITTER_COEFFICIENT_SOLUTION,PRESSURE_OUTPUT,OUTPUT_DEMAND,FITNESS
0.1412280963565241,24.009250751791804,13.000000000000002,27.058239044670792
