EMITTER_COEFFICIENT_SOLUTION,PRESSURE_OUTPUT,OUTPUT_DEMAND,FITNESS
0.07151905868736119,24.01636676422742,13.000000000000002,22.689457408989693
