EMITTER_COEFFICIENT_SOLUTION,PRESSURE_OUTPUT,OUTPUT_DEMAND,FITNESS
0.5631559153849394,23.965731772113443,13.000000000000002,152.35403030857347
