EMITTER_COEFFICIENT_SOLUTION,PRESSURE_OUTPUT,OUTPUT_DEMAND,FITNESS
0.2576617641441682,23.997317968440434,13.000000000000002,39.9607797970248
