EMITTER_COEFFICIENT_SOLUTION,PRESSURE_OUTPUT,OUTPUT_DEMAND,FITNESS
0.3239998247676553,23.990493060254657,13.000000000000002,54.94617651297128
