EMITTER_COEFFICIENT_SOLUTION,PRESSURE_OUTPUT,OUTPUT_DEMAND,FITNESS
0.48704646418717557,23.973638360274542,13.000000000000002,743.5339392697978
