EMITTER_COEFFICIENT_SOLUTION,PRESSURE_OUTPUT,OUTPUT_DEMAND,FITNESS
0.267808059657218,23.996275339688026,13.000000000000002,41.69810020129757
