EMITTER_COEFFICIENT_SOLUTION,PRESSURE_OUTPUT,OUTPUT_DEMAND,FITNESS
0.43247942008627394,23.97929182231072,13.000000000000002,142.8899962171287
