EMITTER_COEFFICIENT_SOLUTION,PRESSURE_OUTPUT,OUTPUT_DEMAND,FITNESS
0.8616785070213896,23.93448325972136,13.000000000000002,26.446510375131908
