EMITTER_COEFFICIENT_SOLUTION,PRESSURE_OUTPUT,OUTPUT_DEMAND,FITNESS
0.11855719424812783,23.907295387789006,13.000000000000002,15.384604978415396
