EMITTER_COEFFICIENT_SOLUTION,PRESSURE_OUTPUT,OUTPUT_DEMAND,FITNESS
0.00022585381743145394,24.023622558316255,13.000000000000002,19.48211604207042
