EMITTER_COEFFICIENT_SOLUTION,PRESSURE_OUTPUT,OUTPUT_DEMAND,FITNESS
0.3976932368077616,23.982889224993038,13.000000000000002,94.3770775397793
