EMITTER_COEFFICIENT_SOLUTION,PRESSURE_OUTPUT,OUTPUT_DEMAND,FITNESS
0.20885940171544926,23.89767301411421,13.000000000000002,13.40079873598615
