EMITTER_COEFFICIENT_SOLUTION,PRESSURE_OUTPUT,OUTPUT_DEMAND,FITNESS
0.6216641921348228,23.959636933748392,13.000000000000002,78.99831397530589
