EMITTER_COEFFICIENT_SOLUTION,PRESSURE_OUTPUT,OUTPUT_DEMAND,FITNESS
0.7531736140586084,23.945884672273202,13.000000000000002,37.863356435488384
