EMITTER_COEFFICIENT_SOLUTION,PRESSURE_OUTPUT,OUTPUT_DEMAND,FITNESS
0.63047799622683,23.958717537298057,13.000000000000002,73.64912160380388
