EMITTER_COEFFICIENT_SOLUTION,PRESSURE_OUTPUT,OUTPUT_DEMAND,FITNESS
0.3851674692443092,23.87878976611161,13.000000000000002,10.694539128904822
