EMITTER_COEFFICIENT_SOLUTION,PRESSURE_OUTPUT,OUTPUT_DEMAND,FITNESS
0.2265707928848989,24.00051009285466,13.000000000000002,35.44005424582919
