EMITTER_COEFFICIENT_SOLUTION,PRESSURE_OUTPUT,OUTPUT_DEMAND,FITNESS
0.08560695920298478,24.014930348693234,13.000000000000002,23.453853416607412
