EMITTER_COEFFICIENT_SOLUTION,PRESSURE_OUTPUT,OUTPUT_DEMAND,FITNESS
0.19309946377342035,24.003941935041695,13.000000000000002,31.597070829813383
