EMITTER_COEFFICIENT_SOLUTION,PRESSURE_OUTPUT,OUTPUT_DEMAND,FITNESS
0.1340259347486622,24.009986939014468,13.000000000000002,26.529767928532078
