EMITTER_COEFFICIENT_SOLUTION,PRESSURE_OUTPUT,OUTPUT_DEMAND,FITNESS
0.2574631142577676,23.997338377176114,13.000000000000002,39.92821638038694
