EMITTER_COEFFICIENT_SOLUTION,PRESSURE_OUTPUT,OUTPUT_DEMAND,FITNESS
0.042311154220475156,24.01934205445699,13.000000000000002,21.254607309951364
