EMITTER_COEFFICIENT_SOLUTION,PRESSURE_OUTPUT,OUTPUT_DEMAND,FITNESS
0.4724775666369475,23.9751490271019,13.000000000000002,350.1896727652559
