EMITTER_COEFFICIENT_SOLUTION,PRESSURE_OUTPUT,OUTPUT_DEMAND,FITNESS
0.5483297859432107,23.967273909808235,13.000000000000002,199.14281179200077
