EMITTER_COEFFICIENT_SOLUTION,PRESSURE_OUTPUT,OUTPUT_DEMAND,FITNESS
0.2500567523048175,23.998099164508126,13.000000000000002,38.751079443298934
