EMITTER_COEFFICIENT_SOLUTION,PRESSURE_OUTPUT,OUTPUT_DEMAND,FITNESS
0.3005982560909025,23.99290279637752,13.000000000000002,48.52163171097549
