EMITTER_COEFFICIENT_SOLUTION,PRESSURE_OUTPUT,OUTPUT_DEMAND,FITNESS
0.3482881003491549,23.88275016687193,13.000000000000002,11.167536343805994
