EMITTER_COEFFICIENT_SOLUTION,PRESSURE_OUTPUT,OUTPUT_DEMAND,FITNESS
0.49008175912949126,23.867492978203416,13.000000000000002,9.541761343455518
