EMITTER_COEFFICIENT_SOLUTION,PRESSURE_OUTPUT,OUTPUT_DEMAND,FITNESS
0.605091845872369,23.96136475773219,13.000000000000002,91.4856666562602
