EMITTER_COEFFICIENT_SOLUTION,PRESSURE_OUTPUT,OUTPUT_DEMAND,FITNESS
0.37893106284387856,23.98482735674221,13.000000000000002,79.78346775163799
