EMITTER_COEFFICIENT_SOLUTION,PRESSURE_OUTPUT,OUTPUT_DEMAND,FITNESS
0.2922538530058145,23.888756981544923,13.000000000000002,11.970535693234694
