EMITTER_COEFFICIENT_SOLUTION,PRESSURE_OUTPUT,OUTPUT_DEMAND,FITNESS
0.013658573361385984,24.02225714676898,13.000000000000002,20.014524534951622
