EMITTER_COEFFICIENT_SOLUTION,PRESSURE_OUTPUT,OUTPUT_DEMAND,FITNESS
0.14313848273187946,24.00905543896871,13.000000000000002,27.201996729747915
