EMITTER_COEFFICIENT_SOLUTION,PRESSURE_OUTPUT,OUTPUT_DEMAND,FITNESS
0.42175294298775334,23.87485543679982,13.000000000000002,10.262726311281174
