EMITTER_COEFFICIENT_SOLUTION,PRESSURE_OUTPUT,OUTPUT_DEMAND,FITNESS
0.44479034502219994,23.872375270123655,13.000000000000002,10.007990216100614
