EMITTER_COEFFICIENT_SOLUTION,PRESSURE_OUTPUT,OUTPUT_DEMAND,FITNESS
0.18833267342623683,24.004430283091537,13.000000000000002,31.116925225037544
