EMITTER_COEFFICIENT_SOLUTION,PRESSURE_OUTPUT,OUTPUT_DEMAND,FITNESS
0.1244554680301787,24.010964859586828,13.000000000000002,25.858884868557265
