EMITTER_COEFFICIENT_SOLUTION,PRESSURE_OUTPUT,OUTPUT_DEMAND,FITNESS
0.4846255828193132,23.97388944718162,13.000000000000002,626.5603599223767
