EMITTER_COEFFICIENT_SOLUTION,PRESSURE_OUTPUT,OUTPUT_DEMAND,FITNESS
0.024803309995089395,24.02112371312211,13.000000000000002,20.479095594118622
