EMITTER_COEFFICIENT_SOLUTION,PRESSURE_OUTPUT,OUTPUT_DEMAND,FITNESS
0.3357677441064627,23.98928038829834,13.000000000000002,58.86869713607566
