EMITTER_COEFFICIENT_SOLUTION,PRESSURE_OUTPUT,OUTPUT_DEMAND,FITNESS
0.918423365516808,23.928501041854332,13.000000000000002,22.833974905527576
