EMITTER_COEFFICIENT_SOLUTION,PRESSURE_OUTPUT,OUTPUT_DEMAND,FITNESS
0.9401019547729302,23.926212068799558,13.000000000000002,21.699805219551607
