EMITTER_COEFFICIENT_SOLUTION,PRESSURE_OUTPUT,OUTPUT_DEMAND,FITNESS
0.7385795077489331,23.947414411306738,13.000000000000002,40.19127760736994
