EMITTER_COEFFICIENT_SOLUTION,PRESSURE_OUTPUT,OUTPUT_DEMAND,FITNESS
0.08748971928778426,24.01473831619912,13.000000000000002,23.55996519019684
