EMITTER_COEFFICIENT_SOLUTION,PRESSURE_OUTPUT,OUTPUT_DEMAND,FITNESS
0.5366159758008412,23.968491659100565,13.000000000000002,262.89688969012195
