EMITTER_COEFFICIENT_SOLUTION,PRESSURE_OUTPUT,OUTPUT_DEMAND,FITNESS
0.1775061816321678,24.005539069357404,13.000000000000002,30.079134350385306
