EMITTER_COEFFICIENT_SOLUTION,PRESSURE_OUTPUT,OUTPUT_DEMAND,FITNESS
0.9383365737681474,23.926398542970297,13.000000000000002,21.78796921695201
