EMITTER_COEFFICIENT_SOLUTION,PRESSURE_OUTPUT,OUTPUT_DEMAND,FITNESS
0.17601246590862907,23.90117698177435,13.000000000000002,14.061048859597184
