EMITTER_COEFFICIENT_SOLUTION,PRESSURE_OUTPUT,OUTPUT_DEMAND,FITNESS
0.35315044242227545,23.98748802956284,13.000000000000002,65.81286406272545
