EMITTER_COEFFICIENT_SOLUTION,PRESSURE_OUTPUT,OUTPUT_DEMAND,FITNESS
0.4938341515360397,23.972934227388627,13.000000000000002,1560.5599474808805
