EMITTER_COEFFICIENT_SOLUTION,PRESSURE_OUTPUT,OUTPUT_DEMAND,FITNESS
0.020983949412915148,23.917654743970587,13.000000000000002,18.30138017188444
