EMITTER_COEFFICIENT_SOLUTION,PRESSURE_OUTPUT,OUTPUT_DEMAND,FITNESS
0.34894147385262275,23.987922142440873,13.000000000000002,63.98480464026267
