EMITTER_COEFFICIENT_SOLUTION,PRESSURE_OUTPUT,OUTPUT_DEMAND,FITNESS
0.17603604512218762,23.901174468037055,13.000000000000002,14.06055187838308
