EMITTER_COEFFICIENT_SOLUTION,PRESSURE_OUTPUT,OUTPUT_DEMAND,FITNESS,NODE
0.03087007791064167,30.5644477442675,1.7,32.402521360861755,N13
