EMITTER_COEFFICIENT_SOLUTION,PRESSURE_OUTPUT,OUTPUT_DEMAND,FITNESS,NODE
0.8611320655172368,29.622094338728672,1.7,1.0275219689844701,N13
