EMITTER_COEFFICIENT_SOLUTION,PRESSURE_OUTPUT,OUTPUT_DEMAND,FITNESS,NODE
0.5797101308441952,29.964515323442225,1.7,1.5853030568902409,N13
