EMITTER_COEFFICIENT_SOLUTION,PRESSURE_OUTPUT,OUTPUT_DEMAND,FITNESS,NODE
0.7565489697486398,29.751913076428032,1.7,1.1856819930196747,N13
