EMITTER_COEFFICIENT_SOLUTION,PRESSURE_OUTPUT,OUTPUT_DEMAND,FITNESS,NODE
0.3192100681446084,30.261025217726544,1.7,2.9914654470769233,N13
