EMITTER_COEFFICIENT_SOLUTION,PRESSURE_OUTPUT,OUTPUT_DEMAND,FITNESS,NODE
0.13043755003610347,30.462734462451955,1.7,7.5428958250469025,N13
