EMITTER_COEFFICIENT_SOLUTION,PRESSURE_OUTPUT,OUTPUT_DEMAND,FITNESS,NODE
0.2378689384254442,30.349338738660105,1.7,4.065523200244103,N13
