EMITTER_COEFFICIENT_SOLUTION,PRESSURE_OUTPUT,OUTPUT_DEMAND,FITNESS,NODE
0.11708074702566029,30.476570046589156,1.7,8.421797753163252,N13
