EMITTER_COEFFICIENT_SOLUTION,PRESSURE_OUTPUT,OUTPUT_DEMAND,FITNESS,NODE
0.7710704037722029,29.73406570449497,1.7,1.1611113584932722,N13
