EMITTER_COEFFICIENT_SOLUTION,PRESSURE_OUTPUT,OUTPUT_DEMAND,FITNESS,NODE
0.2734347080551254,30.310981492963442,1.7,3.5170642148373785,N13
