EMITTER_COEFFICIENT_SOLUTION,PRESSURE_OUTPUT,OUTPUT_DEMAND,FITNESS,NODE
0.2279471055839195,30.359967443184882,1.7,4.249133550423918,N13
