EMITTER_COEFFICIENT_SOLUTION,PRESSURE_OUTPUT,OUTPUT_DEMAND,FITNESS,NODE
0.7457965468329173,29.765090765074305,1.7,1.204501789206849,N13
