EMITTER_COEFFICIENT_SOLUTION,PRESSURE_OUTPUT,OUTPUT_DEMAND,FITNESS,NODE
0.3602413733832439,30.215689888018396,1.7,2.634215574485374,N13
