EMITTER_COEFFICIENT_SOLUTION,PRESSURE_OUTPUT,OUTPUT_DEMAND,FITNESS,NODE
0.029168509795181707,30.566157184772052,1.7,34.302545621829985,N13
