EMITTER_COEFFICIENT_SOLUTION,PRESSURE_OUTPUT,OUTPUT_DEMAND,FITNESS,NODE
0.5004824220661197,30.05684821697003,1.7,1.8571435996786643,N13
