EMITTER_COEFFICIENT_SOLUTION,PRESSURE_OUTPUT,OUTPUT_DEMAND,FITNESS,NODE
0.5732733729651824,29.972085375524546,1.7,1.6045590925003554,N13
