EMITTER_COEFFICIENT_SOLUTION,PRESSURE_OUTPUT,OUTPUT_DEMAND,FITNESS,NODE
0.5334006617088975,30.01870889659042,1.7,1.7343026082031303,N13
