EMITTER_COEFFICIENT_SOLUTION,PRESSURE_OUTPUT,OUTPUT_DEMAND,FITNESS,NODE
0.39623859225702684,30.175488352604688,1.7,2.381966488805166,N13
