EMITTER_COEFFICIENT_SOLUTION,PRESSURE_OUTPUT,OUTPUT_DEMAND,FITNESS,NODE
0.48546435030413404,30.074141544353914,1.7,1.9187670925404439,N13
