EMITTER_COEFFICIENT_SOLUTION,PRESSURE_OUTPUT,OUTPUT_DEMAND,FITNESS,NODE
0.8672269084628741,29.614437887288876,1.7,1.0195013762433258,N13
