EMITTER_COEFFICIENT_SOLUTION,PRESSURE_OUTPUT,OUTPUT_DEMAND,FITNESS,NODE
0.5216248678827831,30.032389202529437,1.7,1.7764502953372487,N13
