EMITTER_COEFFICIENT_SOLUTION,PRESSURE_OUTPUT,OUTPUT_DEMAND,FITNESS,NODE
0.6062067892183245,29.93322706765471,1.7,1.5103858530583594,N13
