EMITTER_COEFFICIENT_SOLUTION,PRESSURE_OUTPUT,OUTPUT_DEMAND,FITNESS,NODE
0.00866738504077924,30.58667604372608,1.7,115.82792787906618,N13
