EMITTER_COEFFICIENT_SOLUTION,PRESSURE_OUTPUT,OUTPUT_DEMAND,FITNESS,NODE
0.28633717855520957,30.29696727033436,1.7,3.3518549036003673,N13
