EMITTER_COEFFICIENT_SOLUTION,PRESSURE_OUTPUT,OUTPUT_DEMAND,FITNESS,NODE
0.9854335734476896,29.464010205917145,1.7,0.8839393516365533,N13
