EMITTER_COEFFICIENT_SOLUTION,PRESSURE_OUTPUT,OUTPUT_DEMAND,FITNESS,NODE
0.8797345080456485,29.59869464533295,1.7,1.0033966030513692,N13
