EMITTER_COEFFICIENT_SOLUTION,PRESSURE_OUTPUT,OUTPUT_DEMAND,FITNESS,NODE
0.908826720467389,29.561916156158393,1.7,0.9676856998511578,N13
