EMITTER_COEFFICIENT_SOLUTION,PRESSURE_OUTPUT,OUTPUT_DEMAND,FITNESS,NODE
0.5968719414093884,29.94427316822604,1.7,1.5360124919899827,N13
