EMITTER_COEFFICIENT_SOLUTION,PRESSURE_OUTPUT,OUTPUT_DEMAND,FITNESS,NODE
0.6584781755247309,29.870911364195532,1.7,1.3804562645342313,N13
