EMITTER_COEFFICIENT_SOLUTION,PRESSURE_OUTPUT,OUTPUT_DEMAND,FITNESS,NODE
0.7421793869398916,29.76951661438813,1.7,1.2109573342363829,N13
