EMITTER_COEFFICIENT_SOLUTION,PRESSURE_OUTPUT,OUTPUT_DEMAND,FITNESS,NODE
0.18931432573790685,30.401051623691032,1.7,5.147795355159311,N13
