EMITTER_COEFFICIENT_SOLUTION,PRESSURE_OUTPUT,OUTPUT_DEMAND,FITNESS,NODE
0.6026429466398253,29.937447196090964,1.7,1.5200748439937222,N13
