EMITTER_COEFFICIENT_SOLUTION,PRESSURE_OUTPUT,OUTPUT_DEMAND,FITNESS,NODE
0.5157337204897381,30.039217777408112,1.7,1.798264363936928,N13
