EMITTER_COEFFICIENT_SOLUTION,PRESSURE_OUTPUT,OUTPUT_DEMAND,FITNESS,NODE
0.5548176843326722,29.993723589164983,1.7,1.6622728612244144,N13
