EMITTER_COEFFICIENT_SOLUTION,PRESSURE_OUTPUT,OUTPUT_DEMAND,FITNESS,NODE
0.8690837623174488,29.61210330653583,1.7,1.0170806142410782,N13
