EMITTER_COEFFICIENT_SOLUTION,PRESSURE_OUTPUT,OUTPUT_DEMAND,FITNESS,NODE
0.3329445526703152,30.24590829038232,1.7,2.8620389901093177,N13
