EMITTER_COEFFICIENT_SOLUTION,PRESSURE_OUTPUT,OUTPUT_DEMAND,FITNESS,NODE
0.6414385538151746,29.891311024082672,1.7,1.4204575395983798,N13
