EMITTER_COEFFICIENT_SOLUTION,PRESSURE_OUTPUT,OUTPUT_DEMAND,FITNESS,NODE
0.45843494906096405,30.1050965066205,1.7,2.0399294421448673,N13
