EMITTER_COEFFICIENT_SOLUTION,PRESSURE_OUTPUT,OUTPUT_DEMAND,FITNESS,NODE
0.8586323923162034,29.62523160735128,1.7,1.0308450137867253,N13
