EMITTER_COEFFICIENT_SOLUTION,PRESSURE_OUTPUT,OUTPUT_DEMAND,FITNESS,NODE
0.2916346584134448,30.291198128794232,1.7,3.288268584115489,N13
