EMITTER_COEFFICIENT_SOLUTION,PRESSURE_OUTPUT,OUTPUT_DEMAND,FITNESS,NODE
0.6004516181239286,29.940040241876545,1.7,1.5260901169180445,N13
