EMITTER_COEFFICIENT_SOLUTION,PRESSURE_OUTPUT,OUTPUT_DEMAND,FITNESS,NODE
0.6764527499045825,29.84930310340137,1.7,1.3404710076919566,N13
