EMITTER_COEFFICIENT_SOLUTION,PRESSURE_OUTPUT,OUTPUT_DEMAND,FITNESS,NODE
0.5547381877684159,29.993816579161237,1.7,1.6625298463550255,N13
