EMITTER_COEFFICIENT_SOLUTION,PRESSURE_OUTPUT,OUTPUT_DEMAND,FITNESS,NODE
0.9283293691810466,29.53713610542607,1.7,0.9450246691083747,N13
