EMITTER_COEFFICIENT_SOLUTION,PRESSURE_OUTPUT,OUTPUT_DEMAND,FITNESS,NODE
0.5986990338139837,29.942113114889718,1.7,1.530933056800663,N13
