EMITTER_COEFFICIENT_SOLUTION,PRESSURE_OUTPUT,OUTPUT_DEMAND,FITNESS,NODE
0.006798004247338785,30.58853998826145,1.7,147.72026537494946,N13
