EMITTER_COEFFICIENT_SOLUTION,PRESSURE_OUTPUT,OUTPUT_DEMAND,FITNESS,NODE
0.6815333654241738,29.84317885378868,1.7,1.3295561770665751,N13
