EMITTER_COEFFICIENT_SOLUTION,PRESSURE_OUTPUT,OUTPUT_DEMAND,FITNESS,NODE
0.29756620425220115,30.28472798938043,1.7,3.219766266069841,N13
