EMITTER_COEFFICIENT_SOLUTION,PRESSURE_OUTPUT,OUTPUT_DEMAND,FITNESS,NODE
0.2907742948462817,30.292135695829497,1.7,3.298437575555284,N13
