EMITTER_COEFFICIENT_SOLUTION,PRESSURE_OUTPUT,OUTPUT_DEMAND,FITNESS,NODE
0.24590953649764247,30.340702239734714,1.7,3.927617151618869,N13
