EMITTER_COEFFICIENT_SOLUTION,PRESSURE_OUTPUT,OUTPUT_DEMAND,FITNESS,NODE
0.9426570190043002,29.518868034983107,1.7,0.9289868471339319,N13
