EMITTER_COEFFICIENT_SOLUTION,PRESSURE_OUTPUT,OUTPUT_DEMAND,FITNESS,NODE
0.30375232209381986,30.27796838869976,1.7,3.1511828688491446,N13
