EMITTER_COEFFICIENT_SOLUTION,PRESSURE_OUTPUT,OUTPUT_DEMAND,FITNESS,NODE
0.34682927821845677,30.23056634293007,1.7,2.7416549716316574,N13
