EMITTER_COEFFICIENT_SOLUTION,PRESSURE_OUTPUT,OUTPUT_DEMAND,FITNESS,NODE
0.8703461676684061,29.61051558834786,1.7,1.0154408424015746,N13
