EMITTER_COEFFICIENT_SOLUTION,PRESSURE_OUTPUT,OUTPUT_DEMAND,FITNESS,NODE
0.004147784732584148,30.591180469633823,1.7,242.18525657369082,N13
