EMITTER_COEFFICIENT_SOLUTION,PRESSURE_OUTPUT,OUTPUT_DEMAND,FITNESS,NODE
0.019315592363363665,30.576036480531503,1.7,51.88589774029766,N13
