EMITTER_COEFFICIENT_SOLUTION,PRESSURE_OUTPUT,OUTPUT_DEMAND,FITNESS,NODE
0.716128764531744,29.801284185061885,1.7,1.2594056267905422,N13
