EMITTER_COEFFICIENT_SOLUTION,PRESSURE_OUTPUT,OUTPUT_DEMAND,FITNESS,NODE
0.49058845996613387,30.06824867214546,1.7,1.8973140688751824,N13
