EMITTER_COEFFICIENT_SOLUTION,PRESSURE_OUTPUT,OUTPUT_DEMAND,FITNESS,NODE
0.24257129860050286,30.34429038211176,1.7,3.9837596773656316,N13
