EMITTER_COEFFICIENT_SOLUTION,PRESSURE_OUTPUT,OUTPUT_DEMAND,FITNESS,NODE
0.13887971913913844,30.45395944686717,1.7,7.074632756473314,N13
