EMITTER_COEFFICIENT_SOLUTION,PRESSURE_OUTPUT,OUTPUT_DEMAND,FITNESS,NODE
0.6337595403785257,29.900477219035718,1.7,1.4391961479431763,N13
