EMITTER_COEFFICIENT_SOLUTION,PRESSURE_OUTPUT,OUTPUT_DEMAND,FITNESS,NODE
0.9698200193721762,29.484088213851408,1.7,0.8999107345606364,N13
