EMITTER_COEFFICIENT_SOLUTION,PRESSURE_OUTPUT,OUTPUT_DEMAND,FITNESS,NODE
0.4396293372075559,30.126503716498625,1.7,2.1330793039903235,N13
