EMITTER_COEFFICIENT_SOLUTION,PRESSURE_OUTPUT,OUTPUT_DEMAND,FITNESS,NODE
0.21400626725139382,30.37484822718227,1.7,4.535943230052265,N13
