EMITTER_COEFFICIENT_SOLUTION,PRESSURE_OUTPUT,OUTPUT_DEMAND,FITNESS,NODE
0.7284011852035766,29.786342010023525,1.7,1.236143556782509,N13
