EMITTER_COEFFICIENT_SOLUTION,PRESSURE_OUTPUT,OUTPUT_DEMAND,FITNESS,NODE
0.13522487154821938,30.457761262736952,1.7,7.270174653429128,N13
