EMITTER_COEFFICIENT_SOLUTION,PRESSURE_OUTPUT,OUTPUT_DEMAND,FITNESS,NODE
0.4726474303086565,30.088847303230636,1.7,1.974480873642208,N13
