EMITTER_COEFFICIENT_SOLUTION,PRESSURE_OUTPUT,OUTPUT_DEMAND,FITNESS,NODE
0.2625785085222969,30.322732356520884,1.7,3.668685642436518,N13
