EMITTER_COEFFICIENT_SOLUTION,PRESSURE_OUTPUT,OUTPUT_DEMAND,FITNESS,NODE
0.9186861725761872,29.549401205212913,1.7,0.9561067319245645,N13
