EMITTER_COEFFICIENT_SOLUTION,PRESSURE_OUTPUT,OUTPUT_DEMAND,FITNESS,NODE
0.43084001290816176,30.136472366376356,1.7,2.1794223684994285,N13
