EMITTER_COEFFICIENT_SOLUTION,PRESSURE_OUTPUT,OUTPUT_DEMAND,FITNESS,NODE
0.6261267716326935,29.909571511045254,1.7,1.458282839176662,N13
