EMITTER_COEFFICIENT_SOLUTION,PRESSURE_OUTPUT,OUTPUT_DEMAND,FITNESS,NODE
0.5988175927952761,29.94197291695431,1.7,1.5306045375562258,N13
