EMITTER_COEFFICIENT_SOLUTION,PRESSURE_OUTPUT,OUTPUT_DEMAND,FITNESS,NODE
0.7262543059073712,29.788958948701048,1.7,1.2401553500633218,N13
