EMITTER_COEFFICIENT_SOLUTION,PRESSURE_OUTPUT,OUTPUT_DEMAND,FITNESS,NODE
0.16432630142939075,30.427368506431765,1.7,5.954470911117904,N13
