EMITTER_COEFFICIENT_SOLUTION,PRESSURE_OUTPUT,OUTPUT_DEMAND,FITNESS,NODE
0.18138604093317579,30.409423465232084,1.7,5.379639117638344,N13
