EMITTER_COEFFICIENT_SOLUTION,PRESSURE_OUTPUT,OUTPUT_DEMAND,FITNESS,NODE
0.2074662754232124,30.381807669671453,1.7,4.683799714749284,N13
