EMITTER_COEFFICIENT_SOLUTION,PRESSURE_OUTPUT,OUTPUT_DEMAND,FITNESS,NODE
0.20718745762041135,30.382104064059053,1.7,4.690311048199123,N13
