EMITTER_COEFFICIENT_SOLUTION,PRESSURE_OUTPUT,OUTPUT_DEMAND,FITNESS,NODE
0.8984660457697642,29.57503978248038,1.7,0.9801329427755262,N13
