EMITTER_COEFFICIENT_SOLUTION,PRESSURE_OUTPUT,OUTPUT_DEMAND,FITNESS,NODE
0.49764672127634135,30.06011866830976,1.7,1.8684922569396925,N13
