EMITTER_COEFFICIENT_SOLUTION,PRESSURE_OUTPUT,OUTPUT_DEMAND,FITNESS,NODE
0.2923608359726997,30.290406607500344,1.7,3.2797323113357737,N13
