EMITTER_COEFFICIENT_SOLUTION,PRESSURE_OUTPUT,OUTPUT_DEMAND,FITNESS,NODE
0.26485861627906715,30.320267440934554,1.7,3.6358070378610576,N13
