EMITTER_COEFFICIENT_SOLUTION,PRESSURE_OUTPUT,OUTPUT_DEMAND,FITNESS,NODE
0.30892540494133036,30.27230652119313,1.7,3.0959462956717436,N13
