EMITTER_COEFFICIENT_SOLUTION,PRESSURE_OUTPUT,OUTPUT_DEMAND,FITNESS,NODE
0.005923474451120514,30.58941156802201,1.7,169.54980117895653,N13
