EMITTER_COEFFICIENT_SOLUTION,PRESSURE_OUTPUT,OUTPUT_DEMAND,FITNESS,NODE
0.9293180298022916,29.535877261666016,1.7,0.9439017673127837,N13
