EMITTER_COEFFICIENT_SOLUTION,PRESSURE_OUTPUT,OUTPUT_DEMAND,FITNESS,NODE
0.7191909402676615,29.797559788257153,1.7,1.2535259304556858,N13
