EMITTER_COEFFICIENT_SOLUTION,PRESSURE_OUTPUT,OUTPUT_DEMAND,FITNESS,NODE
0.7438440539459867,29.76748022688731,1.7,1.2079784854085072,N13
