EMITTER_COEFFICIENT_SOLUTION,PRESSURE_OUTPUT,OUTPUT_DEMAND,FITNESS,NODE
0.18726189119374181,30.403220835568145,1.7,5.205928179003579,N13
