EMITTER_COEFFICIENT_SOLUTION,PRESSURE_OUTPUT,OUTPUT_DEMAND,FITNESS,NODE
0.5625621235831053,29.984655786466448,1.7,1.6375892131734024,N13
