EMITTER_COEFFICIENT_SOLUTION,PRESSURE_OUTPUT,OUTPUT_DEMAND,FITNESS,NODE
0.24611359508672925,30.340482789920248,1.7,3.9242347953533963,N13
