EMITTER_COEFFICIENT_SOLUTION,PRESSURE_OUTPUT,OUTPUT_DEMAND,FITNESS,NODE
0.16928399595338806,30.422163282388745,1.7,5.775464124875328,N13
