EMITTER_COEFFICIENT_SOLUTION,PRESSURE_OUTPUT,OUTPUT_DEMAND,FITNESS,NODE
0.575991820197328,29.968889771006165,1.7,1.5963736287926997,N13
