EMITTER_COEFFICIENT_SOLUTION,PRESSURE_OUTPUT,OUTPUT_DEMAND,FITNESS,NODE
0.7972405697256622,29.701755696972665,1.7,1.1191267405387866,N13
