EMITTER_COEFFICIENT_SOLUTION,PRESSURE_OUTPUT,OUTPUT_DEMAND,FITNESS,NODE
0.5498812838229732,29.99949436745947,1.7,1.6783728341470714,N13
