EMITTER_COEFFICIENT_SOLUTION,PRESSURE_OUTPUT,OUTPUT_DEMAND,FITNESS,NODE
0.8877085723536191,29.58863605822708,1.7,0.9933707582120417,N13
