EMITTER_COEFFICIENT_SOLUTION,PRESSURE_OUTPUT,OUTPUT_DEMAND,FITNESS,NODE
0.7928730816273328,29.707160851331206,1.7,1.1259375964862242,N13
