EMITTER_COEFFICIENT_SOLUTION,PRESSURE_OUTPUT,OUTPUT_DEMAND,FITNESS,NODE
0.29132356639861157,30.291537163081347,1.7,3.2919385550524596,N13
