EMITTER_COEFFICIENT_SOLUTION,PRESSURE_OUTPUT,OUTPUT_DEMAND,FITNESS,NODE
0.5214813543206129,30.032555674480708,1.7,1.776975798874491,N13
