EMITTER_COEFFICIENT_SOLUTION,PRESSURE_OUTPUT,OUTPUT_DEMAND,FITNESS,NODE
0.9824094957555007,29.467903866365216,1.7,0.8869921655189213,N13
