EMITTER_COEFFICIENT_SOLUTION,PRESSURE_OUTPUT,OUTPUT_DEMAND,FITNESS,NODE
0.8140628291804186,29.680888204700757,1.7,1.0935877819598563,N13
