EMITTER_COEFFICIENT_SOLUTION,PRESSURE_OUTPUT,OUTPUT_DEMAND,FITNESS,NODE
0.1728198191913335,30.418446039313846,1.7,5.6540778358885655,N13
