EMITTER_COEFFICIENT_SOLUTION,PRESSURE_OUTPUT,OUTPUT_DEMAND,FITNESS,NODE
0.41396971471743815,30.155540417012904,1.7,2.273920444638673,N13
