EMITTER_COEFFICIENT_SOLUTION,PRESSURE_OUTPUT,OUTPUT_DEMAND,FITNESS,NODE
0.1989715525648168,30.39082665838986,1.7,4.8903849135933175,N13
