EMITTER_COEFFICIENT_SOLUTION,PRESSURE_OUTPUT,OUTPUT_DEMAND,FITNESS,NODE
0.009122143673960803,30.58622242840325,1.7,110.0459671836974,N13
