EMITTER_COEFFICIENT_SOLUTION,PRESSURE_OUTPUT,OUTPUT_DEMAND,FITNESS,NODE
0.009785319038575269,30.585560794695056,1.7,102.5773014205777,N13
