EMITTER_COEFFICIENT_SOLUTION,PRESSURE_OUTPUT,OUTPUT_DEMAND,FITNESS,NODE
0.30603478971498776,30.275471293372096,1.7,3.1265804202741667,N13
