EMITTER_COEFFICIENT_SOLUTION,PRESSURE_OUTPUT,OUTPUT_DEMAND,FITNESS,NODE
0.9882478200328428,29.46038460596192,1.7,0.8811155433147853,N13
