EMITTER_COEFFICIENT_SOLUTION,PRESSURE_OUTPUT,OUTPUT_DEMAND,FITNESS,NODE
0.6004603822007619,29.94002987391712,1.7,1.5260659708301552,N13
