EMITTER_COEFFICIENT_SOLUTION,PRESSURE_OUTPUT,OUTPUT_DEMAND,FITNESS,NODE
0.43305885231947494,30.133958015033517,1.7,2.167544584942557,N13
