EMITTER_COEFFICIENT_SOLUTION,PRESSURE_OUTPUT,OUTPUT_DEMAND,FITNESS,NODE
0.6495929510023224,29.88155896938187,1.7,1.4010496677257018,N13
