EMITTER_COEFFICIENT_SOLUTION,PRESSURE_OUTPUT,OUTPUT_DEMAND,FITNESS,NODE
0.18821559737617188,30.40221303585132,1.7,5.178757656347426,N13
