EMITTER_COEFFICIENT_SOLUTION,PRESSURE_OUTPUT,OUTPUT_DEMAND,FITNESS,NODE
0.028428100958614033,30.566900714350332,1.7,35.2003284963764,N13
