EMITTER_COEFFICIENT_SOLUTION,PRESSURE_OUTPUT,OUTPUT_DEMAND,FITNESS,NODE
0.9846144388004752,29.465065117064377,1.7,0.8847643744869037,N13
