EMITTER_COEFFICIENT_SOLUTION,PRESSURE_OUTPUT,OUTPUT_DEMAND,FITNESS
0.26156076276474716,24.48832582116178,1.5,1.5711890456722604
