EMITTER_COEFFICIENT_SOLUTION,PRESSURE_OUTPUT,OUTPUT_DEMAND,FITNESS
0.07047443935392206,22.004176166978336,1.5,0.5412160351998482
