EMITTER_COEFFICIENT_SOLUTION,PRESSURE_OUTPUT,OUTPUT_DEMAND,FITNESS
0.007192145551539575,25.047254215002635,1.5,0.8365477380227795
