EMITTER_COEFFICIENT_SOLUTION,PRESSURE_OUTPUT,OUTPUT_DEMAND,FITNESS
0.26303355600149403,21.310199518979793,1.5,0.39344247026971674
