EMITTER_COEFFICIENT_SOLUTION,PRESSURE_OUTPUT,OUTPUT_DEMAND,FITNESS
0.24820683945177735,24.520950404035798,1.5,1.4945778984293525
