EMITTER_COEFFICIENT_SOLUTION,PRESSURE_OUTPUT,OUTPUT_DEMAND,FITNESS
0.69695774403017,23.258310563828676,1.5,1.6847592736251464
