EMITTER_COEFFICIENT_SOLUTION,PRESSURE_OUTPUT,OUTPUT_DEMAND,FITNESS
0.11609292088014911,24.824644120858284,1.5,1.027982771574571
