EMITTER_COEFFICIENT_SOLUTION,PRESSURE_OUTPUT,OUTPUT_DEMAND,FITNESS
0.9225645217835823,22.51775408658471,1.5,0.7495616458223078
