EMITTER_COEFFICIENT_SOLUTION,PRESSURE_OUTPUT,OUTPUT_DEMAND,FITNESS
0.5051754814508151,23.83699680549291,1.5,67.24783824560967
