EMITTER_COEFFICIENT_SOLUTION,PRESSURE_OUTPUT,OUTPUT_DEMAND,FITNESS
0.19766300220857325,24.641293218192484,1.5,1.266739894528028
