EMITTER_COEFFICIENT_SOLUTION,PRESSURE_OUTPUT,OUTPUT_DEMAND,FITNESS
0.337661173092203,21.0352027507106,1.5,0.3550298688227327
