EMITTER_COEFFICIENT_SOLUTION,PRESSURE_OUTPUT,OUTPUT_DEMAND,FITNESS
0.1345599037261398,24.784342463356445,1.5,1.072412174800593
