EMITTER_COEFFICIENT_SOLUTION,PRESSURE_OUTPUT,OUTPUT_DEMAND,FITNESS
0.006157862842788964,22.22986670352554,1.5,0.6165226332853544
