EMITTER_COEFFICIENT_SOLUTION,PRESSURE_OUTPUT,OUTPUT_DEMAND,FITNESS
0.7114139670696304,23.21265210872324,1.5,1.5644187026963636
