EMITTER_COEFFICIENT_SOLUTION,PRESSURE_OUTPUT,OUTPUT_DEMAND,FITNESS
0.11925752193116801,21.830792433148922,1.5,0.49478625445571967
