EMITTER_COEFFICIENT_SOLUTION,PRESSURE_OUTPUT,OUTPUT_DEMAND,FITNESS
0.07709128761200579,24.907368145768263,1.5,0.9474156159015346
