EMITTER_COEFFICIENT_SOLUTION,PRESSURE_OUTPUT,OUTPUT_DEMAND,FITNESS
0.20301550207279573,24.628787754910874,1.5,1.2871295312644928
