EMITTER_COEFFICIENT_SOLUTION,PRESSURE_OUTPUT,OUTPUT_DEMAND,FITNESS
0.30029983743167166,21.17323586801943,1.5,0.3733249882215598
