EMITTER_COEFFICIENT_SOLUTION,PRESSURE_OUTPUT,OUTPUT_DEMAND,FITNESS
0.8633386913692347,22.717618404659653,1.5,0.8816408082724305
