EMITTER_COEFFICIENT_SOLUTION,PRESSURE_OUTPUT,OUTPUT_DEMAND,FITNESS
0.5126351925366441,23.815491573250807,1.5,27.490956438051313
