EMITTER_COEFFICIENT_SOLUTION,PRESSURE_OUTPUT,OUTPUT_DEMAND,FITNESS
0.7030851028657394,23.23899049153537,1.5,1.6316496155128846
