EMITTER_COEFFICIENT_SOLUTION,PRESSURE_OUTPUT,OUTPUT_DEMAND,FITNESS
0.11447367806947528,21.847874297455668,1.5,0.4990037702797084
