EMITTER_COEFFICIENT_SOLUTION,PRESSURE_OUTPUT,OUTPUT_DEMAND,FITNESS
0.9150674809564314,22.543249559365055,1.5,0.7641651696890734
