EMITTER_COEFFICIENT_SOLUTION,PRESSURE_OUTPUT,OUTPUT_DEMAND,FITNESS
0.4569551184348888,23.97389681793733,1.5,8.194595689777985
