EMITTER_COEFFICIENT_SOLUTION,PRESSURE_OUTPUT,OUTPUT_DEMAND,FITNESS
0.4192223101231496,24.078398696510227,1.5,4.414357663229479
