EMITTER_COEFFICIENT_SOLUTION,PRESSURE_OUTPUT,OUTPUT_DEMAND,FITNESS
0.360962884810083,24.23503286587315,1.5,2.609823364367439
