EMITTER_COEFFICIENT_SOLUTION,PRESSURE_OUTPUT,OUTPUT_DEMAND,FITNESS
0.16211359913919243,21.67703428550091,1.5,0.45980544354382197
