EMITTER_COEFFICIENT_SOLUTION,PRESSURE_OUTPUT,OUTPUT_DEMAND,FITNESS
0.13546173146498064,24.782355968728822,1.5,1.0747016558263873
