EMITTER_COEFFICIENT_SOLUTION,PRESSURE_OUTPUT,OUTPUT_DEMAND,FITNESS
0.20234026365329227,24.63036851862363,1.5,1.2845159938077761
