EMITTER_COEFFICIENT_SOLUTION,PRESSURE_OUTPUT,OUTPUT_DEMAND,FITNESS
0.04683950163490369,24.96925083291423,1.5,0.8949461541877677
