EMITTER_COEFFICIENT_SOLUTION,PRESSURE_OUTPUT,OUTPUT_DEMAND,FITNESS
0.080727404233357,21.967886771893408,1.5,0.5307910846394334
