EMITTER_COEFFICIENT_SOLUTION,PRESSURE_OUTPUT,OUTPUT_DEMAND,FITNESS
0.6800736958076024,23.311296810045466,1.5,1.8498979419185575
