EMITTER_COEFFICIENT_SOLUTION,PRESSURE_OUTPUT,OUTPUT_DEMAND,FITNESS
0.03321049779944274,24.996465555304,1.5,0.8736673642320766
