EMITTER_COEFFICIENT_SOLUTION,PRESSURE_OUTPUT,OUTPUT_DEMAND,FITNESS
0.07040420337398623,24.92122068249117,1.5,0.9351427005968512
