EMITTER_COEFFICIENT_SOLUTION,PRESSURE_OUTPUT,OUTPUT_DEMAND,FITNESS
0.6601872213493223,23.373226584509915,1.5,2.089250318889837
