EMITTER_COEFFICIENT_SOLUTION,PRESSURE_OUTPUT,OUTPUT_DEMAND,FITNESS
0.8599790006308539,22.728847322181267,1.5,0.8904562107086181
