EMITTER_COEFFICIENT_SOLUTION,PRESSURE_OUTPUT,OUTPUT_DEMAND,FITNESS
0.49222700228042626,20.457750135197326,1.5,0.2946274359910368
