EMITTER_COEFFICIENT_SOLUTION,PRESSURE_OUTPUT,OUTPUT_DEMAND,FITNESS
0.7062474973577595,23.229000429561072,1.5,1.6054798432818582
