EMITTER_COEFFICIENT_SOLUTION,PRESSURE_OUTPUT,OUTPUT_DEMAND,FITNESS
0.14530371854731228,21.73749827795487,1.5,0.4729543661123111
