EMITTER_COEFFICIENT_SOLUTION,PRESSURE_OUTPUT,OUTPUT_DEMAND,FITNESS
0.08108731253977619,24.89904378508132,1.5,0.9549469283333542
