EMITTER_COEFFICIENT_SOLUTION,PRESSURE_OUTPUT,OUTPUT_DEMAND,FITNESS
0.04878784395916558,24.965326387954708,1.5,0.8981004328222183
