EMITTER_COEFFICIENT_SOLUTION,PRESSURE_OUTPUT,OUTPUT_DEMAND,FITNESS
0.24258736640820366,24.534576714916412,1.5,1.4647474622957837
