EMITTER_COEFFICIENT_SOLUTION,PRESSURE_OUTPUT,OUTPUT_DEMAND,FITNESS
0.12802952079701213,21.79942654683318,1.5,0.48722481310744176
