EMITTER_COEFFICIENT_SOLUTION,PRESSURE_OUTPUT,OUTPUT_DEMAND,FITNESS
0.29806785745949926,24.397411888229243,1.5,1.8330235893827862
