EMITTER_COEFFICIENT_SOLUTION,PRESSURE_OUTPUT,OUTPUT_DEMAND,FITNESS
0.5442516881649331,23.723399648294507,1.5,7.784068465961955
