EMITTER_COEFFICIENT_SOLUTION,PRESSURE_OUTPUT,OUTPUT_DEMAND,FITNESS
0.3392005870426982,21.02950071160544,1.5,0.3543126004509777
