EMITTER_COEFFICIENT_SOLUTION,PRESSURE_OUTPUT,OUTPUT_DEMAND,FITNESS
0.19991518299389632,24.636038244082517,1.5,1.27522869067087
