EMITTER_COEFFICIENT_SOLUTION,PRESSURE_OUTPUT,OUTPUT_DEMAND,FITNESS
0.4131746092423396,24.0949279529871,1.5,4.114163410151939
