EMITTER_COEFFICIENT_SOLUTION,PRESSURE_OUTPUT,OUTPUT_DEMAND,FITNESS
0.598655717033123,23.56145134787403,1.5,3.443338540823327
