EMITTER_COEFFICIENT_SOLUTION,PRESSURE_OUTPUT,OUTPUT_DEMAND,FITNESS
0.6644776952351492,23.359909656160003,1.5,2.032695848418009
