EMITTER_COEFFICIENT_SOLUTION,PRESSURE_OUTPUT,OUTPUT_DEMAND,FITNESS
0.9498583796695426,22.424473257065504,1.5,0.7005774576681899
