EMITTER_COEFFICIENT_SOLUTION,PRESSURE_OUTPUT,OUTPUT_DEMAND,FITNESS
0.10516708163253963,24.84814788928896,1.5,1.0037311524367716
