EMITTER_COEFFICIENT_SOLUTION,PRESSURE_OUTPUT,OUTPUT_DEMAND,FITNESS
0.7701851084007034,23.024351575776937,1.5,1.2084364386502613
