EMITTER_COEFFICIENT_SOLUTION,PRESSURE_OUTPUT,OUTPUT_DEMAND,FITNESS
0.9820716833837979,22.313475610450357,1.5,0.650029566599674
