EMITTER_COEFFICIENT_SOLUTION,PRESSURE_OUTPUT,OUTPUT_DEMAND,FITNESS
0.1494226201385893,24.751387140011417,1.5,1.1117015876616705
