EMITTER_COEFFICIENT_SOLUTION,PRESSURE_OUTPUT,OUTPUT_DEMAND,FITNESS
0.043014583866693545,22.10095426676767,1.5,0.5711306353528951
