EMITTER_COEFFICIENT_SOLUTION,PRESSURE_OUTPUT,OUTPUT_DEMAND,FITNESS
0.020078016886754035,22.18131453739273,1.5,0.5986043057234387
