EMITTER_COEFFICIENT_SOLUTION,PRESSURE_OUTPUT,OUTPUT_DEMAND,FITNESS
0.16591704430941268,24.714277913399787,1.5,1.1595375995380754
