EMITTER_COEFFICIENT_SOLUTION,PRESSURE_OUTPUT,OUTPUT_DEMAND,FITNESS
0.08886049776442184,24.88275092456567,1.5,0.9700395970060184
