EMITTER_COEFFICIENT_SOLUTION,PRESSURE_OUTPUT,OUTPUT_DEMAND,FITNESS
0.3958468533437105,24.141944789450356,1.5,3.447329421872002
