EMITTER_COEFFICIENT_SOLUTION,PRESSURE_OUTPUT,OUTPUT_DEMAND,FITNESS
0.7267881866078314,23.16380429549058,1.5,1.4533555495770103
