EMITTER_COEFFICIENT_SOLUTION,PRESSURE_OUTPUT,OUTPUT_DEMAND,FITNESS
0.14109709212705068,21.752598551713962,1.5,0.4763563797159622
