EMITTER_COEFFICIENT_SOLUTION,PRESSURE_OUTPUT,OUTPUT_DEMAND,FITNESS
0.5268490349372432,23.774277959891865,1.5,12.88838967584793
