EMITTER_COEFFICIENT_SOLUTION,PRESSURE_OUTPUT,OUTPUT_DEMAND,FITNESS
0.07275022671925035,24.91637195880619,1.5,0.939402183596229
