EMITTER_COEFFICIENT_SOLUTION,PRESSURE_OUTPUT,OUTPUT_DEMAND,FITNESS
0.3895707777815147,24.158847876622417,1.5,3.2575125076061364
