EMITTER_COEFFICIENT_SOLUTION,PRESSURE_OUTPUT,OUTPUT_DEMAND,FITNESS
0.19909379406056682,24.637955951104423,1.5,1.2721177077162655
