EMITTER_COEFFICIENT_SOLUTION,PRESSURE_OUTPUT,OUTPUT_DEMAND,FITNESS
0.25718977111718244,24.499042055782837,1.5,1.5451726182182168
