EMITTER_COEFFICIENT_SOLUTION,PRESSURE_OUTPUT,OUTPUT_DEMAND,FITNESS
0.04219224572515734,22.10384300010116,1.5,0.5720744690427643
