EMITTER_COEFFICIENT_SOLUTION,PRESSURE_OUTPUT,OUTPUT_DEMAND,FITNESS
0.2545554147713076,24.50548299187723,1.5,1.529946047299031
