EMITTER_COEFFICIENT_SOLUTION,PRESSURE_OUTPUT,OUTPUT_DEMAND,FITNESS
0.005195134531511769,25.051088642149526,1.5,0.8338729393416923
