EMITTER_COEFFICIENT_SOLUTION,PRESSURE_OUTPUT,OUTPUT_DEMAND,FITNESS
0.09110861694657535,24.878014420367695,1.5,0.9745171100292248
