EMITTER_COEFFICIENT_SOLUTION,PRESSURE_OUTPUT,OUTPUT_DEMAND,FITNESS
0.38412515683713266,20.862622087624064,1.5,0.3345326233818463
