EMITTER_COEFFICIENT_SOLUTION,PRESSURE_OUTPUT,OUTPUT_DEMAND,FITNESS
0.48849345188435445,23.88477481108185,1.5,30.386234161524364
