EMITTER_COEFFICIENT_SOLUTION,PRESSURE_OUTPUT,OUTPUT_DEMAND,FITNESS
0.4971550016661792,20.439197496466242,1.5,0.2930257232851657
