EMITTER_COEFFICIENT_SOLUTION,PRESSURE_OUTPUT,OUTPUT_DEMAND,FITNESS
0.1802043311411703,21.611749075496945,1.5,0.4464050362215974
