EMITTER_COEFFICIENT_SOLUTION,PRESSURE_OUTPUT,OUTPUT_DEMAND,FITNESS
0.5012710078945517,23.84821838163393,1.5,274.06343085674473
