EMITTER_COEFFICIENT_SOLUTION,PRESSURE_OUTPUT,OUTPUT_DEMAND,FITNESS
0.08023539321845807,24.900821429535927,1.5,0.9533285995428422
