EMITTER_COEFFICIENT_SOLUTION,PRESSURE_OUTPUT,OUTPUT_DEMAND,FITNESS
0.14651113139359806,24.757879049727645,1.5,1.1037358527919048
