EMITTER_COEFFICIENT_SOLUTION,PRESSURE_OUTPUT,OUTPUT_DEMAND,FITNESS
0.23810235991993367,24.545408316472503,1.5,1.441871364366168
