EMITTER_COEFFICIENT_SOLUTION,PRESSURE_OUTPUT,OUTPUT_DEMAND,FITNESS
0.20025862571986042,24.635236004486426,1.5,1.2765346353234817
