EMITTER_COEFFICIENT_SOLUTION,PRESSURE_OUTPUT,OUTPUT_DEMAND,FITNESS
0.11765069052210952,21.83653188302636,1.5,0.49619535046225677
