EMITTER_COEFFICIENT_SOLUTION,PRESSURE_OUTPUT,OUTPUT_DEMAND,FITNESS
0.6217962581752987,23.491278464554476,1.5,2.7732426984387275
