EMITTER_COEFFICIENT_SOLUTION,PRESSURE_OUTPUT,OUTPUT_DEMAND,FITNESS
0.11133493172658504,24.834910829816216,1.5,1.01724674945254
