EMITTER_COEFFICIENT_SOLUTION,PRESSURE_OUTPUT,OUTPUT_DEMAND,FITNESS
0.14046024797526058,21.75488350911668,1.5,0.4768754367097965
