EMITTER_COEFFICIENT_SOLUTION,PRESSURE_OUTPUT,OUTPUT_DEMAND,FITNESS
0.4723817015748706,23.93050278377569,1.5,12.716561161148649
