EMITTER_COEFFICIENT_SOLUTION,PRESSURE_OUTPUT,OUTPUT_DEMAND,FITNESS
0.08661063115738199,24.887480342249482,1.5,0.9656096479711149
