EMITTER_COEFFICIENT_SOLUTION,PRESSURE_OUTPUT,OUTPUT_DEMAND,FITNESS
0.630109964112719,23.465884877823154,1.5,2.5907924149506627
