EMITTER_COEFFICIENT_SOLUTION,PRESSURE_OUTPUT,OUTPUT_DEMAND,FITNESS
0.00469678488880243,25.052044086865582,1.5,0.8332091054050415
