EMITTER_COEFFICIENT_SOLUTION,PRESSURE_OUTPUT,OUTPUT_DEMAND,FITNESS
0.05045762861675396,24.9619562969271,1.5,0.90082694791861
