EMITTER_COEFFICIENT_SOLUTION,PRESSURE_OUTPUT,OUTPUT_DEMAND,FITNESS
0.4596769991210172,23.96626824257491,1.5,8.741024124412926
