EMITTER_COEFFICIENT_SOLUTION,PRESSURE_OUTPUT,OUTPUT_DEMAND,FITNESS
0.2713221290775951,24.46426286754559,1.5,1.632925804974072
