EMITTER_COEFFICIENT_SOLUTION,PRESSURE_OUTPUT,OUTPUT_DEMAND,FITNESS
0.2703286953779833,21.283447181989377,1.5,0.38934442338017883
