EMITTER_COEFFICIENT_SOLUTION,PRESSURE_OUTPUT,OUTPUT_DEMAND,FITNESS
0.014949159249939115,25.03227342782906,1.5,0.8471645255297523
