EMITTER_COEFFICIENT_SOLUTION,PRESSURE_OUTPUT,OUTPUT_DEMAND,FITNESS
0.4939593498868047,20.451229143162763,1.5,0.2940624646100836
