EMITTER_COEFFICIENT_SOLUTION,PRESSURE_OUTPUT,OUTPUT_DEMAND,FITNESS
0.2766971593063201,24.450935722449756,1.5,1.6692524765429857
