EMITTER_COEFFICIENT_SOLUTION,PRESSURE_OUTPUT,OUTPUT_DEMAND,FITNESS
0.4334609299743071,24.039240833182873,1.5,5.336872428181891
