EMITTER_COEFFICIENT_SOLUTION,PRESSURE_OUTPUT,OUTPUT_DEMAND,FITNESS
0.09096137252296166,24.87832498042151,1.5,0.9742222654735538
