EMITTER_COEFFICIENT_SOLUTION,PRESSURE_OUTPUT,OUTPUT_DEMAND,FITNESS
0.2419356757667097,24.53615301192054,1.5,1.461373330969977
