EMITTER_COEFFICIENT_SOLUTION,PRESSURE_OUTPUT,OUTPUT_DEMAND,FITNESS
0.49701429825942234,23.860425203851797,1.5,116.8219949025577
