EMITTER_COEFFICIENT_SOLUTION,PRESSURE_OUTPUT,OUTPUT_DEMAND,FITNESS
0.42929625997592624,20.69396679902106,1.5,0.31666610149066743
