EMITTER_COEFFICIENT_SOLUTION,PRESSURE_OUTPUT,OUTPUT_DEMAND,FITNESS
0.3908708465484436,20.837488110276865,1.5,0.3317432809647599
