EMITTER_COEFFICIENT_SOLUTION,PRESSURE_OUTPUT,OUTPUT_DEMAND,FITNESS
0.8943309125873165,22.61347751359974,1.5,0.8075002833196008
