EMITTER_COEFFICIENT_SOLUTION,PRESSURE_OUTPUT,OUTPUT_DEMAND,FITNESS
0.369066539349882,24.213597052153858,1.5,2.7644784847608768
