EMITTER_COEFFICIENT_SOLUTION,PRESSURE_OUTPUT,OUTPUT_DEMAND,FITNESS
0.9487439216324909,22.428296051367287,1.5,0.7024587570808837
