EMITTER_COEFFICIENT_SOLUTION,PRESSURE_OUTPUT,OUTPUT_DEMAND,FITNESS
0.7598782748442787,23.05767798861463,1.5,1.2591458319361861
