EMITTER_COEFFICIENT_SOLUTION,PRESSURE_OUTPUT,OUTPUT_DEMAND,FITNESS
0.3703518176641991,24.21018665521665,1.5,2.7907899659262774
