EMITTER_COEFFICIENT_SOLUTION,PRESSURE_OUTPUT,OUTPUT_DEMAND,FITNESS
0.3009527467584623,24.390121426851763,1.5,1.8578511460742038
