EMITTER_COEFFICIENT_SOLUTION,PRESSURE_OUTPUT,OUTPUT_DEMAND,FITNESS
0.26784580186903706,24.472853173535857,1.5,1.6103370717152536
