EMITTER_COEFFICIENT_SOLUTION,PRESSURE_OUTPUT,OUTPUT_DEMAND,FITNESS
0.4379660750951533,24.026781024553582,1.5,5.71703470709892
