EMITTER_COEFFICIENT_SOLUTION,PRESSURE_OUTPUT,OUTPUT_DEMAND,FITNESS
0.3646215394144545,24.225369253950355,1.5,2.677346910688731
