EMITTER_COEFFICIENT_SOLUTION,PRESSURE_OUTPUT,OUTPUT_DEMAND,FITNESS
0.18306839194135693,24.67509985682964,1.5,1.2147204416920936
