EMITTER_COEFFICIENT_SOLUTION,PRESSURE_OUTPUT,OUTPUT_DEMAND,FITNESS
0.7485615184876369,23.09412305329837,1.5,1.319706712792881
