EMITTER_COEFFICIENT_SOLUTION,PRESSURE_OUTPUT,OUTPUT_DEMAND,FITNESS
0.12628898903974384,24.802481529955358,1.5,1.051949076625458
