EMITTER_COEFFICIENT_SOLUTION,PRESSURE_OUTPUT,OUTPUT_DEMAND,FITNESS
0.16284452335970423,24.721232919187823,1.5,1.150261213633365
