EMITTER_COEFFICIENT_SOLUTION,PRESSURE_OUTPUT,OUTPUT_DEMAND,FITNESS
0.17060004635251014,21.64643590923307,1.5,0.45342605634222416
