EMITTER_COEFFICIENT_SOLUTION,PRESSURE_OUTPUT,OUTPUT_DEMAND,FITNESS
0.7280100505093217,23.159909446035012,1.5,1.4451749904781073
