EMITTER_COEFFICIENT_SOLUTION,PRESSURE_OUTPUT,OUTPUT_DEMAND,FITNESS
0.10232961298660337,24.854210165873457,1.5,0.997660492235341
