EMITTER_COEFFICIENT_SOLUTION,PRESSURE_OUTPUT,OUTPUT_DEMAND,FITNESS
0.1705739327244411,24.703699661094838,1.5,1.1739369710611711
