EMITTER_COEFFICIENT_SOLUTION,PRESSURE_OUTPUT,OUTPUT_DEMAND,FITNESS
0.30737292376538017,24.373841710398214,1.5,1.915794918724394
