EMITTER_COEFFICIENT_SOLUTION,PRESSURE_OUTPUT,OUTPUT_DEMAND,FITNESS
0.26514227411182967,21.302469581542145,1.5,0.39224952739885616
