EMITTER_COEFFICIENT_SOLUTION,PRESSURE_OUTPUT,OUTPUT_DEMAND,FITNESS
0.23798661787311848,24.54568732540391,1.5,1.441291540002515
