EMITTER_COEFFICIENT_SOLUTION,PRESSURE_OUTPUT,OUTPUT_DEMAND,FITNESS
0.6235710700258241,23.48586547046448,1.5,2.7322277351893036
