EMITTER_COEFFICIENT_SOLUTION,PRESSURE_OUTPUT,OUTPUT_DEMAND,FITNESS
0.030068475820203444,22.146366470735643,1.5,0.5863380761273964
