EMITTER_COEFFICIENT_SOLUTION,PRESSURE_OUTPUT,OUTPUT_DEMAND,FITNESS
0.29812077895486366,24.397278287977645,1.5,1.8334725929097309
