EMITTER_COEFFICIENT_SOLUTION,PRESSURE_OUTPUT,OUTPUT_DEMAND,FITNESS
0.2000167589369488,24.635800999814624,1.5,1.2756146160060464
