EMITTER_COEFFICIENT_SOLUTION,PRESSURE_OUTPUT,OUTPUT_DEMAND,FITNESS
0.2868445799175141,24.425627467719753,1.5,1.7428820391659134
