EMITTER_COEFFICIENT_SOLUTION,PRESSURE_OUTPUT,OUTPUT_DEMAND,FITNESS
0.5522691942105828,23.699806555060672,1.5,6.576324759670134
