EMITTER_COEFFICIENT_SOLUTION,PRESSURE_OUTPUT,OUTPUT_DEMAND,FITNESS
0.3156013187222366,21.116787686300196,1.5,0.3656200871809074
