EMITTER_COEFFICIENT_SOLUTION,PRESSURE_OUTPUT,OUTPUT_DEMAND,FITNESS
0.476597641712881,20.516540497541172,1.5,0.2998207065186619
