EMITTER_COEFFICIENT_SOLUTION,PRESSURE_OUTPUT,OUTPUT_DEMAND,FITNESS
0.9757086713648058,22.33547636305632,1.5,0.6594606048235838
