EMITTER_COEFFICIENT_SOLUTION,PRESSURE_OUTPUT,OUTPUT_DEMAND,FITNESS
0.4859857884141199,20.481235923314884,1.5,0.29668033262220955
