EMITTER_COEFFICIENT_SOLUTION,PRESSURE_OUTPUT,OUTPUT_DEMAND,FITNESS
0.3615750005675684,24.23341772334803,1.5,2.62087095580328
