EMITTER_COEFFICIENT_SOLUTION,PRESSURE_OUTPUT,OUTPUT_DEMAND,FITNESS
0.221336379502993,24.58555251614086,1.5,1.3629783966631501
