EMITTER_COEFFICIENT_SOLUTION,PRESSURE_OUTPUT,OUTPUT_DEMAND,FITNESS
0.8965068561322072,22.606128658541085,1.5,0.8027366812651296
