EMITTER_COEFFICIENT_SOLUTION,PRESSURE_OUTPUT,OUTPUT_DEMAND,FITNESS
0.2548110182048635,24.504858629980927,1.5,1.5314089103700546
