EMITTER_COEFFICIENT_SOLUTION,PRESSURE_OUTPUT,OUTPUT_DEMAND,FITNESS
0.5834376713787119,23.607185641862852,1.5,4.086945179441906
