EMITTER_COEFFICIENT_SOLUTION,PRESSURE_OUTPUT,OUTPUT_DEMAND,FITNESS
0.09302958229163716,21.92423649106559,1.5,0.5187715727407874
