EMITTER_COEFFICIENT_SOLUTION,PRESSURE_OUTPUT,OUTPUT_DEMAND,FITNESS
0.3160115217534891,21.11527279335266,1.5,0.3654176913505738
