EMITTER_COEFFICIENT_SOLUTION,PRESSURE_OUTPUT,OUTPUT_DEMAND,FITNESS,NODE
0.21724888774414086,27.042533010935493,1.1,23.531444051068664,N3
