EMITTER_COEFFICIENT_SOLUTION,PRESSURE_OUTPUT,OUTPUT_DEMAND,FITNESS,NODE
0.3073145698803147,27.024791058835433,1.1,16.600739155257532,N3
