EMITTER_COEFFICIENT_SOLUTION,PRESSURE_OUTPUT,OUTPUT_DEMAND,FITNESS,NODE
0.22298490103899937,27.041405240024055,1.1,22.923108799343893,N3
