EMITTER_COEFFICIENT_SOLUTION,PRESSURE_OUTPUT,OUTPUT_DEMAND,FITNESS,NODE
0.05221206756824015,27.074854344295517,1.1,98.28013556605885,N3
