EMITTER_COEFFICIENT_SOLUTION,PRESSURE_OUTPUT,OUTPUT_DEMAND,FITNESS,NODE
0.04554265345981545,27.07615531611608,1.1,112.68844483965901,N3
