EMITTER_COEFFICIENT_SOLUTION,PRESSURE_OUTPUT,OUTPUT_DEMAND,FITNESS,NODE
0.2754432246476649,27.031077635836127,1.1,18.535095553138536,N3
