EMITTER_COEFFICIENT_SOLUTION,PRESSURE_OUTPUT,OUTPUT_DEMAND,FITNESS,NODE
0.09535987000151003,27.066427926922906,1.1,53.759355402469275,N3
