EMITTER_COEFFICIENT_SOLUTION,PRESSURE_OUTPUT,OUTPUT_DEMAND,FITNESS,NODE
0.015312553554398423,27.082047076561828,1.1,335.31573409792014,N3
