EMITTER_COEFFICIENT_SOLUTION,PRESSURE_OUTPUT,OUTPUT_DEMAND,FITNESS,NODE
0.30981220841427104,27.024298021551694,1.1,16.465968768385782,N3
