EMITTER_COEFFICIENT_SOLUTION,PRESSURE_OUTPUT,OUTPUT_DEMAND,FITNESS,NODE
0.43219300956110696,27.000072274581868,1.1,11.770651327877076,N3
