EMITTER_COEFFICIENT_SOLUTION,PRESSURE_OUTPUT,OUTPUT_DEMAND,FITNESS,NODE
0.1690070760870218,27.052006261384065,1.1,30.281852229743166,N3
