EMITTER_COEFFICIENT_SOLUTION,PRESSURE_OUTPUT,OUTPUT_DEMAND,FITNESS,NODE
0.02529805545006647,27.08010185308899,1.1,202.94318984972116,N3
