EMITTER_COEFFICIENT_SOLUTION,PRESSURE_OUTPUT,OUTPUT_DEMAND,FITNESS,NODE
0.12992307270114478,27.059665831374687,1.1,39.426721184795326,N3
