EMITTER_COEFFICIENT_SOLUTION,PRESSURE_OUTPUT,OUTPUT_DEMAND,FITNESS,NODE
0.19050538394790728,27.047787218544848,1.1,26.851316445986875,N3
