EMITTER_COEFFICIENT_SOLUTION,PRESSURE_OUTPUT,OUTPUT_DEMAND,FITNESS,NODE
0.49360356703777486,26.987866189532333,1.1,10.291967589635657,N3
