EMITTER_COEFFICIENT_SOLUTION,PRESSURE_OUTPUT,OUTPUT_DEMAND,FITNESS,NODE
0.10868286063603227,27.063822640045366,1.1,47.15490772320415,N3
