EMITTER_COEFFICIENT_SOLUTION,PRESSURE_OUTPUT,OUTPUT_DEMAND,FITNESS,NODE
0.31685363510735576,27.02290773597997,1.1,16.097459310140806,N3
