EMITTER_COEFFICIENT_SOLUTION,PRESSURE_OUTPUT,OUTPUT_DEMAND,FITNESS,NODE
0.09247223460479026,27.066992386672716,1.1,55.441734406147354,N3
