EMITTER_COEFFICIENT_SOLUTION,PRESSURE_OUTPUT,OUTPUT_DEMAND,FITNESS,NODE
0.4110729281311226,27.004262504638262,1.1,12.381319512295846,N3
