EMITTER_COEFFICIENT_SOLUTION,PRESSURE_OUTPUT,OUTPUT_DEMAND,FITNESS,NODE
0.4537658155749654,26.995788182015602,1.1,11.205591878326638,N3
