EMITTER_COEFFICIENT_SOLUTION,PRESSURE_OUTPUT,OUTPUT_DEMAND,FITNESS,NODE
0.2614790975092477,27.033829189522805,1.1,19.531192431629467,N3
