EMITTER_COEFFICIENT_SOLUTION,PRESSURE_OUTPUT,OUTPUT_DEMAND,FITNESS,NODE
0.008442352280889742,27.083384895553017,1.1,608.1079462051274,N3
