EMITTER_COEFFICIENT_SOLUTION,PRESSURE_OUTPUT,OUTPUT_DEMAND,FITNESS,NODE
0.3347202733515079,27.019378105916616,1.1,15.232006029006397,N3
