EMITTER_COEFFICIENT_SOLUTION,PRESSURE_OUTPUT,OUTPUT_DEMAND,FITNESS,NODE
0.30899485594048903,27.024459374154688,1.1,16.50983253593838,N3
