EMITTER_COEFFICIENT_SOLUTION,PRESSURE_OUTPUT,OUTPUT_DEMAND,FITNESS,NODE
0.10551338643265196,27.064442570827694,1.1,48.57488664134782,N3
