EMITTER_COEFFICIENT_SOLUTION,PRESSURE_OUTPUT,OUTPUT_DEMAND,FITNESS,NODE
0.30610257412760233,27.025030288493873,1.1,16.66693002043734,N3
