EMITTER_COEFFICIENT_SOLUTION,PRESSURE_OUTPUT,OUTPUT_DEMAND,FITNESS,NODE
0.42514971115749367,27.001470102462612,1.1,11.967557678387456,N3
