EMITTER_COEFFICIENT_SOLUTION,PRESSURE_OUTPUT,OUTPUT_DEMAND,FITNESS,NODE
0.26025810047674425,27.03406969751304,1.1,19.623371410312334,N3
