EMITTER_COEFFICIENT_SOLUTION,PRESSURE_OUTPUT,OUTPUT_DEMAND,FITNESS,NODE
0.3724169333458379,27.011921697522133,1.1,13.678460420178363,N3
