EMITTER_COEFFICIENT_SOLUTION,PRESSURE_OUTPUT,OUTPUT_DEMAND,FITNESS,NODE
0.030134286373853736,27.079159404954588,1.1,170.35962376236984,N3
