EMITTER_COEFFICIENT_SOLUTION,PRESSURE_OUTPUT,OUTPUT_DEMAND,FITNESS,NODE
0.8886963627324386,26.908558427456747,1.1,5.6666562388196375,N3
