EMITTER_COEFFICIENT_SOLUTION,PRESSURE_OUTPUT,OUTPUT_DEMAND,FITNESS,NODE
0.4218398789930401,27.002126828278193,1.1,12.062360644815803,N3
