EMITTER_COEFFICIENT_SOLUTION,PRESSURE_OUTPUT,OUTPUT_DEMAND,FITNESS,NODE
0.15225548804757427,27.055290876364722,1.1,33.62648446225791,N3
