EMITTER_COEFFICIENT_SOLUTION,PRESSURE_OUTPUT,OUTPUT_DEMAND,FITNESS,NODE
0.018804320425932386,27.081366967247924,1.1,273.0469968086418,N3
