EMITTER_COEFFICIENT_SOLUTION,PRESSURE_OUTPUT,OUTPUT_DEMAND,FITNESS,NODE
0.03598058238662205,27.07801983803997,1.1,142.66347931763664,N3
