EMITTER_COEFFICIENT_SOLUTION,PRESSURE_OUTPUT,OUTPUT_DEMAND,FITNESS,NODE
0.053639824484205456,27.074575785702862,1.1,95.66123922410112,N3
