EMITTER_COEFFICIENT_SOLUTION,PRESSURE_OUTPUT,OUTPUT_DEMAND,FITNESS,NODE
0.8177200646430755,26.922903670251536,1.1,6.1680546878644185,N3
