EMITTER_COEFFICIENT_SOLUTION,PRESSURE_OUTPUT,OUTPUT_DEMAND,FITNESS,NODE
0.18466183860349894,27.048934425632716,1.1,27.704733629928814,N3
