EMITTER_COEFFICIENT_SOLUTION,PRESSURE_OUTPUT,OUTPUT_DEMAND,FITNESS,NODE
0.48195039867112544,26.990184932011744,1.1,10.543584135549812,N3
