EMITTER_COEFFICIENT_SOLUTION,PRESSURE_OUTPUT,OUTPUT_DEMAND,FITNESS,NODE
0.2540759554527482,27.035287231897826,1.1,20.103691407593665,N3
