EMITTER_COEFFICIENT_SOLUTION,PRESSURE_OUTPUT,OUTPUT_DEMAND,FITNESS,NODE
0.39153489362869764,27.00813536297325,1.1,13.004919669993553,N3
