EMITTER_COEFFICIENT_SOLUTION,PRESSURE_OUTPUT,OUTPUT_DEMAND,FITNESS,NODE
0.031113864103162636,27.078968486253984,1.1,164.99324519078314,N3
