EMITTER_COEFFICIENT_SOLUTION,PRESSURE_OUTPUT,OUTPUT_DEMAND,FITNESS,NODE
0.14574477867234992,27.056566799408586,1.1,35.133897534381944,N3
