EMITTER_COEFFICIENT_SOLUTION,PRESSURE_OUTPUT,OUTPUT_DEMAND,FITNESS,NODE
0.050648488821325555,27.075159380739336,1.1,101.31753632297307,N3
