EMITTER_COEFFICIENT_SOLUTION,PRESSURE_OUTPUT,OUTPUT_DEMAND,FITNESS,NODE
0.4395793847240227,26.998605891222425,1.1,11.570933688807973,N3
