EMITTER_COEFFICIENT_SOLUTION,PRESSURE_OUTPUT,OUTPUT_DEMAND,FITNESS,NODE
0.4791119421243978,26.990749547292296,1.1,10.606726708483698,N3
