EMITTER_COEFFICIENT_SOLUTION,PRESSURE_OUTPUT,OUTPUT_DEMAND,FITNESS,NODE
0.27142849333193697,27.031868894428136,1.1,18.810978370377665,N3
