EMITTER_COEFFICIENT_SOLUTION,PRESSURE_OUTPUT,OUTPUT_DEMAND,FITNESS,NODE
0.3625220869031701,27.013880116696555,1.1,14.054967116327504,N3
