EMITTER_COEFFICIENT_SOLUTION,PRESSURE_OUTPUT,OUTPUT_DEMAND,FITNESS,NODE
0.9759213085160182,26.890871243333997,1.1,5.1504419075468775,N3
