EMITTER_COEFFICIENT_SOLUTION,PRESSURE_OUTPUT,OUTPUT_DEMAND,FITNESS,NODE
0.5008648719454029,26.986420738941113,1.1,10.141103157812902,N3
