EMITTER_COEFFICIENT_SOLUTION,PRESSURE_OUTPUT,OUTPUT_DEMAND,FITNESS,NODE
0.4343937247810198,26.999635426697758,1.1,11.710436449531223,N3
