EMITTER_COEFFICIENT_SOLUTION,PRESSURE_OUTPUT,OUTPUT_DEMAND,FITNESS,NODE
0.41380650684796605,27.003720382712842,1.1,12.298767909603281,N3
