EMITTER_COEFFICIENT_SOLUTION,PRESSURE_OUTPUT,OUTPUT_DEMAND,FITNESS,NODE
0.4734841177822179,26.991868805134196,1.1,10.734159016670764,N3
