EMITTER_COEFFICIENT_SOLUTION,PRESSURE_OUTPUT,OUTPUT_DEMAND,FITNESS,NODE
0.2531029802317387,27.035478822138167,1.1,20.181423613045663,N3
