EMITTER_COEFFICIENT_SOLUTION,PRESSURE_OUTPUT,OUTPUT_DEMAND,FITNESS,NODE
0.08523939815962278,27.068405891405313,1.1,60.15598797802498,N3
