EMITTER_COEFFICIENT_SOLUTION,PRESSURE_OUTPUT,OUTPUT_DEMAND,FITNESS,NODE
0.14251699921464056,27.057199215118054,1.1,35.93228519819295,N3
