EMITTER_COEFFICIENT_SOLUTION,PRESSURE_OUTPUT,OUTPUT_DEMAND,FITNESS,NODE
0.3792667881683912,27.010565446335725,1.1,13.429327220828084,N3
