EMITTER_COEFFICIENT_SOLUTION,PRESSURE_OUTPUT,OUTPUT_DEMAND,FITNESS,NODE
0.2658246905796847,27.032973100933177,1.1,19.209993068354574,N3
