EMITTER_COEFFICIENT_SOLUTION,PRESSURE_OUTPUT,OUTPUT_DEMAND,FITNESS,NODE
0.11457145372708288,27.062670623865444,1.1,44.72528630507796,N3
