EMITTER_COEFFICIENT_SOLUTION,PRESSURE_OUTPUT,OUTPUT_DEMAND,FITNESS,NODE
0.3869629079764215,27.009041143353194,1.1,13.159938495708246,N3
