EMITTER_COEFFICIENT_SOLUTION,PRESSURE_OUTPUT,OUTPUT_DEMAND,FITNESS,NODE
0.25496132048217135,27.035112885786084,1.1,20.033474072384358,N3
