EMITTER_COEFFICIENT_SOLUTION,PRESSURE_OUTPUT,OUTPUT_DEMAND,FITNESS,NODE
0.21647618218443754,27.04268491183977,1.1,23.615857697654167,N3
