EMITTER_COEFFICIENT_SOLUTION,PRESSURE_OUTPUT,OUTPUT_DEMAND,FITNESS,NODE
0.020700839610418353,27.080997525818354,1.1,248.02727680039703,N3
