EMITTER_COEFFICIENT_SOLUTION,PRESSURE_OUTPUT,OUTPUT_DEMAND,FITNESS,NODE
0.019858815144090936,27.081161556014088,1.1,258.5459506277103,N3
