EMITTER_COEFFICIENT_SOLUTION,PRESSURE_OUTPUT,OUTPUT_DEMAND,FITNESS,NODE
0.34416967488272443,9.365248613723217,1.0,186.43383108007725,N1
