EMITTER_COEFFICIENT_SOLUTION,PRESSURE_OUTPUT,OUTPUT_DEMAND,FITNESS,NODE
0.24554379511604119,9.366787222006856,1.0,261.42252642787025,N1
