EMITTER_COEFFICIENT_SOLUTION,PRESSURE_OUTPUT,OUTPUT_DEMAND,FITNESS,NODE
0.016614909981620962,9.370352964940288,1.0,3853.8299477627547,N1
