EMITTER_COEFFICIENT_SOLUTION,PRESSURE_OUTPUT,OUTPUT_DEMAND,FITNESS,NODE
0.028150133313952774,9.370173484190516,1.0,2278.096960250861,N1
