EMITTER_COEFFICIENT_SOLUTION,PRESSURE_OUTPUT,OUTPUT_DEMAND,FITNESS,NODE
0.35106345632826963,9.365141012864434,1.0,182.76743583908225,N1
