EMITTER_COEFFICIENT_SOLUTION,PRESSURE_OUTPUT,OUTPUT_DEMAND,FITNESS,NODE
0.17075182973402458,9.367953033547302,1.0,376.02275527985176,N1
