EMITTER_COEFFICIENT_SOLUTION,PRESSURE_OUTPUT,OUTPUT_DEMAND,FITNESS,NODE
0.053354409677465076,9.36978125174327,1.0,1203.0866495369596,N1
