EMITTER_COEFFICIENT_SOLUTION,PRESSURE_OUTPUT,OUTPUT_DEMAND,FITNESS,NODE
0.22119635662757198,9.367166827576433,1.0,290.22357287195683,N1
