EMITTER_COEFFICIENT_SOLUTION,PRESSURE_OUTPUT,OUTPUT_DEMAND,FITNESS,NODE
0.04588310782856275,9.369897531181536,1.0,1398.7659485607705,N1
