EMITTER_COEFFICIENT_SOLUTION,PRESSURE_OUTPUT,OUTPUT_DEMAND,FITNESS,NODE
0.36629875586174976,9.364903188936928,1.0,175.15410527965273,N1
