EMITTER_COEFFICIENT_SOLUTION,PRESSURE_OUTPUT,OUTPUT_DEMAND,FITNESS,NODE
0.40680083303615244,9.364270779307589,1.0,157.68722638312013,N1
