EMITTER_COEFFICIENT_SOLUTION,PRESSURE_OUTPUT,OUTPUT_DEMAND,FITNESS,NODE
0.056555723161626825,9.369731425593834,1.0,1135.0461115389053,N1
