EMITTER_COEFFICIENT_SOLUTION,PRESSURE_OUTPUT,OUTPUT_DEMAND,FITNESS,NODE
0.39463000981214813,9.364460843538204,1.0,162.55924084382121,N1
