EMITTER_COEFFICIENT_SOLUTION,PRESSURE_OUTPUT,OUTPUT_DEMAND,FITNESS,NODE
0.30591483342529513,9.365845580396908,1.0,209.78140751764104,N1
