EMITTER_COEFFICIENT_SOLUTION,PRESSURE_OUTPUT,OUTPUT_DEMAND,FITNESS,NODE
0.033626738391701605,9.370088264658705,1.0,1907.7328419193536,N1
