EMITTER_COEFFICIENT_SOLUTION,PRESSURE_OUTPUT,OUTPUT_DEMAND,FITNESS,NODE
0.37138638745618324,9.364823762928197,1.0,172.75083172800444,N1
