EMITTER_COEFFICIENT_SOLUTION,PRESSURE_OUTPUT,OUTPUT_DEMAND,FITNESS,NODE
0.16419864607708712,9.368055140400699,1.0,391.03640257433995,N1
