EMITTER_COEFFICIENT_SOLUTION,PRESSURE_OUTPUT,OUTPUT_DEMAND,FITNESS,NODE
0.27379862206558225,9.366346583643846,1.0,234.41913166150633,N1
