EMITTER_COEFFICIENT_SOLUTION,PRESSURE_OUTPUT,OUTPUT_DEMAND,FITNESS,NODE
0.36565225298265724,9.364913281594696,1.0,175.46428585766512,N1
