EMITTER_COEFFICIENT_SOLUTION,PRESSURE_OUTPUT,OUTPUT_DEMAND,FITNESS
0.7529395819887673,23.90122457277284,3.9,6.2775459076017635
