EMITTER_COEFFICIENT_SOLUTION,PRESSURE_OUTPUT,OUTPUT_DEMAND,FITNESS
0.16552779304624432,24.269561080901344,3.9,4.783759960417298
