EMITTER_COEFFICIENT_SOLUTION,PRESSURE_OUTPUT,OUTPUT_DEMAND,FITNESS
0.2675685973364943,23.574318793693344,3.9,2.0567511184895917
