EMITTER_COEFFICIENT_SOLUTION,PRESSURE_OUTPUT,OUTPUT_DEMAND,FITNESS
0.8155887474055017,23.861620251509937,3.9,5.027595457367074
