EMITTER_COEFFICIENT_SOLUTION,PRESSURE_OUTPUT,OUTPUT_DEMAND,FITNESS
0.45052699355505454,24.09156081029874,3.9,32.21616433126665
