EMITTER_COEFFICIENT_SOLUTION,PRESSURE_OUTPUT,OUTPUT_DEMAND,FITNESS
0.09218852862996396,23.686113136113512,3.9,2.6708734295104883
