EMITTER_COEFFICIENT_SOLUTION,PRESSURE_OUTPUT,OUTPUT_DEMAND,FITNESS
0.06582475227706663,24.331489879473366,3.9,3.690453776994445
