EMITTER_COEFFICIENT_SOLUTION,PRESSURE_OUTPUT,OUTPUT_DEMAND,FITNESS
0.5046673117076771,24.057591170220487,3.9,341.1430494400865
