EMITTER_COEFFICIENT_SOLUTION,PRESSURE_OUTPUT,OUTPUT_DEMAND,FITNESS
0.3707440429489338,24.141531316206816,3.9,12.344029430074526
