EMITTER_COEFFICIENT_SOLUTION,PRESSURE_OUTPUT,OUTPUT_DEMAND,FITNESS
0.1614929417320754,23.641980900294385,3.9,2.3892488110448467
