EMITTER_COEFFICIENT_SOLUTION,PRESSURE_OUTPUT,OUTPUT_DEMAND,FITNESS
0.5279757256697589,24.042951981150424,3.9,56.91354207219076
