EMITTER_COEFFICIENT_SOLUTION,PRESSURE_OUTPUT,OUTPUT_DEMAND,FITNESS
0.3531849716967451,24.15251471689905,3.9,10.870247556084706
