EMITTER_COEFFICIENT_SOLUTION,PRESSURE_OUTPUT,OUTPUT_DEMAND,FITNESS
0.45056617064243554,23.45728281420051,3.9,1.6577158914586763
