EMITTER_COEFFICIENT_SOLUTION,PRESSURE_OUTPUT,OUTPUT_DEMAND,FITNESS
0.0588998017049458,23.70728935271713,3.9,2.8309914592140637
