EMITTER_COEFFICIENT_SOLUTION,PRESSURE_OUTPUT,OUTPUT_DEMAND,FITNESS
0.09104043853540134,23.686843715958283,3.9,2.6760952575120123
