EMITTER_COEFFICIENT_SOLUTION,PRESSURE_OUTPUT,OUTPUT_DEMAND,FITNESS
0.7737739403626828,23.888060295303095,3.9,5.798372165119209
