EMITTER_COEFFICIENT_SOLUTION,PRESSURE_OUTPUT,OUTPUT_DEMAND,FITNESS
0.46853247856271096,23.445772453639417,3.9,1.6266774100719221
