EMITTER_COEFFICIENT_SOLUTION,PRESSURE_OUTPUT,OUTPUT_DEMAND,FITNESS
0.3983178079304488,23.49073652923808,3.9,1.7550449916558366
