EMITTER_COEFFICIENT_SOLUTION,PRESSURE_OUTPUT,OUTPUT_DEMAND,FITNESS
0.5064388489421597,24.05647883745022,3.9,247.30105514248746
