EMITTER_COEFFICIENT_SOLUTION,PRESSURE_OUTPUT,OUTPUT_DEMAND,FITNESS
0.1950215862469582,23.620608826333424,3.9,2.2731733028182832
