EMITTER_COEFFICIENT_SOLUTION,PRESSURE_OUTPUT,OUTPUT_DEMAND,FITNESS
0.7804120801245723,23.88386445756123,3.9,5.660653952247859
