EMITTER_COEFFICIENT_SOLUTION,PRESSURE_OUTPUT,OUTPUT_DEMAND,FITNESS
0.0842398603578548,24.320065628434072,3.9,3.852894387334443
