EMITTER_COEFFICIENT_SOLUTION,PRESSURE_OUTPUT,OUTPUT_DEMAND,FITNESS
0.2436548428666998,23.589584383384977,3.9,2.123421277706322
