EMITTER_COEFFICIENT_SOLUTION,PRESSURE_OUTPUT,OUTPUT_DEMAND,FITNESS
0.6144730614260477,23.98855066642239,3.9,13.894325926036025
