EMITTER_COEFFICIENT_SOLUTION,PRESSURE_OUTPUT,OUTPUT_DEMAND,FITNESS
0.24043673685820144,23.59163817586517,3.9,2.1327222214652637
