EMITTER_COEFFICIENT_SOLUTION,PRESSURE_OUTPUT,OUTPUT_DEMAND,FITNESS
0.44082971299867413,24.097640172835945,3.9,26.93988669815544
