EMITTER_COEFFICIENT_SOLUTION,PRESSURE_OUTPUT,OUTPUT_DEMAND,FITNESS
0.9954507960831295,23.74761179850124,3.9,3.195800019788754
