EMITTER_COEFFICIENT_SOLUTION,PRESSURE_OUTPUT,OUTPUT_DEMAND,FITNESS
0.3725707848191254,24.14038836736938,3.9,12.520678602158526
