EMITTER_COEFFICIENT_SOLUTION,PRESSURE_OUTPUT,OUTPUT_DEMAND,FITNESS
0.8687812939816429,23.827950021742616,3.9,4.299735044018779
