EMITTER_COEFFICIENT_SOLUTION,PRESSURE_OUTPUT,OUTPUT_DEMAND,FITNESS
0.23674741948189448,24.225213027012636,3.9,6.071920618745304
