EMITTER_COEFFICIENT_SOLUTION,PRESSURE_OUTPUT,OUTPUT_DEMAND,FITNESS
0.61632707357284,23.98738332863432,3.9,13.672565504124343
