EMITTER_COEFFICIENT_SOLUTION,PRESSURE_OUTPUT,OUTPUT_DEMAND,FITNESS
0.4899158435969252,24.066851517740627,3.9,157.9522841115109
