EMITTER_COEFFICIENT_SOLUTION,PRESSURE_OUTPUT,OUTPUT_DEMAND,FITNESS
0.109632368341534,24.30430216990097,3.9,4.1020309975712905
