EMITTER_COEFFICIENT_SOLUTION,PRESSURE_OUTPUT,OUTPUT_DEMAND,FITNESS
0.8836877599345928,23.818507264676803,3.9,4.131971412192552
