EMITTER_COEFFICIENT_SOLUTION,PRESSURE_OUTPUT,OUTPUT_DEMAND,FITNESS
0.4253204234583713,24.10735993285679,3.9,21.349528912635357
