EMITTER_COEFFICIENT_SOLUTION,PRESSURE_OUTPUT,OUTPUT_DEMAND,FITNESS
0.1458730514562735,24.281783786900643,3.9,4.519502431601495
