EMITTER_COEFFICIENT_SOLUTION,PRESSURE_OUTPUT,OUTPUT_DEMAND,FITNESS
0.32067278453081005,24.172837547934385,3.9,8.903367261154015
