EMITTER_COEFFICIENT_SOLUTION,PRESSURE_OUTPUT,OUTPUT_DEMAND,FITNESS
0.3203379992537482,24.1730467221118,3.9,8.88681685758365
