EMITTER_COEFFICIENT_SOLUTION,PRESSURE_OUTPUT,OUTPUT_DEMAND,FITNESS
0.44732075165392926,23.459361665559204,3.9,1.6634483756502054
