EMITTER_COEFFICIENT_SOLUTION,PRESSURE_OUTPUT,OUTPUT_DEMAND,FITNESS
0.1315741193190405,23.66104024684701,3.9,2.5032401627497674
