EMITTER_COEFFICIENT_SOLUTION,PRESSURE_OUTPUT,OUTPUT_DEMAND,FITNESS
0.26698497347516026,24.206356858591295,3.9,6.85700022808676
