EMITTER_COEFFICIENT_SOLUTION,PRESSURE_OUTPUT,OUTPUT_DEMAND,FITNESS
0.49637548532701226,24.062796861561868,3.9,439.2959523776614
