EMITTER_COEFFICIENT_SOLUTION,PRESSURE_OUTPUT,OUTPUT_DEMAND,FITNESS
0.07850020246205636,24.32362685610452,3.9,3.8007442459175516
