EMITTER_COEFFICIENT_SOLUTION,PRESSURE_OUTPUT,OUTPUT_DEMAND,FITNESS
0.44686627428663594,24.093855949343066,3.9,29.998088379161622
