EMITTER_COEFFICIENT_SOLUTION,PRESSURE_OUTPUT,OUTPUT_DEMAND,FITNESS
0.05486860141505501,23.70985278274779,3.9,2.8516862849566444
