EMITTER_COEFFICIENT_SOLUTION,PRESSURE_OUTPUT,OUTPUT_DEMAND,FITNESS
0.049591460854822356,24.341555282261886,3.9,3.558278313296216
