EMITTER_COEFFICIENT_SOLUTION,PRESSURE_OUTPUT,OUTPUT_DEMAND,FITNESS
0.5089168423462666,24.054922842081144,3.9,178.58259731578264
