EMITTER_COEFFICIENT_SOLUTION,PRESSURE_OUTPUT,OUTPUT_DEMAND,FITNESS
0.059804098683172824,24.335223549033767,3.9,3.640294397362667
