EMITTER_COEFFICIENT_SOLUTION,PRESSURE_OUTPUT,OUTPUT_DEMAND,FITNESS
0.4790514924358358,23.439031698916526,3.9,1.609034295227396
