EMITTER_COEFFICIENT_SOLUTION,PRESSURE_OUTPUT,OUTPUT_DEMAND,FITNESS
0.11719272513633738,23.670197720992462,3.9,2.5619690951201317
