EMITTER_COEFFICIENT_SOLUTION,PRESSURE_OUTPUT,OUTPUT_DEMAND,FITNESS
0.45422108062694555,23.454941527500647,3.9,1.6513068588151445
