EMITTER_COEFFICIENT_SOLUTION,PRESSURE_OUTPUT,OUTPUT_DEMAND,FITNESS
0.5663458767043367,24.018834146989555,3.9,23.98751985280691
