EMITTER_COEFFICIENT_SOLUTION,PRESSURE_OUTPUT,OUTPUT_DEMAND,FITNESS
0.08599881859279124,24.318974083404992,3.9,3.869166584175597
