EMITTER_COEFFICIENT_SOLUTION,PRESSURE_OUTPUT,OUTPUT_DEMAND,FITNESS
0.14190863087506844,24.284248285444946,3.9,4.469717346857485
