EMITTER_COEFFICIENT_SOLUTION,PRESSURE_OUTPUT,OUTPUT_DEMAND,FITNESS
0.14965907761837716,24.279429918596946,3.9,4.568099304200246
