EMITTER_COEFFICIENT_SOLUTION,PRESSURE_OUTPUT,OUTPUT_DEMAND,FITNESS
0.8485071619998433,23.84078801989088,3.9,4.550947291422089
