EMITTER_COEFFICIENT_SOLUTION,PRESSURE_OUTPUT,OUTPUT_DEMAND,FITNESS
0.49815874754109635,24.06167740560691,3.9,864.3686662778002
