EMITTER_COEFFICIENT_SOLUTION,PRESSURE_OUTPUT,OUTPUT_DEMAND,FITNESS
0.9804890853794562,23.757112366147755,3.9,3.295868909059814
