EMITTER_COEFFICIENT_SOLUTION,PRESSURE_OUTPUT,OUTPUT_DEMAND,FITNESS
0.2993000957726607,24.18618733365304,3.9,7.957548591672756
