EMITTER_COEFFICIENT_SOLUTION,PRESSURE_OUTPUT,OUTPUT_DEMAND,FITNESS
0.1264292158162853,24.29386835760335,3.9,4.285447380359821
