EMITTER_COEFFICIENT_SOLUTION,PRESSURE_OUTPUT,OUTPUT_DEMAND,FITNESS
0.0735261905329535,24.32671269486116,3.9,3.7566840376713695
