EMITTER_COEFFICIENT_SOLUTION,PRESSURE_OUTPUT,OUTPUT_DEMAND,FITNESS
0.344806938274107,23.524967262804516,3.9,1.867221055389569
