EMITTER_COEFFICIENT_SOLUTION,PRESSURE_OUTPUT,OUTPUT_DEMAND,FITNESS
0.38681060249806565,24.13147691734198,3.9,14.093156371445017
