EMITTER_COEFFICIENT_SOLUTION,PRESSURE_OUTPUT,OUTPUT_DEMAND,FITNESS
0.21774038476808288,24.23705751887428,3.9,5.664534046273516
