EMITTER_COEFFICIENT_SOLUTION,PRESSURE_OUTPUT,OUTPUT_DEMAND,FITNESS
0.4208619502009112,23.476305709332717,3.9,1.711693381503155
