EMITTER_COEFFICIENT_SOLUTION,PRESSURE_OUTPUT,OUTPUT_DEMAND,FITNESS
0.12272516677742418,24.29616967628222,3.9,4.2435962696609275
