EMITTER_COEFFICIENT_SOLUTION,PRESSURE_OUTPUT,OUTPUT_DEMAND,FITNESS
0.3143637400410807,24.176779119624875,3.9,8.601512155699616
