EMITTER_COEFFICIENT_SOLUTION,PRESSURE_OUTPUT,OUTPUT_DEMAND,FITNESS
0.12449463810476857,24.295070338743944,3.9,4.263486048905398
