EMITTER_COEFFICIENT_SOLUTION,PRESSURE_OUTPUT,OUTPUT_DEMAND,FITNESS
0.3715234451266741,24.141043669764578,3.9,12.418784577479855
