EMITTER_COEFFICIENT_SOLUTION,PRESSURE_OUTPUT,OUTPUT_DEMAND,FITNESS
0.423401617462165,24.10856218199804,3.9,20.815254353959077
