EMITTER_COEFFICIENT_SOLUTION,PRESSURE_OUTPUT,OUTPUT_DEMAND,FITNESS
0.7314279988193938,23.914809898827077,3.9,6.8628248200501645
