EMITTER_COEFFICIENT_SOLUTION,PRESSURE_OUTPUT,OUTPUT_DEMAND,FITNESS
0.33961161710494825,24.161001402166765,3.9,9.952139136276902
