EMITTER_COEFFICIENT_SOLUTION,PRESSURE_OUTPUT,OUTPUT_DEMAND,FITNESS
0.27180466744843523,24.20334980142137,3.9,7.001364096833973
