EMITTER_COEFFICIENT_SOLUTION,PRESSURE_OUTPUT,OUTPUT_DEMAND,FITNESS
0.3647249577931011,23.51222967432172,3.9,1.823842968627225
