EMITTER_COEFFICIENT_SOLUTION,PRESSURE_OUTPUT,OUTPUT_DEMAND,FITNESS
0.20902942866399565,24.242483710269557,3.9,5.495616139856429
