EMITTER_COEFFICIENT_SOLUTION,PRESSURE_OUTPUT,OUTPUT_DEMAND,FITNESS
0.2823222739605814,24.196786341313054,3.9,7.338595869393755
