EMITTER_COEFFICIENT_SOLUTION,PRESSURE_OUTPUT,OUTPUT_DEMAND,FITNESS
0.3345749397515667,23.531508959790944,3.9,1.8903108132327482
