EMITTER_COEFFICIENT_SOLUTION,PRESSURE_OUTPUT,OUTPUT_DEMAND,FITNESS
0.36005970638525353,23.515213394584027,3.9,1.8338223312456574
