EMITTER_COEFFICIENT_SOLUTION,PRESSURE_OUTPUT,OUTPUT_DEMAND,FITNESS
0.9282781650116066,23.79024231283374,3.9,3.6998643542237164
