EMITTER_COEFFICIENT_SOLUTION,PRESSURE_OUTPUT,OUTPUT_DEMAND,FITNESS
0.32289682341290993,23.53897375259164,3.9,1.917366345127488
