EMITTER_COEFFICIENT_SOLUTION,PRESSURE_OUTPUT,OUTPUT_DEMAND,FITNESS
0.675107047275746,23.950346435880952,3.9,9.076382261040527
