EMITTER_COEFFICIENT_SOLUTION,PRESSURE_OUTPUT,OUTPUT_DEMAND,FITNESS
0.40965350058630057,24.117174422702043,3.9,17.65102588615149
