EMITTER_COEFFICIENT_SOLUTION,PRESSURE_OUTPUT,OUTPUT_DEMAND,FITNESS
0.375887915789916,23.50508891549991,3.9,1.8003952994146943
