EMITTER_COEFFICIENT_SOLUTION,PRESSURE_OUTPUT,OUTPUT_DEMAND,FITNESS
0.2117291357453266,23.609953854002928,3.9,2.219417678015774
