EMITTER_COEFFICIENT_SOLUTION,PRESSURE_OUTPUT,OUTPUT_DEMAND,FITNESS
0.42160345985370784,24.10968878196418,3.9,20.338311495126057
