EMITTER_COEFFICIENT_SOLUTION,PRESSURE_OUTPUT,OUTPUT_DEMAND,FITNESS
0.11325886308183242,24.302049918387002,3.9,4.140282260190256
