EMITTER_COEFFICIENT_SOLUTION,PRESSURE_OUTPUT,OUTPUT_DEMAND,FITNESS
0.3443285846847063,24.15805249460439,3.9,10.253044864984593
