EMITTER_COEFFICIENT_SOLUTION,PRESSURE_OUTPUT,OUTPUT_DEMAND,FITNESS
0.956190388170887,23.77253545899436,3.9,3.4723785653814847
