EMITTER_COEFFICIENT_SOLUTION,PRESSURE_OUTPUT,OUTPUT_DEMAND,FITNESS
0.31878627231175527,24.174016217385994,3.9,8.810904510176167
