EMITTER_COEFFICIENT_SOLUTION,PRESSURE_OUTPUT,OUTPUT_DEMAND,FITNESS
0.47585295544848105,24.075676315381724,3.9,65.98123803617206
