EMITTER_COEFFICIENT_SOLUTION,PRESSURE_OUTPUT,OUTPUT_DEMAND,FITNESS
0.9254763523890014,23.792019130376005,3.9,3.7243481590165692
