EMITTER_COEFFICIENT_SOLUTION,PRESSURE_OUTPUT,OUTPUT_DEMAND,FITNESS
0.014192438111890193,24.36348676480645,3.9,3.3006974348850857
