EMITTER_COEFFICIENT_SOLUTION,PRESSURE_OUTPUT,OUTPUT_DEMAND,FITNESS
0.03558374109949869,24.350236707674046,3.9,3.451653533302959
