EMITTER_COEFFICIENT_SOLUTION,PRESSURE_OUTPUT,OUTPUT_DEMAND,FITNESS
0.39622426655696297,24.125583854554623,3.9,15.369632900141898
