EMITTER_COEFFICIENT_SOLUTION,PRESSURE_OUTPUT,OUTPUT_DEMAND,FITNESS
0.06164150586335637,23.705545789903397,3.9,2.81708628907981
