EMITTER_COEFFICIENT_SOLUTION,PRESSURE_OUTPUT,OUTPUT_DEMAND,FITNESS
0.5940128906453473,24.00142941697885,3.9,16.92245668650234
