EMITTER_COEFFICIENT_SOLUTION,PRESSURE_OUTPUT,OUTPUT_DEMAND,FITNESS
0.1482116853561677,23.650442904404517,3.9,2.4385510291461507
