EMITTER_COEFFICIENT_SOLUTION,PRESSURE_OUTPUT,OUTPUT_DEMAND,FITNESS
0.0005142375114149944,24.37195498320489,3.9,3.2109481376113918
