EMITTER_COEFFICIENT_SOLUTION,PRESSURE_OUTPUT,OUTPUT_DEMAND,FITNESS
0.27907363911927796,24.198813842753076,3.9,7.231005637499706
