EMITTER_COEFFICIENT_SOLUTION,PRESSURE_OUTPUT,OUTPUT_DEMAND,FITNESS
0.5107674070384748,24.053760760670666,3.9,147.89112037980343
