EMITTER_COEFFICIENT_SOLUTION,PRESSURE_OUTPUT,OUTPUT_DEMAND,FITNESS
0.8732980321905343,23.825089144098918,3.9,4.247486643447248
