EMITTER_COEFFICIENT_SOLUTION,PRESSURE_OUTPUT,OUTPUT_DEMAND,FITNESS
0.5401663114431076,24.035292038482652,3.9,39.634642524717805
