EMITTER_COEFFICIENT_SOLUTION,PRESSURE_OUTPUT,OUTPUT_DEMAND,FITNESS
0.38490392623794234,23.49932035723456,3.9,1.7818891595682496
