EMITTER_COEFFICIENT_SOLUTION,PRESSURE_OUTPUT,OUTPUT_DEMAND,FITNESS
0.18578577863656232,24.25695586319967,3.9,5.090732861069903
