EMITTER_COEFFICIENT_SOLUTION,PRESSURE_OUTPUT,OUTPUT_DEMAND,FITNESS
0.03405628185425558,23.723083926529828,3.9,2.963502405386106
