EMITTER_COEFFICIENT_SOLUTION,PRESSURE_OUTPUT,OUTPUT_DEMAND,FITNESS
0.3848091815623643,24.13272963763238,3.9,13.848661262809047
