EMITTER_COEFFICIENT_SOLUTION,PRESSURE_OUTPUT,OUTPUT_DEMAND,FITNESS
0.41285885348805706,23.48142929293973,3.9,1.726837755787271
