EMITTER_COEFFICIENT_SOLUTION,PRESSURE_OUTPUT,OUTPUT_DEMAND,FITNESS
0.6813477777135447,23.946411100062956,3.9,8.763366955119361
