EMITTER_COEFFICIENT_SOLUTION,PRESSURE_OUTPUT,OUTPUT_DEMAND,FITNESS
0.569870288864948,24.0166176827245,3.9,22.77654817069452
