EMITTER_COEFFICIENT_SOLUTION,PRESSURE_OUTPUT,OUTPUT_DEMAND,FITNESS
0.1557397551454679,24.275648857525727,3.9,4.64838747258948
