EMITTER_COEFFICIENT_SOLUTION,PRESSURE_OUTPUT,OUTPUT_DEMAND,FITNESS
0.2581649659638686,24.21185869386759,3.9,6.6077169325156175
