EMITTER_COEFFICIENT_SOLUTION,PRESSURE_OUTPUT,OUTPUT_DEMAND,FITNESS
0.3435074896066501,23.525798114703818,3.9,1.8701223335556458
