EMITTER_COEFFICIENT_SOLUTION,PRESSURE_OUTPUT,OUTPUT_DEMAND,FITNESS
0.2144304993599646,23.608230785053426,3.9,2.2109624938293546
