EMITTER_COEFFICIENT_SOLUTION,PRESSURE_OUTPUT,OUTPUT_DEMAND,FITNESS
0.28064675175100984,23.565967365447513,3.9,2.022019278764253
