EMITTER_COEFFICIENT_SOLUTION,PRESSURE_OUTPUT,OUTPUT_DEMAND,FITNESS
0.2675525172108756,24.206002783377063,3.9,6.873688814713285
