EMITTER_COEFFICIENT_SOLUTION,PRESSURE_OUTPUT,OUTPUT_DEMAND,FITNESS
0.08326357364158665,24.320671451158752,3.9,3.843922016131772
