EMITTER_COEFFICIENT_SOLUTION,PRESSURE_OUTPUT,OUTPUT_DEMAND,FITNESS
0.35474198077015673,24.15154100194846,3.9,10.986534781355822
