EMITTER_COEFFICIENT_SOLUTION,PRESSURE_OUTPUT,OUTPUT_DEMAND,FITNESS
0.5362359164823048,24.037761957439912,3.9,43.93569948440704
