EMITTER_COEFFICIENT_SOLUTION,PRESSURE_OUTPUT,OUTPUT_DEMAND,FITNESS
0.4344459791514036,24.10164137792177,3.9,24.31854212198857
