EMITTER_COEFFICIENT_SOLUTION,PRESSURE_OUTPUT,OUTPUT_DEMAND,FITNESS
0.06282619006696721,24.33334950412008,3.9,3.6652993451245317
