EMITTER_COEFFICIENT_SOLUTION,PRESSURE_OUTPUT,OUTPUT_DEMAND,FITNESS
0.2528556787458184,24.215169913928644,3.9,6.46623819582976
