EMITTER_COEFFICIENT_SOLUTION,PRESSURE_OUTPUT,OUTPUT_DEMAND,FITNESS
0.19261434881710737,24.252705213905642,3.9,5.203327243238692
