EMITTER_COEFFICIENT_SOLUTION,PRESSURE_OUTPUT,OUTPUT_DEMAND,FITNESS
0.4522398795893806,24.09048681667108,3.9,33.370792248017494
