EMITTER_COEFFICIENT_SOLUTION,PRESSURE_OUTPUT,OUTPUT_DEMAND,FITNESS
0.257326711447761,24.212381517520946,3.9,6.584968036333987
