EMITTER_COEFFICIENT_SOLUTION,PRESSURE_OUTPUT,OUTPUT_DEMAND,FITNESS
0.12809466136680525,23.663256059319,3.9,2.5172023561766212
