EMITTER_COEFFICIENT_SOLUTION,PRESSURE_OUTPUT,OUTPUT_DEMAND,FITNESS
0.005074801908080739,24.36913176393866,3.9,3.24032234220104
