EMITTER_COEFFICIENT_SOLUTION,PRESSURE_OUTPUT,OUTPUT_DEMAND,FITNESS
0.2669975971517329,23.574683376313224,3.9,2.058294542407592
