EMITTER_COEFFICIENT_SOLUTION,PRESSURE_OUTPUT,OUTPUT_DEMAND,FITNESS
0.15223698407572472,23.647878461387474,3.9,2.4233962596675545
