EMITTER_COEFFICIENT_SOLUTION,PRESSURE_OUTPUT,OUTPUT_DEMAND,FITNESS
0.0471580928233456,24.34306365435274,3.9,3.5392822503522523
