EMITTER_COEFFICIENT_SOLUTION,PRESSURE_OUTPUT,OUTPUT_DEMAND,FITNESS
0.06161277551349986,23.705564061222095,3.9,2.817231297274985
