EMITTER_COEFFICIENT_SOLUTION,PRESSURE_OUTPUT,OUTPUT_DEMAND,FITNESS,NODE
0.3266737630116967,25.06023893488374,23.0,10.100210800352235,N8
