EMITTER_COEFFICIENT_SOLUTION,PRESSURE_OUTPUT,OUTPUT_DEMAND,FITNESS,NODE
0.5963771855823121,24.977829714570813,23.0,5.512160919319411,N8
