EMITTER_COEFFICIENT_SOLUTION,PRESSURE_OUTPUT,OUTPUT_DEMAND,FITNESS,NODE
0.9872582639547527,24.857350536605832,23.0,3.3123964170762874,N8
