EMITTER_COEFFICIENT_SOLUTION,PRESSURE_OUTPUT,OUTPUT_DEMAND,FITNESS,NODE
0.9001321053969524,24.884310112242613,23.0,3.637201419990069,N8
