EMITTER_COEFFICIENT_SOLUTION,PRESSURE_OUTPUT,OUTPUT_DEMAND,FITNESS,NODE
0.7852165700805664,24.919776872207564,23.0,4.175890212162848,N8
