EMITTER_COEFFICIENT_SOLUTION,PRESSURE_OUTPUT,OUTPUT_DEMAND,FITNESS,NODE
0.026430888167899846,25.151268722719408,23.0,125.343963734316,N8
