EMITTER_COEFFICIENT_SOLUTION,PRESSURE_OUTPUT,OUTPUT_DEMAND,FITNESS,NODE
0.9357386851797562,24.873299530003774,23.0,3.4971486416115862,N8
