EMITTER_COEFFICIENT_SOLUTION,PRESSURE_OUTPUT,OUTPUT_DEMAND,FITNESS,NODE
0.46778206119249144,25.017197306338637,23.0,7.039801334693977,N8
