EMITTER_COEFFICIENT_SOLUTION,PRESSURE_OUTPUT,OUTPUT_DEMAND,FITNESS,NODE
0.42570608541923094,25.030048554999553,23.0,7.740045048284046,N8
