EMITTER_COEFFICIENT_SOLUTION,PRESSURE_OUTPUT,OUTPUT_DEMAND,FITNESS,NODE
0.11993960633231593,25.122999343173944,23.0,27.588165636907455,N8
