EMITTER_COEFFICIENT_SOLUTION,PRESSURE_OUTPUT,OUTPUT_DEMAND,FITNESS,NODE
0.6152742662515762,24.972033335541422,23.0,5.341497023612706,N8
