EMITTER_COEFFICIENT_SOLUTION,PRESSURE_OUTPUT,OUTPUT_DEMAND,FITNESS,NODE
0.0229229167339009,25.152327790624344,23.0,144.52999861377305,N8
