EMITTER_COEFFICIENT_SOLUTION,PRESSURE_OUTPUT,OUTPUT_DEMAND,FITNESS,NODE
0.7778910722099992,24.922034204759548,23.0,4.2156282965335095,N8
