EMITTER_COEFFICIENT_SOLUTION,PRESSURE_OUTPUT,OUTPUT_DEMAND,FITNESS,NODE
0.9114537572150851,24.880810214453582,23.0,3.591482447464099,N8
