EMITTER_COEFFICIENT_SOLUTION,PRESSURE_OUTPUT,OUTPUT_DEMAND,FITNESS,NODE
0.9571633671855124,24.866669590309062,23.0,3.417901570239001,N8
