EMITTER_COEFFICIENT_SOLUTION,PRESSURE_OUTPUT,OUTPUT_DEMAND,FITNESS,NODE
0.37113166034259315,25.046695808846025,23.0,8.884864195194101,N8
