EMITTER_COEFFICIENT_SOLUTION,PRESSURE_OUTPUT,OUTPUT_DEMAND,FITNESS,NODE
0.28685797713616923,25.072354012516115,23.0,11.508439083907883,N8
