EMITTER_COEFFICIENT_SOLUTION,PRESSURE_OUTPUT,OUTPUT_DEMAND,FITNESS,NODE
0.968754682939607,24.863081115507246,23.0,3.3764887544832463,N8
