EMITTER_COEFFICIENT_SOLUTION,PRESSURE_OUTPUT,OUTPUT_DEMAND,FITNESS,NODE
0.29908262668509544,25.068635720779383,23.0,11.036181731449762,N8
