EMITTER_COEFFICIENT_SOLUTION,PRESSURE_OUTPUT,OUTPUT_DEMAND,FITNESS,NODE
0.23609862402934345,25.087779818055793,23.0,13.992481566645887,N8
