EMITTER_COEFFICIENT_SOLUTION,PRESSURE_OUTPUT,OUTPUT_DEMAND,FITNESS,NODE
0.2565775069471419,25.081558859827027,23.0,12.872015798343456,N8
