EMITTER_COEFFICIENT_SOLUTION,PRESSURE_OUTPUT,OUTPUT_DEMAND,FITNESS,NODE
0.5244905009755751,24.999853555836207,23.0,6.273792825499387,N8
