EMITTER_COEFFICIENT_SOLUTION,PRESSURE_OUTPUT,OUTPUT_DEMAND,FITNESS,NODE
0.7433099282278965,24.932684503389346,23.0,4.413797660969513,N8
