EMITTER_COEFFICIENT_SOLUTION,PRESSURE_OUTPUT,OUTPUT_DEMAND,FITNESS,NODE
0.3194399884382493,25.062440995117644,23.0,10.329962307543191,N8
