EMITTER_COEFFICIENT_SOLUTION,PRESSURE_OUTPUT,OUTPUT_DEMAND,FITNESS,NODE
0.22870499369585384,25.09002495085448,23.0,14.446312164251703,N8
