EMITTER_COEFFICIENT_SOLUTION,PRESSURE_OUTPUT,OUTPUT_DEMAND,FITNESS,NODE
0.18823982862126631,25.102304393100766,23.0,17.56161340855717,N8
