EMITTER_COEFFICIENT_SOLUTION,PRESSURE_OUTPUT,OUTPUT_DEMAND,FITNESS,NODE
0.42818989988809175,25.029290313769806,23.0,7.694885142644783,N8
