EMITTER_COEFFICIENT_SOLUTION,PRESSURE_OUTPUT,OUTPUT_DEMAND,FITNESS,NODE
0.3462376053876437,25.054281256727787,23.0,9.526938649380796,N8
