EMITTER_COEFFICIENT_SOLUTION,PRESSURE_OUTPUT,OUTPUT_DEMAND,FITNESS,NODE
0.08818772465408209,25.132606743153712,23.0,37.537500485136746,N8
