EMITTER_COEFFICIENT_SOLUTION,PRESSURE_OUTPUT,OUTPUT_DEMAND,FITNESS,NODE
0.8650738457526943,24.895141359316902,23.0,3.7863669642290105,N8
