EMITTER_COEFFICIENT_SOLUTION,PRESSURE_OUTPUT,OUTPUT_DEMAND,FITNESS,NODE
0.4410610757485449,25.025360279456557,23.0,7.469013490854409,N8
