EMITTER_COEFFICIENT_SOLUTION,PRESSURE_OUTPUT,OUTPUT_DEMAND,FITNESS,NODE
0.6908985624440662,24.948807890383335,23.0,4.751973610759761,N8
