EMITTER_COEFFICIENT_SOLUTION,PRESSURE_OUTPUT,OUTPUT_DEMAND,FITNESS,NODE
0.6437600767663916,24.963290302474046,23.0,5.103174268423426,N8
