EMITTER_COEFFICIENT_SOLUTION,PRESSURE_OUTPUT,OUTPUT_DEMAND,FITNESS,NODE
0.4413970796419395,25.025257667095328,23.0,7.463293524850621,N8
