EMITTER_COEFFICIENT_SOLUTION,PRESSURE_OUTPUT,OUTPUT_DEMAND,FITNESS,NODE
0.2274606630083571,25.090402756452818,23.0,14.525591354603995,N8
