EMITTER_COEFFICIENT_SOLUTION,PRESSURE_OUTPUT,OUTPUT_DEMAND,FITNESS,NODE
0.41565979322082547,25.03311489734348,23.0,7.9282102398347165,N8
