EMITTER_COEFFICIENT_SOLUTION,PRESSURE_OUTPUT,OUTPUT_DEMAND,FITNESS,NODE
0.3123163381055629,25.06460910707803,23.0,10.566617717959334,N8
