EMITTER_COEFFICIENT_SOLUTION,PRESSURE_OUTPUT,OUTPUT_DEMAND,FITNESS,NODE
0.2774052276706922,25.075228339833792,23.0,11.90215057070934,N8
