EMITTER_COEFFICIENT_SOLUTION,PRESSURE_OUTPUT,OUTPUT_DEMAND,FITNESS,NODE
0.05563939936660134,25.14244626008019,23.0,59.52200484053899,N8
