EMITTER_COEFFICIENT_SOLUTION,PRESSURE_OUTPUT,OUTPUT_DEMAND,FITNESS,NODE
0.10725551904548625,25.1268382840191,23.0,30.856116437450414,N8
