EMITTER_COEFFICIENT_SOLUTION,PRESSURE_OUTPUT,OUTPUT_DEMAND,FITNESS,NODE
0.7487224027843513,24.931018201069207,23.0,4.381572417060328,N8
