EMITTER_COEFFICIENT_SOLUTION,PRESSURE_OUTPUT,OUTPUT_DEMAND,FITNESS,NODE
0.9656233378361321,24.864050630817374,23.0,3.3875781866049444,N8
