EMITTER_COEFFICIENT_SOLUTION,PRESSURE_OUTPUT,OUTPUT_DEMAND,FITNESS,NODE
0.36363734784209734,25.048979934785525,23.0,9.068910004063408,N8
