EMITTER_COEFFICIENT_SOLUTION,PRESSURE_OUTPUT,OUTPUT_DEMAND,FITNESS,NODE
0.03800979811931682,25.147772268454535,23.0,87.14975931797784,N8
