EMITTER_COEFFICIENT_SOLUTION,PRESSURE_OUTPUT,OUTPUT_DEMAND,FITNESS,NODE
0.12203517288174859,25.122364972202547,23.0,27.113646151943062,N8
