EMITTER_COEFFICIENT_SOLUTION,PRESSURE_OUTPUT,OUTPUT_DEMAND,FITNESS,NODE
0.002429511405016349,25.158512466647093,23.0,1361.8360120664906,N8
