EMITTER_COEFFICIENT_SOLUTION,PRESSURE_OUTPUT,OUTPUT_DEMAND,FITNESS,NODE
0.14037853066482664,25.116810478133004,23.0,23.564735960153687,N8
