EMITTER_COEFFICIENT_SOLUTION,PRESSURE_OUTPUT,OUTPUT_DEMAND,FITNESS,NODE
0.002335576978894638,24.8526790935823,23.0,3.261922501031625,N8
