EMITTER_COEFFICIENT_SOLUTION,PRESSURE_OUTPUT,OUTPUT_DEMAND,FITNESS,NODE
0.17245035203855785,25.107092092582388,23.0,19.173735896189683,N8
