EMITTER_COEFFICIENT_SOLUTION,PRESSURE_OUTPUT,OUTPUT_DEMAND,FITNESS,NODE
0.8780895048311685,24.89112130669511,23.0,3.7295972927279926,N8
