EMITTER_COEFFICIENT_SOLUTION,PRESSURE_OUTPUT,OUTPUT_DEMAND,FITNESS,NODE
0.5741572737288096,24.984641613424742,23.0,5.727207734109189,N8
