EMITTER_COEFFICIENT_SOLUTION,PRESSURE_OUTPUT,OUTPUT_DEMAND,FITNESS,NODE
0.7258058171795954,24.938071770481052,23.0,4.521306678712462,N8
