EMITTER_COEFFICIENT_SOLUTION,PRESSURE_OUTPUT,OUTPUT_DEMAND,FITNESS,NODE
0.9155988575347267,24.879528573711667,23.0,3.5750266347973456,N8
