EMITTER_COEFFICIENT_SOLUTION,PRESSURE_OUTPUT,OUTPUT_DEMAND,FITNESS,NODE
0.5943505610159623,24.978451177533948,23.0,5.531108305270055,N8
