EMITTER_COEFFICIENT_SOLUTION,PRESSURE_OUTPUT,OUTPUT_DEMAND,FITNESS,NODE
0.6888961217474334,24.949423466628936,23.0,4.765914874838547,N8
