EMITTER_COEFFICIENT_SOLUTION,PRESSURE_OUTPUT,OUTPUT_DEMAND,FITNESS,NODE
0.8726109226544683,24.892813600214854,23.0,3.7532864352918724,N8
