EMITTER_COEFFICIENT_SOLUTION,PRESSURE_OUTPUT,OUTPUT_DEMAND,FITNESS,NODE
0.09864209073042862,25.12944443122949,23.0,33.55441417447462,N8
