EMITTER_COEFFICIENT_SOLUTION,PRESSURE_OUTPUT,OUTPUT_DEMAND,FITNESS,NODE
0.053060771277718244,25.14322540731727,23.0,62.4166654339594,N8
