EMITTER_COEFFICIENT_SOLUTION,PRESSURE_OUTPUT,OUTPUT_DEMAND,FITNESS,NODE
0.21812194911207694,25.093237777160272,23.0,15.149451087198068,N8
