EMITTER_COEFFICIENT_SOLUTION,PRESSURE_OUTPUT,OUTPUT_DEMAND,FITNESS,NODE
0.4824885555316505,25.012701989804665,23.0,6.823852766533152,N8
