EMITTER_COEFFICIENT_SOLUTION,PRESSURE_OUTPUT,OUTPUT_DEMAND,FITNESS,NODE
0.7695893153583266,24.92459185112868,23.0,4.2615769878433065,N8
