EMITTER_COEFFICIENT_SOLUTION,PRESSURE_OUTPUT,OUTPUT_DEMAND,FITNESS,NODE
0.3072941784084906,25.066137368236355,23.0,10.740054032905196,N8
