EMITTER_COEFFICIENT_SOLUTION,PRESSURE_OUTPUT,OUTPUT_DEMAND,FITNESS,NODE
0.0984477140868012,25.12950323612226,23.0,33.620753425625324,N8
