EMITTER_COEFFICIENT_SOLUTION,PRESSURE_OUTPUT,OUTPUT_DEMAND,FITNESS,NODE
0.4665934465609889,25.017560551286877,23.0,7.057849471658885,N8
