EMITTER_COEFFICIENT_SOLUTION,PRESSURE_OUTPUT,OUTPUT_DEMAND,FITNESS,NODE
0.49179693859489904,25.009855791638362,23.0,6.693844666206047,N8
