EMITTER_COEFFICIENT_SOLUTION,PRESSURE_OUTPUT,OUTPUT_DEMAND,FITNESS,NODE
0.20602160377188805,25.09691007890127,23.0,16.041916746081508,N8
