EMITTER_COEFFICIENT_SOLUTION,PRESSURE_OUTPUT,OUTPUT_DEMAND,FITNESS,NODE
0.5507123984526816,24.991824695209683,23.0,5.972928029597462,N8
