EMITTER_COEFFICIENT_SOLUTION,PRESSURE_OUTPUT,OUTPUT_DEMAND,FITNESS,NODE
0.20400238045410402,25.09752276805588,23.0,16.201153156352895,N8
