EMITTER_COEFFICIENT_SOLUTION,PRESSURE_OUTPUT,OUTPUT_DEMAND,FITNESS,NODE
0.2259411736622552,25.090864088559602,23.0,14.623585782062944,N8
