EMITTER_COEFFICIENT_SOLUTION,PRESSURE_OUTPUT,OUTPUT_DEMAND,FITNESS,NODE
0.02883936273386012,25.150541535768856,23.0,114.8734240449138,N8
