EMITTER_COEFFICIENT_SOLUTION,PRESSURE_OUTPUT,OUTPUT_DEMAND,FITNESS,NODE
0.0212393739048915,25.152836020401974,23.0,155.98801210212324,N8
