EMITTER_COEFFICIENT_SOLUTION,PRESSURE_OUTPUT,OUTPUT_DEMAND,FITNESS,NODE
0.4534373930660498,25.021580058617005,23.0,7.263920187772678,N8
