EMITTER_COEFFICIENT_SOLUTION,PRESSURE_OUTPUT,OUTPUT_DEMAND,FITNESS,NODE
0.6629106871964601,24.957408798570032,23.0,4.954469149897788,N8
