EMITTER_COEFFICIENT_SOLUTION,PRESSURE_OUTPUT,OUTPUT_DEMAND,FITNESS,NODE
0.046078292536944954,25.145334919461526,23.0,71.88116611871418,N8
