EMITTER_COEFFICIENT_SOLUTION,PRESSURE_OUTPUT,OUTPUT_DEMAND,FITNESS,NODE
0.5219574592299445,25.000628824239122,23.0,6.304456905390191,N8
