EMITTER_COEFFICIENT_SOLUTION,PRESSURE_OUTPUT,OUTPUT_DEMAND,FITNESS,NODE
0.27267295396230673,25.076667017338014,23.0,12.10950595553583,N8
