EMITTER_COEFFICIENT_SOLUTION,PRESSURE_OUTPUT,OUTPUT_DEMAND,FITNESS,NODE
0.9009495274918184,24.88405745386321,23.0,3.6338620119379192,N8
