EMITTER_COEFFICIENT_SOLUTION,PRESSURE_OUTPUT,OUTPUT_DEMAND,FITNESS,NODE
0.2159886156867974,25.093885306018894,23.0,15.29953503967354,N8
