EMITTER_COEFFICIENT_SOLUTION,PRESSURE_OUTPUT,OUTPUT_DEMAND,FITNESS,NODE
8.599763252181702e-05,25.159219824553915,23.0,37112.780750154394,N8
