EMITTER_COEFFICIENT_SOLUTION,PRESSURE_OUTPUT,OUTPUT_DEMAND,FITNESS,NODE
0.8160075268485831,24.910284043757315,23.0,4.016665535854654,N8
