EMITTER_COEFFICIENT_SOLUTION,PRESSURE_OUTPUT,OUTPUT_DEMAND,FITNESS,NODE
0.49394397728283645,25.00919919694887,23.0,6.664553003656184,N8
