EMITTER_COEFFICIENT_SOLUTION,PRESSURE_OUTPUT,OUTPUT_DEMAND,FITNESS,NODE
0.7744731144159869,24.923087292768177,23.0,4.234426727451048,N8
