EMITTER_COEFFICIENT_SOLUTION,PRESSURE_OUTPUT,OUTPUT_DEMAND,FITNESS,NODE
0.17049940750906178,25.107683514196943,23.0,19.393655328840765,N8
