EMITTER_COEFFICIENT_SOLUTION,PRESSURE_OUTPUT,OUTPUT_DEMAND,FITNESS,NODE
0.9693049914519944,24.862910723104182,23.0,3.3745472828334444,N8
