EMITTER_COEFFICIENT_SOLUTION,PRESSURE_OUTPUT,OUTPUT_DEMAND,FITNESS,NODE
0.36971178520673775,25.04712889546403,23.0,8.919184465896363,N8
