EMITTER_COEFFICIENT_SOLUTION,PRESSURE_OUTPUT,OUTPUT_DEMAND,FITNESS,NODE
0.2692091596367352,25.077719940914836,23.0,12.26590090617266,N8
