EMITTER_COEFFICIENT_SOLUTION,PRESSURE_OUTPUT,OUTPUT_DEMAND,FITNESS,NODE
0.8045072915714182,24.913830440984523,23.0,4.074708501488098,N8
