EMITTER_COEFFICIENT_SOLUTION,PRESSURE_OUTPUT,OUTPUT_DEMAND,FITNESS,NODE
0.04819465830197678,25.14469557722722,23.0,68.72289120564041,N8
