EMITTER_COEFFICIENT_SOLUTION,PRESSURE_OUTPUT,OUTPUT_DEMAND,FITNESS,NODE
0.5326186667264992,24.997365224214473,23.0,6.177356403094108,N8
