EMITTER_COEFFICIENT_SOLUTION,PRESSURE_OUTPUT,OUTPUT_DEMAND,FITNESS,NODE
0.14622118443439946,25.115040686266894,23.0,22.621321049199224,N8
