EMITTER_COEFFICIENT_SOLUTION,PRESSURE_OUTPUT,OUTPUT_DEMAND,FITNESS,NODE
0.7362860170588621,24.934846558202892,23.0,4.456323790628241,N8
