EMITTER_COEFFICIENT_SOLUTION,PRESSURE_OUTPUT,OUTPUT_DEMAND,FITNESS,NODE
0.41955369842239243,25.031926493216233,23.0,7.8542085328838755,N8
