EMITTER_COEFFICIENT_SOLUTION,PRESSURE_OUTPUT,OUTPUT_DEMAND,FITNESS,NODE
0.042921370860735886,25.146288537006626,23.0,77.17101884172858,N8
