EMITTER_COEFFICIENT_SOLUTION,PRESSURE_OUTPUT,OUTPUT_DEMAND,FITNESS,NODE
0.023418327904677128,25.15217823075053,23.0,141.47195659463233,N8
