EMITTER_COEFFICIENT_SOLUTION,PRESSURE_OUTPUT,OUTPUT_DEMAND,FITNESS,NODE
0.1270648882963199,25.120842222774876,23.0,26.038583620680267,N8
