EMITTER_COEFFICIENT_SOLUTION,PRESSURE_OUTPUT,OUTPUT_DEMAND,FITNESS,NODE
0.24155009928650584,25.086124142560003,23.0,13.675657488508998,N8
