EMITTER_COEFFICIENT_SOLUTION,PRESSURE_OUTPUT,OUTPUT_DEMAND,FITNESS,NODE
0.7496660981200887,24.930727647897154,23.0,4.376001418206001,N8
