EMITTER_COEFFICIENT_SOLUTION,PRESSURE_OUTPUT,OUTPUT_DEMAND,FITNESS,NODE
0.4154568998901491,25.033176816143268,23.0,7.932104151505466,N8
