EMITTER_COEFFICIENT_SOLUTION,PRESSURE_OUTPUT,OUTPUT_DEMAND,FITNESS,NODE
0.8215573841102453,24.90857222422647,23.0,3.9892363187914466,N8
