EMITTER_COEFFICIENT_SOLUTION,PRESSURE_OUTPUT,OUTPUT_DEMAND,FITNESS,NODE
0.009206069941312567,25.156467691695774,23.0,359.83160193350295,N8
