EMITTER_COEFFICIENT_SOLUTION,PRESSURE_OUTPUT,OUTPUT_DEMAND,FITNESS,NODE
0.6091568356886776,24.973910076880678,23.0,5.395585656245489,N8
