EMITTER_COEFFICIENT_SOLUTION,PRESSURE_OUTPUT,OUTPUT_DEMAND,FITNESS,NODE
0.5863447738084788,24.980905820546344,23.0,5.607237183331094,N8
