EMITTER_COEFFICIENT_SOLUTION,PRESSURE_OUTPUT,OUTPUT_DEMAND,FITNESS,NODE
0.5987436349371015,27.564164885015636,1.5,3.598753718869839,N11
