EMITTER_COEFFICIENT_SOLUTION,PRESSURE_OUTPUT,OUTPUT_DEMAND,FITNESS,NODE
0.1822498062305763,27.767944010138507,1.5,13.49621471755458,N11
