EMITTER_COEFFICIENT_SOLUTION,PRESSURE_OUTPUT,OUTPUT_DEMAND,FITNESS,NODE
0.21120045632973528,27.75530620477052,1.5,11.52968279460836,N11
