EMITTER_COEFFICIENT_SOLUTION,PRESSURE_OUTPUT,OUTPUT_DEMAND,FITNESS,NODE
0.7738043883157629,27.464948301736463,1.5,2.6518828931512335,N11
