EMITTER_COEFFICIENT_SOLUTION,PRESSURE_OUTPUT,OUTPUT_DEMAND,FITNESS,NODE
0.606271252063414,27.560059021723774,1.5,3.5463528419365997,N11
