EMITTER_COEFFICIENT_SOLUTION,PRESSURE_OUTPUT,OUTPUT_DEMAND,FITNESS,NODE
0.49554030670342397,27.61897455801764,1.5,4.483012262269498,N11
