EMITTER_COEFFICIENT_SOLUTION,PRESSURE_OUTPUT,OUTPUT_DEMAND,FITNESS,NODE
0.49403572182015465,27.619753039421184,1.5,4.498712506543573,N11
