EMITTER_COEFFICIENT_SOLUTION,PRESSURE_OUTPUT,OUTPUT_DEMAND,FITNESS,NODE
0.42870385090897545,27.65297912594915,1.5,5.289333586936461,N11
