EMITTER_COEFFICIENT_SOLUTION,PRESSURE_OUTPUT,OUTPUT_DEMAND,FITNESS,NODE
0.02146483611514538,27.833808039082626,1.5,121.49456765085237,N11
