EMITTER_COEFFICIENT_SOLUTION,PRESSURE_OUTPUT,OUTPUT_DEMAND,FITNESS,NODE
0.33346419758506485,27.699372182809334,1.5,7.009345288972103,N11
