EMITTER_COEFFICIENT_SOLUTION,PRESSURE_OUTPUT,OUTPUT_DEMAND,FITNESS,NODE
0.7472433224136638,27.48049898766081,1.5,2.7659466553020917,N11
