EMITTER_COEFFICIENT_SOLUTION,PRESSURE_OUTPUT,OUTPUT_DEMAND,FITNESS,NODE
0.22437688065658568,27.749476788265433,1.5,10.803561154354083,N11
