EMITTER_COEFFICIENT_SOLUTION,PRESSURE_OUTPUT,OUTPUT_DEMAND,FITNESS,NODE
0.5631707287137891,27.58336990768546,1.5,3.8659452244558214,N11
