EMITTER_COEFFICIENT_SOLUTION,PRESSURE_OUTPUT,OUTPUT_DEMAND,FITNESS,NODE
0.27298843962819197,27.727553626688156,1.5,8.734750964295667,N11
