EMITTER_COEFFICIENT_SOLUTION,PRESSURE_OUTPUT,OUTPUT_DEMAND,FITNESS,NODE
0.5237927877329766,27.604246170210622,1.5,4.205343746611787,N11
