EMITTER_COEFFICIENT_SOLUTION,PRESSURE_OUTPUT,OUTPUT_DEMAND,FITNESS,NODE
0.3540787496356085,27.689537961879303,1.5,6.557338441123263,N11
