EMITTER_COEFFICIENT_SOLUTION,PRESSURE_OUTPUT,OUTPUT_DEMAND,FITNESS,NODE
0.6585666657433092,27.531133875242283,1.5,3.2164167504129164,N11
