EMITTER_COEFFICIENT_SOLUTION,PRESSURE_OUTPUT,OUTPUT_DEMAND,FITNESS,NODE
0.02262919019188503,27.83335777747427,1.5,115.1930101242332,N11
