EMITTER_COEFFICIENT_SOLUTION,PRESSURE_OUTPUT,OUTPUT_DEMAND,FITNESS,NODE
0.49039299835952155,27.62163533937767,1.5,4.537132611360825,N11
