EMITTER_COEFFICIENT_SOLUTION,PRESSURE_OUTPUT,OUTPUT_DEMAND,FITNESS,NODE
0.5255227078569317,27.603337544812497,1.5,4.189335949852027,N11
