EMITTER_COEFFICIENT_SOLUTION,PRESSURE_OUTPUT,OUTPUT_DEMAND,FITNESS,NODE
0.9752494589513857,27.341366400003167,1.5,1.9973137737179651,N11
