EMITTER_COEFFICIENT_SOLUTION,PRESSURE_OUTPUT,OUTPUT_DEMAND,FITNESS,NODE
0.7484386005761762,27.479802971275518,1.5,2.7606320405603877,N11
