EMITTER_COEFFICIENT_SOLUTION,PRESSURE_OUTPUT,OUTPUT_DEMAND,FITNESS,NODE
0.5523352034492713,27.589154635655028,1.5,3.954378741997687,N11
