EMITTER_COEFFICIENT_SOLUTION,PRESSURE_OUTPUT,OUTPUT_DEMAND,FITNESS,NODE
0.5086985201198203,27.612141060482145,1.5,4.349758906466982,N11
