EMITTER_COEFFICIENT_SOLUTION,PRESSURE_OUTPUT,OUTPUT_DEMAND,FITNESS,NODE
0.04883487288523958,27.823119830521733,1.5,52.856834631204435,N11
