EMITTER_COEFFICIENT_SOLUTION,PRESSURE_OUTPUT,OUTPUT_DEMAND,FITNESS,NODE
0.6736859332920752,27.522641217734083,1.5,3.130893495791015,N11
