EMITTER_COEFFICIENT_SOLUTION,PRESSURE_OUTPUT,OUTPUT_DEMAND,FITNESS,NODE
0.43275964874525874,27.650949434669464,1.5,5.233151962801591,N11
