EMITTER_COEFFICIENT_SOLUTION,PRESSURE_OUTPUT,OUTPUT_DEMAND,FITNESS,NODE
0.4972393872429627,27.618094727407907,1.5,4.4653994256630165,N11
