EMITTER_COEFFICIENT_SOLUTION,PRESSURE_OUTPUT,OUTPUT_DEMAND,FITNESS,NODE
0.6402983065428215,27.541317779138836,1.5,3.3253405378955256,N11
