EMITTER_COEFFICIENT_SOLUTION,PRESSURE_OUTPUT,OUTPUT_DEMAND,FITNESS,NODE
0.10874562167666435,27.798970261638253,1.5,23.218772923569517,N11
