EMITTER_COEFFICIENT_SOLUTION,PRESSURE_OUTPUT,OUTPUT_DEMAND,FITNESS,NODE
0.07375023154392057,27.813201867618957,1.5,34.67768049446446,N11
