EMITTER_COEFFICIENT_SOLUTION,PRESSURE_OUTPUT,OUTPUT_DEMAND,FITNESS,NODE
0.996961892297706,27.327461237808606,1.5,1.9433414072720936,N11
