EMITTER_COEFFICIENT_SOLUTION,PRESSURE_OUTPUT,OUTPUT_DEMAND,FITNESS,NODE
0.3909580311870703,27.671657845886195,1.5,5.869198552379683,N11
