EMITTER_COEFFICIENT_SOLUTION,PRESSURE_OUTPUT,OUTPUT_DEMAND,FITNESS,NODE
0.04750521545347397,27.823644087461012,1.5,54.36327145404129,N11
