EMITTER_COEFFICIENT_SOLUTION,PRESSURE_OUTPUT,OUTPUT_DEMAND,FITNESS,NODE
0.6160217979070367,27.554719020413614,1.5,3.480441873640441,N11
