EMITTER_COEFFICIENT_SOLUTION,PRESSURE_OUTPUT,OUTPUT_DEMAND,FITNESS,NODE
0.4548888565453667,27.639797946770962,1.5,4.944597931271686,N11
