EMITTER_COEFFICIENT_SOLUTION,PRESSURE_OUTPUT,OUTPUT_DEMAND,FITNESS,NODE
0.4898566699535164,27.621912180627717,1.5,4.542838714177161,N11
