EMITTER_COEFFICIENT_SOLUTION,PRESSURE_OUTPUT,OUTPUT_DEMAND,FITNESS,NODE
0.8011568711535751,27.448750965626317,1.5,2.5426666187998923,N11
