EMITTER_COEFFICIENT_SOLUTION,PRESSURE_OUTPUT,OUTPUT_DEMAND,FITNESS,NODE
0.5694159369720787,27.58002195396366,1.5,3.8165476267588505,N11
