EMITTER_COEFFICIENT_SOLUTION,PRESSURE_OUTPUT,OUTPUT_DEMAND,FITNESS,NODE
0.5009428714018668,27.616174331003215,1.5,4.427432698219636,N11
