EMITTER_COEFFICIENT_SOLUTION,PRESSURE_OUTPUT,OUTPUT_DEMAND,FITNESS,NODE
0.18736165582045083,27.76572960184999,1.5,13.104569843113097,N11
