EMITTER_COEFFICIENT_SOLUTION,PRESSURE_OUTPUT,OUTPUT_DEMAND,FITNESS,NODE
0.022596842933314876,27.833370291647043,1.5,115.3593057813343,N11
