EMITTER_COEFFICIENT_SOLUTION,PRESSURE_OUTPUT,OUTPUT_DEMAND,FITNESS,NODE
0.3147001630469889,27.70822315049756,1.5,7.4729641645791745,N11
