EMITTER_COEFFICIENT_SOLUTION,PRESSURE_OUTPUT,OUTPUT_DEMAND,FITNESS,NODE
0.7647461420057559,27.47027138168947,1.5,2.6898533599048076,N11
