EMITTER_COEFFICIENT_SOLUTION,PRESSURE_OUTPUT,OUTPUT_DEMAND,FITNESS,NODE
0.7339370248356129,27.488223174276634,1.5,2.826330321180521,N11
