EMITTER_COEFFICIENT_SOLUTION,PRESSURE_OUTPUT,OUTPUT_DEMAND,FITNESS,NODE
0.0012067907811244005,27.32472960551675,1.5,1.9330796651930036,N11
