EMITTER_COEFFICIENT_SOLUTION,PRESSURE_OUTPUT,OUTPUT_DEMAND,FITNESS,NODE
0.6098364750853885,27.55810931888947,1.5,3.5220005531043674,N11
