EMITTER_COEFFICIENT_SOLUTION,PRESSURE_OUTPUT,OUTPUT_DEMAND,FITNESS,NODE
0.4568892239168657,27.638783498778125,1.5,4.9199194311698715,N11
