EMITTER_COEFFICIENT_SOLUTION,PRESSURE_OUTPUT,OUTPUT_DEMAND,FITNESS,NODE
0.9163213850147586,27.378537156339952,1.5,2.157489374072077,N11
