EMITTER_COEFFICIENT_SOLUTION,PRESSURE_OUTPUT,OUTPUT_DEMAND,FITNESS,NODE
0.5727878032984425,27.578210149123223,1.5,3.790338047645408,N11
