EMITTER_COEFFICIENT_SOLUTION,PRESSURE_OUTPUT,OUTPUT_DEMAND,FITNESS,NODE
0.7574326008318751,27.474554275823863,1.5,2.7212025856437854,N11
