EMITTER_COEFFICIENT_SOLUTION,PRESSURE_OUTPUT,OUTPUT_DEMAND,FITNESS,NODE
0.6317374438055158,27.546060812244427,1.5,3.3786289502991513,N11
