EMITTER_COEFFICIENT_SOLUTION,PRESSURE_OUTPUT,OUTPUT_DEMAND,FITNESS,NODE
0.08589869097120262,27.808301198874474,1.5,29.6404662818129,N11
