EMITTER_COEFFICIENT_SOLUTION,PRESSURE_OUTPUT,OUTPUT_DEMAND,FITNESS,NODE
0.6717253194719278,27.523745792627267,1.5,3.141758659709917,N11
