EMITTER_COEFFICIENT_SOLUTION,PRESSURE_OUTPUT,OUTPUT_DEMAND,FITNESS,NODE
0.13766246209203714,27.78694693058953,1.5,18.15147908230479,N11
