EMITTER_COEFFICIENT_SOLUTION,PRESSURE_OUTPUT,OUTPUT_DEMAND,FITNESS,NODE
0.44609103555111107,27.64424698765346,1.5,5.055819480009228,N11
