EMITTER_COEFFICIENT_SOLUTION,PRESSURE_OUTPUT,OUTPUT_DEMAND,FITNESS,NODE
0.8430247005621038,27.423600176450293,1.5,2.3898364082466155,N11
