EMITTER_COEFFICIENT_SOLUTION,PRESSURE_OUTPUT,OUTPUT_DEMAND,FITNESS,NODE
0.7743279090319469,27.464640030790726,1.5,2.649716753818787,N11
