EMITTER_COEFFICIENT_SOLUTION,PRESSURE_OUTPUT,OUTPUT_DEMAND,FITNESS,NODE
0.9147135077742005,27.37953967155171,1.5,2.1621659572355636,N11
