EMITTER_COEFFICIENT_SOLUTION,PRESSURE_OUTPUT,OUTPUT_DEMAND,FITNESS,NODE
0.6858016671384902,27.515793808163608,1.5,3.0651805907765026,N11
