EMITTER_COEFFICIENT_SOLUTION,PRESSURE_OUTPUT,OUTPUT_DEMAND,FITNESS,NODE
0.8830148710053108,27.399176080613877,1.5,2.258035777856116,N11
