EMITTER_COEFFICIENT_SOLUTION,PRESSURE_OUTPUT,OUTPUT_DEMAND,FITNESS,NODE
0.3111000761531103,27.709910327357704,1.5,7.568388006694316,N11
