EMITTER_COEFFICIENT_SOLUTION,PRESSURE_OUTPUT,OUTPUT_DEMAND,FITNESS,NODE
0.5316295017280844,27.600123750067745,1.5,4.133681444118239,N11
