EMITTER_COEFFICIENT_SOLUTION,PRESSURE_OUTPUT,OUTPUT_DEMAND,FITNESS,NODE
0.5049334151781509,27.614101049331992,1.5,4.387161560024422,N11
