EMITTER_COEFFICIENT_SOLUTION,PRESSURE_OUTPUT,OUTPUT_DEMAND,FITNESS,NODE
0.8890839047800679,27.39543534468946,1.5,2.2391225466168807,N11
