EMITTER_COEFFICIENT_SOLUTION,PRESSURE_OUTPUT,OUTPUT_DEMAND,FITNESS,NODE
0.25151720173157555,27.737317505768075,1.5,9.549150787779139,N11
