EMITTER_COEFFICIENT_SOLUTION,PRESSURE_OUTPUT,OUTPUT_DEMAND,FITNESS,NODE
0.7023409270410382,27.50638641012683,1.5,2.9792721640592874,N11
