EMITTER_COEFFICIENT_SOLUTION,PRESSURE_OUTPUT,OUTPUT_DEMAND,FITNESS,NODE
0.6721073396484462,27.52353064578996,1.5,3.1396364556047787,N11
