EMITTER_COEFFICIENT_SOLUTION,PRESSURE_OUTPUT,OUTPUT_DEMAND,FITNESS,NODE
0.7813345541878377,27.460507669459922,1.5,2.6210176924331128,N11
