EMITTER_COEFFICIENT_SOLUTION,PRESSURE_OUTPUT,OUTPUT_DEMAND,FITNESS,NODE
0.3136446124598834,27.708718199902272,1.5,7.5007129505885555,N11
