EMITTER_COEFFICIENT_SOLUTION,PRESSURE_OUTPUT,OUTPUT_DEMAND,FITNESS,NODE
0.10384872503580789,27.800982768060365,1.5,24.3569214341594,N11
