EMITTER_COEFFICIENT_SOLUTION,PRESSURE_OUTPUT,OUTPUT_DEMAND,FITNESS,NODE
0.06891020462817943,27.81514251509362,1.5,37.17977339613591,N11
