EMITTER_COEFFICIENT_SOLUTION,PRESSURE_OUTPUT,OUTPUT_DEMAND,FITNESS,NODE
0.5658753661398269,27.581921237544172,1.5,3.8444146592955666,N11
