EMITTER_COEFFICIENT_SOLUTION,PRESSURE_OUTPUT,OUTPUT_DEMAND,FITNESS,NODE
0.0775314895847582,27.81168105622521,1.5,32.940459567441636,N11
