EMITTER_COEFFICIENT_SOLUTION,PRESSURE_OUTPUT,OUTPUT_DEMAND,FITNESS,NODE
0.8553748019120372,27.41609900843823,1.5,2.3477493286652216,N11
