EMITTER_COEFFICIENT_SOLUTION,PRESSURE_OUTPUT,OUTPUT_DEMAND,FITNESS,NODE
0.0698938860575492,27.81474864573027,1.5,36.643171753534055,N11
