EMITTER_COEFFICIENT_SOLUTION,PRESSURE_OUTPUT,OUTPUT_DEMAND,FITNESS,NODE
0.09399706498401861,27.805010810648028,1.5,27.00655378546019,N11
