EMITTER_COEFFICIENT_SOLUTION,PRESSURE_OUTPUT,OUTPUT_DEMAND,FITNESS,NODE
0.1450796842266605,27.783824670976657,1.5,17.177942711981437,N11
