EMITTER_COEFFICIENT_SOLUTION,PRESSURE_OUTPUT,OUTPUT_DEMAND,FITNESS,NODE
0.2643790051490197,27.731483979928576,1.5,9.045281415851804,N11
