EMITTER_COEFFICIENT_SOLUTION,PRESSURE_OUTPUT,OUTPUT_DEMAND,FITNESS,NODE
0.2303553486033777,27.746815899732802,1.5,10.501668921871309,N11
