EMITTER_COEFFICIENT_SOLUTION,PRESSURE_OUTPUT,OUTPUT_DEMAND,FITNESS,NODE
0.6563782192779585,27.53235833375632,1.5,3.2291342723233827,N11
