EMITTER_COEFFICIENT_SOLUTION,PRESSURE_OUTPUT,OUTPUT_DEMAND,FITNESS,NODE
0.48132141323082733,27.626307695807213,1.5,4.635398899548619,N11
