EMITTER_COEFFICIENT_SOLUTION,PRESSURE_OUTPUT,OUTPUT_DEMAND,FITNESS,NODE
0.1713927275769761,27.772622855162695,1.5,14.40589970216293,N11
