EMITTER_COEFFICIENT_SOLUTION,PRESSURE_OUTPUT,OUTPUT_DEMAND,FITNESS,NODE
0.5714531597358633,27.578927645292765,1.5,3.800674182636578,N11
