EMITTER_COEFFICIENT_SOLUTION,PRESSURE_OUTPUT,OUTPUT_DEMAND,FITNESS,NODE
0.6797681851737821,27.519208381156638,1.5,3.0976009586091835,N11
