EMITTER_COEFFICIENT_SOLUTION,PRESSURE_OUTPUT,OUTPUT_DEMAND,FITNESS,NODE
0.550172459093167,27.590305600114156,1.5,3.9724587898877344,N11
