EMITTER_COEFFICIENT_SOLUTION,PRESSURE_OUTPUT,OUTPUT_DEMAND,FITNESS,NODE
0.9626192473495957,27.349403392077285,1.5,2.0298985062876698,N11
