EMITTER_COEFFICIENT_SOLUTION,PRESSURE_OUTPUT,OUTPUT_DEMAND,FITNESS,NODE
0.14942996736469938,27.781986186103488,1.5,16.652047928227425,N11
