EMITTER_COEFFICIENT_SOLUTION,PRESSURE_OUTPUT,OUTPUT_DEMAND,FITNESS,NODE
0.39477233850051074,27.66978765760623,1.5,5.805474722252503,N11
