EMITTER_COEFFICIENT_SOLUTION,PRESSURE_OUTPUT,OUTPUT_DEMAND,FITNESS,NODE
0.6088410873983693,27.55865399241732,1.5,3.5287699352676056,N11
