EMITTER_COEFFICIENT_SOLUTION,PRESSURE_OUTPUT,OUTPUT_DEMAND,FITNESS,NODE
0.7189984778225699,27.49684198447801,1.5,2.8968976013290564,N11
