EMITTER_COEFFICIENT_SOLUTION,PRESSURE_OUTPUT,OUTPUT_DEMAND,FITNESS,NODE
0.34717503968555563,27.692844233477622,1.5,6.702654277143732,N11
