EMITTER_COEFFICIENT_SOLUTION,PRESSURE_OUTPUT,OUTPUT_DEMAND,FITNESS,NODE
0.4464570204905268,27.644062319543032,1.5,5.051103524123741,N11
