EMITTER_COEFFICIENT_SOLUTION,PRESSURE_OUTPUT,OUTPUT_DEMAND,FITNESS,NODE
0.052534075161710825,27.82165862194673,1.5,49.06714087463368,N11
