EMITTER_COEFFICIENT_SOLUTION,PRESSURE_OUTPUT,OUTPUT_DEMAND,FITNESS,NODE
0.3252645497880017,27.703251745379887,1.5,7.2052798593247385,N11
