EMITTER_COEFFICIENT_SOLUTION,PRESSURE_OUTPUT,OUTPUT_DEMAND,FITNESS,NODE
0.9013096358540146,27.387872697331495,1.5,2.201837306957757,N11
