EMITTER_COEFFICIENT_SOLUTION,PRESSURE_OUTPUT,OUTPUT_DEMAND,FITNESS,NODE
0.6109592789427388,27.557494617917214,1.5,3.5143919747327343,N11
