EMITTER_COEFFICIENT_SOLUTION,PRESSURE_OUTPUT,OUTPUT_DEMAND,FITNESS,NODE
0.7825363593820688,27.45979764698422,1.5,2.6161490874564075,N11
