EMITTER_COEFFICIENT_SOLUTION,PRESSURE_OUTPUT,OUTPUT_DEMAND,FITNESS,NODE
0.12982534639890797,27.790228999938044,1.5,19.30134540750372,N11
