EMITTER_COEFFICIENT_SOLUTION,PRESSURE_OUTPUT,OUTPUT_DEMAND,FITNESS,NODE
0.8000680700236348,27.449399263335735,1.5,2.5468648834674905,N11
