EMITTER_COEFFICIENT_SOLUTION,PRESSURE_OUTPUT,OUTPUT_DEMAND,FITNESS,NODE
0.4181673123310291,27.658231541386428,1.5,5.440479785195979,N11
