EMITTER_COEFFICIENT_SOLUTION,PRESSURE_OUTPUT,OUTPUT_DEMAND,FITNESS,NODE
0.16139924712314146,27.776900219293452,1.5,15.351870913918967,N11
