EMITTER_COEFFICIENT_SOLUTION,PRESSURE_OUTPUT,OUTPUT_DEMAND,FITNESS,NODE
0.35978760526802944,27.68679417086787,1.5,6.441444194423419,N11
