EMITTER_COEFFICIENT_SOLUTION,PRESSURE_OUTPUT,OUTPUT_DEMAND,FITNESS,NODE
0.15915198275024867,27.777858206812574,1.5,15.581019419809342,N11
