EMITTER_COEFFICIENT_SOLUTION,PRESSURE_OUTPUT,OUTPUT_DEMAND,FITNESS,NODE
0.2558256863704872,27.735368465324242,1.5,9.374672375211833,N11
