EMITTER_COEFFICIENT_SOLUTION,PRESSURE_OUTPUT,OUTPUT_DEMAND,FITNESS,NODE
0.39201025497113584,27.671142321753607,1.5,5.851493609213823,N11
