EMITTER_COEFFICIENT_SOLUTION,PRESSURE_OUTPUT,OUTPUT_DEMAND,FITNESS,NODE
0.1984388604993973,27.760905920737507,1.5,12.325450205657118,N11
