EMITTER_COEFFICIENT_SOLUTION,PRESSURE_OUTPUT,OUTPUT_DEMAND,FITNESS,NODE
0.8529719945490607,27.417561343338917,1.5,2.3558373796185244,N11
