EMITTER_COEFFICIENT_SOLUTION,PRESSURE_OUTPUT,OUTPUT_DEMAND,FITNESS,NODE
0.9217169616640195,24.818834489747964,12.6,226.38912537915695,N2
