EMITTER_COEFFICIENT_SOLUTION,PRESSURE_OUTPUT,OUTPUT_DEMAND,FITNESS,NODE
0.5473812465100973,24.83986603262153,12.6,39.294713068663214,N2
