EMITTER_COEFFICIENT_SOLUTION,PRESSURE_OUTPUT,OUTPUT_DEMAND,FITNESS,NODE
0.9207513708577109,24.762015348734586,12.6,19.08252454215892,N2
