EMITTER_COEFFICIENT_SOLUTION,PRESSURE_OUTPUT,OUTPUT_DEMAND,FITNESS,NODE
0.9248530583740038,24.818657692436176,12.6,235.8281442062082,N2
