EMITTER_COEFFICIENT_SOLUTION,PRESSURE_OUTPUT,OUTPUT_DEMAND,FITNESS,NODE
0.5966811515019657,24.780555554403406,12.6,29.530091744668802,N2
