EMITTER_COEFFICIENT_SOLUTION,PRESSURE_OUTPUT,OUTPUT_DEMAND,FITNESS,NODE
0.6120625989597914,24.83624217622358,12.6,45.819309277965786,N2
