EMITTER_COEFFICIENT_SOLUTION,PRESSURE_OUTPUT,OUTPUT_DEMAND,FITNESS,NODE
0.3979880929924571,24.791871309967114,12.6,44.34981872310564,N2
