EMITTER_COEFFICIENT_SOLUTION,PRESSURE_OUTPUT,OUTPUT_DEMAND,FITNESS,NODE
0.491764992582469,24.842978593470207,12.6,35.012440067951374,N2
