EMITTER_COEFFICIENT_SOLUTION,PRESSURE_OUTPUT,OUTPUT_DEMAND,FITNESS,NODE
0.5978051644109057,24.837041333705514,12.6,44.20081494028825,N2
