EMITTER_COEFFICIENT_SOLUTION,PRESSURE_OUTPUT,OUTPUT_DEMAND,FITNESS,NODE
0.8595313230933406,24.765525734013238,12.6,20.45258191771586,N2
