EMITTER_COEFFICIENT_SOLUTION,PRESSURE_OUTPUT,OUTPUT_DEMAND,FITNESS,NODE
0.07037113754346969,24.81044320041402,12.6,251.50171459388912,N2
