EMITTER_COEFFICIENT_SOLUTION,PRESSURE_OUTPUT,OUTPUT_DEMAND,FITNESS,NODE
0.6255742000411595,24.835484633147715,12.6,47.46688979233845,N2
