EMITTER_COEFFICIENT_SOLUTION,PRESSURE_OUTPUT,OUTPUT_DEMAND,FITNESS,NODE
0.8478767423675335,24.822994355085903,12.6,116.59035737518123,N2
