EMITTER_COEFFICIENT_SOLUTION,PRESSURE_OUTPUT,OUTPUT_DEMAND,FITNESS,NODE
0.4890782650806311,24.786688522674922,12.6,36.06099443740166,N2
