EMITTER_COEFFICIENT_SOLUTION,PRESSURE_OUTPUT,OUTPUT_DEMAND,FITNESS,NODE
0.2283783450553365,24.857676034135878,12.6,23.116727759199847,N2
