EMITTER_COEFFICIENT_SOLUTION,PRESSURE_OUTPUT,OUTPUT_DEMAND,FITNESS,NODE
0.02532033600040795,24.868958372180373,12.6,18.334811942568134,N2
