EMITTER_COEFFICIENT_SOLUTION,PRESSURE_OUTPUT,OUTPUT_DEMAND,FITNESS,NODE
0.5983644616865722,24.837009987885722,12.6,44.26214061324443,N2
