EMITTER_COEFFICIENT_SOLUTION,PRESSURE_OUTPUT,OUTPUT_DEMAND,FITNESS,NODE
0.8731389074167073,24.764745788653663,12.6,20.131447159096332,N2
