EMITTER_COEFFICIENT_SOLUTION,PRESSURE_OUTPUT,OUTPUT_DEMAND,FITNESS,NODE
0.09779307559920958,24.864936509044476,12.6,19.79445728655831,N2
