EMITTER_COEFFICIENT_SOLUTION,PRESSURE_OUTPUT,OUTPUT_DEMAND,FITNESS,NODE
0.9903689133010545,24.81496196768277,12.6,1836.0373324802833,N2
