EMITTER_COEFFICIENT_SOLUTION,PRESSURE_OUTPUT,OUTPUT_DEMAND,FITNESS,NODE
0.4777983146093774,24.843759741782627,12.6,34.08034573147457,N2
