EMITTER_COEFFICIENT_SOLUTION,PRESSURE_OUTPUT,OUTPUT_DEMAND,FITNESS,NODE
0.20042009003808325,24.859231975634593,12.6,22.31412707701288,N2
