EMITTER_COEFFICIENT_SOLUTION,PRESSURE_OUTPUT,OUTPUT_DEMAND,FITNESS,NODE
0.11106944976877209,24.864199151476804,12.6,20.087648424848023,N2
