EMITTER_COEFFICIENT_SOLUTION,PRESSURE_OUTPUT,OUTPUT_DEMAND,FITNESS,NODE
0.5204643793518304,24.784900820331472,12.6,33.87706460547154,N2
