EMITTER_COEFFICIENT_SOLUTION,PRESSURE_OUTPUT,OUTPUT_DEMAND,FITNESS,NODE
0.3365251558470841,24.79536370540079,12.6,52.477981289405186,N2
