EMITTER_COEFFICIENT_SOLUTION,PRESSURE_OUTPUT,OUTPUT_DEMAND,FITNESS,NODE
0.006832839397000745,24.86998346459803,12.6,17.996568653672714,N2
