EMITTER_COEFFICIENT_SOLUTION,PRESSURE_OUTPUT,OUTPUT_DEMAND,FITNESS,NODE
0.35724589740569335,24.79418675076286,12.6,49.425268923191744,N2
