EMITTER_COEFFICIENT_SOLUTION,PRESSURE_OUTPUT,OUTPUT_DEMAND,FITNESS,NODE
0.9885995369381531,24.75812058723381,12.6,17.762390269829854,N2
