EMITTER_COEFFICIENT_SOLUTION,PRESSURE_OUTPUT,OUTPUT_DEMAND,FITNESS,NODE
0.6704457889391922,24.776344591346394,12.6,26.264142349768164,N2
