EMITTER_COEFFICIENT_SOLUTION,PRESSURE_OUTPUT,OUTPUT_DEMAND,FITNESS,NODE
0.8694255014816168,24.821780953353027,12.6,135.80245915350326,N2
