EMITTER_COEFFICIENT_SOLUTION,PRESSURE_OUTPUT,OUTPUT_DEMAND,FITNESS,NODE
0.13106767096449223,24.807010576799172,12.6,134.97572426399276,N2
