EMITTER_COEFFICIENT_SOLUTION,PRESSURE_OUTPUT,OUTPUT_DEMAND,FITNESS,NODE
0.2092609590985255,24.858740047745123,12.6,22.56178648601485,N2
