EMITTER_COEFFICIENT_SOLUTION,PRESSURE_OUTPUT,OUTPUT_DEMAND,FITNESS,NODE
0.28660279489656704,24.854433130469545,12.6,24.99012014261591,N2
