EMITTER_COEFFICIENT_SOLUTION,PRESSURE_OUTPUT,OUTPUT_DEMAND,FITNESS,NODE
0.46338675484264624,24.844565563157843,12.6,33.16942473067451,N2
