EMITTER_COEFFICIENT_SOLUTION,PRESSURE_OUTPUT,OUTPUT_DEMAND,FITNESS,NODE
0.8950026453337743,24.763492242915937,12.6,19.63592114453784,N2
