EMITTER_COEFFICIENT_SOLUTION,PRESSURE_OUTPUT,OUTPUT_DEMAND,FITNESS,NODE
0.7663699449748527,24.770860546639696,12.6,22.957489488296506,N2
