EMITTER_COEFFICIENT_SOLUTION,PRESSURE_OUTPUT,OUTPUT_DEMAND,FITNESS,NODE
0.22169770346284845,24.858047900360475,12.6,22.919702427287604,N2
