EMITTER_COEFFICIENT_SOLUTION,PRESSURE_OUTPUT,OUTPUT_DEMAND,FITNESS,NODE
0.5575916576666518,24.782784844130937,12.6,31.611085210258324,N2
