EMITTER_COEFFICIENT_SOLUTION,PRESSURE_OUTPUT,OUTPUT_DEMAND,FITNESS,NODE
0.42742727916247514,24.846575308987852,12.6,31.096468436717664,N2
