EMITTER_COEFFICIENT_SOLUTION,PRESSURE_OUTPUT,OUTPUT_DEMAND,FITNESS,NODE
0.20688097575300313,24.85887248383122,12.6,22.494572821699293,N2
