EMITTER_COEFFICIENT_SOLUTION,PRESSURE_OUTPUT,OUTPUT_DEMAND,FITNESS,NODE
0.9112082251708187,24.76256280029819,12.6,19.283979608440983,N2
