EMITTER_COEFFICIENT_SOLUTION,PRESSURE_OUTPUT,OUTPUT_DEMAND,FITNESS,NODE
0.5185958317883819,24.785007277249434,12.6,33.999682689281734,N2
