EMITTER_COEFFICIENT_SOLUTION,PRESSURE_OUTPUT,OUTPUT_DEMAND,FITNESS,NODE
0.8333285654480642,24.823813291105367,12.6,106.4285544053312,N2
