EMITTER_COEFFICIENT_SOLUTION,PRESSURE_OUTPUT,OUTPUT_DEMAND,FITNESS,NODE
0.884592380845872,24.764089168705333,12.6,19.868807163263757,N2
