EMITTER_COEFFICIENT_SOLUTION,PRESSURE_OUTPUT,OUTPUT_DEMAND,FITNESS,NODE
0.12941708757653902,24.80710397268861,12.6,136.6989758615103,N2
