EMITTER_COEFFICIENT_SOLUTION,PRESSURE_OUTPUT,OUTPUT_DEMAND,FITNESS,NODE
0.22248636781476172,24.858004003127917,12.6,22.942785427723223,N2
