EMITTER_COEFFICIENT_SOLUTION,PRESSURE_OUTPUT,OUTPUT_DEMAND,FITNESS,NODE
0.02633071523850372,24.86890233862013,12.6,18.35366785468023,N2
