EMITTER_COEFFICIENT_SOLUTION,PRESSURE_OUTPUT,OUTPUT_DEMAND,FITNESS,NODE
0.9477315654442837,24.817367616957505,12.6,338.94852297886604,N2
