EMITTER_COEFFICIENT_SOLUTION,PRESSURE_OUTPUT,OUTPUT_DEMAND,FITNESS,NODE
0.5428002811110058,24.840122525403807,12.6,38.902620932740476,N2
