EMITTER_COEFFICIENT_SOLUTION,PRESSURE_OUTPUT,OUTPUT_DEMAND,FITNESS,NODE
0.0434307705949466,24.811965594023043,12.6,407.5440603143953,N2
