EMITTER_COEFFICIENT_SOLUTION,PRESSURE_OUTPUT,OUTPUT_DEMAND,FITNESS,NODE
0.15905923581119663,24.86153232794384,12.6,21.224657879809573,N2
