EMITTER_COEFFICIENT_SOLUTION,PRESSURE_OUTPUT,OUTPUT_DEMAND,FITNESS,NODE
0.49126153577462217,24.843006754983342,12.6,34.977951692474164,N2
