EMITTER_COEFFICIENT_SOLUTION,PRESSURE_OUTPUT,OUTPUT_DEMAND,FITNESS,NODE
0.18581690904233894,24.860044356762515,12.6,21.91682811572791,N2
