EMITTER_COEFFICIENT_SOLUTION,PRESSURE_OUTPUT,OUTPUT_DEMAND,FITNESS,NODE
0.5121134377477228,24.785376572276846,12.6,34.432008012146305,N2
