EMITTER_COEFFICIENT_SOLUTION,PRESSURE_OUTPUT,OUTPUT_DEMAND,FITNESS,NODE
0.5931156333627821,24.837304145968965,12.6,43.693251574631475,N2
