EMITTER_COEFFICIENT_SOLUTION,PRESSURE_OUTPUT,OUTPUT_DEMAND,FITNESS,NODE
0.32191455630703936,24.796193340928475,12.6,54.86674767680947,N2
