EMITTER_COEFFICIENT_SOLUTION,PRESSURE_OUTPUT,OUTPUT_DEMAND,FITNESS,NODE
0.19787143040128008,24.859373774450894,12.6,22.243745268772532,N2
