EMITTER_COEFFICIENT_SOLUTION,PRESSURE_OUTPUT,OUTPUT_DEMAND,FITNESS,NODE
0.4089101560552957,24.791250310681505,12.6,43.16110972016675,N2
