EMITTER_COEFFICIENT_SOLUTION,PRESSURE_OUTPUT,OUTPUT_DEMAND,FITNESS,NODE
0.5356800138006235,24.784033809295707,12.6,32.910426506427804,N2
