EMITTER_COEFFICIENT_SOLUTION,PRESSURE_OUTPUT,OUTPUT_DEMAND,FITNESS,NODE
0.38307154206145566,24.84905249281713,12.6,28.87238076531751,N2
