EMITTER_COEFFICIENT_SOLUTION,PRESSURE_OUTPUT,OUTPUT_DEMAND,FITNESS,NODE
0.8748892707129021,24.764645449882003,12.6,20.090864322780284,N2
