EMITTER_COEFFICIENT_SOLUTION,PRESSURE_OUTPUT,OUTPUT_DEMAND,FITNESS,NODE
0.1292844839821825,24.807111475753608,12.6,136.83932666335903,N2
