EMITTER_COEFFICIENT_SOLUTION,PRESSURE_OUTPUT,OUTPUT_DEMAND,FITNESS,NODE
0.27241958777792297,24.855223407615206,12.6,24.506145317995355,N2
