EMITTER_COEFFICIENT_SOLUTION,PRESSURE_OUTPUT,OUTPUT_DEMAND,FITNESS,NODE
0.24302828132531462,24.800669058060578,12.6,72.72590607504982,N2
