EMITTER_COEFFICIENT_SOLUTION,PRESSURE_OUTPUT,OUTPUT_DEMAND,FITNESS,NODE
0.1983796644045921,24.859345498560458,12.6,22.25774453770662,N2
