EMITTER_COEFFICIENT_SOLUTION,PRESSURE_OUTPUT,OUTPUT_DEMAND,FITNESS,NODE
0.13387884697332253,24.80685150413869,12.6,132.13858366363928,N2
