EMITTER_COEFFICIENT_SOLUTION,PRESSURE_OUTPUT,OUTPUT_DEMAND,FITNESS,NODE
0.3039101294085611,24.79721539477344,12.6,58.126281839082914,N2
