EMITTER_COEFFICIENT_SOLUTION,PRESSURE_OUTPUT,OUTPUT_DEMAND,FITNESS,NODE
0.2402386184182541,24.85701573975227,12.6,23.475047253745263,N2
