EMITTER_COEFFICIENT_SOLUTION,PRESSURE_OUTPUT,OUTPUT_DEMAND,FITNESS,NODE
0.8168298689234141,24.824741765044358,12.6,96.85747288860446,N2
