EMITTER_COEFFICIENT_SOLUTION,PRESSURE_OUTPUT,OUTPUT_DEMAND,FITNESS,NODE
0.8056369370829735,24.825371496913085,12.6,91.28934868274301,N2
