EMITTER_COEFFICIENT_SOLUTION,PRESSURE_OUTPUT,OUTPUT_DEMAND,FITNESS,NODE
0.1737738816046276,24.860714150360522,12.6,21.599749172742044,N2
