EMITTER_COEFFICIENT_SOLUTION,PRESSURE_OUTPUT,OUTPUT_DEMAND,FITNESS,NODE
0.5469144025066939,24.783393508073104,12.6,32.23123110646449,N2
