EMITTER_COEFFICIENT_SOLUTION,PRESSURE_OUTPUT,OUTPUT_DEMAND,FITNESS,NODE
0.755730456351315,24.771469262375398,12.6,23.282857765599893,N2
