EMITTER_COEFFICIENT_SOLUTION,PRESSURE_OUTPUT,OUTPUT_DEMAND,FITNESS,NODE
0.31413979927051483,24.796634728870103,12.6,56.22846161673827,N2
