EMITTER_COEFFICIENT_SOLUTION,PRESSURE_OUTPUT,OUTPUT_DEMAND,FITNESS,NODE
0.40586346543533636,24.84777985861973,12.6,29.973735060600397,N2
