EMITTER_COEFFICIENT_SOLUTION,PRESSURE_OUTPUT,OUTPUT_DEMAND,FITNESS,NODE
0.32113695134112663,24.852508051085373,12.6,26.2531035309038,N2
