EMITTER_COEFFICIENT_SOLUTION,PRESSURE_OUTPUT,OUTPUT_DEMAND,FITNESS,NODE
0.24465317605567027,24.800576930402762,12.6,72.2418806066628,N2
