EMITTER_COEFFICIENT_SOLUTION,PRESSURE_OUTPUT,OUTPUT_DEMAND,FITNESS,NODE
0.12051679114573988,24.863674344193846,12.6,20.301671573895245,N2
