EMITTER_COEFFICIENT_SOLUTION,PRESSURE_OUTPUT,OUTPUT_DEMAND,FITNESS,NODE
0.16811855809031595,24.804913384970718,12.6,105.19747616288771,N2
