EMITTER_COEFFICIENT_SOLUTION,PRESSURE_OUTPUT,OUTPUT_DEMAND,FITNESS,NODE
0.8152791158059847,24.824829020418342,12.6,96.04575801040566,N2
