EMITTER_COEFFICIENT_SOLUTION,PRESSURE_OUTPUT,OUTPUT_DEMAND,FITNESS,NODE
0.359550481813137,24.794055822000878,12.6,49.107485092544685,N2
