EMITTER_COEFFICIENT_SOLUTION,PRESSURE_OUTPUT,OUTPUT_DEMAND,FITNESS,NODE
0.7901244557687108,24.826244043465366,12.6,84.55424721833398,N2
