EMITTER_COEFFICIENT_SOLUTION,PRESSURE_OUTPUT,OUTPUT_DEMAND,FITNESS,NODE
0.6918713455788059,24.775120469732208,12.6,25.44603935145827,N2
