EMITTER_COEFFICIENT_SOLUTION,PRESSURE_OUTPUT,OUTPUT_DEMAND,FITNESS,NODE
0.02060714848169254,24.81325477920725,12.6,858.7101939758559,N2
