EMITTER_COEFFICIENT_SOLUTION,PRESSURE_OUTPUT,OUTPUT_DEMAND,FITNESS,NODE
0.4381054375956779,24.845978653426968,12.6,31.684335827412916,N2
