EMITTER_COEFFICIENT_SOLUTION,PRESSURE_OUTPUT,OUTPUT_DEMAND,FITNESS,NODE
0.21127648932457888,24.80246877757422,12.6,83.67823497767336,N2
