EMITTER_COEFFICIENT_SOLUTION,PRESSURE_OUTPUT,OUTPUT_DEMAND,FITNESS,NODE
0.4379976575793132,24.845984676353837,12.6,31.678290582003388,N2
