EMITTER_COEFFICIENT_SOLUTION,PRESSURE_OUTPUT,OUTPUT_DEMAND,FITNESS,NODE
0.7889668516880939,24.769567340998876,12.6,22.29556201223837,N2
