EMITTER_COEFFICIENT_SOLUTION,PRESSURE_OUTPUT,OUTPUT_DEMAND,FITNESS,NODE
0.3699508890626009,24.849784870375487,12.6,28.274502727942124,N2
