EMITTER_COEFFICIENT_SOLUTION,PRESSURE_OUTPUT,OUTPUT_DEMAND,FITNESS,NODE
0.04094430852945152,24.868091780785193,12.6,18.630833346003026,N2
