EMITTER_COEFFICIENT_SOLUTION,PRESSURE_OUTPUT,OUTPUT_DEMAND,FITNESS,NODE
0.6161326495850188,24.779445661579928,12.6,28.592951001798216,N2
