EMITTER_COEFFICIENT_SOLUTION,PRESSURE_OUTPUT,OUTPUT_DEMAND,FITNESS,NODE
0.48152316777732795,24.787118702240527,12.6,36.62921252965407,N2
