EMITTER_COEFFICIENT_SOLUTION,PRESSURE_OUTPUT,OUTPUT_DEMAND,FITNESS,NODE
0.6547849811435316,24.833846262816465,12.6,51.46959495596891,N2
