EMITTER_COEFFICIENT_SOLUTION,PRESSURE_OUTPUT,OUTPUT_DEMAND,FITNESS,NODE
0.3100780483706116,24.853124654112612,12.6,25.834894889123706,N2
