EMITTER_COEFFICIENT_SOLUTION,PRESSURE_OUTPUT,OUTPUT_DEMAND,FITNESS,NODE
0.7733828488634016,24.77045925697933,12.6,22.747921911023873,N2
