EMITTER_COEFFICIENT_SOLUTION,PRESSURE_OUTPUT,OUTPUT_DEMAND,FITNESS,NODE
0.20925211660776477,24.858740539803414,12.6,22.561536014292358,N2
