EMITTER_COEFFICIENT_SOLUTION,PRESSURE_OUTPUT,OUTPUT_DEMAND,FITNESS,NODE
0.8450010882403698,24.823156246434145,12.6,114.43048537968106,N2
