EMITTER_COEFFICIENT_SOLUTION,PRESSURE_OUTPUT,OUTPUT_DEMAND,FITNESS,NODE
0.9965820724408816,24.757662059068174,12.6,17.618892211542057,N2
