EMITTER_COEFFICIENT_SOLUTION,PRESSURE_OUTPUT,OUTPUT_DEMAND,FITNESS,NODE
0.05723064861133398,24.867188182497124,12.6,18.949850075823477,N2
