EMITTER_COEFFICIENT_SOLUTION,PRESSURE_OUTPUT,OUTPUT_DEMAND,FITNESS,NODE
0.2417624010880195,24.800740828617975,12.6,73.10749641464491,N2
