EMITTER_COEFFICIENT_SOLUTION,PRESSURE_OUTPUT,OUTPUT_DEMAND,FITNESS,NODE
0.44876743814479925,24.788983122022778,12.6,39.31405709824751,N2
