EMITTER_COEFFICIENT_SOLUTION,PRESSURE_OUTPUT,OUTPUT_DEMAND,FITNESS,NODE
0.2697544483949601,24.85537188403326,12.6,24.417300901079535,N2
