EMITTER_COEFFICIENT_SOLUTION,PRESSURE_OUTPUT,OUTPUT_DEMAND,FITNESS,NODE
0.1483233811857958,24.806034023250746,12.6,119.25641435092984,N2
