EMITTER_COEFFICIENT_SOLUTION,PRESSURE_OUTPUT,OUTPUT_DEMAND,FITNESS,NODE
0.009219721224326571,24.813897798135493,12.6,1917.4782088932584,N2
