EMITTER_COEFFICIENT_SOLUTION,PRESSURE_OUTPUT,OUTPUT_DEMAND,FITNESS,NODE
0.4608573713337243,24.844706971567945,12.6,33.014572006317316,N2
