EMITTER_COEFFICIENT_SOLUTION,PRESSURE_OUTPUT,OUTPUT_DEMAND,FITNESS,NODE
0.46471494644600964,24.788075541188853,12.6,37.95963145594549,N2
