EMITTER_COEFFICIENT_SOLUTION,PRESSURE_OUTPUT,OUTPUT_DEMAND,FITNESS,NODE
0.4524827986926232,24.788771701622345,12.6,38.98998042480966,N2
