EMITTER_COEFFICIENT_SOLUTION,PRESSURE_OUTPUT,OUTPUT_DEMAND,FITNESS,NODE
0.6847332316285604,24.775528347264448,12.6,25.71291024600794,N2
