EMITTER_COEFFICIENT_SOLUTION,PRESSURE_OUTPUT,OUTPUT_DEMAND,FITNESS,NODE
0.8031651504701858,24.825510546383192,12.6,90.14507098949734,N2
