EMITTER_COEFFICIENT_SOLUTION,PRESSURE_OUTPUT,OUTPUT_DEMAND,FITNESS,NODE
0.26190752565345066,24.85580899816894,12.6,24.15944359895382,N2
