EMITTER_COEFFICIENT_SOLUTION,PRESSURE_OUTPUT,OUTPUT_DEMAND,FITNESS,NODE
0.24743597940315132,24.85661497217913,12.6,23.69799892142094,N2
