EMITTER_COEFFICIENT_SOLUTION,PRESSURE_OUTPUT,OUTPUT_DEMAND,FITNESS,NODE
0.5347916255956653,24.840570886519757,12.6,38.23569773690113,N2
