EMITTER_COEFFICIENT_SOLUTION,PRESSURE_OUTPUT,OUTPUT_DEMAND,FITNESS,NODE
0.02582600214573061,24.812960040185054,12.6,685.2712027943613,N2
