EMITTER_COEFFICIENT_SOLUTION,PRESSURE_OUTPUT,OUTPUT_DEMAND,FITNESS,NODE
0.9252865917594271,24.761755150027007,12.6,18.988243201341426,N2
