EMITTER_COEFFICIENT_SOLUTION,PRESSURE_OUTPUT,OUTPUT_DEMAND,FITNESS,NODE
0.7545587383508277,24.77153629288115,12.6,23.319251228597867,N2
