EMITTER_COEFFICIENT_SOLUTION,PRESSURE_OUTPUT,OUTPUT_DEMAND,FITNESS,NODE
0.33051107236037613,24.851985286966247,12.6,26.61841952621474,N2
