EMITTER_COEFFICIENT_SOLUTION,PRESSURE_OUTPUT,OUTPUT_DEMAND,FITNESS,NODE
0.8572858836309774,24.82246458803089,12.6,124.26572033942655,N2
