EMITTER_COEFFICIENT_SOLUTION,PRESSURE_OUTPUT,OUTPUT_DEMAND,FITNESS,NODE
0.4024186530982007,24.847972240957432,12.6,29.80188495797252,N2
