EMITTER_COEFFICIENT_SOLUTION,PRESSURE_OUTPUT,OUTPUT_DEMAND,FITNESS,NODE
0.35252183131450354,24.850757464678978,12.6,27.51777438130646,N2
