EMITTER_COEFFICIENT_SOLUTION,PRESSURE_OUTPUT,OUTPUT_DEMAND,FITNESS,NODE
0.26083477094677865,24.799659328123056,12.6,67.75073109657897,N2
