EMITTER_COEFFICIENT_SOLUTION,PRESSURE_OUTPUT,OUTPUT_DEMAND,FITNESS,NODE
0.2678815016487799,24.855476222588607,12.6,24.355251856403413,N2
