EMITTER_COEFFICIENT_SOLUTION,PRESSURE_OUTPUT,OUTPUT_DEMAND,FITNESS,NODE
0.8448954708842251,24.76636441246479,12.6,20.809530705687983,N2
