EMITTER_COEFFICIENT_SOLUTION,PRESSURE_OUTPUT,OUTPUT_DEMAND,FITNESS,NODE
0.6702265346071206,24.832979828323438,12.6,53.872019407546425,N2
