EMITTER_COEFFICIENT_SOLUTION,PRESSURE_OUTPUT,OUTPUT_DEMAND,FITNESS,NODE
0.43093415222422116,24.789997722947007,12.6,40.94736897305459,N2
