EMITTER_COEFFICIENT_SOLUTION,PRESSURE_OUTPUT,OUTPUT_DEMAND,FITNESS,NODE
0.3845514484232835,24.84896987532968,12.6,28.941416565638953,N2
