EMITTER_COEFFICIENT_SOLUTION,PRESSURE_OUTPUT,OUTPUT_DEMAND,FITNESS,NODE
0.32753650315077043,24.795874134487036,12.6,53.92236118785447,N2
