EMITTER_COEFFICIENT_SOLUTION,PRESSURE_OUTPUT,OUTPUT_DEMAND,FITNESS,NODE
0.7754500276132716,24.770340960392744,12.6,22.68687150545524,N2
