EMITTER_COEFFICIENT_SOLUTION,PRESSURE_OUTPUT,OUTPUT_DEMAND,FITNESS,NODE
0.5536889952772557,24.78300733111655,12.6,31.834982394284307,N2
