EMITTER_COEFFICIENT_SOLUTION,PRESSURE_OUTPUT,OUTPUT_DEMAND,FITNESS,NODE
0.8652198948951955,24.822017806234854,12.6,131.57046822763056,N2
