EMITTER_COEFFICIENT_SOLUTION,PRESSURE_OUTPUT,OUTPUT_DEMAND,FITNESS,NODE
0.2858426584280369,24.85447548991322,12.6,24.963694384897728,N2
