EMITTER_COEFFICIENT_SOLUTION,PRESSURE_OUTPUT,OUTPUT_DEMAND,FITNESS,NODE
0.17170382040580656,24.804710375131528,12.6,102.99784161751128,N2
