EMITTER_COEFFICIENT_SOLUTION,PRESSURE_OUTPUT,OUTPUT_DEMAND,FITNESS,NODE
0.8755028066533384,24.764610278500314,12.6,20.076677671387547,N2
