EMITTER_COEFFICIENT_SOLUTION,PRESSURE_OUTPUT,OUTPUT_DEMAND,FITNESS,NODE
0.9653251651847745,24.816375187767882,12.6,510.75879701896054,N2
