EMITTER_COEFFICIENT_SOLUTION,PRESSURE_OUTPUT,OUTPUT_DEMAND,FITNESS,NODE
0.6395149775055637,24.778110980085323,12.6,27.54188432121787,N2
