EMITTER_COEFFICIENT_SOLUTION,PRESSURE_OUTPUT,OUTPUT_DEMAND,FITNESS,NODE
0.029285973683977673,24.812764620332608,12.6,604.3405738527997,N2
