EMITTER_COEFFICIENT_SOLUTION,PRESSURE_OUTPUT,OUTPUT_DEMAND,FITNESS,NODE
0.13385316983781603,24.80685295713606,12.6,132.16395874909406,N2
