EMITTER_COEFFICIENT_SOLUTION,PRESSURE_OUTPUT,OUTPUT_DEMAND,FITNESS,NODE
0.8710427074731355,24.76486594837246,12.6,20.180262993893358,N2
