EMITTER_COEFFICIENT_SOLUTION,PRESSURE_OUTPUT,OUTPUT_DEMAND,FITNESS,NODE
0.39816061903428523,24.791861501524025,12.6,44.33053482196496,N2
