EMITTER_COEFFICIENT_SOLUTION,PRESSURE_OUTPUT,OUTPUT_DEMAND,FITNESS,NODE
0.7474911353073026,24.771940580626662,12.6,23.541190213454453,N2
