EMITTER_COEFFICIENT_SOLUTION,PRESSURE_OUTPUT,OUTPUT_DEMAND,FITNESS,NODE
0.7258360925405438,24.773179004972548,12.6,24.248119478737284,N2
