EMITTER_COEFFICIENT_SOLUTION,PRESSURE_OUTPUT,OUTPUT_DEMAND,FITNESS,NODE
0.9682138287848003,24.816212212617778,12.6,557.1352911127918,N2
