EMITTER_COEFFICIENT_SOLUTION,PRESSURE_OUTPUT,OUTPUT_DEMAND,FITNESS,NODE
0.33076351333952514,24.851971207911163,12.6,26.62839884340851,N2
