EMITTER_COEFFICIENT_SOLUTION,PRESSURE_OUTPUT,OUTPUT_DEMAND,FITNESS,NODE
0.9225887098661911,24.761909937738395,12.6,19.044216948901074,N2
