EMITTER_COEFFICIENT_SOLUTION,PRESSURE_OUTPUT,OUTPUT_DEMAND,FITNESS,NODE
0.6321817964068144,24.835114103174725,12.6,48.31667897096839,N2
