EMITTER_COEFFICIENT_SOLUTION,PRESSURE_OUTPUT,OUTPUT_DEMAND,FITNESS,NODE
0.9095400127589963,24.819520870471024,12.6,195.94188589206368,N2
