EMITTER_COEFFICIENT_SOLUTION,PRESSURE_OUTPUT,OUTPUT_DEMAND,FITNESS,NODE
0.6609736587602826,24.833499041657248,12.6,52.40616291453492,N2
