EMITTER_COEFFICIENT_SOLUTION,PRESSURE_OUTPUT,OUTPUT_DEMAND,FITNESS,NODE
0.8922129090349353,24.763652217211686,12.6,19.69779670378209,N2
