EMITTER_COEFFICIENT_SOLUTION,PRESSURE_OUTPUT,OUTPUT_DEMAND,FITNESS,NODE
0.2631976561946181,24.85573713557661,12.6,24.201461213813978,N2
