EMITTER_COEFFICIENT_SOLUTION,PRESSURE_OUTPUT,OUTPUT_DEMAND,FITNESS,NODE
0.5734568139770804,24.838405628226838,12.6,41.686968604733835,N2
