EMITTER_COEFFICIENT_SOLUTION,PRESSURE_OUTPUT,OUTPUT_DEMAND,FITNESS,NODE
0.31032237242815386,24.796851429404967,12.6,56.92204176539197,N2
