EMITTER_COEFFICIENT_SOLUTION,PRESSURE_OUTPUT,OUTPUT_DEMAND,FITNESS,NODE
0.2378115418302622,24.800964816861622,12.6,74.32457770511373,N2
