EMITTER_COEFFICIENT_SOLUTION,PRESSURE_OUTPUT,OUTPUT_DEMAND,FITNESS,NODE
0.7064218194486749,24.830947939865737,12.6,60.49378627391679,N2
