EMITTER_COEFFICIENT_SOLUTION,PRESSURE_OUTPUT,OUTPUT_DEMAND,FITNESS,NODE
0.9909175235431431,24.814931002492735,12.6,1946.7143608090284,N2
