EMITTER_COEFFICIENT_SOLUTION,PRESSURE_OUTPUT,OUTPUT_DEMAND,FITNESS,NODE
0.5605702761549658,24.839127446298548,12.6,40.46923290379431,N2
