EMITTER_COEFFICIENT_SOLUTION,PRESSURE_OUTPUT,OUTPUT_DEMAND,FITNESS,NODE
0.31183764029941763,24.85302655424676,12.6,25.900537203435643,N2
