EMITTER_COEFFICIENT_SOLUTION,PRESSURE_OUTPUT,OUTPUT_DEMAND,FITNESS,NODE
0.05411492668293305,24.86736107008233,12.6,18.887969427120346,N2
