EMITTER_COEFFICIENT_SOLUTION,PRESSURE_OUTPUT,OUTPUT_DEMAND,FITNESS,NODE
0.7628471408170729,24.827777747018786,12.6,74.84788717779388,N2
