EMITTER_COEFFICIENT_SOLUTION,PRESSURE_OUTPUT,OUTPUT_DEMAND,FITNESS,NODE
0.9288724364506886,24.81843108564557,12.6,249.14237735314967,N2
