EMITTER_COEFFICIENT_SOLUTION,PRESSURE_OUTPUT,OUTPUT_DEMAND,FITNESS,NODE
0.5589911749499097,24.839215885392846,12.6,40.324907547240606,N2
