EMITTER_COEFFICIENT_SOLUTION,PRESSURE_OUTPUT,OUTPUT_DEMAND,FITNESS,NODE
0.2167782220996335,24.858321705347045,12.6,22.77676617483834,N2
