EMITTER_COEFFICIENT_SOLUTION,PRESSURE_OUTPUT,OUTPUT_DEMAND,FITNESS,NODE
0.2632067970603771,24.85573662640784,12.6,24.201759443098982,N2
