EMITTER_COEFFICIENT_SOLUTION,PRESSURE_OUTPUT,OUTPUT_DEMAND,FITNESS,NODE
0.022944476350838627,24.813122780101956,12.6,771.2857437121063,N2
