EMITTER_COEFFICIENT_SOLUTION,PRESSURE_OUTPUT,OUTPUT_DEMAND,FITNESS,NODE
0.3029702137434631,24.853520894127925,12.6,25.57310761149163,N2
