EMITTER_COEFFICIENT_SOLUTION,PRESSURE_OUTPUT,OUTPUT_DEMAND,FITNESS,NODE
0.08362512605005179,24.865723183391466,12.6,19.490948298451205,N2
