EMITTER_COEFFICIENT_SOLUTION,PRESSURE_OUTPUT,OUTPUT_DEMAND,FITNESS,NODE
0.5346499080490803,24.784092513632466,12.6,32.97413202699499,N2
