EMITTER_COEFFICIENT_SOLUTION,PRESSURE_OUTPUT,OUTPUT_DEMAND,FITNESS,NODE
0.057957692993748866,24.867147838254738,12.6,18.964348649295605,N2
