EMITTER_COEFFICIENT_SOLUTION,PRESSURE_OUTPUT,OUTPUT_DEMAND,FITNESS,NODE
0.8728842466700495,24.76476038671194,12.6,20.137365128742942,N2
