EMITTER_COEFFICIENT_SOLUTION,PRESSURE_OUTPUT,OUTPUT_DEMAND,FITNESS,NODE
0.909328932783541,24.819532767140295,12.6,195.48619665702387,N2
