EMITTER_COEFFICIENT_SOLUTION,PRESSURE_OUTPUT,OUTPUT_DEMAND,FITNESS,NODE
0.8276058105355322,24.824135373768527,12.6,102.90122470259298,N2
