EMITTER_COEFFICIENT_SOLUTION,PRESSURE_OUTPUT,OUTPUT_DEMAND,FITNESS,NODE
0.7861168609631966,24.769730471875754,12.6,22.37694909253428,N2
