EMITTER_COEFFICIENT_SOLUTION,PRESSURE_OUTPUT,OUTPUT_DEMAND,FITNESS,NODE
0.35608450054670726,24.794252730388088,12.6,49.58697505979625,N2
