EMITTER_COEFFICIENT_SOLUTION,PRESSURE_OUTPUT,OUTPUT_DEMAND,FITNESS,NODE
0.5475374023323327,24.83985728892538,12.6,39.308218626959516,N2
