EMITTER_COEFFICIENT_SOLUTION,PRESSURE_OUTPUT,OUTPUT_DEMAND,FITNESS,NODE
0.3774397094588663,24.849366875889302,12.6,28.61266396456033,N2
