EMITTER_COEFFICIENT_SOLUTION,PRESSURE_OUTPUT,OUTPUT_DEMAND,FITNESS,NODE
0.26527923925630725,24.799407251756918,12.6,66.6130889101562,N2
