EMITTER_COEFFICIENT_SOLUTION,PRESSURE_OUTPUT,OUTPUT_DEMAND,FITNESS,NODE
0.8732275939667538,24.821566810321166,12.6,139.87004083883508,N2
