EMITTER_COEFFICIENT_SOLUTION,PRESSURE_OUTPUT,OUTPUT_DEMAND,FITNESS,NODE
0.04359463817145981,24.81195633611599,12.6,406.01217433829413,N2
