EMITTER_COEFFICIENT_SOLUTION,PRESSURE_OUTPUT,OUTPUT_DEMAND,FITNESS,NODE
0.6243500913152147,24.778976665486802,12.6,28.214593798060285,N2
