EMITTER_COEFFICIENT_SOLUTION,PRESSURE_OUTPUT,OUTPUT_DEMAND,FITNESS,NODE
0.9183057402905039,24.81902678591495,12.6,216.94470636932476,N2
