EMITTER_COEFFICIENT_SOLUTION,PRESSURE_OUTPUT,OUTPUT_DEMAND,FITNESS,NODE
0.12591090232838975,24.86337465579488,12.6,20.425946616851792,N2
