EMITTER_COEFFICIENT_SOLUTION,PRESSURE_OUTPUT,OUTPUT_DEMAND,FITNESS,NODE
0.19264803104554695,24.85966436587161,12.6,22.10088862680299,N2
