EMITTER_COEFFICIENT_SOLUTION,PRESSURE_OUTPUT,OUTPUT_DEMAND,FITNESS,NODE
0.2551824587351308,24.856183568812554,12.6,23.94277540810738,N2
