EMITTER_COEFFICIENT_SOLUTION,PRESSURE_OUTPUT,OUTPUT_DEMAND,FITNESS,NODE
0.27800311230620345,24.85491232266879,12.6,24.694402923429813,N2
