EMITTER_COEFFICIENT_SOLUTION,PRESSURE_OUTPUT,OUTPUT_DEMAND,FITNESS,NODE
0.1789094389238024,24.860428545798833,12.6,21.73382485344297,N2
