EMITTER_COEFFICIENT_SOLUTION,PRESSURE_OUTPUT,OUTPUT_DEMAND,FITNESS,NODE
0.11687862505983548,24.807813354129486,12.6,151.37839905313382,N2
