EMITTER_COEFFICIENT_SOLUTION,PRESSURE_OUTPUT,OUTPUT_DEMAND,FITNESS,NODE
0.25110053004988386,24.85641090012342,12.6,23.813161737566336,N2
