EMITTER_COEFFICIENT_SOLUTION,PRESSURE_OUTPUT,OUTPUT_DEMAND,FITNESS,NODE
0.21158947409395945,24.802451042257424,12.6,83.55423547844897,N2
