EMITTER_COEFFICIENT_SOLUTION,PRESSURE_OUTPUT,OUTPUT_DEMAND,FITNESS,NODE
0.12209281452025489,24.863586785895635,12.6,20.337823678724504,N2
