EMITTER_COEFFICIENT_SOLUTION,PRESSURE_OUTPUT,OUTPUT_DEMAND,FITNESS,NODE
0.38980128424941585,24.792336711885554,12.6,45.284513299450616,N2
