EMITTER_COEFFICIENT_SOLUTION,PRESSURE_OUTPUT,OUTPUT_DEMAND,FITNESS,NODE
0.9713085872525142,24.759113588823723,12.6,18.08130989237525,N2
