EMITTER_COEFFICIENT_SOLUTION,PRESSURE_OUTPUT,OUTPUT_DEMAND,FITNESS,NODE
0.12818645946922214,24.807173604229426,12.6,138.01265766809476,N2
