EMITTER_COEFFICIENT_SOLUTION,PRESSURE_OUTPUT,OUTPUT_DEMAND,FITNESS,NODE
0.8018246605074273,24.825585952575935,12.6,89.53644729363889,N2
