EMITTER_COEFFICIENT_SOLUTION,PRESSURE_OUTPUT,OUTPUT_DEMAND,FITNESS,NODE
0.8420383161770677,24.82332303352343,12.6,112.28742071453425,N2
