EMITTER_COEFFICIENT_SOLUTION,PRESSURE_OUTPUT,OUTPUT_DEMAND,FITNESS,NODE
0.3452247231207626,24.851164573008987,12.6,27.212915836141807,N2
