EMITTER_COEFFICIENT_SOLUTION,PRESSURE_OUTPUT,OUTPUT_DEMAND,FITNESS,NODE
0.7303984713674996,24.829601233753174,12.6,65.85915741698108,N2
