EMITTER_COEFFICIENT_SOLUTION,PRESSURE_OUTPUT,OUTPUT_DEMAND,FITNESS,NODE
0.3476772530940848,24.851027751555307,12.6,27.31461664064364,N2
