EMITTER_COEFFICIENT_SOLUTION,PRESSURE_OUTPUT,OUTPUT_DEMAND,FITNESS,NODE
0.7272365908781109,24.773098926303646,12.6,24.201126768251573,N2
