EMITTER_COEFFICIENT_SOLUTION,PRESSURE_OUTPUT,OUTPUT_DEMAND,FITNESS,NODE
0.6287926386331004,24.835304160368118,12.6,47.87702746428467,N2
