EMITTER_COEFFICIENT_SOLUTION,PRESSURE_OUTPUT,OUTPUT_DEMAND,FITNESS,NODE
0.26554705934488343,24.799392061205317,12.6,66.54575195819689,N2
