EMITTER_COEFFICIENT_SOLUTION,PRESSURE_OUTPUT,OUTPUT_DEMAND,FITNESS,NODE
0.48182818006789296,24.843534374165024,12.6,34.34412946948985,N2
