EMITTER_COEFFICIENT_SOLUTION,PRESSURE_OUTPUT,OUTPUT_DEMAND,FITNESS,NODE
0.8429557411996855,24.823271388701862,12.6,112.94238078724545,N2
