EMITTER_COEFFICIENT_SOLUTION,PRESSURE_OUTPUT,OUTPUT_DEMAND,FITNESS,NODE
0.49880483487208394,24.786134617917305,12.6,35.354804963206085,N2
