EMITTER_COEFFICIENT_SOLUTION,PRESSURE_OUTPUT,OUTPUT_DEMAND,FITNESS,NODE
0.9159142300829373,24.819161592271463,12.6,210.78032501388762,N2
