EMITTER_COEFFICIENT_SOLUTION,PRESSURE_OUTPUT,OUTPUT_DEMAND,FITNESS,NODE
0.21240502853966503,24.802404828312227,12.6,83.23284260546981,N2
