EMITTER_COEFFICIENT_SOLUTION,PRESSURE_OUTPUT,OUTPUT_DEMAND,FITNESS,NODE
0.4378701564101968,24.845991801316224,12.6,31.67114219526548,N2
