EMITTER_COEFFICIENT_SOLUTION,PRESSURE_OUTPUT,OUTPUT_DEMAND,FITNESS,NODE
0.4650260769515153,24.788057832070642,12.6,37.93413093438637,N2
