EMITTER_COEFFICIENT_SOLUTION,PRESSURE_OUTPUT,OUTPUT_DEMAND,FITNESS,NODE
0.8656220111635988,24.765176656892976,12.6,20.30759526463377,N2
