EMITTER_COEFFICIENT_SOLUTION,PRESSURE_OUTPUT,OUTPUT_DEMAND,FITNESS,NODE
0.5899643485140265,24.780938724507962,12.6,29.868050176274938,N2
