EMITTER_COEFFICIENT_SOLUTION,PRESSURE_OUTPUT,OUTPUT_DEMAND,FITNESS,NODE
0.8641344228403702,24.82207893533893,12.6,130.52071817347442,N2
