EMITTER_COEFFICIENT_SOLUTION,PRESSURE_OUTPUT,OUTPUT_DEMAND,FITNESS,NODE
0.09583124080898275,24.809003784480637,12.6,184.65406648961644,N2
