EMITTER_COEFFICIENT_SOLUTION,PRESSURE_OUTPUT,OUTPUT_DEMAND,FITNESS,NODE
0.10795381308537899,24.80831819180046,12.6,163.9042074617588,N2
