EMITTER_COEFFICIENT_SOLUTION,PRESSURE_OUTPUT,OUTPUT_DEMAND,FITNESS,NODE
0.171319889772501,24.804732115216993,12.6,103.22899010158523,N2
