EMITTER_COEFFICIENT_SOLUTION,PRESSURE_OUTPUT,OUTPUT_DEMAND,FITNESS,NODE
0.8281143101359669,24.767325763158098,12.6,21.23432890785704,N2
