EMITTER_COEFFICIENT_SOLUTION,PRESSURE_OUTPUT,OUTPUT_DEMAND,FITNESS,NODE
0.7764202563066775,24.770285436526336,12.6,22.658329649971186,N2
