EMITTER_COEFFICIENT_SOLUTION,PRESSURE_OUTPUT,OUTPUT_DEMAND,FITNESS,NODE
0.029940341012495653,24.868702147564292,12.6,18.42135232694995,N2
