EMITTER_COEFFICIENT_SOLUTION,PRESSURE_OUTPUT,OUTPUT_DEMAND,FITNESS,NODE
0.3007006859403718,24.79739755055845,12.6,58.748311219986384,N2
