EMITTER_COEFFICIENT_SOLUTION,PRESSURE_OUTPUT,OUTPUT_DEMAND,FITNESS,NODE
0.41580553634069495,24.847224555959393,12.6,30.48107719201312,N2
