EMITTER_COEFFICIENT_SOLUTION,PRESSURE_OUTPUT,OUTPUT_DEMAND,FITNESS,NODE
0.10463486349082274,24.808505909858773,12.6,169.10726243680344,N2
