EMITTER_COEFFICIENT_SOLUTION,PRESSURE_OUTPUT,OUTPUT_DEMAND,FITNESS,NODE
0.11844660987440392,24.80772465179627,12.6,149.37267988828737,N2
