EMITTER_COEFFICIENT_SOLUTION,PRESSURE_OUTPUT,OUTPUT_DEMAND,FITNESS,NODE
0.6642965805390197,24.776695834356047,12.6,26.508687547965533,N2
