EMITTER_COEFFICIENT_SOLUTION,PRESSURE_OUTPUT,OUTPUT_DEMAND,FITNESS,NODE
0.7347744481132894,24.772667888081813,12.6,23.951276378534757,N2
