EMITTER_COEFFICIENT_SOLUTION,PRESSURE_OUTPUT,OUTPUT_DEMAND,FITNESS,NODE
0.10915369763728267,24.864305561802006,12.6,20.044801995067456,N2
