EMITTER_COEFFICIENT_SOLUTION,PRESSURE_OUTPUT,OUTPUT_DEMAND,FITNESS,NODE
0.13241575278326145,24.86301321657296,12.6,20.577867627331905,N2
