EMITTER_COEFFICIENT_SOLUTION,PRESSURE_OUTPUT,OUTPUT_DEMAND,FITNESS,NODE
0.41373491749033064,24.84734021627603,12.6,30.37399515920556,N2
