EMITTER_COEFFICIENT_SOLUTION,PRESSURE_OUTPUT,OUTPUT_DEMAND,FITNESS,NODE
0.17897445539051593,24.860424929853778,12.6,21.735533012390515,N2
