EMITTER_COEFFICIENT_SOLUTION,PRESSURE_OUTPUT,OUTPUT_DEMAND,FITNESS,NODE
0.32751582264117185,24.852152332059106,12.6,26.500585300111737,N2
