EMITTER_COEFFICIENT_SOLUTION,PRESSURE_OUTPUT,OUTPUT_DEMAND,FITNESS,NODE
0.6896378579989959,24.775248098427866,12.6,25.528948307988916,N2
