EMITTER_COEFFICIENT_SOLUTION,PRESSURE_OUTPUT,OUTPUT_DEMAND,FITNESS,NODE
0.5851162326743982,24.78121526468282,12.6,30.116806438818685,N2
