EMITTER_COEFFICIENT_SOLUTION,PRESSURE_OUTPUT,OUTPUT_DEMAND,FITNESS,NODE
0.1506771422964237,24.861998297325293,12.6,21.01680086380334,N2
