EMITTER_COEFFICIENT_SOLUTION,PRESSURE_OUTPUT,OUTPUT_DEMAND,FITNESS,NODE
0.7661522640411937,24.770873001914595,12.6,22.96405587274536,N2
