EMITTER_COEFFICIENT_SOLUTION,PRESSURE_OUTPUT,OUTPUT_DEMAND,FITNESS,NODE
0.05604517853619351,24.867253963957523,12.6,18.926257571925095,N2
