EMITTER_COEFFICIENT_SOLUTION,PRESSURE_OUTPUT,OUTPUT_DEMAND,FITNESS,NODE
0.3473095592003661,24.851048264811865,12.6,27.299320510896283,N2
