EMITTER_COEFFICIENT_SOLUTION,PRESSURE_OUTPUT,OUTPUT_DEMAND,FITNESS,NODE
0.9102830115782665,24.81947899398874,12.6,197.56296049582394,N2
