EMITTER_COEFFICIENT_SOLUTION,PRESSURE_OUTPUT,OUTPUT_DEMAND,FITNESS,NODE
0.8186000336101997,24.824642161182027,12.6,97.80099610547676,N2
