EMITTER_COEFFICIENT_SOLUTION,PRESSURE_OUTPUT,OUTPUT_DEMAND,FITNESS,NODE
0.25441811334161035,24.856226138139583,12.6,23.918397111970627,N2
