EMITTER_COEFFICIENT_SOLUTION,PRESSURE_OUTPUT,OUTPUT_DEMAND,FITNESS,NODE
0.9835119240318344,24.81534897088804,12.6,1073.3593456458416,N2
