EMITTER_COEFFICIENT_SOLUTION,PRESSURE_OUTPUT,OUTPUT_DEMAND,FITNESS,NODE
0.3876394233085938,24.84879747833149,12.6,29.086541343007802,N2
