EMITTER_COEFFICIENT_SOLUTION,PRESSURE_OUTPUT,OUTPUT_DEMAND,FITNESS,NODE
0.3103949698602926,24.796847308466006,12.6,56.908692564784126,N2
