EMITTER_COEFFICIENT_SOLUTION,PRESSURE_OUTPUT,OUTPUT_DEMAND,FITNESS,NODE
0.15221725325390012,24.805813615705894,12.6,116.20204210603637,N2
