EMITTER_COEFFICIENT_SOLUTION,PRESSURE_OUTPUT,OUTPUT_DEMAND,FITNESS,NODE
0.05033407239945653,24.867570851585903,12.6,18.81342411954005,N2
