EMITTER_COEFFICIENT_SOLUTION,PRESSURE_OUTPUT,OUTPUT_DEMAND,FITNESS,NODE
0.8421001485029707,24.823319552808613,12.6,112.3313243442736,N2
