EMITTER_COEFFICIENT_SOLUTION,PRESSURE_OUTPUT,OUTPUT_DEMAND,FITNESS,NODE
0.5108370261189872,24.841911583776096,12.6,36.37121833693905,N2
