EMITTER_COEFFICIENT_SOLUTION,PRESSURE_OUTPUT,OUTPUT_DEMAND,FITNESS,NODE
0.02008101128326112,25.041769298241526,1.5,51.940714529547314,N14
