EMITTER_COEFFICIENT_SOLUTION,PRESSURE_OUTPUT,OUTPUT_DEMAND,FITNESS,NODE
0.8733062262122734,24.030415726307393,1.5,0.9703026349159448,N14
