EMITTER_COEFFICIENT_SOLUTION,PRESSURE_OUTPUT,OUTPUT_DEMAND,FITNESS,NODE
0.6024067549673152,24.38948732616584,1.5,1.4891263441173488,N14
