EMITTER_COEFFICIENT_SOLUTION,PRESSURE_OUTPUT,OUTPUT_DEMAND,FITNESS,NODE
0.4955594493250065,24.521988226857943,1.5,1.8551712660304633,N14
