EMITTER_COEFFICIENT_SOLUTION,PRESSURE_OUTPUT,OUTPUT_DEMAND,FITNESS,NODE
0.11619385020070527,24.946459053137005,1.5,8.72882440417733,N14
