EMITTER_COEFFICIENT_SOLUTION,PRESSURE_OUTPUT,OUTPUT_DEMAND,FITNESS,NODE
0.3290439192664337,24.717438247742063,1.5,2.910498363819609,N14
