EMITTER_COEFFICIENT_SOLUTION,PRESSURE_OUTPUT,OUTPUT_DEMAND,FITNESS,NODE
0.7787887259934198,24.15932202997822,1.5,1.1090163177665795,N14
