EMITTER_COEFFICIENT_SOLUTION,PRESSURE_OUTPUT,OUTPUT_DEMAND,FITNESS,NODE
0.45512799514847335,24.57070532962972,1.5,2.039498194818061,N14
