EMITTER_COEFFICIENT_SOLUTION,PRESSURE_OUTPUT,OUTPUT_DEMAND,FITNESS,NODE
0.6126135980241117,24.37655035406045,1.5,1.4609808605253944,N14
