EMITTER_COEFFICIENT_SOLUTION,PRESSURE_OUTPUT,OUTPUT_DEMAND,FITNESS,NODE
0.9008607167230677,23.992134660940362,1.5,0.9355522766469728,N14
