EMITTER_COEFFICIENT_SOLUTION,PRESSURE_OUTPUT,OUTPUT_DEMAND,FITNESS,NODE
0.31061974883841936,24.738206345951227,1.5,3.0977430398575176,N14
