EMITTER_COEFFICIENT_SOLUTION,PRESSURE_OUTPUT,OUTPUT_DEMAND,FITNESS,NODE
0.685948461518497,24.282202110157254,1.5,1.2839938867078595,N14
