EMITTER_COEFFICIENT_SOLUTION,PRESSURE_OUTPUT,OUTPUT_DEMAND,FITNESS,NODE
0.6121945076013674,24.377082487944367,1.5,1.4621175654326783,N14
