EMITTER_COEFFICIENT_SOLUTION,PRESSURE_OUTPUT,OUTPUT_DEMAND,FITNESS,NODE
0.5969104446795833,24.396433866065834,1.5,1.504691285414755,N14
