EMITTER_COEFFICIENT_SOLUTION,PRESSURE_OUTPUT,OUTPUT_DEMAND,FITNESS,NODE
0.29382241987580293,24.756988014982785,1.5,3.289105795401324,N14
