EMITTER_COEFFICIENT_SOLUTION,PRESSURE_OUTPUT,OUTPUT_DEMAND,FITNESS,NODE
0.04388069408898965,25.018654186761594,1.5,23.60281327280564,N14
