EMITTER_COEFFICIENT_SOLUTION,PRESSURE_OUTPUT,OUTPUT_DEMAND,FITNESS,NODE
0.7413902854509146,24.209275177304697,1.5,1.174057774791297,N14
