EMITTER_COEFFICIENT_SOLUTION,PRESSURE_OUTPUT,OUTPUT_DEMAND,FITNESS,NODE
0.2581599491657599,24.796376655933916,1.5,3.778641702665415,N14
