EMITTER_COEFFICIENT_SOLUTION,PRESSURE_OUTPUT,OUTPUT_DEMAND,FITNESS,NODE
0.38836165670405765,24.649398132724933,1.5,2.429402269280213,N14
