EMITTER_COEFFICIENT_SOLUTION,PRESSURE_OUTPUT,OUTPUT_DEMAND,FITNESS,NODE
0.9168757301288671,23.969742634474187,1.5,0.9163556239261939,N14
