EMITTER_COEFFICIENT_SOLUTION,PRESSURE_OUTPUT,OUTPUT_DEMAND,FITNESS,NODE
0.3421449436563494,24.702564589785492,1.5,2.789731561996542,N14
