EMITTER_COEFFICIENT_SOLUTION,PRESSURE_OUTPUT,OUTPUT_DEMAND,FITNESS,NODE
0.5270056175918448,24.483552870797947,1.5,1.731694248154613,N14
