EMITTER_COEFFICIENT_SOLUTION,PRESSURE_OUTPUT,OUTPUT_DEMAND,FITNESS,NODE
0.1993061967673989,24.859912737351017,1.5,4.972420958262372,N14
