EMITTER_COEFFICIENT_SOLUTION,PRESSURE_OUTPUT,OUTPUT_DEMAND,FITNESS,NODE
0.31084499964423606,24.737953493979337,1.5,3.0953185683328273,N14
