EMITTER_COEFFICIENT_SOLUTION,PRESSURE_OUTPUT,OUTPUT_DEMAND,FITNESS,NODE
0.8412233401304955,24.074592696250015,1.5,1.0137573755752782,N14
