EMITTER_COEFFICIENT_SOLUTION,PRESSURE_OUTPUT,OUTPUT_DEMAND,FITNESS,NODE
0.9334576218939509,23.946448515547004,1.5,0.897204175552395,N14
