EMITTER_COEFFICIENT_SOLUTION,PRESSURE_OUTPUT,OUTPUT_DEMAND,FITNESS,NODE
0.3834247189431862,24.655128875416626,1.5,2.463702625342022,N14
