EMITTER_COEFFICIENT_SOLUTION,PRESSURE_OUTPUT,OUTPUT_DEMAND,FITNESS,NODE
0.055649081962657054,25.007105241107283,1.5,18.547102870226094,N14
