EMITTER_COEFFICIENT_SOLUTION,PRESSURE_OUTPUT,OUTPUT_DEMAND,FITNESS,NODE
0.3840583019575118,24.654394103686776,1.5,2.4592507444506047,N14
