EMITTER_COEFFICIENT_SOLUTION,PRESSURE_OUTPUT,OUTPUT_DEMAND,FITNESS,NODE
0.2772046348596805,24.775424779348985,1.5,3.5014344190853297,N14
