EMITTER_COEFFICIENT_SOLUTION,PRESSURE_OUTPUT,OUTPUT_DEMAND,FITNESS,NODE
0.23695304777298076,24.819482737158655,1.5,4.140113352089258,N14
