EMITTER_COEFFICIENT_SOLUTION,PRESSURE_OUTPUT,OUTPUT_DEMAND,FITNESS,NODE
0.4397476557007812,24.589028327281145,1.5,2.118672390152466,N14
