EMITTER_COEFFICIENT_SOLUTION,PRESSURE_OUTPUT,OUTPUT_DEMAND,FITNESS,NODE
0.46474631778983777,24.559187932429893,1.5,1.9926904719225655,N14
