EMITTER_COEFFICIENT_SOLUTION,PRESSURE_OUTPUT,OUTPUT_DEMAND,FITNESS,NODE
0.36833921788927004,24.672563989676295,1.5,2.574280689604265,N14
