EMITTER_COEFFICIENT_SOLUTION,PRESSURE_OUTPUT,OUTPUT_DEMAND,FITNESS,NODE
0.9976138693064657,23.85528797244383,1.5,0.8293702944021363,N14
