EMITTER_COEFFICIENT_SOLUTION,PRESSURE_OUTPUT,OUTPUT_DEMAND,FITNESS,NODE
0.10984266465437897,24.952916856550473,1.5,9.250252164765023,N14
