EMITTER_COEFFICIENT_SOLUTION,PRESSURE_OUTPUT,OUTPUT_DEMAND,FITNESS,NODE
0.004183592280531112,23.845861381914595,1.5,0.8229364666983251,N14
