EMITTER_COEFFICIENT_SOLUTION,PRESSURE_OUTPUT,OUTPUT_DEMAND,FITNESS,NODE
0.540929412841722,24.466383759642824,1.5,1.6816946885307398,N14
