EMITTER_COEFFICIENT_SOLUTION,PRESSURE_OUTPUT,OUTPUT_DEMAND,FITNESS,NODE
0.15124814798474395,24.91041590990756,1.5,6.639836958385324,N14
