EMITTER_COEFFICIENT_SOLUTION,PRESSURE_OUTPUT,OUTPUT_DEMAND,FITNESS,NODE
0.05606413164871682,25.006696499613575,1.5,18.407555732666744,N14
