EMITTER_COEFFICIENT_SOLUTION,PRESSURE_OUTPUT,OUTPUT_DEMAND,FITNESS,NODE
0.28423392004881187,24.76764362296828,1.5,3.4085672916129903,N14
