EMITTER_COEFFICIENT_SOLUTION,PRESSURE_OUTPUT,OUTPUT_DEMAND,FITNESS,NODE
0.2534076414831806,24.80157518425195,1.5,3.8543542316706296,N14
