EMITTER_COEFFICIENT_SOLUTION,PRESSURE_OUTPUT,OUTPUT_DEMAND,FITNESS,NODE
0.3698683118768732,24.67080196008724,1.5,2.5626565850552683,N14
