EMITTER_COEFFICIENT_SOLUTION,PRESSURE_OUTPUT,OUTPUT_DEMAND,FITNESS,NODE
0.32044872241020184,24.727148650782233,1.5,2.9951475601002437,N14
