EMITTER_COEFFICIENT_SOLUTION,PRESSURE_OUTPUT,OUTPUT_DEMAND,FITNESS,NODE
0.8856761165660153,24.01326897187926,1.5,0.9544233768504485,N14
