EMITTER_COEFFICIENT_SOLUTION,PRESSURE_OUTPUT,OUTPUT_DEMAND,FITNESS,NODE
0.13844980379810623,24.923653484470083,1.5,7.279687547296611,N14
