EMITTER_COEFFICIENT_SOLUTION,PRESSURE_OUTPUT,OUTPUT_DEMAND,FITNESS,NODE
0.23310695538192794,24.82364778449043,1.5,4.212757159484164,N14
