EMITTER_COEFFICIENT_SOLUTION,PRESSURE_OUTPUT,OUTPUT_DEMAND,FITNESS,NODE
0.7279620497478673,24.227062745374766,1.5,1.1990993245202508,N14
