EMITTER_COEFFICIENT_SOLUTION,PRESSURE_OUTPUT,OUTPUT_DEMAND,FITNESS,NODE
0.6990341392272129,24.265112170509873,1.5,1.256423706351717,N14
