EMITTER_COEFFICIENT_SOLUTION,PRESSURE_OUTPUT,OUTPUT_DEMAND,FITNESS,NODE
0.734095627230523,24.218947766059564,1.5,1.1875437328398497,N14
