EMITTER_COEFFICIENT_SOLUTION,PRESSURE_OUTPUT,OUTPUT_DEMAND,FITNESS,NODE
0.9924639949185395,23.86266549891468,1.5,0.8344762050436648,N14
