EMITTER_COEFFICIENT_SOLUTION,PRESSURE_OUTPUT,OUTPUT_DEMAND,FITNESS,NODE
0.2012686073976203,24.857823970824136,1.5,4.921307147770121,N14
