EMITTER_COEFFICIENT_SOLUTION,PRESSURE_OUTPUT,OUTPUT_DEMAND,FITNESS,NODE
0.18001942388535708,24.880331041150516,1.5,5.5343106759508185,N14
