EMITTER_COEFFICIENT_SOLUTION,PRESSURE_OUTPUT,OUTPUT_DEMAND,FITNESS,NODE
0.6906957703902455,24.27601093010295,1.5,1.2738673579646744,N14
