EMITTER_COEFFICIENT_SOLUTION,PRESSURE_OUTPUT,OUTPUT_DEMAND,FITNESS,NODE
0.30017068947684644,24.74990696926003,1.5,3.214245036821348,N14
