EMITTER_COEFFICIENT_SOLUTION,PRESSURE_OUTPUT,OUTPUT_DEMAND,FITNESS,NODE
0.2883885395578142,24.763032505503997,1.5,3.355822803875473,N14
