EMITTER_COEFFICIENT_SOLUTION,PRESSURE_OUTPUT,OUTPUT_DEMAND,FITNESS,NODE
0.9278237287050478,23.954375411504337,1.5,0.9036308379692205,N14
