EMITTER_COEFFICIENT_SOLUTION,PRESSURE_OUTPUT,OUTPUT_DEMAND,FITNESS,NODE
0.9413449337797549,23.935329617152977,1.5,0.8883421435597099,N14
