EMITTER_COEFFICIENT_SOLUTION,PRESSURE_OUTPUT,OUTPUT_DEMAND,FITNESS,NODE
0.34764353092228173,24.69629590717058,1.5,2.741783413391339,N14
