EMITTER_COEFFICIENT_SOLUTION,PRESSURE_OUTPUT,OUTPUT_DEMAND,FITNESS,NODE
0.34828569368791895,24.69556280304313,1.5,2.7362834488073946,N14
