EMITTER_COEFFICIENT_SOLUTION,PRESSURE_OUTPUT,OUTPUT_DEMAND,FITNESS,NODE
0.2997286199954311,24.750400743300972,1.5,3.2193545090041424,N14
