EMITTER_COEFFICIENT_SOLUTION,PRESSURE_OUTPUT,OUTPUT_DEMAND,FITNESS,NODE
0.36614988238627444,24.67508478255182,1.5,2.5910948962489946,N14
