EMITTER_COEFFICIENT_SOLUTION,PRESSURE_OUTPUT,OUTPUT_DEMAND,FITNESS,NODE
0.3591401569659157,24.683139443250937,1.5,2.646324725950912,N14
