EMITTER_COEFFICIENT_SOLUTION,PRESSURE_OUTPUT,OUTPUT_DEMAND,FITNESS,NODE
0.8390310594032325,24.077595722764347,1.5,1.0168530221874807,N14
