EMITTER_COEFFICIENT_SOLUTION,PRESSURE_OUTPUT,OUTPUT_DEMAND,FITNESS,NODE
0.35720208801534004,24.685362026221313,1.5,2.6619816401951777,N14
