EMITTER_COEFFICIENT_SOLUTION,PRESSURE_OUTPUT,OUTPUT_DEMAND,FITNESS,NODE
0.2112113350792838,24.847209308124484,1.5,4.676990448619487,N14
