EMITTER_COEFFICIENT_SOLUTION,PRESSURE_OUTPUT,OUTPUT_DEMAND,FITNESS,NODE
0.059412626011644654,25.003395337703544,1.5,17.35307329583388,N14
