EMITTER_COEFFICIENT_SOLUTION,PRESSURE_OUTPUT,OUTPUT_DEMAND,FITNESS,NODE
0.046512415101093274,25.01607835161026,1.5,22.250076357322428,N14
