EMITTER_COEFFICIENT_SOLUTION,PRESSURE_OUTPUT,OUTPUT_DEMAND,FITNESS,NODE
0.29326412581760486,24.757609752219572,1.5,3.295845666468127,N14
