EMITTER_COEFFICIENT_SOLUTION,PRESSURE_OUTPUT,OUTPUT_DEMAND,FITNESS,NODE
0.7010523117176654,24.262469646943895,1.5,1.252266021301995,N14
