EMITTER_COEFFICIENT_SOLUTION,PRESSURE_OUTPUT,OUTPUT_DEMAND,FITNESS,NODE
0.8215880459219805,24.101417552995173,1.5,1.0420960269439086,N14
