EMITTER_COEFFICIENT_SOLUTION,PRESSURE_OUTPUT,OUTPUT_DEMAND,FITNESS,NODE
0.6828384325085534,24.286252581873374,1.5,1.290706568806526,N14
