EMITTER_COEFFICIENT_SOLUTION,PRESSURE_OUTPUT,OUTPUT_DEMAND,FITNESS,NODE
0.3845055505058458,24.653875304255248,1.5,2.4561170880894054,N14
