EMITTER_COEFFICIENT_SOLUTION,PRESSURE_OUTPUT,OUTPUT_DEMAND,FITNESS,NODE
0.538525781461035,24.469354188216464,1.5,1.6901375236941352,N14
