EMITTER_COEFFICIENT_SOLUTION,PRESSURE_OUTPUT,OUTPUT_DEMAND,FITNESS,NODE
0.39701040131570176,24.639329318230757,1.5,2.371395097664888,N14
