EMITTER_COEFFICIENT_SOLUTION,PRESSURE_OUTPUT,OUTPUT_DEMAND,FITNESS,NODE
0.9695115302332876,23.895419724435175,1.5,0.8579255599152364,N14
