EMITTER_COEFFICIENT_SOLUTION,PRESSURE_OUTPUT,OUTPUT_DEMAND,FITNESS,NODE
0.9276529433669315,23.954615507028645,1.5,0.9038269301991114,N14
