EMITTER_COEFFICIENT_SOLUTION,PRESSURE_OUTPUT,OUTPUT_DEMAND,FITNESS,NODE
0.5058184204512092,24.50950117079653,1.5,1.8131680892932576,N14
