EMITTER_COEFFICIENT_SOLUTION,PRESSURE_OUTPUT,OUTPUT_DEMAND,FITNESS,NODE
0.5725504549774697,24.42705257600559,1.5,1.5773630941714765,N14
