EMITTER_COEFFICIENT_SOLUTION,PRESSURE_OUTPUT,OUTPUT_DEMAND,FITNESS,NODE
0.24622269005325326,24.809412169996705,1.5,3.974407240155167,N14
