EMITTER_COEFFICIENT_SOLUTION,PRESSURE_OUTPUT,OUTPUT_DEMAND,FITNESS,NODE
0.8184748802848415,24.105655702954007,1.5,1.0467189230686689,N14
