EMITTER_COEFFICIENT_SOLUTION,PRESSURE_OUTPUT,OUTPUT_DEMAND,FITNESS,NODE
0.41938347965446165,24.613109551763266,1.5,2.232579078005588,N14
