EMITTER_COEFFICIENT_SOLUTION,PRESSURE_OUTPUT,OUTPUT_DEMAND,FITNESS,NODE
0.6840304400085618,24.284700633913108,1.5,1.2881263108504024,N14
