EMITTER_COEFFICIENT_SOLUTION,PRESSURE_OUTPUT,OUTPUT_DEMAND,FITNESS,NODE
0.6016977799970379,24.390384152483094,1.5,1.4911177134756755,N14
