EMITTER_COEFFICIENT_SOLUTION,PRESSURE_OUTPUT,OUTPUT_DEMAND,FITNESS,NODE
0.8367983461478851,24.08065206408134,1.5,1.0200231008846863,N14
