EMITTER_COEFFICIENT_SOLUTION,PRESSURE_OUTPUT,OUTPUT_DEMAND,FITNESS,NODE
0.056800793360599955,25.005970794408164,1.5,18.164900651814314,N14
