EMITTER_COEFFICIENT_SOLUTION,PRESSURE_OUTPUT,OUTPUT_DEMAND,FITNESS,NODE
0.49372159444209396,24.524219886747748,1.5,1.862883812358406,N14
