EMITTER_COEFFICIENT_SOLUTION,PRESSURE_OUTPUT,OUTPUT_DEMAND,FITNESS,NODE
0.23435436864069314,24.82229778342689,1.5,4.188933743878758,N14
