EMITTER_COEFFICIENT_SOLUTION,PRESSURE_OUTPUT,OUTPUT_DEMAND,FITNESS,NODE
0.8709896017264672,24.033619943615342,1.5,0.973328772954284,N14
