EMITTER_COEFFICIENT_SOLUTION,PRESSURE_OUTPUT,OUTPUT_DEMAND,FITNESS,NODE
0.19308850665363797,24.86651710439867,1.5,5.141258303210038,N14
