EMITTER_COEFFICIENT_SOLUTION,PRESSURE_OUTPUT,OUTPUT_DEMAND,FITNESS,NODE
0.5121096854906232,24.501818556471257,1.5,1.7882578873626944,N14
