EMITTER_COEFFICIENT_SOLUTION,PRESSURE_OUTPUT,OUTPUT_DEMAND,FITNESS,NODE
0.05057551814808414,25.01209381873286,1.5,20.438111829153367,N14
