EMITTER_COEFFICIENT_SOLUTION,PRESSURE_OUTPUT,OUTPUT_DEMAND,FITNESS,NODE
0.7311166108253383,24.22289119012452,1.5,1.1931311523461667,N14
