EMITTER_COEFFICIENT_SOLUTION,PRESSURE_OUTPUT,OUTPUT_DEMAND,FITNESS,NODE
0.4684890600841899,24.55469401730144,1.5,1.9750043438536926,N14
