EMITTER_COEFFICIENT_SOLUTION,PRESSURE_OUTPUT,OUTPUT_DEMAND,FITNESS,NODE
0.14771477412061074,24.914079509029886,1.5,6.805382661192578,N14
