EMITTER_COEFFICIENT_SOLUTION,PRESSURE_OUTPUT,OUTPUT_DEMAND,FITNESS,NODE
0.05399552258302831,25.00873270170169,1.5,19.124365711485705,N14
