EMITTER_COEFFICIENT_SOLUTION,PRESSURE_OUTPUT,OUTPUT_DEMAND,FITNESS,NODE
0.6637082531782278,24.311072172557417,1.5,1.3334225036691565,N14
