EMITTER_COEFFICIENT_SOLUTION,PRESSURE_OUTPUT,OUTPUT_DEMAND,FITNESS,NODE
0.9098995476265838,23.979509478072835,1.5,0.9246309806442582,N14
