EMITTER_COEFFICIENT_SOLUTION,PRESSURE_OUTPUT,OUTPUT_DEMAND,FITNESS,NODE
0.3558650272016842,24.686894260715274,1.5,2.672883745201729,N14
