EMITTER_COEFFICIENT_SOLUTION,PRESSURE_OUTPUT,OUTPUT_DEMAND,FITNESS,NODE
0.5534000361794654,24.450928619723495,1.5,1.6390932986396285,N14
