EMITTER_COEFFICIENT_SOLUTION,PRESSURE_OUTPUT,OUTPUT_DEMAND,FITNESS,NODE
0.38464037050219224,24.653718896032448,1.5,2.4551739160673978,N14
