EMITTER_COEFFICIENT_SOLUTION,PRESSURE_OUTPUT,OUTPUT_DEMAND,FITNESS,NODE
0.026462410274380566,25.035603101423256,1.5,39.3407804303923,N14
