EMITTER_COEFFICIENT_SOLUTION,PRESSURE_OUTPUT,OUTPUT_DEMAND,FITNESS,NODE
0.5663138255495107,24.43484706465535,1.5,1.5969977644442146,N14
