EMITTER_COEFFICIENT_SOLUTION,PRESSURE_OUTPUT,OUTPUT_DEMAND,FITNESS,NODE
0.2668256739631275,24.78686669384682,1.5,3.6475673217582436,N14
