EMITTER_COEFFICIENT_SOLUTION,PRESSURE_OUTPUT,OUTPUT_DEMAND,FITNESS,NODE
0.6879114056344499,24.279643365861045,1.5,1.2797892516993667,N14
