EMITTER_COEFFICIENT_SOLUTION,PRESSURE_OUTPUT,OUTPUT_DEMAND,FITNESS,NODE
0.9150970892859732,23.972234654785026,1.5,0.9184529818720802,N14
