EMITTER_COEFFICIENT_SOLUTION,PRESSURE_OUTPUT,OUTPUT_DEMAND,FITNESS,NODE
0.1979010202415129,24.861407119577052,1.5,5.009646123187786,N14
