EMITTER_COEFFICIENT_SOLUTION,PRESSURE_OUTPUT,OUTPUT_DEMAND,FITNESS,NODE
0.7057022454830292,24.256374306867606,1.5,1.2427798981650873,N14
