EMITTER_COEFFICIENT_SOLUTION,PRESSURE_OUTPUT,OUTPUT_DEMAND,FITNESS,NODE
0.6118459098816408,24.377525053179628,1.5,1.463064288590221,N14
