EMITTER_COEFFICIENT_SOLUTION,PRESSURE_OUTPUT,OUTPUT_DEMAND,FITNESS,NODE
0.48586068684242967,24.533746798674358,1.5,1.8965427619409083,N14
