EMITTER_COEFFICIENT_SOLUTION,PRESSURE_OUTPUT,OUTPUT_DEMAND,FITNESS,NODE
0.4372417267010885,24.592002699104434,1.5,2.132108338761774,N14
