EMITTER_COEFFICIENT_SOLUTION,PRESSURE_OUTPUT,OUTPUT_DEMAND,FITNESS,NODE
0.5560880886796179,24.44758764488896,1.5,1.6301662321010673,N14
