EMITTER_COEFFICIENT_SOLUTION,PRESSURE_OUTPUT,OUTPUT_DEMAND,FITNESS,NODE
0.8755776956006326,24.027271812927324,1.5,0.9673516827199061,N14
