EMITTER_COEFFICIENT_SOLUTION,PRESSURE_OUTPUT,OUTPUT_DEMAND,FITNESS,NODE
0.6725633026512083,28.643112391784456,1.2,2.7995173140848117,N4
