EMITTER_COEFFICIENT_SOLUTION,PRESSURE_OUTPUT,OUTPUT_DEMAND,FITNESS,NODE
0.5488227190960422,28.718084402026385,1.2,3.5431790001705843,N4
