EMITTER_COEFFICIENT_SOLUTION,PRESSURE_OUTPUT,OUTPUT_DEMAND,FITNESS,NODE
0.045615413688414375,28.980147835857252,1.2,49.58106290918889,N4
