EMITTER_COEFFICIENT_SOLUTION,PRESSURE_OUTPUT,OUTPUT_DEMAND,FITNESS,NODE
0.19691715220699746,28.908855443813167,1.2,10.93357621842314,N4
