EMITTER_COEFFICIENT_SOLUTION,PRESSURE_OUTPUT,OUTPUT_DEMAND,FITNESS,NODE
0.17548163837353226,28.91936022307072,1.2,12.352296861701637,N4
