EMITTER_COEFFICIENT_SOLUTION,PRESSURE_OUTPUT,OUTPUT_DEMAND,FITNESS,NODE
0.8512323615201725,28.527968914958215,1.2,2.1170835634147083,N4
