EMITTER_COEFFICIENT_SOLUTION,PRESSURE_OUTPUT,OUTPUT_DEMAND,FITNESS,NODE
0.12479275468518991,28.943673460154415,1.2,17.654317925196278,N4
