EMITTER_COEFFICIENT_SOLUTION,PRESSURE_OUTPUT,OUTPUT_DEMAND,FITNESS,NODE
0.7152948029825035,28.616305678104048,1.2,2.6040910631248106,N4
