EMITTER_COEFFICIENT_SOLUTION,PRESSURE_OUTPUT,OUTPUT_DEMAND,FITNESS,NODE
0.26415551070002863,28.875053989374194,1.2,7.983213712532504,N4
