EMITTER_COEFFICIENT_SOLUTION,PRESSURE_OUTPUT,OUTPUT_DEMAND,FITNESS,NODE
0.041836477136660166,28.981842278866402,1.2,54.128523909963235,N4
