EMITTER_COEFFICIENT_SOLUTION,PRESSURE_OUTPUT,OUTPUT_DEMAND,FITNESS,NODE
0.22449352183027793,28.895147853299875,1.2,9.508507769892114,N4
