EMITTER_COEFFICIENT_SOLUTION,PRESSURE_OUTPUT,OUTPUT_DEMAND,FITNESS,NODE
0.7624224753762239,28.586204177499475,1.2,2.4148018712181814,N4
