EMITTER_COEFFICIENT_SOLUTION,PRESSURE_OUTPUT,OUTPUT_DEMAND,FITNESS,NODE
0.9861281832388837,28.435813855576008,1.2,1.7714698616098732,N4
