EMITTER_COEFFICIENT_SOLUTION,PRESSURE_OUTPUT,OUTPUT_DEMAND,FITNESS,NODE
0.16863544714637024,28.922687460371613,1.2,12.881723093735717,N4
