EMITTER_COEFFICIENT_SOLUTION,PRESSURE_OUTPUT,OUTPUT_DEMAND,FITNESS,NODE
0.8291857592000955,28.542608109294427,1.2,2.1847956181286246,N4
