EMITTER_COEFFICIENT_SOLUTION,PRESSURE_OUTPUT,OUTPUT_DEMAND,FITNESS,NODE
0.031085256990278642,28.986639719971762,1.2,73.11487915225959,N4
