EMITTER_COEFFICIENT_SOLUTION,PRESSURE_OUTPUT,OUTPUT_DEMAND,FITNESS,NODE
0.9742722822838303,28.444089333742305,1.2,1.7978255530304246,N4
