EMITTER_COEFFICIENT_SOLUTION,PRESSURE_OUTPUT,OUTPUT_DEMAND,FITNESS,NODE
0.3897966724252486,28.808496690266836,1.2,5.2132170219096725,N4
