EMITTER_COEFFICIENT_SOLUTION,PRESSURE_OUTPUT,OUTPUT_DEMAND,FITNESS,NODE
0.16321185697898288,28.925313721404876,1.2,13.33278131730825,N4
