EMITTER_COEFFICIENT_SOLUTION,PRESSURE_OUTPUT,OUTPUT_DEMAND,FITNESS,NODE
0.5295674940546542,28.729391014672025,1.2,3.6910473490758546,N4
