EMITTER_COEFFICIENT_SOLUTION,PRESSURE_OUTPUT,OUTPUT_DEMAND,FITNESS,NODE
0.006840031896124588,28.99733140184108,1.2,334.9607083932826,N4
