EMITTER_COEFFICIENT_SOLUTION,PRESSURE_OUTPUT,OUTPUT_DEMAND,FITNESS,NODE
0.6772484742998832,28.640195992623546,1.2,2.7768457295084303,N4
