EMITTER_COEFFICIENT_SOLUTION,PRESSURE_OUTPUT,OUTPUT_DEMAND,FITNESS,NODE
0.9220812137348431,28.480117728978485,1.2,1.9223408970275702,N4
