EMITTER_COEFFICIENT_SOLUTION,PRESSURE_OUTPUT,OUTPUT_DEMAND,FITNESS,NODE
0.20414036924736445,28.905285931679913,1.2,10.522893639934827,N4
