EMITTER_COEFFICIENT_SOLUTION,PRESSURE_OUTPUT,OUTPUT_DEMAND,FITNESS,NODE
0.5448383578783147,28.720432034254053,1.2,3.5728986613882414,N4
