EMITTER_COEFFICIENT_SOLUTION,PRESSURE_OUTPUT,OUTPUT_DEMAND,FITNESS,NODE
0.13790463625578986,28.937455726618175,1.2,15.908089421185224,N4
