EMITTER_COEFFICIENT_SOLUTION,PRESSURE_OUTPUT,OUTPUT_DEMAND,FITNESS,NODE
0.09027443529734036,28.959802016881248,1.2,24.682332370802715,N4
