EMITTER_COEFFICIENT_SOLUTION,PRESSURE_OUTPUT,OUTPUT_DEMAND,FITNESS,NODE
0.9639326694677512,28.451278974986458,1.2,1.8213680477916112,N4
