EMITTER_COEFFICIENT_SOLUTION,PRESSURE_OUTPUT,OUTPUT_DEMAND,FITNESS,NODE
0.25622379365401016,28.879107989606588,1.2,8.250223536587814,N4
