EMITTER_COEFFICIENT_SOLUTION,PRESSURE_OUTPUT,OUTPUT_DEMAND,FITNESS,NODE
0.0012513031696108623,28.999770854247863,1.2,1831.5944990670278,N4
