EMITTER_COEFFICIENT_SOLUTION,PRESSURE_OUTPUT,OUTPUT_DEMAND,FITNESS,NODE
0.08899628576030438,28.960392513081615,1.2,25.04739371283012,N4
