EMITTER_COEFFICIENT_SOLUTION,PRESSURE_OUTPUT,OUTPUT_DEMAND,FITNESS,NODE
0.7983853772381597,28.562858541840313,1.2,2.2859322472208845,N4
