EMITTER_COEFFICIENT_SOLUTION,PRESSURE_OUTPUT,OUTPUT_DEMAND,FITNESS,NODE
0.22580929041874032,28.894488397695483,1.2,9.449256784105277,N4
