EMITTER_COEFFICIENT_SOLUTION,PRESSURE_OUTPUT,OUTPUT_DEMAND,FITNESS,NODE
0.19411002289756518,28.910238619238207,1.2,11.101464261181695,N4
