EMITTER_COEFFICIENT_SOLUTION,PRESSURE_OUTPUT,OUTPUT_DEMAND,FITNESS,NODE
0.8856516013436655,28.504875271175813,1.2,2.0184015430361537,N4
