EMITTER_COEFFICIENT_SOLUTION,PRESSURE_OUTPUT,OUTPUT_DEMAND,FITNESS,NODE
0.6059049357734247,28.683993685628494,1.2,3.1613241979521898,N4
