EMITTER_COEFFICIENT_SOLUTION,PRESSURE_OUTPUT,OUTPUT_DEMAND,FITNESS,NODE
0.5593407928470624,28.711866952195507,1.2,3.4668068480971614,N4
