EMITTER_COEFFICIENT_SOLUTION,PRESSURE_OUTPUT,OUTPUT_DEMAND,FITNESS,NODE
0.8289736761745299,28.542748352149253,1.2,2.1854652489965507,N4
