EMITTER_COEFFICIENT_SOLUTION,PRESSURE_OUTPUT,OUTPUT_DEMAND,FITNESS,NODE
0.9046154087476983,28.492027746422508,1.2,1.9673843860749862,N4
