EMITTER_COEFFICIENT_SOLUTION,PRESSURE_OUTPUT,OUTPUT_DEMAND,FITNESS,NODE
0.012012752395962112,28.995065149784836,1.2,190.4153722146392,N4
