EMITTER_COEFFICIENT_SOLUTION,PRESSURE_OUTPUT,OUTPUT_DEMAND,FITNESS,NODE
0.1227582062078838,28.944633765318272,1.2,17.958782734970274,N4
