EMITTER_COEFFICIENT_SOLUTION,PRESSURE_OUTPUT,OUTPUT_DEMAND,FITNESS,NODE
0.20076897646931524,28.90695383722808,1.2,10.710882400775315,N4
