EMITTER_COEFFICIENT_SOLUTION,PRESSURE_OUTPUT,OUTPUT_DEMAND,FITNESS,NODE
0.10024867581561536,28.955177480478504,1.2,22.153621738031024,N4
