EMITTER_COEFFICIENT_SOLUTION,PRESSURE_OUTPUT,OUTPUT_DEMAND,FITNESS,NODE
0.29797897704227716,28.857567968442567,1.2,7.0053099740522216,N4
