EMITTER_COEFFICIENT_SOLUTION,PRESSURE_OUTPUT,OUTPUT_DEMAND,FITNESS,NODE
0.5389617290144146,28.723887023559136,1.2,3.6175549413059556,N4
