EMITTER_COEFFICIENT_SOLUTION,PRESSURE_OUTPUT,OUTPUT_DEMAND,FITNESS,NODE
0.08025725912522264,28.964416984724643,1.2,27.855275876011326,N4
