EMITTER_COEFFICIENT_SOLUTION,PRESSURE_OUTPUT,OUTPUT_DEMAND,FITNESS,NODE
0.49804077816963477,28.747691450110175,1.2,3.958430517952921,N4
