EMITTER_COEFFICIENT_SOLUTION,PRESSURE_OUTPUT,OUTPUT_DEMAND,FITNESS,NODE
0.20647550327901865,28.904128782745005,1.2,10.396302489136785,N4
