EMITTER_COEFFICIENT_SOLUTION,PRESSURE_OUTPUT,OUTPUT_DEMAND,FITNESS,NODE
0.7853062390261918,28.571386376593985,1.2,2.3313802970411848,N4
