EMITTER_COEFFICIENT_SOLUTION,PRESSURE_OUTPUT,OUTPUT_DEMAND,FITNESS,NODE
0.11262836325652392,28.94939704875754,1.2,19.638734533187712,N4
