EMITTER_COEFFICIENT_SOLUTION,PRESSURE_OUTPUT,OUTPUT_DEMAND,FITNESS,NODE
0.5073948944705362,28.742289175826677,1.2,3.8755536350913222,N4
