EMITTER_COEFFICIENT_SOLUTION,PRESSURE_OUTPUT,OUTPUT_DEMAND,FITNESS,NODE
0.34104486898320907,28.834841761186098,1.2,6.043206554148949,N4
