EMITTER_COEFFICIENT_SOLUTION,PRESSURE_OUTPUT,OUTPUT_DEMAND,FITNESS
0.15211523146539196,24.853450642875337,12.6,25.61913348237444
