EMITTER_COEFFICIENT_SOLUTION,PRESSURE_OUTPUT,OUTPUT_DEMAND,FITNESS
0.4073386138767816,24.824862885866445,12.6,95.73436927675957
