EMITTER_COEFFICIENT_SOLUTION,PRESSURE_OUTPUT,OUTPUT_DEMAND,FITNESS
0.38973312842838226,24.712389352187877,12.6,9.801042343299818
