EMITTER_COEFFICIENT_SOLUTION,PRESSURE_OUTPUT,OUTPUT_DEMAND,FITNESS
0.6013447081116219,24.80295532668196,12.6,87.22966614572249
