EMITTER_COEFFICIENT_SOLUTION,PRESSURE_OUTPUT,OUTPUT_DEMAND,FITNESS
0.404213816868604,24.825214499830956,12.6,92.61674684432855
