EMITTER_COEFFICIENT_SOLUTION,PRESSURE_OUTPUT,OUTPUT_DEMAND,FITNESS
0.15465642082498032,24.85316731453385,12.6,25.80645288775557
