EMITTER_COEFFICIENT_SOLUTION,PRESSURE_OUTPUT,OUTPUT_DEMAND,FITNESS
0.0871545178466333,24.747436951833528,12.6,14.929302746385343
