EMITTER_COEFFICIENT_SOLUTION,PRESSURE_OUTPUT,OUTPUT_DEMAND,FITNESS
0.4323950640629495,24.82204200898814,12.6,131.1528294093109
