EMITTER_COEFFICIENT_SOLUTION,PRESSURE_OUTPUT,OUTPUT_DEMAND,FITNESS
0.011030869713884561,24.869139080077055,12.6,18.274264820500424
