EMITTER_COEFFICIENT_SOLUTION,PRESSURE_OUTPUT,OUTPUT_DEMAND,FITNESS
0.8564946785337042,24.773913473879915,12.6,24.687796539874324
