EMITTER_COEFFICIENT_SOLUTION,PRESSURE_OUTPUT,OUTPUT_DEMAND,FITNESS
0.23428288082189885,24.844276003778816,12.6,33.491090513276596
