EMITTER_COEFFICIENT_SOLUTION,PRESSURE_OUTPUT,OUTPUT_DEMAND,FITNESS
0.038205042199952466,24.86612371846916,12.6,19.33996489628193
