EMITTER_COEFFICIENT_SOLUTION,PRESSURE_OUTPUT,OUTPUT_DEMAND,FITNESS
0.17164649842531432,24.85127233558643,12.6,27.13334637670856
