EMITTER_COEFFICIENT_SOLUTION,PRESSURE_OUTPUT,OUTPUT_DEMAND,FITNESS
0.33958888825232436,24.71822212515965,12.6,10.395313902682046
