EMITTER_COEFFICIENT_SOLUTION,PRESSURE_OUTPUT,OUTPUT_DEMAND,FITNESS
0.8679747972017964,24.772600684474973,12.6,23.91278606727639
