EMITTER_COEFFICIENT_SOLUTION,PRESSURE_OUTPUT,OUTPUT_DEMAND,FITNESS
0.008971310772890151,24.869367493123853,12.6,18.198303636057222
