EMITTER_COEFFICIENT_SOLUTION,PRESSURE_OUTPUT,OUTPUT_DEMAND,FITNESS
0.4754717876342698,24.70239376267424,12.6,8.926534762046202
