EMITTER_COEFFICIENT_SOLUTION,PRESSURE_OUTPUT,OUTPUT_DEMAND,FITNESS
0.09979589638905684,24.7459798495464,12.6,14.611452211281053
