EMITTER_COEFFICIENT_SOLUTION,PRESSURE_OUTPUT,OUTPUT_DEMAND,FITNESS
0.3772962257148891,24.828241729218853,12.6,72.33580308865017
