EMITTER_COEFFICIENT_SOLUTION,PRESSURE_OUTPUT,OUTPUT_DEMAND,FITNESS
0.7480021648579771,24.786294109614325,12.6,35.555294078706076
