EMITTER_COEFFICIENT_SOLUTION,PRESSURE_OUTPUT,OUTPUT_DEMAND,FITNESS
0.02443400977137755,24.867652191869368,12.6,18.784678128519598
