EMITTER_COEFFICIENT_SOLUTION,PRESSURE_OUTPUT,OUTPUT_DEMAND,FITNESS
0.19584344362083694,24.84857149971549,12.6,29.278990282731957
