EMITTER_COEFFICIENT_SOLUTION,PRESSURE_OUTPUT,OUTPUT_DEMAND,FITNESS
0.2952275889704412,24.83745323413857,12.6,43.410469399899824
