EMITTER_COEFFICIENT_SOLUTION,PRESSURE_OUTPUT,OUTPUT_DEMAND,FITNESS
0.3421448856836291,24.832190521011256,12.6,56.2644736602018
