EMITTER_COEFFICIENT_SOLUTION,PRESSURE_OUTPUT,OUTPUT_DEMAND,FITNESS
0.14158592190446373,24.854624319302346,12.6,24.871289303148817
