EMITTER_COEFFICIENT_SOLUTION,PRESSURE_OUTPUT,OUTPUT_DEMAND,FITNESS
0.21915526575555244,24.845967192404494,12.6,31.695845694694153
