EMITTER_COEFFICIENT_SOLUTION,PRESSURE_OUTPUT,OUTPUT_DEMAND,FITNESS
0.19406340872154204,24.848770266957082,12.6,29.109581133040887
