EMITTER_COEFFICIENT_SOLUTION,PRESSURE_OUTPUT,OUTPUT_DEMAND,FITNESS
0.0948548723026148,24.746549448794738,12.6,14.734079121932465
