EMITTER_COEFFICIENT_SOLUTION,PRESSURE_OUTPUT,OUTPUT_DEMAND,FITNESS
0.3807326703251779,24.827855420498878,12.6,74.41525949068182
