EMITTER_COEFFICIENT_SOLUTION,PRESSURE_OUTPUT,OUTPUT_DEMAND,FITNESS
0.04388767445128794,24.865492764017695,12.6,19.578878846588307
