EMITTER_COEFFICIENT_SOLUTION,PRESSURE_OUTPUT,OUTPUT_DEMAND,FITNESS
0.34658188265684475,24.831692359502206,12.6,57.88697584538971
