EMITTER_COEFFICIENT_SOLUTION,PRESSURE_OUTPUT,OUTPUT_DEMAND,FITNESS
0.022784465150776034,24.867835225485415,12.6,18.720313430872316
