EMITTER_COEFFICIENT_SOLUTION,PRESSURE_OUTPUT,OUTPUT_DEMAND,FITNESS
0.16303922470834586,24.852232491104786,12.6,26.444410453719726
