EMITTER_COEFFICIENT_SOLUTION,PRESSURE_OUTPUT,OUTPUT_DEMAND,FITNESS
0.3971032326397632,24.826014462111218,12.6,86.22811414553104
