EMITTER_COEFFICIENT_SOLUTION,PRESSURE_OUTPUT,OUTPUT_DEMAND,FITNESS
0.27789598778667957,24.725384882119464,12.6,11.231609517601592
