EMITTER_COEFFICIENT_SOLUTION,PRESSURE_OUTPUT,OUTPUT_DEMAND,FITNESS
0.6857504214018357,24.793376809249793,12.6,47.52285412450938
