EMITTER_COEFFICIENT_SOLUTION,PRESSURE_OUTPUT,OUTPUT_DEMAND,FITNESS
0.10876656727783551,24.74494546986476,12.6,14.393905752722874
