EMITTER_COEFFICIENT_SOLUTION,PRESSURE_OUTPUT,OUTPUT_DEMAND,FITNESS
0.41183100624476787,24.7098158460674,12.6,9.55991227021779
