EMITTER_COEFFICIENT_SOLUTION,PRESSURE_OUTPUT,OUTPUT_DEMAND,FITNESS
0.5893777461578846,24.804311047634187,12.6,98.92890844193514
