EMITTER_COEFFICIENT_SOLUTION,PRESSURE_OUTPUT,OUTPUT_DEMAND,FITNESS
0.3363370521013642,24.832842471514383,12.6,54.27362735367197
