EMITTER_COEFFICIENT_SOLUTION,PRESSURE_OUTPUT,OUTPUT_DEMAND,FITNESS
0.9253062870453448,24.76603683039709,12.6,20.668636145429222
