EMITTER_COEFFICIENT_SOLUTION,PRESSURE_OUTPUT,OUTPUT_DEMAND,FITNESS
0.21813926191554667,24.73230875491509,12.6,12.178701269723124
