EMITTER_COEFFICIENT_SOLUTION,PRESSURE_OUTPUT,OUTPUT_DEMAND,FITNESS
0.8308984327614475,24.776838607443743,12.6,26.60939685527364
