EMITTER_COEFFICIENT_SOLUTION,PRESSURE_OUTPUT,OUTPUT_DEMAND,FITNESS
0.6868087960789488,24.793256521867704,12.6,47.252738583279765
