EMITTER_COEFFICIENT_SOLUTION,PRESSURE_OUTPUT,OUTPUT_DEMAND,FITNESS
0.5721842279621259,24.806257871034205,12.6,122.52731584716169
