EMITTER_COEFFICIENT_SOLUTION,PRESSURE_OUTPUT,OUTPUT_DEMAND,FITNESS
0.8764905859917687,24.771626538619266,12.6,23.368429224189033
