EMITTER_COEFFICIENT_SOLUTION,PRESSURE_OUTPUT,OUTPUT_DEMAND,FITNESS
0.22289269255970523,24.845549454584415,12.6,32.12114746574845
