EMITTER_COEFFICIENT_SOLUTION,PRESSURE_OUTPUT,OUTPUT_DEMAND,FITNESS
0.44372386006709763,24.820765768830867,12.6,157.51870530170595
