EMITTER_COEFFICIENT_SOLUTION,PRESSURE_OUTPUT,OUTPUT_DEMAND,FITNESS
0.10704551591044953,24.858471256558992,12.6,22.69944521382733
