EMITTER_COEFFICIENT_SOLUTION,PRESSURE_OUTPUT,OUTPUT_DEMAND,FITNESS
0.28131526381144867,24.724988278840847,12.6,11.181800264818632
