EMITTER_COEFFICIENT_SOLUTION,PRESSURE_OUTPUT,OUTPUT_DEMAND,FITNESS
0.8374261048467568,24.776092873358166,12.6,26.09164637722803
