EMITTER_COEFFICIENT_SOLUTION,PRESSURE_OUTPUT,OUTPUT_DEMAND,FITNESS
0.920594712660278,24.766576746476062,12.6,20.90188718089473
