EMITTER_COEFFICIENT_SOLUTION,PRESSURE_OUTPUT,OUTPUT_DEMAND,FITNESS
0.75043950400059,24.786016486551873,12.6,35.20775935542085
