EMITTER_COEFFICIENT_SOLUTION,PRESSURE_OUTPUT,OUTPUT_DEMAND,FITNESS
0.27969922688007975,24.72517572930736,12.6,11.20528692356066
