EMITTER_COEFFICIENT_SOLUTION,PRESSURE_OUTPUT,OUTPUT_DEMAND,FITNESS
0.09788086631729498,24.859491145855927,12.6,22.18582297395799
