EMITTER_COEFFICIENT_SOLUTION,PRESSURE_OUTPUT,OUTPUT_DEMAND,FITNESS
0.2351382044186745,24.844180355105813,12.6,33.59871992577945
