EMITTER_COEFFICIENT_SOLUTION,PRESSURE_OUTPUT,OUTPUT_DEMAND,FITNESS
0.07544901374077684,24.861986019014125,12.6,21.022225666390696
