EMITTER_COEFFICIENT_SOLUTION,PRESSURE_OUTPUT,OUTPUT_DEMAND,FITNESS
0.4424105348163121,24.820913747479572,12.6,153.93067288152014
