EMITTER_COEFFICIENT_SOLUTION,PRESSURE_OUTPUT,OUTPUT_DEMAND,FITNESS
0.014893973410566863,24.755753993667867,12.6,17.045845017264806
