EMITTER_COEFFICIENT_SOLUTION,PRESSURE_OUTPUT,OUTPUT_DEMAND,FITNESS
0.4340439842611141,24.82185628296181,12.6,134.42727536943028
