EMITTER_COEFFICIENT_SOLUTION,PRESSURE_OUTPUT,OUTPUT_DEMAND,FITNESS
0.49530170477885305,24.700077921635113,12.6,8.745739035590768
