EMITTER_COEFFICIENT_SOLUTION,PRESSURE_OUTPUT,OUTPUT_DEMAND,FITNESS
0.44241052625178945,24.820913748444553,12.6,153.9306500166349
