EMITTER_COEFFICIENT_SOLUTION,PRESSURE_OUTPUT,OUTPUT_DEMAND,FITNESS
0.6142838955473184,24.80148881676797,12.6,77.33653182292022
