EMITTER_COEFFICIENT_SOLUTION,PRESSURE_OUTPUT,OUTPUT_DEMAND,FITNESS
0.4175192057197181,24.823717052739553,12.6,107.52993081331454
