EMITTER_COEFFICIENT_SOLUTION,PRESSURE_OUTPUT,OUTPUT_DEMAND,FITNESS
0.24648610104249635,24.842911065577674,12.6,35.095416733446356
