EMITTER_COEFFICIENT_SOLUTION,PRESSURE_OUTPUT,OUTPUT_DEMAND,FITNESS
0.001831978449661209,24.8701591369409,12.6,17.93985182327392
