EMITTER_COEFFICIENT_SOLUTION,PRESSURE_OUTPUT,OUTPUT_DEMAND,FITNESS
0.031347429564464235,24.866884955965162,12.6,19.05936705376607
