EMITTER_COEFFICIENT_SOLUTION,PRESSURE_OUTPUT,OUTPUT_DEMAND,FITNESS
0.06442826438695981,24.86321098872829,12.6,20.494460721423714
