EMITTER_COEFFICIENT_SOLUTION,PRESSURE_OUTPUT,OUTPUT_DEMAND,FITNESS
0.33699404774478947,24.718523692114978,12.6,10.428004478348281
