EMITTER_COEFFICIENT_SOLUTION,PRESSURE_OUTPUT,OUTPUT_DEMAND,FITNESS
0.19862553881574718,24.848260811621657,12.6,29.547775573189124
