EMITTER_COEFFICIENT_SOLUTION,PRESSURE_OUTPUT,OUTPUT_DEMAND,FITNESS
0.5571835700112151,24.80795542597994,12.6,154.7055917675275
