EMITTER_COEFFICIENT_SOLUTION,PRESSURE_OUTPUT,OUTPUT_DEMAND,FITNESS
0.3536275621696914,24.830901145094195,12.6,60.665517791465646
