EMITTER_COEFFICIENT_SOLUTION,PRESSURE_OUTPUT,OUTPUT_DEMAND,FITNESS
0.7071129885439618,24.79094802422199,12.6,42.605238363772756
