EMITTER_COEFFICIENT_SOLUTION,PRESSURE_OUTPUT,OUTPUT_DEMAND,FITNESS
0.3279316958682865,24.833785760451732,12.6,51.63037360220788
