EMITTER_COEFFICIENT_SOLUTION,PRESSURE_OUTPUT,OUTPUT_DEMAND,FITNESS
0.5790676020327876,24.80547860865257,12.6,111.8479680655624
