EMITTER_COEFFICIENT_SOLUTION,PRESSURE_OUTPUT,OUTPUT_DEMAND,FITNESS
0.8580871056120447,24.77373140579789,12.6,24.57732491098925
