EMITTER_COEFFICIENT_SOLUTION,PRESSURE_OUTPUT,OUTPUT_DEMAND,FITNESS
0.6031392823443447,24.802751972212583,12.6,85.70930794638178
