EMITTER_COEFFICIENT_SOLUTION,PRESSURE_OUTPUT,OUTPUT_DEMAND,FITNESS
0.28425921367549445,24.838682263780925,12.6,41.21171112735245
