EMITTER_COEFFICIENT_SOLUTION,PRESSURE_OUTPUT,OUTPUT_DEMAND,FITNESS
0.18308322296469726,24.849996080237624,12.6,28.106653899396957
