EMITTER_COEFFICIENT_SOLUTION,PRESSURE_OUTPUT,OUTPUT_DEMAND,FITNESS
0.31434340307265174,24.835310095054247,12.6,47.86342778297105
