EMITTER_COEFFICIENT_SOLUTION,PRESSURE_OUTPUT,OUTPUT_DEMAND,FITNESS
0.40300760990319917,24.825350216207703,12.6,91.46704186356625
