EMITTER_COEFFICIENT_SOLUTION,PRESSURE_OUTPUT,OUTPUT_DEMAND,FITNESS
0.9602950109187198,24.76202460541981,12.6,19.085895892425196
