EMITTER_COEFFICIENT_SOLUTION,PRESSURE_OUTPUT,OUTPUT_DEMAND,FITNESS
0.7188043202774081,24.789618024027398,12.6,40.3204793942313
