EMITTER_COEFFICIENT_SOLUTION,PRESSURE_OUTPUT,OUTPUT_DEMAND,FITNESS
0.23672144259410555,24.844003297697398,12.6,33.79979158285885
