EMITTER_COEFFICIENT_SOLUTION,PRESSURE_OUTPUT,OUTPUT_DEMAND,FITNESS
0.5348869024368508,24.810476963462264,12.6,253.6556223118448
