EMITTER_COEFFICIENT_SOLUTION,PRESSURE_OUTPUT,OUTPUT_DEMAND,FITNESS
0.13858742317846628,24.854958471361634,12.6,24.66629286050844
