EMITTER_COEFFICIENT_SOLUTION,PRESSURE_OUTPUT,OUTPUT_DEMAND,FITNESS
0.35187558941264574,24.831097906652246,12.6,59.94991710500582
