EMITTER_COEFFICIENT_SOLUTION,PRESSURE_OUTPUT,OUTPUT_DEMAND,FITNESS
0.08959155128060692,24.74715609709279,12.6,14.8669660712692
