EMITTER_COEFFICIENT_SOLUTION,PRESSURE_OUTPUT,OUTPUT_DEMAND,FITNESS
0.35702084645511034,24.830520014708604,12.6,62.10139343254926
