EMITTER_COEFFICIENT_SOLUTION,PRESSURE_OUTPUT,OUTPUT_DEMAND,FITNESS
0.2724757545518217,24.72601348426476,12.6,11.311470921126077
