EMITTER_COEFFICIENT_SOLUTION,PRESSURE_OUTPUT,OUTPUT_DEMAND,FITNESS
0.30251668960470046,24.836636203805114,12.6,45.00675411566912
