EMITTER_COEFFICIENT_SOLUTION,PRESSURE_OUTPUT,OUTPUT_DEMAND,FITNESS
0.29272585506568216,24.83773360188289,12.6,42.88847821826694
