EMITTER_COEFFICIENT_SOLUTION,PRESSURE_OUTPUT,OUTPUT_DEMAND,FITNESS
0.42530983278354073,24.70824518486466,12.6,9.418490032234704
