EMITTER_COEFFICIENT_SOLUTION,PRESSURE_OUTPUT,OUTPUT_DEMAND,FITNESS
0.011135614927086923,24.75618601184062,12.6,17.172303834380042
