EMITTER_COEFFICIENT_SOLUTION,PRESSURE_OUTPUT,OUTPUT_DEMAND,FITNESS
0.7191659562954438,24.789576875790225,12.6,40.25369382062776
