EMITTER_COEFFICIENT_SOLUTION,PRESSURE_OUTPUT,OUTPUT_DEMAND,FITNESS
0.47905288022364223,24.816782461625102,12.6,422.8070267024614
