EMITTER_COEFFICIENT_SOLUTION,PRESSURE_OUTPUT,OUTPUT_DEMAND,FITNESS
0.1398519952135331,24.854817552225676,12.6,24.752330790988363
