EMITTER_COEFFICIENT_SOLUTION,PRESSURE_OUTPUT,OUTPUT_DEMAND,FITNESS
0.1854412743477627,24.849732872178464,12.6,28.31613376370428
