EMITTER_COEFFICIENT_SOLUTION,PRESSURE_OUTPUT,OUTPUT_DEMAND,FITNESS
0.26808212115634755,24.726522944552173,12.6,11.377033868745114
