EMITTER_COEFFICIENT_SOLUTION,PRESSURE_OUTPUT,OUTPUT_DEMAND,FITNESS
0.36640208162276533,24.715104426325034,12.6,10.068983601156475
