EMITTER_COEFFICIENT_SOLUTION,PRESSURE_OUTPUT,OUTPUT_DEMAND,FITNESS
0.4903228501870671,24.81551072428872,12.6,914.5718211142351
