EMITTER_COEFFICIENT_SOLUTION,PRESSURE_OUTPUT,OUTPUT_DEMAND,FITNESS
0.2372388058659045,24.843945437472804,12.6,33.866022127314125
