EMITTER_COEFFICIENT_SOLUTION,PRESSURE_OUTPUT,OUTPUT_DEMAND,FITNESS
0.838429970363145,24.775978174787447,12.6,26.013795553399696
