EMITTER_COEFFICIENT_SOLUTION,PRESSURE_OUTPUT,OUTPUT_DEMAND,FITNESS
0.1839298465539123,24.84990158188566,12.6,28.181504891518085
