EMITTER_COEFFICIENT_SOLUTION,PRESSURE_OUTPUT,OUTPUT_DEMAND,FITNESS
0.8044585293111322,24.779857423482255,12.6,28.933600395895038
