EMITTER_COEFFICIENT_SOLUTION,PRESSURE_OUTPUT,OUTPUT_DEMAND,FITNESS
0.5199119314009302,24.812169364012036,12.6,444.4538399845758
