EMITTER_COEFFICIENT_SOLUTION,PRESSURE_OUTPUT,OUTPUT_DEMAND,FITNESS
0.6350416303785036,24.79913476039551,12.6,65.4255181869894
