EMITTER_COEFFICIENT_SOLUTION,PRESSURE_OUTPUT,OUTPUT_DEMAND,FITNESS
0.6016419333098391,24.802921647122595,12.6,86.9741485589663
