EMITTER_COEFFICIENT_SOLUTION,PRESSURE_OUTPUT,OUTPUT_DEMAND,FITNESS
0.0920894994823549,24.746868198104934,12.6,14.803603915476693
