EMITTER_COEFFICIENT_SOLUTION,PRESSURE_OUTPUT,OUTPUT_DEMAND,FITNESS
0.2554157446015566,24.841911893599942,12.6,36.37080848627259
