EMITTER_COEFFICIENT_SOLUTION,PRESSURE_OUTPUT,OUTPUT_DEMAND,FITNESS
0.4312338532595805,24.707554648858014,12.6,9.357629818637987
