EMITTER_COEFFICIENT_SOLUTION,PRESSURE_OUTPUT,OUTPUT_DEMAND,FITNESS
0.4006966393415483,24.825610218585126,12.6,89.34233389691705
