EMITTER_COEFFICIENT_SOLUTION,PRESSURE_OUTPUT,OUTPUT_DEMAND,FITNESS
0.21119929202037335,24.846856253268967,12.6,30.82715088730365
