EMITTER_COEFFICIENT_SOLUTION,PRESSURE_OUTPUT,OUTPUT_DEMAND,FITNESS
0.09053479098663741,24.747047387641047,12.6,14.842977152451999
