EMITTER_COEFFICIENT_SOLUTION,PRESSURE_OUTPUT,OUTPUT_DEMAND,FITNESS
0.6209628890544703,24.800731565857404,12.6,73.05802318449314
