EMITTER_COEFFICIENT_SOLUTION,PRESSURE_OUTPUT,OUTPUT_DEMAND,FITNESS
0.15972755797061344,24.852601832019026,12.6,26.18862607129439
