EMITTER_COEFFICIENT_SOLUTION,PRESSURE_OUTPUT,OUTPUT_DEMAND,FITNESS
0.6821823221047567,24.79378230118752,12.6,48.456619689050314
