EMITTER_COEFFICIENT_SOLUTION,PRESSURE_OUTPUT,OUTPUT_DEMAND,FITNESS
0.8872159193831308,24.770399227902274,12.6,22.71690114749646
