EMITTER_COEFFICIENT_SOLUTION,PRESSURE_OUTPUT,OUTPUT_DEMAND,FITNESS
0.1836891326180181,24.736294095148494,12.6,12.799963742372192
