EMITTER_COEFFICIENT_SOLUTION,PRESSURE_OUTPUT,OUTPUT_DEMAND,FITNESS
0.38122897007342194,24.713379239295044,12.6,9.897062909849184
