EMITTER_COEFFICIENT_SOLUTION,PRESSURE_OUTPUT,OUTPUT_DEMAND,FITNESS
0.4079627959225156,24.824792645802262,12.6,96.38248250892521
