EMITTER_COEFFICIENT_SOLUTION,PRESSURE_OUTPUT,OUTPUT_DEMAND,FITNESS
0.23705783428155836,24.843965676870248,12.6,33.842825311251666
