EMITTER_COEFFICIENT_SOLUTION,PRESSURE_OUTPUT,OUTPUT_DEMAND,FITNESS
0.31443684035233366,24.83529961582719,12.6,47.88744677237403
