EMITTER_COEFFICIENT_SOLUTION,PRESSURE_OUTPUT,OUTPUT_DEMAND,FITNESS
0.33942602492682483,24.832495740124607,12.6,55.31455717019065
