EMITTER_COEFFICIENT_SOLUTION,PRESSURE_OUTPUT,OUTPUT_DEMAND,FITNESS
0.8275360771462839,24.7772226635632,12.6,26.884139363126963
