EMITTER_COEFFICIENT_SOLUTION,PRESSURE_OUTPUT,OUTPUT_DEMAND,FITNESS
0.15905522319257592,24.85267681013898,12.6,26.13730354301206
