EMITTER_COEFFICIENT_SOLUTION,PRESSURE_OUTPUT,OUTPUT_DEMAND,FITNESS
0.3187187886258007,24.83481934636849,12.6,49.01473058822888
