EMITTER_COEFFICIENT_SOLUTION,PRESSURE_OUTPUT,OUTPUT_DEMAND,FITNESS
0.2606578800033865,24.727383646156824,12.6,11.48954212282331
