EMITTER_COEFFICIENT_SOLUTION,PRESSURE_OUTPUT,OUTPUT_DEMAND,FITNESS
0.5534030827182606,24.80838310340642,12.6,165.66678364264217
