EMITTER_COEFFICIENT_SOLUTION,PRESSURE_OUTPUT,OUTPUT_DEMAND,FITNESS
0.7116710818253036,24.79042956266006,12.6,41.68446282669604
