EMITTER_COEFFICIENT_SOLUTION,PRESSURE_OUTPUT,OUTPUT_DEMAND,FITNESS
0.4989956684404955,24.81453170827949,12.6,8741.882947629687
