EMITTER_COEFFICIENT_SOLUTION,PRESSURE_OUTPUT,OUTPUT_DEMAND,FITNESS
0.5082149029573612,24.813490678254887,12.6,1076.845651285591
