EMITTER_COEFFICIENT_SOLUTION,PRESSURE_OUTPUT,OUTPUT_DEMAND,FITNESS
0.9545005340200686,24.76268940316328,12.6,19.33117487542846
