EMITTER_COEFFICIENT_SOLUTION,PRESSURE_OUTPUT,OUTPUT_DEMAND,FITNESS
0.307992539253543,24.836022277154633,12.6,46.28566622194725
