EMITTER_COEFFICIENT_SOLUTION,PRESSURE_OUTPUT,OUTPUT_DEMAND,FITNESS
0.12858043357295945,24.85607338087174,12.6,24.006108446311057
