EMITTER_COEFFICIENT_SOLUTION,PRESSURE_OUTPUT,OUTPUT_DEMAND,FITNESS
0.8080470365583223,24.7794478631061,12.6,28.59475098789975
