EMITTER_COEFFICIENT_SOLUTION,PRESSURE_OUTPUT,OUTPUT_DEMAND,FITNESS
0.8475402199567728,24.774937083055605,12.6,25.327847846357926
