EMITTER_COEFFICIENT_SOLUTION,PRESSURE_OUTPUT,OUTPUT_DEMAND,FITNESS
0.7959945953490785,24.780823219069184,12.6,29.765361991925943
