EMITTER_COEFFICIENT_SOLUTION,PRESSURE_OUTPUT,OUTPUT_DEMAND,FITNESS
0.6661362180398421,24.795605210161796,12.6,53.15160788301321
