EMITTER_COEFFICIENT_SOLUTION,PRESSURE_OUTPUT,OUTPUT_DEMAND,FITNESS
0.6569186891871704,24.796651896664926,12.6,56.282792448340885
