EMITTER_COEFFICIENT_SOLUTION,PRESSURE_OUTPUT,OUTPUT_DEMAND,FITNESS
0.6207648106661234,24.800754026163006,12.6,73.17810153578347
