EMITTER_COEFFICIENT_SOLUTION,PRESSURE_OUTPUT,OUTPUT_DEMAND,FITNESS
0.4666507795139694,24.818181359141356,12.6,265.6718006405247
