EMITTER_COEFFICIENT_SOLUTION,PRESSURE_OUTPUT,OUTPUT_DEMAND,FITNESS
0.7027469655631569,24.791444560894853,12.6,43.52603437636232
