EMITTER_COEFFICIENT_SOLUTION,PRESSURE_OUTPUT,OUTPUT_DEMAND,FITNESS
0.7499086240421968,24.7860769580032,12.6,35.2828788734504
