EMITTER_COEFFICIENT_SOLUTION,PRESSURE_OUTPUT,OUTPUT_DEMAND,FITNESS
0.0714528651951708,24.862430253629007,12.6,20.827719750460385
