EMITTER_COEFFICIENT_SOLUTION,PRESSURE_OUTPUT,OUTPUT_DEMAND,FITNESS
0.009023122570561037,24.869361747210206,12.6,18.20020675671506
