EMITTER_COEFFICIENT_SOLUTION,PRESSURE_OUTPUT,OUTPUT_DEMAND,FITNESS
0.6446119198309422,24.79804884825021,12.6,61.085607809786794
