EMITTER_COEFFICIENT_SOLUTION,PRESSURE_OUTPUT,OUTPUT_DEMAND,FITNESS
0.8668521757881273,24.772729082972354,12.6,23.986433191392795
