EMITTER_COEFFICIENT_SOLUTION,PRESSURE_OUTPUT,OUTPUT_DEMAND,FITNESS
0.6555295687473858,24.796809607241933,12.6,56.786854813519575
