EMITTER_COEFFICIENT_SOLUTION,PRESSURE_OUTPUT,OUTPUT_DEMAND,FITNESS
0.24701617624838945,24.842851762528177,12.6,35.16861194286935
