EMITTER_COEFFICIENT_SOLUTION,PRESSURE_OUTPUT,OUTPUT_DEMAND,FITNESS
0.7821614402226171,24.782401068064623,12.6,31.232189469659954
