EMITTER_COEFFICIENT_SOLUTION,PRESSURE_OUTPUT,OUTPUT_DEMAND,FITNESS
0.1770087001088475,24.850674019605286,12.6,27.581106745011095
