EMITTER_COEFFICIENT_SOLUTION,PRESSURE_OUTPUT,OUTPUT_DEMAND,FITNESS
0.4560752522373601,24.819373736938637,12.6,201.75850735689562
