EMITTER_COEFFICIENT_SOLUTION,PRESSURE_OUTPUT,OUTPUT_DEMAND,FITNESS
0.7985352560404522,24.780533341369896,12.6,29.510734092543583
