EMITTER_COEFFICIENT_SOLUTION,PRESSURE_OUTPUT,OUTPUT_DEMAND,FITNESS
0.7372965668828368,24.787513241310037,12.6,37.16632748804906
