EMITTER_COEFFICIENT_SOLUTION,PRESSURE_OUTPUT,OUTPUT_DEMAND,FITNESS
0.9941399304580018,24.758138948571975,12.6,17.768185208040947
