EMITTER_COEFFICIENT_SOLUTION,PRESSURE_OUTPUT,OUTPUT_DEMAND,FITNESS
0.9284246102180996,24.765679442412825,12.6,20.51708215897046
