EMITTER_COEFFICIENT_SOLUTION,PRESSURE_OUTPUT,OUTPUT_DEMAND,FITNESS
0.34752524553564645,24.831586433612387,12.6,58.24411298684649
