EMITTER_COEFFICIENT_SOLUTION,PRESSURE_OUTPUT,OUTPUT_DEMAND,FITNESS
0.4344311519642081,24.821812672755662,12.6,135.21998919511364
