EMITTER_COEFFICIENT_SOLUTION,PRESSURE_OUTPUT,OUTPUT_DEMAND,FITNESS
0.11616984000118835,24.857455511689437,12.6,23.235175043770514
