EMITTER_COEFFICIENT_SOLUTION,PRESSURE_OUTPUT,OUTPUT_DEMAND,FITNESS
0.08388563782072378,24.861047939825546,12.6,21.445134711282357
