EMITTER_COEFFICIENT_SOLUTION,PRESSURE_OUTPUT,OUTPUT_DEMAND,FITNESS
0.9803403663502679,24.759723789573506,12.6,18.283030754826754
