EMITTER_COEFFICIENT_SOLUTION,PRESSURE_OUTPUT,OUTPUT_DEMAND,FITNESS
0.9980557874195904,24.757689086857283,12.6,17.627286320052857
