EMITTER_COEFFICIENT_SOLUTION,PRESSURE_OUTPUT,OUTPUT_DEMAND,FITNESS
0.8891568083495057,24.770177081359385,12.6,22.602836362004872
