EMITTER_COEFFICIENT_SOLUTION,PRESSURE_OUTPUT,OUTPUT_DEMAND,FITNESS
0.6295192314943684,24.799761203484792,12.6,68.22160550282781
