EMITTER_COEFFICIENT_SOLUTION,PRESSURE_OUTPUT,OUTPUT_DEMAND,FITNESS
0.8533744580993411,24.774270191084476,12.6,24.907142831697676
