EMITTER_COEFFICIENT_SOLUTION,PRESSURE_OUTPUT,OUTPUT_DEMAND,FITNESS
0.5740515145161585,24.80604649554119,12.6,119.4340606488169
