EMITTER_COEFFICIENT_SOLUTION,PRESSURE_OUTPUT,OUTPUT_DEMAND,FITNESS
0.5177721967324092,24.812411112938847,12.6,497.9575005136339
