EMITTER_COEFFICIENT_SOLUTION,PRESSURE_OUTPUT,OUTPUT_DEMAND,FITNESS
0.39822237956526285,24.825888568282906,12.6,87.17444394058825
