EMITTER_COEFFICIENT_SOLUTION,PRESSURE_OUTPUT,OUTPUT_DEMAND,FITNESS
0.018229404202844468,24.86834059707906,12.6,18.54486574813802
