EMITTER_COEFFICIENT_SOLUTION,PRESSURE_OUTPUT,OUTPUT_DEMAND,FITNESS
0.9518442672645855,24.762994111184163,12.6,19.445717228880017
