EMITTER_COEFFICIENT_SOLUTION,PRESSURE_OUTPUT,OUTPUT_DEMAND,FITNESS
0.07441533536909717,24.86210093489295,12.6,20.97156282627697
