EMITTER_COEFFICIENT_SOLUTION,PRESSURE_OUTPUT,OUTPUT_DEMAND,FITNESS
0.0045261809198714475,24.869860415449473,12.6,18.036509827410235
