EMITTER_COEFFICIENT_SOLUTION,PRESSURE_OUTPUT,OUTPUT_DEMAND,FITNESS
0.7772239744839294,24.78296406509201,12.6,31.79119405783341
