EMITTER_COEFFICIENT_SOLUTION,PRESSURE_OUTPUT,OUTPUT_DEMAND,FITNESS
0.33293605942770876,24.833224181658878,12.6,53.17207247425505
