EMITTER_COEFFICIENT_SOLUTION,PRESSURE_OUTPUT,OUTPUT_DEMAND,FITNESS
0.8117410910726977,24.779026203050456,12.6,28.254084029410045
