EMITTER_COEFFICIENT_SOLUTION,PRESSURE_OUTPUT,OUTPUT_DEMAND,FITNESS
0.6359751140912189,24.799028856941433,12.6,64.97531796016753
