EMITTER_COEFFICIENT_SOLUTION,PRESSURE_OUTPUT,OUTPUT_DEMAND,FITNESS
0.8834213598086026,24.770833495242947,12.6,22.943240997862144
