EMITTER_COEFFICIENT_SOLUTION,PRESSURE_OUTPUT,OUTPUT_DEMAND,FITNESS
0.22458649682851006,24.84536011671829,12.6,32.31769559537965
