EMITTER_COEFFICIENT_SOLUTION,PRESSURE_OUTPUT,OUTPUT_DEMAND,FITNESS
0.5531309935088218,24.808413881985267,12.6,166.51584597012712
