EMITTER_COEFFICIENT_SOLUTION,PRESSURE_OUTPUT,OUTPUT_DEMAND,FITNESS
0.020850187162131162,24.868049838824945,12.6,18.645403118912355
