EMITTER_COEFFICIENT_SOLUTION,PRESSURE_OUTPUT,OUTPUT_DEMAND,FITNESS
0.21035470504509957,24.84695061861828,12.6,30.73773436122919
