EMITTER_COEFFICIENT_SOLUTION,PRESSURE_OUTPUT,OUTPUT_DEMAND,FITNESS
0.27625580375322745,24.839578753228743,12.6,39.74335840670584
