EMITTER_COEFFICIENT_SOLUTION,PRESSURE_OUTPUT,OUTPUT_DEMAND,FITNESS
0.9382195415355624,24.76455660507635,12.6,20.05506665179431
