EMITTER_COEFFICIENT_SOLUTION,PRESSURE_OUTPUT,OUTPUT_DEMAND,FITNESS
0.6222569359608263,24.800584828718833,12.6,72.28312457736303
