EMITTER_COEFFICIENT_SOLUTION,PRESSURE_OUTPUT,OUTPUT_DEMAND,FITNESS
0.5311040359713897,24.810904570463975,12.6,284.51558221031434
