EMITTER_COEFFICIENT_SOLUTION,PRESSURE_OUTPUT,OUTPUT_DEMAND,FITNESS
0.6621723117644895,24.79605536892064,12.6,54.45452283631681
