EMITTER_COEFFICIENT_SOLUTION,PRESSURE_OUTPUT,OUTPUT_DEMAND,FITNESS
0.7745660337013455,24.78326709796297,12.6,32.100442556818514
