EMITTER_COEFFICIENT_SOLUTION,PRESSURE_OUTPUT,OUTPUT_DEMAND,FITNESS
0.5521976923318251,24.808519454227707,12.6,169.49548356233805
