EMITTER_COEFFICIENT_SOLUTION,PRESSURE_OUTPUT,OUTPUT_DEMAND,FITNESS
0.9023117157806408,24.768671029312316,12.6,21.858741881013053
