EMITTER_COEFFICIENT_SOLUTION,PRESSURE_OUTPUT,OUTPUT_DEMAND,FITNESS
0.20600095870891455,24.84743701456111,12.6,30.28495283567123
