EMITTER_COEFFICIENT_SOLUTION,PRESSURE_OUTPUT,OUTPUT_DEMAND,FITNESS
0.746537293271791,24.78646095318779,12.6,35.76747289134015
