EMITTER_COEFFICIENT_SOLUTION,PRESSURE_OUTPUT,OUTPUT_DEMAND,FITNESS
0.029761894348031892,24.86706093256675,12.6,18.995655574771
