EMITTER_COEFFICIENT_SOLUTION,PRESSURE_OUTPUT,OUTPUT_DEMAND,FITNESS
0.36557238394964264,24.829559306851287,12.6,66.04151590208217
