EMITTER_COEFFICIENT_SOLUTION,PRESSURE_OUTPUT,OUTPUT_DEMAND,FITNESS
0.30552842929754853,24.836298556752382,12.6,45.7012484710555
