EMITTER_COEFFICIENT_SOLUTION,PRESSURE_OUTPUT,OUTPUT_DEMAND,FITNESS
0.2432933976999907,24.84326823032079,12.6,34.66094711638617
