EMITTER_COEFFICIENT_SOLUTION,PRESSURE_OUTPUT,OUTPUT_DEMAND,FITNESS
0.28386125693907305,24.83872684645408,12.6,41.13613055270135
