EMITTER_COEFFICIENT_SOLUTION,PRESSURE_OUTPUT,OUTPUT_DEMAND,FITNESS
0.6774412922883327,24.79432101050736,12.6,49.75543724668008
