EMITTER_COEFFICIENT_SOLUTION,PRESSURE_OUTPUT,OUTPUT_DEMAND,FITNESS
0.8016798184297529,24.78017452572788,12.6,29.20152171959325
