EMITTER_COEFFICIENT_SOLUTION,PRESSURE_OUTPUT,OUTPUT_DEMAND,FITNESS
0.3522219007451096,24.831059013910284,12.6,60.09002400587432
