EMITTER_COEFFICIENT_SOLUTION,PRESSURE_OUTPUT,OUTPUT_DEMAND,FITNESS
0.6438031400654133,24.798140632268947,12.6,61.43002646856632
