EMITTER_COEFFICIENT_SOLUTION,PRESSURE_OUTPUT,OUTPUT_DEMAND,FITNESS
0.43959916006407707,24.82123049508388,12.6,146.77436971210798
