EMITTER_COEFFICIENT_SOLUTION,PRESSURE_OUTPUT,OUTPUT_DEMAND,FITNESS
0.1426641421277396,24.85450415364521,12.6,24.945844320005303
