EMITTER_COEFFICIENT_SOLUTION,PRESSURE_OUTPUT,OUTPUT_DEMAND,FITNESS
0.8670233612213771,24.77270950416341,12.6,23.975173831376107
