EMITTER_COEFFICIENT_SOLUTION,PRESSURE_OUTPUT,OUTPUT_DEMAND,FITNESS
0.5663667348103165,24.806916317198542,12.6,133.28003465499464
