EMITTER_COEFFICIENT_SOLUTION,PRESSURE_OUTPUT,OUTPUT_DEMAND,FITNESS
0.8437009762381588,24.77537586033784,12.6,25.61248669112292
