EMITTER_COEFFICIENT_SOLUTION,PRESSURE_OUTPUT,OUTPUT_DEMAND,FITNESS
0.9874585602615004,24.75890637874768,12.6,18.013818785744444
