EMITTER_COEFFICIENT_SOLUTION,PRESSURE_OUTPUT,OUTPUT_DEMAND,FITNESS
0.8785956863800152,24.77138568578404,12.6,23.237639598805934
