EMITTER_COEFFICIENT_SOLUTION,PRESSURE_OUTPUT,OUTPUT_DEMAND,FITNESS
0.697703944080754,24.792017996113785,12.6,44.64022589183308
