EMITTER_COEFFICIENT_SOLUTION,PRESSURE_OUTPUT,OUTPUT_DEMAND,FITNESS
0.039207675223048355,24.866012403726003,12.6,19.381690249192427
