EMITTER_COEFFICIENT_SOLUTION,PRESSURE_OUTPUT,OUTPUT_DEMAND,FITNESS
0.2637443039176911,24.840979685768538,12.6,37.64724403674676
