EMITTER_COEFFICIENT_SOLUTION,PRESSURE_OUTPUT,OUTPUT_DEMAND,FITNESS
0.1793625271324667,24.850411341693118,12.6,27.782388693494465
