EMITTER_COEFFICIENT_SOLUTION,PRESSURE_OUTPUT,OUTPUT_DEMAND,FITNESS
0.7830755440985807,24.782296826266034,12.6,31.130836816558585
