EMITTER_COEFFICIENT_SOLUTION,PRESSURE_OUTPUT,OUTPUT_DEMAND,FITNESS
0.4713457383868054,24.81765186337772,12.6,309.1623098273103
