EMITTER_COEFFICIENT_SOLUTION,PRESSURE_OUTPUT,OUTPUT_DEMAND,FITNESS
0.7559800262159514,24.785385309966728,12.6,34.442370213043816
