EMITTER_COEFFICIENT_SOLUTION,PRESSURE_OUTPUT,OUTPUT_DEMAND,FITNESS
0.5971175290772955,24.803434283772717,12.6,91.03295634606388
