EMITTER_COEFFICIENT_SOLUTION,PRESSURE_OUTPUT,OUTPUT_DEMAND,FITNESS
0.7637165204665202,24.78450376352678,12.6,33.42742828886985
