EMITTER_COEFFICIENT_SOLUTION,PRESSURE_OUTPUT,OUTPUT_DEMAND,FITNESS
0.5590255307694032,24.807747028560136,12.6,149.87362907423145
