EMITTER_COEFFICIENT_SOLUTION,PRESSURE_OUTPUT,OUTPUT_DEMAND,FITNESS
0.23534540830235828,24.84415718356997,12.6,33.624898050243765
