EMITTER_COEFFICIENT_SOLUTION,PRESSURE_OUTPUT,OUTPUT_DEMAND,FITNESS
0.8095911053046192,24.779271621053468,12.6,28.45136754406314
