EMITTER_COEFFICIENT_SOLUTION,PRESSURE_OUTPUT,OUTPUT_DEMAND,FITNESS
0.3553651963592128,24.83070598155964,12.6,61.39238502072045
