EMITTER_COEFFICIENT_SOLUTION,PRESSURE_OUTPUT,OUTPUT_DEMAND,FITNESS
0.41797934331422015,24.823665253994868,12.6,108.13221812376567
