EMITTER_COEFFICIENT_SOLUTION,PRESSURE_OUTPUT,OUTPUT_DEMAND,FITNESS
0.38484166499313893,24.82739344399615,12.6,77.06459390896555
