EMITTER_COEFFICIENT_SOLUTION,PRESSURE_OUTPUT,OUTPUT_DEMAND,FITNESS
0.6756099716335293,24.79452907403735,12.6,50.27590812360046
