EMITTER_COEFFICIENT_SOLUTION,PRESSURE_OUTPUT,OUTPUT_DEMAND,FITNESS
0.3077211022122963,24.836052712283184,12.6,46.22055485480334
