EMITTER_COEFFICIENT_SOLUTION,PRESSURE_OUTPUT,OUTPUT_DEMAND,FITNESS
0.9003166195882312,24.76889948383394,12.6,21.968446335818278
