EMITTER_COEFFICIENT_SOLUTION,PRESSURE_OUTPUT,OUTPUT_DEMAND,FITNESS
0.14043861511483802,24.85475217928755,12.6,24.792448259483773
