EMITTER_COEFFICIENT_SOLUTION,PRESSURE_OUTPUT,OUTPUT_DEMAND,FITNESS
0.6942594046950482,24.79240961167112,12.6,45.43450310360173
