EMITTER_COEFFICIENT_SOLUTION,PRESSURE_OUTPUT,OUTPUT_DEMAND,FITNESS
0.0629206383471983,24.86337852427748,12.6,20.424332738792042
