EMITTER_COEFFICIENT_SOLUTION,PRESSURE_OUTPUT,OUTPUT_DEMAND,FITNESS
0.4880045251028242,24.815772372963536,12.6,737.9765999590308
