EMITTER_COEFFICIENT_SOLUTION,PRESSURE_OUTPUT,OUTPUT_DEMAND,FITNESS
0.4027729207635985,24.825376621570832,12.6,91.24666106133714
