EMITTER_COEFFICIENT_SOLUTION,PRESSURE_OUTPUT,OUTPUT_DEMAND,FITNESS
0.46780679474929354,24.818050992426812,12.6,275.20340444875416
