EMITTER_COEFFICIENT_SOLUTION,PRESSURE_OUTPUT,OUTPUT_DEMAND,FITNESS
0.25597004792923783,24.841849859745473,12.6,36.453054649747465
