EMITTER_COEFFICIENT_SOLUTION,PRESSURE_OUTPUT,OUTPUT_DEMAND,FITNESS
0.8187064498697882,24.77823099053321,12.6,27.63322078924931
