EMITTER_COEFFICIENT_SOLUTION,PRESSURE_OUTPUT,OUTPUT_DEMAND,FITNESS
0.3015682574704852,24.836742525169534,12.6,44.79241437240351
