EMITTER_COEFFICIENT_SOLUTION,PRESSURE_OUTPUT,OUTPUT_DEMAND,FITNESS
0.03753096861708172,24.866198553416297,12.6,19.312014516272704
