EMITTER_COEFFICIENT_SOLUTION,PRESSURE_OUTPUT,OUTPUT_DEMAND,FITNESS
0.7699650453298313,24.78379159198178,12.6,32.65015659583489
