EMITTER_COEFFICIENT_SOLUTION,PRESSURE_OUTPUT,OUTPUT_DEMAND,FITNESS
0.6513737471884464,24.797281382700035,12.6,58.35009136453211
