EMITTER_COEFFICIENT_SOLUTION,PRESSURE_OUTPUT,OUTPUT_DEMAND,FITNESS
0.18946532535353744,24.84928365095731,12.6,28.680961565844257
