EMITTER_COEFFICIENT_SOLUTION,PRESSURE_OUTPUT,OUTPUT_DEMAND,FITNESS
0.024480768831633526,24.86764700331613,12.6,18.786509161318676
