EMITTER_COEFFICIENT_SOLUTION,PRESSURE_OUTPUT,OUTPUT_DEMAND,FITNESS
0.6447427772904297,24.798033997702248,12.6,61.03024393419229
