EMITTER_COEFFICIENT_SOLUTION,PRESSURE_OUTPUT,OUTPUT_DEMAND,FITNESS
0.12962754011894967,24.855956738780257,12.6,24.073517248368663
