EMITTER_COEFFICIENT_SOLUTION,PRESSURE_OUTPUT,OUTPUT_DEMAND,FITNESS
0.3974531820320081,24.82597509654007,12.6,86.52180540244392
