EMITTER_COEFFICIENT_SOLUTION,PRESSURE_OUTPUT,OUTPUT_DEMAND,FITNESS
0.28084624102007893,24.839064594524267,12.6,40.57243144295716
