EMITTER_COEFFICIENT_SOLUTION,PRESSURE_OUTPUT,OUTPUT_DEMAND,FITNESS
0.9776954116943669,24.760027469482523,12.6,18.38510835332583
