EMITTER_COEFFICIENT_SOLUTION,PRESSURE_OUTPUT,OUTPUT_DEMAND,FITNESS
0.00803046798099527,24.869471830392214,12.6,18.16381488746668
