EMITTER_COEFFICIENT_SOLUTION,PRESSURE_OUTPUT,OUTPUT_DEMAND,FITNESS
0.3473057213209444,24.831611083302313,12.6,58.160611835682374
