EMITTER_COEFFICIENT_SOLUTION,PRESSURE_OUTPUT,OUTPUT_DEMAND,FITNESS
0.3063726848814876,24.836203900371636,12.6,45.89980712490554
