EMITTER_COEFFICIENT_SOLUTION,PRESSURE_OUTPUT,OUTPUT_DEMAND,FITNESS
0.20919639523936906,24.84708003134093,12.6,30.61594859097597
