EMITTER_COEFFICIENT_SOLUTION,PRESSURE_OUTPUT,OUTPUT_DEMAND,FITNESS
0.9794262244339722,24.75982874970132,12.6,18.31818315127933
