EMITTER_COEFFICIENT_SOLUTION,PRESSURE_OUTPUT,OUTPUT_DEMAND,FITNESS
0.0005528488381305596,24.870300980597435,12.6,17.894316974779976
