EMITTER_COEFFICIENT_SOLUTION,PRESSURE_OUTPUT,OUTPUT_DEMAND,FITNESS
0.23944943993780954,24.843698195029233,12.6,34.15198069380958
