EMITTER_COEFFICIENT_SOLUTION,PRESSURE_OUTPUT,OUTPUT_DEMAND,FITNESS
0.910721200442879,24.767707902826018,12.6,21.408044040158526
