EMITTER_COEFFICIENT_SOLUTION,PRESSURE_OUTPUT,OUTPUT_DEMAND,FITNESS
0.8630132317558713,24.773168119922744,12.6,24.241721070681155
