EMITTER_COEFFICIENT_SOLUTION,PRESSURE_OUTPUT,OUTPUT_DEMAND,FITNESS
0.5665137496563156,24.806899679171032,12.6,132.98513786656397
