EMITTER_COEFFICIENT_SOLUTION,PRESSURE_OUTPUT,OUTPUT_DEMAND,FITNESS
0.5299183354934928,24.811038587602866,12.6,295.79420467395704
