EMITTER_COEFFICIENT_SOLUTION,PRESSURE_OUTPUT,OUTPUT_DEMAND,FITNESS
0.4255301512769988,24.82281511971614,12.6,119.07876001431138
