EMITTER_COEFFICIENT_SOLUTION,PRESSURE_OUTPUT,OUTPUT_DEMAND,FITNESS
0.4676682867307359,24.81806661260547,12.6,274.02544405325636
