EMITTER_COEFFICIENT_SOLUTION,PRESSURE_OUTPUT,OUTPUT_DEMAND,FITNESS
0.6451811060121352,24.797984252833878,12.6,60.84552049640274
