EMITTER_COEFFICIENT_SOLUTION,PRESSURE_OUTPUT,OUTPUT_DEMAND,FITNESS
0.09482355574961454,24.859831302208967,12.6,22.01964842429921
