EMITTER_COEFFICIENT_SOLUTION,PRESSURE_OUTPUT,OUTPUT_DEMAND,FITNESS
0.6722513051641241,24.794910630460315,12.6,51.2592186180629
