EMITTER_COEFFICIENT_SOLUTION,PRESSURE_OUTPUT,OUTPUT_DEMAND,FITNESS
0.6676384793231497,24.795434590283953,12.6,52.67392278154294
