EMITTER_COEFFICIENT_SOLUTION,PRESSURE_OUTPUT,OUTPUT_DEMAND,FITNESS
0.9362423608981093,24.764783288767376,12.6,20.1466565058742
