EMITTER_COEFFICIENT_SOLUTION,PRESSURE_OUTPUT,OUTPUT_DEMAND,FITNESS
0.09791182592175474,24.859487701093812,12.6,22.18751865246316
