EMITTER_COEFFICIENT_SOLUTION,PRESSURE_OUTPUT,OUTPUT_DEMAND,FITNESS
0.342412500369095,24.83216047698098,12.6,56.35974482381064
