EMITTER_COEFFICIENT_SOLUTION,PRESSURE_OUTPUT,OUTPUT_DEMAND,FITNESS
0.3891672130024709,24.826907046267046,12.6,80.06578320730672
