EMITTER_COEFFICIENT_SOLUTION,PRESSURE_OUTPUT,OUTPUT_DEMAND,FITNESS
0.4756962174538454,24.817161138425547,12.6,364.4551316472094
