EMITTER_COEFFICIENT_SOLUTION,PRESSURE_OUTPUT,OUTPUT_DEMAND,FITNESS
0.6360033867249848,24.79902564936492,12.6,64.96177906117619
