EMITTER_COEFFICIENT_SOLUTION,PRESSURE_OUTPUT,OUTPUT_DEMAND,FITNESS
0.06084065477525791,24.86360964790685,12.6,20.328371726779515
