EMITTER_COEFFICIENT_SOLUTION,PRESSURE_OUTPUT,OUTPUT_DEMAND,FITNESS
0.5727135422130147,24.80619795446576,12.6,121.63434746525033
