EMITTER_COEFFICIENT_SOLUTION,PRESSURE_OUTPUT,OUTPUT_DEMAND,FITNESS
0.4043149283789619,24.825203123001444,12.6,92.71443865194786
