EMITTER_COEFFICIENT_SOLUTION,PRESSURE_OUTPUT,OUTPUT_DEMAND,FITNESS
0.07565876984412867,24.8619626995146,12.6,21.032536400048652
