EMITTER_COEFFICIENT_SOLUTION,PRESSURE_OUTPUT,OUTPUT_DEMAND,FITNESS
0.5052574231080029,24.813824672325254,12.6,1681.6781021580744
