EMITTER_COEFFICIENT_SOLUTION,PRESSURE_OUTPUT,OUTPUT_DEMAND,FITNESS
0.6970958210675422,24.792087138102367,12.6,44.77843515835197
