EMITTER_COEFFICIENT_SOLUTION,PRESSURE_OUTPUT,OUTPUT_DEMAND,FITNESS
0.3807779614181189,24.82785032877014,12.6,74.44346629241963
