EMITTER_COEFFICIENT_SOLUTION,PRESSURE_OUTPUT,OUTPUT_DEMAND,FITNESS
0.9439226959167957,24.763902652160034,12.6,19.795447979249605
