EMITTER_COEFFICIENT_SOLUTION,PRESSURE_OUTPUT,OUTPUT_DEMAND,FITNESS
0.46771529070722173,24.818061311762136,12.6,274.42406310276056
