EMITTER_COEFFICIENT_SOLUTION,PRESSURE_OUTPUT,OUTPUT_DEMAND,FITNESS
0.3118014009000781,24.835595173383297,12.6,47.21913095649191
