EMITTER_COEFFICIENT_SOLUTION,PRESSURE_OUTPUT,OUTPUT_DEMAND,FITNESS
0.5455852429824111,24.809267334349528,12.6,194.10005331218508
