EMITTER_COEFFICIENT_SOLUTION,PRESSURE_OUTPUT,OUTPUT_DEMAND,FITNESS
0.687862059294881,24.79313681097262,12.6,46.9869490296239
