EMITTER_COEFFICIENT_SOLUTION,PRESSURE_OUTPUT,OUTPUT_DEMAND,FITNESS
0.8696881338870459,24.772404713991108,12.6,23.80124864975662
