EMITTER_COEFFICIENT_SOLUTION,PRESSURE_OUTPUT,OUTPUT_DEMAND,FITNESS
0.31383180701739766,24.83536747121463,12.6,47.73234427835553
