EMITTER_COEFFICIENT_SOLUTION,PRESSURE_OUTPUT,OUTPUT_DEMAND,FITNESS
0.3093413233651394,24.835871039042168,12.6,46.611957231021776
