EMITTER_COEFFICIENT_SOLUTION,PRESSURE_OUTPUT,OUTPUT_DEMAND,FITNESS
0.72776267911445,24.78859855631206,12.6,38.72852676414737
