EMITTER_COEFFICIENT_SOLUTION,PRESSURE_OUTPUT,OUTPUT_DEMAND,FITNESS
0.3136118083729822,24.835392144019956,12.6,47.67619645859342
