EMITTER_COEFFICIENT_SOLUTION,PRESSURE_OUTPUT,OUTPUT_DEMAND,FITNESS
0.2773796264969982,24.839452885748145,12.6,39.94316997612588
