EMITTER_COEFFICIENT_SOLUTION,PRESSURE_OUTPUT,OUTPUT_DEMAND,FITNESS
0.3702432366125896,24.829034442473798,12.6,68.41290129422346
