EMITTER_COEFFICIENT_SOLUTION,PRESSURE_OUTPUT,OUTPUT_DEMAND,FITNESS
0.7281980433876579,24.788549003383793,12.6,38.65434475081524
