EMITTER_COEFFICIENT_SOLUTION,PRESSURE_OUTPUT,OUTPUT_DEMAND,FITNESS
0.5451473796310877,24.80931685128293,12.6,195.98369956981713
