EMITTER_COEFFICIENT_SOLUTION,PRESSURE_OUTPUT,OUTPUT_DEMAND,FITNESS
0.4083586392166322,24.824748100193666,12.6,96.7980769543285
