EMITTER_COEFFICIENT_SOLUTION,PRESSURE_OUTPUT,OUTPUT_DEMAND,FITNESS
0.28244404472313733,24.83888560999784,12.6,40.86921705300023
