EMITTER_COEFFICIENT_SOLUTION,PRESSURE_OUTPUT,OUTPUT_DEMAND,FITNESS
0.6960611529445343,24.792204773753326,12.6,45.01555641901193
