EMITTER_COEFFICIENT_SOLUTION,PRESSURE_OUTPUT,OUTPUT_DEMAND,FITNESS
0.5787232212438436,24.805517600307297,12.6,112.3378890295272
