EMITTER_COEFFICIENT_SOLUTION,PRESSURE_OUTPUT,OUTPUT_DEMAND,FITNESS
0.6495797593485718,24.797485017675115,12.6,59.05175132460377
