EMITTER_COEFFICIENT_SOLUTION,PRESSURE_OUTPUT,OUTPUT_DEMAND,FITNESS
0.09654648435655355,24.859639613914624,12.6,22.11298531970176
