EMITTER_COEFFICIENT_SOLUTION,PRESSURE_OUTPUT,OUTPUT_DEMAND,FITNESS
0.6856372507186764,24.793389671164398,12.6,47.5519195168784
