EMITTER_COEFFICIENT_SOLUTION,PRESSURE_OUTPUT,OUTPUT_DEMAND,FITNESS
0.7290660350519409,24.7884502067811,12.6,38.50728857562644
