EMITTER_COEFFICIENT_SOLUTION,PRESSURE_OUTPUT,OUTPUT_DEMAND,FITNESS
0.6830383725917862,24.7936850211004,12.6,48.22927344430214
