EMITTER_COEFFICIENT_SOLUTION,PRESSURE_OUTPUT,OUTPUT_DEMAND,FITNESS
0.8673806983847887,24.77266863444705,12.6,23.951704548788253
