EMITTER_COEFFICIENT_SOLUTION,PRESSURE_OUTPUT,OUTPUT_DEMAND,FITNESS
0.4748273347961173,24.817259152684855,12.6,351.8851604020011
