EMITTER_COEFFICIENT_SOLUTION,PRESSURE_OUTPUT,OUTPUT_DEMAND,FITNESS
0.7585294437164531,24.785094839103756,12.6,34.10120454174886
