EMITTER_COEFFICIENT_SOLUTION,PRESSURE_OUTPUT,OUTPUT_DEMAND,FITNESS
0.8552587819783682,24.774054771579117,12.6,24.774217156302896
