EMITTER_COEFFICIENT_SOLUTION,PRESSURE_OUTPUT,OUTPUT_DEMAND,FITNESS
0.21736160848223096,24.84616765188708,12.6,31.495730239527937
