EMITTER_COEFFICIENT_SOLUTION,PRESSURE_OUTPUT,OUTPUT_DEMAND,FITNESS
0.23469901135568672,24.844229469327978,12.6,33.543367499487466
