EMITTER_COEFFICIENT_SOLUTION,PRESSURE_OUTPUT,OUTPUT_DEMAND,FITNESS
0.13273026086839446,24.85561108576578,12.6,24.275515850191326
