EMITTER_COEFFICIENT_SOLUTION,PRESSURE_OUTPUT,OUTPUT_DEMAND,FITNESS
0.5305785655163062,24.810963963942214,12.6,289.4060731259874
