EMITTER_COEFFICIENT_SOLUTION,PRESSURE_OUTPUT,OUTPUT_DEMAND,FITNESS
0.43505241081008184,24.82174269347533,12.6,136.51174489524766
