EMITTER_COEFFICIENT_SOLUTION,PRESSURE_OUTPUT,OUTPUT_DEMAND,FITNESS
0.990284502057386,24.758581809144367,12.6,17.90910891777583
