EMITTER_COEFFICIENT_SOLUTION,PRESSURE_OUTPUT,OUTPUT_DEMAND,FITNESS
0.14580050295893454,24.854154584872475,12.6,25.16529292655336
