EMITTER_COEFFICIENT_SOLUTION,PRESSURE_OUTPUT,OUTPUT_DEMAND,FITNESS
0.6628282911890678,24.795980877333037,12.6,54.234525697026314
