EMITTER_COEFFICIENT_SOLUTION,PRESSURE_OUTPUT,OUTPUT_DEMAND,FITNESS
0.07280862358049689,24.86227954718558,12.6,20.893301139374778
