EMITTER_COEFFICIENT_SOLUTION,PRESSURE_OUTPUT,OUTPUT_DEMAND,FITNESS
0.7023437943410324,24.79149040869101,12.6,43.61306742533364
