EMITTER_COEFFICIENT_SOLUTION,PRESSURE_OUTPUT,OUTPUT_DEMAND,FITNESS
0.21679815731111496,24.84623062058192,12.6,31.433390124904175
