EMITTER_COEFFICIENT_SOLUTION,PRESSURE_OUTPUT,OUTPUT_DEMAND,FITNESS
0.6669701858169398,24.79551049307983,12.6,52.88536364865052
