EMITTER_COEFFICIENT_SOLUTION,PRESSURE_OUTPUT,OUTPUT_DEMAND,FITNESS
0.9717768153630695,24.76070691200023,12.6,18.61767333410288
