EMITTER_COEFFICIENT_SOLUTION,PRESSURE_OUTPUT,OUTPUT_DEMAND,FITNESS
0.11369947751818321,24.85773055303769,12.6,23.087630450613204
