EMITTER_COEFFICIENT_SOLUTION,PRESSURE_OUTPUT,OUTPUT_DEMAND,FITNESS
0.8637759146166011,24.773080901117602,12.6,24.19057411864008
