EMITTER_COEFFICIENT_SOLUTION,PRESSURE_OUTPUT,OUTPUT_DEMAND,FITNESS
0.43796630714077156,24.821414448138874,12.6,142.91570377633855
