EMITTER_COEFFICIENT_SOLUTION,PRESSURE_OUTPUT,OUTPUT_DEMAND,FITNESS
0.24330542435429903,24.84326688498834,12.6,34.66256344894361
