EMITTER_COEFFICIENT_SOLUTION,PRESSURE_OUTPUT,OUTPUT_DEMAND,FITNESS
0.021453445419801764,24.867982907358844,12.6,18.66870098878695
