EMITTER_COEFFICIENT_SOLUTION,PRESSURE_OUTPUT,OUTPUT_DEMAND,FITNESS
0.40915284933962015,24.824658723079175,12.6,97.64283716336884
