EMITTER_COEFFICIENT_SOLUTION,PRESSURE_OUTPUT,OUTPUT_DEMAND,FITNESS
0.1549417122061898,24.853135504492528,12.6,25.827654921584397
