EMITTER_COEFFICIENT_SOLUTION,PRESSURE_OUTPUT,OUTPUT_DEMAND,FITNESS
0.8732397778200679,24.771998441921887,12.6,23.573299965365724
