EMITTER_COEFFICIENT_SOLUTION,PRESSURE_OUTPUT,OUTPUT_DEMAND,FITNESS
0.6966748569521325,24.79213499975063,12.6,44.87460906138811
