EMITTER_COEFFICIENT_SOLUTION,PRESSURE_OUTPUT,OUTPUT_DEMAND,FITNESS
0.6031568723187201,24.802749978918214,12.6,85.69466753680973
