EMITTER_COEFFICIENT_SOLUTION,PRESSURE_OUTPUT,OUTPUT_DEMAND,FITNESS
0.9462170484192152,24.763639533725716,12.6,19.692876699899895
