EMITTER_COEFFICIENT_SOLUTION,PRESSURE_OUTPUT,OUTPUT_DEMAND,FITNESS
0.7201983533488505,24.789459403095805,12.6,40.06424164558536
