EMITTER_COEFFICIENT_SOLUTION,PRESSURE_OUTPUT,OUTPUT_DEMAND,FITNESS
0.2619266796067571,24.841183154909103,12.6,37.36105638751692
