EMITTER_COEFFICIENT_SOLUTION,PRESSURE_OUTPUT,OUTPUT_DEMAND,FITNESS
0.25216574932623226,24.84227558569897,12.6,35.89598445601288
