EMITTER_COEFFICIENT_SOLUTION,PRESSURE_OUTPUT,OUTPUT_DEMAND,FITNESS
0.27785726707863045,24.839399388726292,12.6,40.02870493948978
