EMITTER_COEFFICIENT_SOLUTION,PRESSURE_OUTPUT,OUTPUT_DEMAND,FITNESS
0.4727900677341489,24.817488954522574,12.6,325.55918886293796
